{
    "Description" : {
        "Id" : "D181D0BCD0B5D188D0BDD18BD0B5-D0BAD0B0D180D182D0B8D0BDD0BAD0B8-D18FD189D0B5D180D0B8D186D0B0-D0B1D0BED",
        "Name" : "D181D0BCD0B5D188D0BDD18BD0B5-D0BAD0B0D180D182D0B8D0BDD0BAD0B8-D18FD189D0B5D180D0B8D186D0B0-D0B1D0BED",
        "Details" : "Random",
        "Icon" : "D181D0BCD0B5D188D0BDD18BD0B5-D0BAD0B0D180D182D0B8D0BDD0BAD0B8-D18FD189D0B5D180D0B8D186D0B0-D0B1D0BED"
    },
    "ID" : "D181D0BCD0B5D188D0BDD18BD0B5-D0BAD0B0D180D182D0B8D0BDD0BAD0B8-D18FD189D0B5D180D0B8D186D0B0-D0B1D0BED",
    "backgroundColor" : {
        "r" : 0,
        "g" : 0,
        "b" : 0,
        "a" : 0
    },
    "headMesh" : 0.5,
    "hairMesh" : 13,
    "beardMesh" : 0,
    "suitMesh" : 1,
    "scar" : 0,
    "lightRig" : 1,
    "cameraPosition" : 2,
    "complexionTex" : 0,
    "eyebrowTex" : 5,
    "tattooTex" : 4,
    "actualTattooTex" : 0,
    "weights" : [
        10.57331,
        45.51873,
        15.83097,
        4.534635,
        0.6015898,
        22.94075
    ],
    "browOffsetY" : 0.001868674,
    "browOffsetZ" : 0.0004349707,
    "noseBridgeScale" : -0.1666622,
    "noseTipScale" : 0.0294685,
    "chinScale" : -0.05079887,
    "cheekOffsetY" : -0.00312988,
    "eyeWidth" : 0.009214073,
    "jawWidth" : -0.05318708,
    "animation" : 0,
    "isCommander" : true,
    "skinToneId" : "Skin_07",
    "eyeColorId" : "Eye_06",
    "hairRootId" : "Hair_11",
    "hairTipId" : "Hair_11",
    "tattooColorId" : "Tattoo_04",
    "lipColorId" : "Lip_01",
    "customPortraitSaveVersion" : 0
}
