{
    "Description" : {
        "Id" : "D181D0BCD0B5D188D0BDD18BD0B5-D0BAD0B0D180D182D0B8D0BDD0BAD0B8-D18FD189D0B5D180D0B8D186D0B0-D0B1D0BED",
        "Name" : "D181D0BCD0B5D188D0BDD18BD0B5-D0BAD0B0D180D182D0B8D0BDD0BAD0B8-D18FD189D0B5D180D0B8D186D0B0-D0B1D0BED",
        "Details" : "Random",
        "Icon" : "D181D0BCD0B5D188D0BDD18BD0B5-D0BAD0B0D180D182D0B8D0BDD0BAD0B8-D18FD189D0B5D180D0B8D186D0B0-D0B1D0BED"
    },
    "ID" : "D181D0BCD0B5D188D0BDD18BD0B5-D0BAD0B0D180D182D0B8D0BDD0BAD0B8-D18FD189D0B5D180D0B8D186D0B0-D0B1D0BED",
    "backgroundColor" : {
        "r" : 0,
        "g" : 0,
        "b" : 0,
        "a" : 0
    },
    "headMesh" : 0.5,
    "hairMesh" : 4,
    "beardMesh" : 0,
    "suitMesh" : 2,
    "scar" : 14,
    "lightRig" : 3,
    "cameraPosition" : 2,
    "complexionTex" : 0,
    "eyebrowTex" : 3,
    "tattooTex" : 5,
    "actualTattooTex" : 0,
    "weights" : [
        33.64252,
        54.80895,
        10.86737,
        0.1452392,
        0.2728732,
        0.2630406
    ],
    "browOffsetY" : 0.005631775,
    "browOffsetZ" : -0.003575316,
    "noseBridgeScale" : 0.1656583,
    "noseTipScale" : -0.2681295,
    "chinScale" : 0.03192585,
    "cheekOffsetY" : -0.004975085,
    "eyeWidth" : 0.04486423,
    "jawWidth" : 0.05028577,
    "animation" : 3,
    "isCommander" : true,
    "skinToneId" : "Skin_07",
    "eyeColorId" : "Eye_01",
    "hairRootId" : "Hair_12",
    "hairTipId" : "Hair_12",
    "tattooColorId" : "Tattoo_10",
    "lipColorId" : "Lip_01",
    "customPortraitSaveVersion" : 0
}
