{
    "Description" : {
        "Id" : "D181D0BCD0B5D188D0BDD18BD0B5-D0BAD0B0D180D182D0B8D0BDD0BAD0B8-D18FD189D0B5D180D0B8D186D0B0-D0B1D0BED",
        "Name" : "D181D0BCD0B5D188D0BDD18BD0B5-D0BAD0B0D180D182D0B8D0BDD0BAD0B8-D18FD189D0B5D180D0B8D186D0B0-D0B1D0BED",
        "Details" : "Random",
        "Icon" : "D181D0BCD0B5D188D0BDD18BD0B5-D0BAD0B0D180D182D0B8D0BDD0BAD0B8-D18FD189D0B5D180D0B8D186D0B0-D0B1D0BED"
    },
    "ID" : "D181D0BCD0B5D188D0BDD18BD0B5-D0BAD0B0D180D182D0B8D0BDD0BAD0B8-D18FD189D0B5D180D0B8D186D0B0-D0B1D0BED",
    "backgroundColor" : {
        "r" : 0,
        "g" : 0,
        "b" : 0,
        "a" : 0
    },
    "headMesh" : 0.5,
    "hairMesh" : 14,
    "beardMesh" : 0,
    "suitMesh" : 0,
    "scar" : 2,
    "lightRig" : 4,
    "cameraPosition" : 1,
    "complexionTex" : 0,
    "eyebrowTex" : 3,
    "tattooTex" : 5,
    "actualTattooTex" : 9,
    "weights" : [
        20.84012,
        2.418191,
        22.79079,
        27.27922,
        5.340556,
        21.33113
    ],
    "browOffsetY" : -0.002422583,
    "browOffsetZ" : 0.005294714,
    "noseBridgeScale" : -0.01223981,
    "noseTipScale" : -0.0572152,
    "chinScale" : -0.01775377,
    "cheekOffsetY" : -2.766192E-05,
    "eyeWidth" : 0.04385279,
    "jawWidth" : -0.03619126,
    "animation" : 2,
    "isCommander" : true,
    "skinToneId" : "Skin_01",
    "eyeColorId" : "Eye_03",
    "hairRootId" : "Hair_04",
    "hairTipId" : "Hair_04",
    "tattooColorId" : "Tattoo_05",
    "lipColorId" : "Lip_01",
    "customPortraitSaveVersion" : 0
}
