{
    "Description" : {
        "Id" : "D181D0BCD0B5D188D0BDD18BD0B5-D0BAD0B0D180D182D0B8D0BDD0BAD0B8-D18FD189D0B5D180D0B8D186D0B0-D0B1D0BED",
        "Name" : "D181D0BCD0B5D188D0BDD18BD0B5-D0BAD0B0D180D182D0B8D0BDD0BAD0B8-D18FD189D0B5D180D0B8D186D0B0-D0B1D0BED",
        "Details" : "Random",
        "Icon" : "D181D0BCD0B5D188D0BDD18BD0B5-D0BAD0B0D180D182D0B8D0BDD0BAD0B8-D18FD189D0B5D180D0B8D186D0B0-D0B1D0BED"
    },
    "ID" : "D181D0BCD0B5D188D0BDD18BD0B5-D0BAD0B0D180D182D0B8D0BDD0BAD0B8-D18FD189D0B5D180D0B8D186D0B0-D0B1D0BED",
    "backgroundColor" : {
        "r" : 0,
        "g" : 0,
        "b" : 0,
        "a" : 0
    },
    "headMesh" : 0.5,
    "hairMesh" : 6,
    "beardMesh" : 0,
    "suitMesh" : 0,
    "scar" : 15,
    "lightRig" : 0,
    "cameraPosition" : 3,
    "complexionTex" : 4,
    "eyebrowTex" : 2,
    "tattooTex" : 10,
    "actualTattooTex" : 17,
    "weights" : [
        60.29169,
        11.52897,
        0.1767657,
        0.3522803,
        25.48823,
        2.162048
    ],
    "browOffsetY" : -0.004310596,
    "browOffsetZ" : -0.002483103,
    "noseBridgeScale" : -0.1069511,
    "noseTipScale" : 0.08995263,
    "chinScale" : 0.1871129,
    "cheekOffsetY" : 0.001923299,
    "eyeWidth" : -0.04570503,
    "jawWidth" : 0.0303729,
    "animation" : 4,
    "isCommander" : true,
    "skinToneId" : "Skin_04",
    "eyeColorId" : "Eye_01",
    "hairRootId" : "Hair_11",
    "hairTipId" : "Hair_11",
    "tattooColorId" : "Tattoo_02",
    "lipColorId" : "Lip_01",
    "customPortraitSaveVersion" : 0
}
