{
    "Description" : {
        "Id" : "D181D0BCD0B5D188D0BDD18BD0B5-D0BAD0B0D180D182D0B8D0BDD0BAD0B8-D18FD189D0B5D180D0B8D186D0B0-D0B1D0BED",
        "Name" : "D181D0BCD0B5D188D0BDD18BD0B5-D0BAD0B0D180D182D0B8D0BDD0BAD0B8-D18FD189D0B5D180D0B8D186D0B0-D0B1D0BED",
        "Details" : "Random",
        "Icon" : "D181D0BCD0B5D188D0BDD18BD0B5-D0BAD0B0D180D182D0B8D0BDD0BAD0B8-D18FD189D0B5D180D0B8D186D0B0-D0B1D0BED"
    },
    "ID" : "D181D0BCD0B5D188D0BDD18BD0B5-D0BAD0B0D180D182D0B8D0BDD0BAD0B8-D18FD189D0B5D180D0B8D186D0B0-D0B1D0BED",
    "backgroundColor" : {
        "r" : 0,
        "g" : 0,
        "b" : 0,
        "a" : 0
    },
    "headMesh" : 0.5,
    "hairMesh" : 5,
    "beardMesh" : 0,
    "suitMesh" : 1,
    "scar" : 0,
    "lightRig" : 3,
    "cameraPosition" : 2,
    "complexionTex" : 3,
    "eyebrowTex" : 1,
    "tattooTex" : 8,
    "actualTattooTex" : 14,
    "weights" : [
        25.63221,
        37.69115,
        12.01838,
        0.1350538,
        0.128627,
        24.39458
    ],
    "browOffsetY" : -0.006149412,
    "browOffsetZ" : 0.005035631,
    "noseBridgeScale" : 0.09017839,
    "noseTipScale" : -0.2500157,
    "chinScale" : 0.1786863,
    "cheekOffsetY" : 4.155219E-05,
    "eyeWidth" : 0.003955049,
    "jawWidth" : 0.01656257,
    "animation" : 3,
    "isCommander" : true,
    "skinToneId" : "Skin_05",
    "eyeColorId" : "Eye_02",
    "hairRootId" : "Hair_03",
    "hairTipId" : "Hair_03",
    "tattooColorId" : "Tattoo_02",
    "lipColorId" : "Lip_01",
    "customPortraitSaveVersion" : 0
}
