{
    "Description" : {
        "Id" : "D181D0BCD0B5D188D0BDD18BD0B5-D0BAD0B0D180D182D0B8D0BDD0BAD0B8-D18FD189D0B5D180D0B8D186D0B0-D0B1D0BED",
        "Name" : "D181D0BCD0B5D188D0BDD18BD0B5-D0BAD0B0D180D182D0B8D0BDD0BAD0B8-D18FD189D0B5D180D0B8D186D0B0-D0B1D0BED",
        "Details" : "Random",
        "Icon" : "D181D0BCD0B5D188D0BDD18BD0B5-D0BAD0B0D180D182D0B8D0BDD0BAD0B8-D18FD189D0B5D180D0B8D186D0B0-D0B1D0BED"
    },
    "ID" : "D181D0BCD0B5D188D0BDD18BD0B5-D0BAD0B0D180D182D0B8D0BDD0BAD0B8-D18FD189D0B5D180D0B8D186D0B0-D0B1D0BED",
    "backgroundColor" : {
        "r" : 0,
        "g" : 0,
        "b" : 0,
        "a" : 0
    },
    "headMesh" : 0.5,
    "hairMesh" : 4,
    "beardMesh" : 0,
    "suitMesh" : 1,
    "scar" : 9,
    "lightRig" : 5,
    "cameraPosition" : 1,
    "complexionTex" : 3,
    "eyebrowTex" : 3,
    "tattooTex" : 0,
    "actualTattooTex" : 0,
    "weights" : [
        20.07575,
        7.1313,
        40.11262,
        9.869198,
        3.063746,
        19.74739
    ],
    "browOffsetY" : 0.001396218,
    "browOffsetZ" : 0.002100757,
    "noseBridgeScale" : -0.1436421,
    "noseTipScale" : -0.2804756,
    "chinScale" : 0.1912429,
    "cheekOffsetY" : -0.001587017,
    "eyeWidth" : -0.004166275,
    "jawWidth" : 0.02196738,
    "animation" : 3,
    "isCommander" : true,
    "skinToneId" : "Skin_00",
    "eyeColorId" : "Eye_03",
    "hairRootId" : "Hair_03",
    "hairTipId" : "Hair_03",
    "tattooColorId" : "Tattoo_10",
    "lipColorId" : "Lip_01",
    "customPortraitSaveVersion" : 0
}
