{
    "Description" : {
        "Id" : "D181D0BCD0B5D188D0BDD18BD0B5-D0BAD0B0D180D182D0B8D0BDD0BAD0B8-D18FD189D0B5D180D0B8D186D0B0-D0B1D0BED",
        "Name" : "D181D0BCD0B5D188D0BDD18BD0B5-D0BAD0B0D180D182D0B8D0BDD0BAD0B8-D18FD189D0B5D180D0B8D186D0B0-D0B1D0BED",
        "Details" : "Random",
        "Icon" : "D181D0BCD0B5D188D0BDD18BD0B5-D0BAD0B0D180D182D0B8D0BDD0BAD0B8-D18FD189D0B5D180D0B8D186D0B0-D0B1D0BED"
    },
    "ID" : "D181D0BCD0B5D188D0BDD18BD0B5-D0BAD0B0D180D182D0B8D0BDD0BAD0B8-D18FD189D0B5D180D0B8D186D0B0-D0B1D0BED",
    "backgroundColor" : {
        "r" : 0,
        "g" : 0,
        "b" : 0,
        "a" : 0
    },
    "headMesh" : 0.5,
    "hairMesh" : 9,
    "beardMesh" : 0,
    "suitMesh" : 0,
    "scar" : 0,
    "lightRig" : 4,
    "cameraPosition" : 3,
    "complexionTex" : 3,
    "eyebrowTex" : 0,
    "tattooTex" : 6,
    "actualTattooTex" : 0,
    "weights" : [
        45.10425,
        22.14895,
        3.506731,
        17.14251,
        11.6682,
        0.4293586
    ],
    "browOffsetY" : 0.002171825,
    "browOffsetZ" : 0.005680469,
    "noseBridgeScale" : 0.03151624,
    "noseTipScale" : -0.2590899,
    "chinScale" : 0.1034542,
    "cheekOffsetY" : 0.001537144,
    "eyeWidth" : 0.01461438,
    "jawWidth" : 0.04864819,
    "animation" : 0,
    "isCommander" : true,
    "skinToneId" : "Skin_04",
    "eyeColorId" : "Eye_07",
    "hairRootId" : "Hair_13",
    "hairTipId" : "Hair_13",
    "tattooColorId" : "Tattoo_07",
    "lipColorId" : "Lip_01",
    "customPortraitSaveVersion" : 0
}
