{
    "Description" : {
        "Id" : "D181D0BCD0B5D188D0BDD18BD0B5-D0BAD0B0D180D182D0B8D0BDD0BAD0B8-D18FD189D0B5D180D0B8D186D0B0-D0B1D0BED",
        "Name" : "D181D0BCD0B5D188D0BDD18BD0B5-D0BAD0B0D180D182D0B8D0BDD0BAD0B8-D18FD189D0B5D180D0B8D186D0B0-D0B1D0BED",
        "Details" : "Random",
        "Icon" : "D181D0BCD0B5D188D0BDD18BD0B5-D0BAD0B0D180D182D0B8D0BDD0BAD0B8-D18FD189D0B5D180D0B8D186D0B0-D0B1D0BED"
    },
    "ID" : "D181D0BCD0B5D188D0BDD18BD0B5-D0BAD0B0D180D182D0B8D0BDD0BAD0B8-D18FD189D0B5D180D0B8D186D0B0-D0B1D0BED",
    "backgroundColor" : {
        "r" : 0,
        "g" : 0,
        "b" : 0,
        "a" : 0
    },
    "headMesh" : 0.5,
    "hairMesh" : 13,
    "beardMesh" : 0,
    "suitMesh" : 1,
    "scar" : 0,
    "lightRig" : 3,
    "cameraPosition" : 2,
    "complexionTex" : 2,
    "eyebrowTex" : 0,
    "tattooTex" : 2,
    "actualTattooTex" : 17,
    "weights" : [
        60.92097,
        6.760634,
        3.801529,
        24.72283,
        3.649608,
        0.1444344
    ],
    "browOffsetY" : -0.0004019944,
    "browOffsetZ" : 0.006530689,
    "noseBridgeScale" : -0.1710249,
    "noseTipScale" : -0.2020238,
    "chinScale" : 0.05097899,
    "cheekOffsetY" : -0.004570561,
    "eyeWidth" : 0.01964043,
    "jawWidth" : -0.06324687,
    "animation" : 1,
    "isCommander" : true,
    "skinToneId" : "Skin_04",
    "eyeColorId" : "Eye_06",
    "hairRootId" : "Hair_14",
    "hairTipId" : "Hair_14",
    "tattooColorId" : "Tattoo_10",
    "lipColorId" : "Lip_01",
    "customPortraitSaveVersion" : 0
}
