{
    "Description" : {
        "Id" : "D181D0BCD0B5D188D0BDD18BD0B5-D0BAD0B0D180D182D0B8D0BDD0BAD0B8-D18FD189D0B5D180D0B8D186D0B0-D0B1D0BED",
        "Name" : "D181D0BCD0B5D188D0BDD18BD0B5-D0BAD0B0D180D182D0B8D0BDD0BAD0B8-D18FD189D0B5D180D0B8D186D0B0-D0B1D0BED",
        "Details" : "Random",
        "Icon" : "D181D0BCD0B5D188D0BDD18BD0B5-D0BAD0B0D180D182D0B8D0BDD0BAD0B8-D18FD189D0B5D180D0B8D186D0B0-D0B1D0BED"
    },
    "ID" : "D181D0BCD0B5D188D0BDD18BD0B5-D0BAD0B0D180D182D0B8D0BDD0BAD0B8-D18FD189D0B5D180D0B8D186D0B0-D0B1D0BED",
    "backgroundColor" : {
        "r" : 0,
        "g" : 0,
        "b" : 0,
        "a" : 0
    },
    "headMesh" : 0.5,
    "hairMesh" : 17,
    "beardMesh" : 0,
    "suitMesh" : 1,
    "scar" : 0,
    "lightRig" : 0,
    "cameraPosition" : 4,
    "complexionTex" : 2,
    "eyebrowTex" : 1,
    "tattooTex" : 7,
    "actualTattooTex" : 0,
    "weights" : [
        58.84747,
        10.94908,
        0.9081644,
        2.083706,
        0.2129286,
        26.99866
    ],
    "browOffsetY" : -0.005903577,
    "browOffsetZ" : 0.00125984,
    "noseBridgeScale" : 0.07342791,
    "noseTipScale" : 0.2269984,
    "chinScale" : 0.1978424,
    "cheekOffsetY" : 0.001039826,
    "eyeWidth" : -0.0150891,
    "jawWidth" : -0.06746161,
    "animation" : 4,
    "isCommander" : true,
    "skinToneId" : "Skin_06",
    "eyeColorId" : "Eye_00",
    "hairRootId" : "Hair_04",
    "hairTipId" : "Hair_04",
    "tattooColorId" : "Tattoo_06",
    "lipColorId" : "Lip_01",
    "customPortraitSaveVersion" : 0
}
