{
    "Description" : {
        "Id" : "D181D0BCD0B5D188D0BDD18BD0B5-D0BAD0B0D180D182D0B8D0BDD0BAD0B8-D18FD189D0B5D180D0B8D186D0B0-D0B1D0BED",
        "Name" : "D181D0BCD0B5D188D0BDD18BD0B5-D0BAD0B0D180D182D0B8D0BDD0BAD0B8-D18FD189D0B5D180D0B8D186D0B0-D0B1D0BED",
        "Details" : "Random",
        "Icon" : "D181D0BCD0B5D188D0BDD18BD0B5-D0BAD0B0D180D182D0B8D0BDD0BAD0B8-D18FD189D0B5D180D0B8D186D0B0-D0B1D0BED"
    },
    "ID" : "D181D0BCD0B5D188D0BDD18BD0B5-D0BAD0B0D180D182D0B8D0BDD0BAD0B8-D18FD189D0B5D180D0B8D186D0B0-D0B1D0BED",
    "backgroundColor" : {
        "r" : 0,
        "g" : 0,
        "b" : 0,
        "a" : 0
    },
    "headMesh" : 0.5,
    "hairMesh" : 14,
    "beardMesh" : 0,
    "suitMesh" : 0,
    "scar" : 3,
    "lightRig" : 1,
    "cameraPosition" : 0,
    "complexionTex" : 0,
    "eyebrowTex" : 0,
    "tattooTex" : 1,
    "actualTattooTex" : 0,
    "weights" : [
        44.66657,
        1.746669,
        18.59193,
        2.945325,
        29.50013,
        2.549374
    ],
    "browOffsetY" : 0.004105179,
    "browOffsetZ" : 0.003829115,
    "noseBridgeScale" : 0.0809153,
    "noseTipScale" : 0.1621312,
    "chinScale" : -0.001524949,
    "cheekOffsetY" : 0.003116572,
    "eyeWidth" : -0.01851756,
    "jawWidth" : 0.08229849,
    "animation" : 3,
    "isCommander" : true,
    "skinToneId" : "Skin_04",
    "eyeColorId" : "Eye_06",
    "hairRootId" : "Hair_12",
    "hairTipId" : "Hair_12",
    "tattooColorId" : "Tattoo_10",
    "lipColorId" : "Lip_01",
    "customPortraitSaveVersion" : 0
}
