{
    "Description" : {
        "Id" : "D181D0BCD0B5D188D0BDD18BD0B5-D0BAD0B0D180D182D0B8D0BDD0BAD0B8-D18FD189D0B5D180D0B8D186D0B0-D0B1D0BED",
        "Name" : "D181D0BCD0B5D188D0BDD18BD0B5-D0BAD0B0D180D182D0B8D0BDD0BAD0B8-D18FD189D0B5D180D0B8D186D0B0-D0B1D0BED",
        "Details" : "Random",
        "Icon" : "D181D0BCD0B5D188D0BDD18BD0B5-D0BAD0B0D180D182D0B8D0BDD0BAD0B8-D18FD189D0B5D180D0B8D186D0B0-D0B1D0BED"
    },
    "ID" : "D181D0BCD0B5D188D0BDD18BD0B5-D0BAD0B0D180D182D0B8D0BDD0BAD0B8-D18FD189D0B5D180D0B8D186D0B0-D0B1D0BED",
    "backgroundColor" : {
        "r" : 0,
        "g" : 0,
        "b" : 0,
        "a" : 0
    },
    "headMesh" : 0.5,
    "hairMesh" : 9,
    "beardMesh" : 0,
    "suitMesh" : 0,
    "scar" : 0,
    "lightRig" : 5,
    "cameraPosition" : 4,
    "complexionTex" : 3,
    "eyebrowTex" : 4,
    "tattooTex" : 0,
    "actualTattooTex" : 15,
    "weights" : [
        11.57995,
        37.98922,
        11.13691,
        22.19661,
        15.98671,
        1.1106
    ],
    "browOffsetY" : -0.002423349,
    "browOffsetZ" : 0.0005035921,
    "noseBridgeScale" : -0.1809568,
    "noseTipScale" : -0.2354266,
    "chinScale" : 0.1853101,
    "cheekOffsetY" : -9.498298E-05,
    "eyeWidth" : -0.009583706,
    "jawWidth" : 0.09257989,
    "animation" : 0,
    "isCommander" : true,
    "skinToneId" : "Skin_07",
    "eyeColorId" : "Eye_02",
    "hairRootId" : "Hair_11",
    "hairTipId" : "Hair_11",
    "tattooColorId" : "Tattoo_07",
    "lipColorId" : "Lip_01",
    "customPortraitSaveVersion" : 0
}
