{
    "Description" : {
        "Id" : "D181D0BCD0B5D188D0BDD18BD0B5-D0BAD0B0D180D182D0B8D0BDD0BAD0B8-D18FD189D0B5D180D0B8D186D0B0-D0B1D0BED",
        "Name" : "D181D0BCD0B5D188D0BDD18BD0B5-D0BAD0B0D180D182D0B8D0BDD0BAD0B8-D18FD189D0B5D180D0B8D186D0B0-D0B1D0BED",
        "Details" : "Random",
        "Icon" : "D181D0BCD0B5D188D0BDD18BD0B5-D0BAD0B0D180D182D0B8D0BDD0BAD0B8-D18FD189D0B5D180D0B8D186D0B0-D0B1D0BED"
    },
    "ID" : "D181D0BCD0B5D188D0BDD18BD0B5-D0BAD0B0D180D182D0B8D0BDD0BAD0B8-D18FD189D0B5D180D0B8D186D0B0-D0B1D0BED",
    "backgroundColor" : {
        "r" : 0,
        "g" : 0,
        "b" : 0,
        "a" : 0
    },
    "headMesh" : 0.5,
    "hairMesh" : 1,
    "beardMesh" : 0,
    "suitMesh" : 1,
    "scar" : 3,
    "lightRig" : 3,
    "cameraPosition" : 1,
    "complexionTex" : 5,
    "eyebrowTex" : 3,
    "tattooTex" : 7,
    "actualTattooTex" : 4,
    "weights" : [
        61.94315,
        9.965787,
        1.214305,
        23.48842,
        3.179526,
        0.2088113
    ],
    "browOffsetY" : -0.004748526,
    "browOffsetZ" : -0.004588313,
    "noseBridgeScale" : -0.0688154,
    "noseTipScale" : -0.07810225,
    "chinScale" : 0.1767201,
    "cheekOffsetY" : -0.002677948,
    "eyeWidth" : -0.01477284,
    "jawWidth" : -0.009751809,
    "animation" : 0,
    "isCommander" : true,
    "skinToneId" : "Skin_04",
    "eyeColorId" : "Eye_03",
    "hairRootId" : "Hair_02",
    "hairTipId" : "Hair_02",
    "tattooColorId" : "Tattoo_08",
    "lipColorId" : "Lip_01",
    "customPortraitSaveVersion" : 0
}
