{
    "Description" : {
        "Id" : "D181D0BCD0B5D188D0BDD18BD0B5-D0BAD0B0D180D182D0B8D0BDD0BAD0B8-D18FD189D0B5D180D0B8D186D0B0-D0B1D0BED",
        "Name" : "D181D0BCD0B5D188D0BDD18BD0B5-D0BAD0B0D180D182D0B8D0BDD0BAD0B8-D18FD189D0B5D180D0B8D186D0B0-D0B1D0BED",
        "Details" : "Random",
        "Icon" : "D181D0BCD0B5D188D0BDD18BD0B5-D0BAD0B0D180D182D0B8D0BDD0BAD0B8-D18FD189D0B5D180D0B8D186D0B0-D0B1D0BED"
    },
    "ID" : "D181D0BCD0B5D188D0BDD18BD0B5-D0BAD0B0D180D182D0B8D0BDD0BAD0B8-D18FD189D0B5D180D0B8D186D0B0-D0B1D0BED",
    "backgroundColor" : {
        "r" : 0,
        "g" : 0,
        "b" : 0,
        "a" : 0
    },
    "headMesh" : 0.5,
    "hairMesh" : 10,
    "beardMesh" : 0,
    "suitMesh" : 1,
    "scar" : 0,
    "lightRig" : 5,
    "cameraPosition" : 1,
    "complexionTex" : 1,
    "eyebrowTex" : 5,
    "tattooTex" : 4,
    "actualTattooTex" : 0,
    "weights" : [
        38.11281,
        35.8761,
        12.60458,
        2.087331,
        9.120474,
        2.198712
    ],
    "browOffsetY" : 0.002684729,
    "browOffsetZ" : 0.004191485,
    "noseBridgeScale" : 0.141457,
    "noseTipScale" : -0.02024492,
    "chinScale" : -0.0898279,
    "cheekOffsetY" : -0.00126003,
    "eyeWidth" : 0.04187581,
    "jawWidth" : -0.02464007,
    "animation" : 0,
    "isCommander" : true,
    "skinToneId" : "Skin_06",
    "eyeColorId" : "Eye_01",
    "hairRootId" : "Hair_00",
    "hairTipId" : "Hair_00",
    "tattooColorId" : "Tattoo_01",
    "lipColorId" : "Lip_01",
    "customPortraitSaveVersion" : 0
}
