{
    "Description" : {
        "Id" : "D181D0BCD0B5D188D0BDD18BD0B5-D0BAD0B0D180D182D0B8D0BDD0BAD0B8-D18FD189D0B5D180D0B8D186D0B0-D0B1D0BED",
        "Name" : "D181D0BCD0B5D188D0BDD18BD0B5-D0BAD0B0D180D182D0B8D0BDD0BAD0B8-D18FD189D0B5D180D0B8D186D0B0-D0B1D0BED",
        "Details" : "Random",
        "Icon" : "D181D0BCD0B5D188D0BDD18BD0B5-D0BAD0B0D180D182D0B8D0BDD0BAD0B8-D18FD189D0B5D180D0B8D186D0B0-D0B1D0BED"
    },
    "ID" : "D181D0BCD0B5D188D0BDD18BD0B5-D0BAD0B0D180D182D0B8D0BDD0BAD0B8-D18FD189D0B5D180D0B8D186D0B0-D0B1D0BED",
    "backgroundColor" : {
        "r" : 0,
        "g" : 0,
        "b" : 0,
        "a" : 0
    },
    "headMesh" : 0.5,
    "hairMesh" : 17,
    "beardMesh" : 0,
    "suitMesh" : 1,
    "scar" : 1,
    "lightRig" : 1,
    "cameraPosition" : 3,
    "complexionTex" : 0,
    "eyebrowTex" : 4,
    "tattooTex" : 2,
    "actualTattooTex" : 1,
    "weights" : [
        73.07873,
        4.357935,
        0.04323529,
        0.003097279,
        22.51499,
        0.002004606
    ],
    "browOffsetY" : 0.003163038,
    "browOffsetZ" : 0.002628441,
    "noseBridgeScale" : -0.07901003,
    "noseTipScale" : 0.2305217,
    "chinScale" : -0.1630793,
    "cheekOffsetY" : -0.0002956301,
    "eyeWidth" : 0.01205816,
    "jawWidth" : -0.05834708,
    "animation" : 4,
    "isCommander" : true,
    "skinToneId" : "Skin_06",
    "eyeColorId" : "Eye_00",
    "hairRootId" : "Hair_11",
    "hairTipId" : "Hair_11",
    "tattooColorId" : "Tattoo_10",
    "lipColorId" : "Lip_01",
    "customPortraitSaveVersion" : 0
}
