{
    "Description" : {
        "Id" : "D181D0BCD0B5D188D0BDD18BD0B5-D0BAD0B0D180D182D0B8D0BDD0BAD0B8-D18FD189D0B5D180D0B8D186D0B0-D0B1D0BED",
        "Name" : "D181D0BCD0B5D188D0BDD18BD0B5-D0BAD0B0D180D182D0B8D0BDD0BAD0B8-D18FD189D0B5D180D0B8D186D0B0-D0B1D0BED",
        "Details" : "Random",
        "Icon" : "D181D0BCD0B5D188D0BDD18BD0B5-D0BAD0B0D180D182D0B8D0BDD0BAD0B8-D18FD189D0B5D180D0B8D186D0B0-D0B1D0BED"
    },
    "ID" : "D181D0BCD0B5D188D0BDD18BD0B5-D0BAD0B0D180D182D0B8D0BDD0BAD0B8-D18FD189D0B5D180D0B8D186D0B0-D0B1D0BED",
    "backgroundColor" : {
        "r" : 0,
        "g" : 0,
        "b" : 0,
        "a" : 0
    },
    "headMesh" : 0.5,
    "hairMesh" : 15,
    "beardMesh" : 0,
    "suitMesh" : 0,
    "scar" : 0,
    "lightRig" : 2,
    "cameraPosition" : 3,
    "complexionTex" : 2,
    "eyebrowTex" : 2,
    "tattooTex" : 5,
    "actualTattooTex" : 0,
    "weights" : [
        21.4745,
        58.97098,
        6.672406,
        11.98155,
        0.8165742,
        0.08400031
    ],
    "browOffsetY" : 0.005717371,
    "browOffsetZ" : -0.006071595,
    "noseBridgeScale" : 0.05176267,
    "noseTipScale" : -0.2733977,
    "chinScale" : 0.1998945,
    "cheekOffsetY" : 0.001519621,
    "eyeWidth" : 0.04143199,
    "jawWidth" : -0.07484353,
    "animation" : 0,
    "isCommander" : true,
    "skinToneId" : "Skin_07",
    "eyeColorId" : "Eye_02",
    "hairRootId" : "Hair_03",
    "hairTipId" : "Hair_03",
    "tattooColorId" : "Tattoo_03",
    "lipColorId" : "Lip_01",
    "customPortraitSaveVersion" : 0
}
