{
    "Description" : {
        "Id" : "D181D0BCD0B5D188D0BDD18BD0B5-D0BAD0B0D180D182D0B8D0BDD0BAD0B8-D18FD189D0B5D180D0B8D186D0B0-D0B1D0BED",
        "Name" : "D181D0BCD0B5D188D0BDD18BD0B5-D0BAD0B0D180D182D0B8D0BDD0BAD0B8-D18FD189D0B5D180D0B8D186D0B0-D0B1D0BED",
        "Details" : "Random",
        "Icon" : "D181D0BCD0B5D188D0BDD18BD0B5-D0BAD0B0D180D182D0B8D0BDD0BAD0B8-D18FD189D0B5D180D0B8D186D0B0-D0B1D0BED"
    },
    "ID" : "D181D0BCD0B5D188D0BDD18BD0B5-D0BAD0B0D180D182D0B8D0BDD0BAD0B8-D18FD189D0B5D180D0B8D186D0B0-D0B1D0BED",
    "backgroundColor" : {
        "r" : 0,
        "g" : 0,
        "b" : 0,
        "a" : 0
    },
    "headMesh" : 0.5,
    "hairMesh" : 2,
    "beardMesh" : 0,
    "suitMesh" : 2,
    "scar" : 0,
    "lightRig" : 5,
    "cameraPosition" : 4,
    "complexionTex" : 0,
    "eyebrowTex" : 5,
    "tattooTex" : 1,
    "actualTattooTex" : 1,
    "weights" : [
        1.670561,
        18.9999,
        24.12834,
        46.45362,
        6.703548,
        2.044026
    ],
    "browOffsetY" : 0.002203224,
    "browOffsetZ" : -0.002670863,
    "noseBridgeScale" : -0.162417,
    "noseTipScale" : -0.01716782,
    "chinScale" : 0.1418736,
    "cheekOffsetY" : -0.003646669,
    "eyeWidth" : 0.02774409,
    "jawWidth" : -0.007676041,
    "animation" : 1,
    "isCommander" : true,
    "skinToneId" : "Skin_01",
    "eyeColorId" : "Eye_05",
    "hairRootId" : "Hair_03",
    "hairTipId" : "Hair_03",
    "tattooColorId" : "Tattoo_01",
    "lipColorId" : "Lip_01",
    "customPortraitSaveVersion" : 0
}
