{
    "Description" : {
        "Id" : "D181D0BCD0B5D188D0BDD18BD0B5-D0BAD0B0D180D182D0B8D0BDD0BAD0B8-D18FD189D0B5D180D0B8D186D0B0-D0B1D0BED",
        "Name" : "D181D0BCD0B5D188D0BDD18BD0B5-D0BAD0B0D180D182D0B8D0BDD0BAD0B8-D18FD189D0B5D180D0B8D186D0B0-D0B1D0BED",
        "Details" : "Random",
        "Icon" : "D181D0BCD0B5D188D0BDD18BD0B5-D0BAD0B0D180D182D0B8D0BDD0BAD0B8-D18FD189D0B5D180D0B8D186D0B0-D0B1D0BED"
    },
    "ID" : "D181D0BCD0B5D188D0BDD18BD0B5-D0BAD0B0D180D182D0B8D0BDD0BAD0B8-D18FD189D0B5D180D0B8D186D0B0-D0B1D0BED",
    "backgroundColor" : {
        "r" : 0,
        "g" : 0,
        "b" : 0,
        "a" : 0
    },
    "headMesh" : 0.5,
    "hairMesh" : 15,
    "beardMesh" : 0,
    "suitMesh" : 0,
    "scar" : 0,
    "lightRig" : 1,
    "cameraPosition" : 0,
    "complexionTex" : 2,
    "eyebrowTex" : 3,
    "tattooTex" : 5,
    "actualTattooTex" : 6,
    "weights" : [
        71.67199,
        23.66577,
        1.227849,
        0.4479858,
        1.262918,
        1.723491
    ],
    "browOffsetY" : -0.00291945,
    "browOffsetZ" : -0.001895188,
    "noseBridgeScale" : -0.07793754,
    "noseTipScale" : -0.1755871,
    "chinScale" : 0.02515299,
    "cheekOffsetY" : -0.000506478,
    "eyeWidth" : -0.03117005,
    "jawWidth" : 0.04070775,
    "animation" : 2,
    "isCommander" : true,
    "skinToneId" : "Skin_06",
    "eyeColorId" : "Eye_00",
    "hairRootId" : "Hair_01",
    "hairTipId" : "Hair_01",
    "tattooColorId" : "Tattoo_04",
    "lipColorId" : "Lip_01",
    "customPortraitSaveVersion" : 0
}
