{
    "Description" : {
        "Id" : "D181D0BCD0B5D188D0BDD18BD0B5-D0BAD0B0D180D182D0B8D0BDD0BAD0B8-D18FD189D0B5D180D0B8D186D0B0-D0B1D0BED",
        "Name" : "D181D0BCD0B5D188D0BDD18BD0B5-D0BAD0B0D180D182D0B8D0BDD0BAD0B8-D18FD189D0B5D180D0B8D186D0B0-D0B1D0BED",
        "Details" : "Random",
        "Icon" : "D181D0BCD0B5D188D0BDD18BD0B5-D0BAD0B0D180D182D0B8D0BDD0BAD0B8-D18FD189D0B5D180D0B8D186D0B0-D0B1D0BED"
    },
    "ID" : "D181D0BCD0B5D188D0BDD18BD0B5-D0BAD0B0D180D182D0B8D0BDD0BAD0B8-D18FD189D0B5D180D0B8D186D0B0-D0B1D0BED",
    "backgroundColor" : {
        "r" : 0,
        "g" : 0,
        "b" : 0,
        "a" : 0
    },
    "headMesh" : 0.5,
    "hairMesh" : 15,
    "beardMesh" : 0,
    "suitMesh" : 2,
    "scar" : 7,
    "lightRig" : 1,
    "cameraPosition" : 0,
    "complexionTex" : 2,
    "eyebrowTex" : 5,
    "tattooTex" : 3,
    "actualTattooTex" : 0,
    "weights" : [
        44.86309,
        15.67606,
        8.573285,
        22.66597,
        6.082051,
        2.139532
    ],
    "browOffsetY" : -0.003303468,
    "browOffsetZ" : 0.005233796,
    "noseBridgeScale" : 0.1512068,
    "noseTipScale" : -0.07904452,
    "chinScale" : 0.009169936,
    "cheekOffsetY" : 0.002229582,
    "eyeWidth" : -0.01056492,
    "jawWidth" : -0.01943127,
    "animation" : 1,
    "isCommander" : true,
    "skinToneId" : "Skin_06",
    "eyeColorId" : "Eye_04",
    "hairRootId" : "Hair_00",
    "hairTipId" : "Hair_00",
    "tattooColorId" : "Tattoo_02",
    "lipColorId" : "Lip_01",
    "customPortraitSaveVersion" : 0
}
