{
    "Description" : {
        "Id" : "D181D0BCD0B5D188D0BDD18BD0B5-D0BAD0B0D180D182D0B8D0BDD0BAD0B8-D18FD189D0B5D180D0B8D186D0B0-D0B1D0BED",
        "Name" : "D181D0BCD0B5D188D0BDD18BD0B5-D0BAD0B0D180D182D0B8D0BDD0BAD0B8-D18FD189D0B5D180D0B8D186D0B0-D0B1D0BED",
        "Details" : "Random",
        "Icon" : "D181D0BCD0B5D188D0BDD18BD0B5-D0BAD0B0D180D182D0B8D0BDD0BAD0B8-D18FD189D0B5D180D0B8D186D0B0-D0B1D0BED"
    },
    "ID" : "D181D0BCD0B5D188D0BDD18BD0B5-D0BAD0B0D180D182D0B8D0BDD0BAD0B8-D18FD189D0B5D180D0B8D186D0B0-D0B1D0BED",
    "backgroundColor" : {
        "r" : 0,
        "g" : 0,
        "b" : 0,
        "a" : 0
    },
    "headMesh" : 0.5,
    "hairMesh" : 14,
    "beardMesh" : 0,
    "suitMesh" : 1,
    "scar" : 14,
    "lightRig" : 5,
    "cameraPosition" : 2,
    "complexionTex" : 5,
    "eyebrowTex" : 5,
    "tattooTex" : 7,
    "actualTattooTex" : 13,
    "weights" : [
        18.49701,
        11.56774,
        33.54775,
        7.185639,
        2.317619,
        26.88423
    ],
    "browOffsetY" : 0.0006029235,
    "browOffsetZ" : 0.006496888,
    "noseBridgeScale" : 0.1949825,
    "noseTipScale" : -0.05026485,
    "chinScale" : -0.03316138,
    "cheekOffsetY" : -0.0004550248,
    "eyeWidth" : 0.04934315,
    "jawWidth" : -0.09121623,
    "animation" : 0,
    "isCommander" : true,
    "skinToneId" : "Skin_00",
    "eyeColorId" : "Eye_04",
    "hairRootId" : "Hair_04",
    "hairTipId" : "Hair_04",
    "tattooColorId" : "Tattoo_06",
    "lipColorId" : "Lip_01",
    "customPortraitSaveVersion" : 0
}
