{
    "Description" : {
        "Id" : "D181D0BCD0B5D188D0BDD18BD0B5-D0BAD0B0D180D182D0B8D0BDD0BAD0B8-D18FD189D0B5D180D0B8D186D0B0-D0B1D0BED",
        "Name" : "D181D0BCD0B5D188D0BDD18BD0B5-D0BAD0B0D180D182D0B8D0BDD0BAD0B8-D18FD189D0B5D180D0B8D186D0B0-D0B1D0BED",
        "Details" : "Random",
        "Icon" : "D181D0BCD0B5D188D0BDD18BD0B5-D0BAD0B0D180D182D0B8D0BDD0BAD0B8-D18FD189D0B5D180D0B8D186D0B0-D0B1D0BED"
    },
    "ID" : "D181D0BCD0B5D188D0BDD18BD0B5-D0BAD0B0D180D182D0B8D0BDD0BAD0B8-D18FD189D0B5D180D0B8D186D0B0-D0B1D0BED",
    "backgroundColor" : {
        "r" : 0,
        "g" : 0,
        "b" : 0,
        "a" : 0
    },
    "headMesh" : 0.5,
    "hairMesh" : 15,
    "beardMesh" : 0,
    "suitMesh" : 0,
    "scar" : 0,
    "lightRig" : 1,
    "cameraPosition" : 3,
    "complexionTex" : 2,
    "eyebrowTex" : 3,
    "tattooTex" : 2,
    "actualTattooTex" : 6,
    "weights" : [
        33.08677,
        23.01448,
        43.52926,
        0.2383492,
        0.1154827,
        0.01566591
    ],
    "browOffsetY" : -0.002023909,
    "browOffsetZ" : 0.005884808,
    "noseBridgeScale" : -0.07178457,
    "noseTipScale" : 0.1059721,
    "chinScale" : 0.1782282,
    "cheekOffsetY" : 0.0008712977,
    "eyeWidth" : -0.02385845,
    "jawWidth" : -0.04207045,
    "animation" : 3,
    "isCommander" : true,
    "skinToneId" : "Skin_00",
    "eyeColorId" : "Eye_00",
    "hairRootId" : "Hair_11",
    "hairTipId" : "Hair_11",
    "tattooColorId" : "Tattoo_02",
    "lipColorId" : "Lip_01",
    "customPortraitSaveVersion" : 0
}
