{
    "Description" : {
        "Id" : "D181D0BCD0B5D188D0BDD18BD0B5-D0BAD0B0D180D182D0B8D0BDD0BAD0B8-D18FD189D0B5D180D0B8D186D0B0-D0B1D0BED",
        "Name" : "D181D0BCD0B5D188D0BDD18BD0B5-D0BAD0B0D180D182D0B8D0BDD0BAD0B8-D18FD189D0B5D180D0B8D186D0B0-D0B1D0BED",
        "Details" : "Random",
        "Icon" : "D181D0BCD0B5D188D0BDD18BD0B5-D0BAD0B0D180D182D0B8D0BDD0BAD0B8-D18FD189D0B5D180D0B8D186D0B0-D0B1D0BED"
    },
    "ID" : "D181D0BCD0B5D188D0BDD18BD0B5-D0BAD0B0D180D182D0B8D0BDD0BAD0B8-D18FD189D0B5D180D0B8D186D0B0-D0B1D0BED",
    "backgroundColor" : {
        "r" : 0,
        "g" : 0,
        "b" : 0,
        "a" : 0
    },
    "headMesh" : 0.5,
    "hairMesh" : 9,
    "beardMesh" : 0,
    "suitMesh" : 2,
    "scar" : 0,
    "lightRig" : 3,
    "cameraPosition" : 3,
    "complexionTex" : 5,
    "eyebrowTex" : 3,
    "tattooTex" : 3,
    "actualTattooTex" : 3,
    "weights" : [
        14.60847,
        21.7333,
        33.97164,
        14.51975,
        8.170671,
        6.996159
    ],
    "browOffsetY" : 0.00349646,
    "browOffsetZ" : -0.006548035,
    "noseBridgeScale" : 0.07529368,
    "noseTipScale" : -0.1093747,
    "chinScale" : 0.1594276,
    "cheekOffsetY" : -0.004576619,
    "eyeWidth" : -0.04723941,
    "jawWidth" : -0.04424123,
    "animation" : 4,
    "isCommander" : true,
    "skinToneId" : "Skin_00",
    "eyeColorId" : "Eye_05",
    "hairRootId" : "Hair_09",
    "hairTipId" : "Hair_09",
    "tattooColorId" : "Tattoo_04",
    "lipColorId" : "Lip_01",
    "customPortraitSaveVersion" : 0
}
