{
    "Description" : {
        "Id" : "D181D0BCD0B5D188D0BDD18BD0B5-D0BAD0B0D180D182D0B8D0BDD0BAD0B8-D18FD189D0B5D180D0B8D186D0B0-D0B1D0BED",
        "Name" : "D181D0BCD0B5D188D0BDD18BD0B5-D0BAD0B0D180D182D0B8D0BDD0BAD0B8-D18FD189D0B5D180D0B8D186D0B0-D0B1D0BED",
        "Details" : "Random",
        "Icon" : "D181D0BCD0B5D188D0BDD18BD0B5-D0BAD0B0D180D182D0B8D0BDD0BAD0B8-D18FD189D0B5D180D0B8D186D0B0-D0B1D0BED"
    },
    "ID" : "D181D0BCD0B5D188D0BDD18BD0B5-D0BAD0B0D180D182D0B8D0BDD0BAD0B8-D18FD189D0B5D180D0B8D186D0B0-D0B1D0BED",
    "backgroundColor" : {
        "r" : 0,
        "g" : 0,
        "b" : 0,
        "a" : 0
    },
    "headMesh" : 0.5,
    "hairMesh" : 2,
    "beardMesh" : 0,
    "suitMesh" : 2,
    "scar" : 0,
    "lightRig" : 4,
    "cameraPosition" : 1,
    "complexionTex" : 3,
    "eyebrowTex" : 5,
    "tattooTex" : 0,
    "actualTattooTex" : 9,
    "weights" : [
        45.12501,
        33.34867,
        8.157198,
        9.092752,
        2.772419,
        1.503943
    ],
    "browOffsetY" : 0.002439775,
    "browOffsetZ" : 0.005163957,
    "noseBridgeScale" : 0.1678884,
    "noseTipScale" : 0.01478509,
    "chinScale" : -0.0191303,
    "cheekOffsetY" : -0.0006755096,
    "eyeWidth" : 0.04765784,
    "jawWidth" : 0.09680553,
    "animation" : 2,
    "isCommander" : true,
    "skinToneId" : "Skin_04",
    "eyeColorId" : "Eye_00",
    "hairRootId" : "Hair_12",
    "hairTipId" : "Hair_12",
    "tattooColorId" : "Tattoo_03",
    "lipColorId" : "Lip_01",
    "customPortraitSaveVersion" : 0
}
