{
    "Description" : {
        "Id" : "D181D0BCD0B5D188D0BDD18BD0B5-D0BAD0B0D180D182D0B8D0BDD0BAD0B8-D18FD189D0B5D180D0B8D186D0B0-D0B1D0BED",
        "Name" : "D181D0BCD0B5D188D0BDD18BD0B5-D0BAD0B0D180D182D0B8D0BDD0BAD0B8-D18FD189D0B5D180D0B8D186D0B0-D0B1D0BED",
        "Details" : "Random",
        "Icon" : "D181D0BCD0B5D188D0BDD18BD0B5-D0BAD0B0D180D182D0B8D0BDD0BAD0B8-D18FD189D0B5D180D0B8D186D0B0-D0B1D0BED"
    },
    "ID" : "D181D0BCD0B5D188D0BDD18BD0B5-D0BAD0B0D180D182D0B8D0BDD0BAD0B8-D18FD189D0B5D180D0B8D186D0B0-D0B1D0BED",
    "backgroundColor" : {
        "r" : 0,
        "g" : 0,
        "b" : 0,
        "a" : 0
    },
    "headMesh" : 0.5,
    "hairMesh" : 14,
    "beardMesh" : 0,
    "suitMesh" : 2,
    "scar" : 3,
    "lightRig" : 4,
    "cameraPosition" : 0,
    "complexionTex" : 5,
    "eyebrowTex" : 1,
    "tattooTex" : 4,
    "actualTattooTex" : 0,
    "weights" : [
        32.09752,
        61.12594,
        5.620197,
        0.2894703,
        0.6856719,
        0.1811995
    ],
    "browOffsetY" : 0.005505081,
    "browOffsetZ" : 0.0008116533,
    "noseBridgeScale" : 0.04701793,
    "noseTipScale" : -0.05763277,
    "chinScale" : -0.1000584,
    "cheekOffsetY" : 0.001903281,
    "eyeWidth" : -7.169843E-05,
    "jawWidth" : 0.07597063,
    "animation" : 2,
    "isCommander" : true,
    "skinToneId" : "Skin_05",
    "eyeColorId" : "Eye_00",
    "hairRootId" : "Hair_09",
    "hairTipId" : "Hair_09",
    "tattooColorId" : "Tattoo_08",
    "lipColorId" : "Lip_01",
    "customPortraitSaveVersion" : 0
}
