{
    "Description" : {
        "Id" : "D181D0BCD0B5D188D0BDD18BD0B5-D0BAD0B0D180D182D0B8D0BDD0BAD0B8-D18FD189D0B5D180D0B8D186D0B0-D0B1D0BED",
        "Name" : "D181D0BCD0B5D188D0BDD18BD0B5-D0BAD0B0D180D182D0B8D0BDD0BAD0B8-D18FD189D0B5D180D0B8D186D0B0-D0B1D0BED",
        "Details" : "Random",
        "Icon" : "D181D0BCD0B5D188D0BDD18BD0B5-D0BAD0B0D180D182D0B8D0BDD0BAD0B8-D18FD189D0B5D180D0B8D186D0B0-D0B1D0BED"
    },
    "ID" : "D181D0BCD0B5D188D0BDD18BD0B5-D0BAD0B0D180D182D0B8D0BDD0BAD0B8-D18FD189D0B5D180D0B8D186D0B0-D0B1D0BED",
    "backgroundColor" : {
        "r" : 0,
        "g" : 0,
        "b" : 0,
        "a" : 0
    },
    "headMesh" : 0.5,
    "hairMesh" : 6,
    "beardMesh" : 0,
    "suitMesh" : 2,
    "scar" : 9,
    "lightRig" : 1,
    "cameraPosition" : 4,
    "complexionTex" : 2,
    "eyebrowTex" : 3,
    "tattooTex" : 10,
    "actualTattooTex" : 3,
    "weights" : [
        32.75151,
        48.1192,
        8.091314,
        6.149365,
        1.048414,
        3.840202
    ],
    "browOffsetY" : 0.002914553,
    "browOffsetZ" : 0.001132043,
    "noseBridgeScale" : -0.158595,
    "noseTipScale" : 0.2791876,
    "chinScale" : 0.07810969,
    "cheekOffsetY" : -0.002289568,
    "eyeWidth" : 0.04863913,
    "jawWidth" : -0.01059812,
    "animation" : 3,
    "isCommander" : true,
    "skinToneId" : "Skin_07",
    "eyeColorId" : "Eye_05",
    "hairRootId" : "Hair_12",
    "hairTipId" : "Hair_12",
    "tattooColorId" : "Tattoo_08",
    "lipColorId" : "Lip_01",
    "customPortraitSaveVersion" : 0
}
