{
    "Description" : {
        "Id" : "D181D0BCD0B5D188D0BDD18BD0B5-D0BAD0B0D180D182D0B8D0BDD0BAD0B8-D18FD189D0B5D180D0B8D186D0B0-D0B1D0BED",
        "Name" : "D181D0BCD0B5D188D0BDD18BD0B5-D0BAD0B0D180D182D0B8D0BDD0BAD0B8-D18FD189D0B5D180D0B8D186D0B0-D0B1D0BED",
        "Details" : "Random",
        "Icon" : "D181D0BCD0B5D188D0BDD18BD0B5-D0BAD0B0D180D182D0B8D0BDD0BAD0B8-D18FD189D0B5D180D0B8D186D0B0-D0B1D0BED"
    },
    "ID" : "D181D0BCD0B5D188D0BDD18BD0B5-D0BAD0B0D180D182D0B8D0BDD0BAD0B8-D18FD189D0B5D180D0B8D186D0B0-D0B1D0BED",
    "backgroundColor" : {
        "r" : 0,
        "g" : 0,
        "b" : 0,
        "a" : 0
    },
    "headMesh" : 0.5,
    "hairMesh" : 9,
    "beardMesh" : 0,
    "suitMesh" : 1,
    "scar" : 0,
    "lightRig" : 0,
    "cameraPosition" : 3,
    "complexionTex" : 5,
    "eyebrowTex" : 3,
    "tattooTex" : 3,
    "actualTattooTex" : 16,
    "weights" : [
        23.45131,
        54.35983,
        15.95667,
        4.140967,
        1.465531,
        0.625696
    ],
    "browOffsetY" : 0.004729606,
    "browOffsetZ" : 0.004498202,
    "noseBridgeScale" : -0.1874222,
    "noseTipScale" : 0.2943609,
    "chinScale" : 0.1489369,
    "cheekOffsetY" : -0.00261345,
    "eyeWidth" : 0.01819013,
    "jawWidth" : -0.07474639,
    "animation" : 1,
    "isCommander" : true,
    "skinToneId" : "Skin_05",
    "eyeColorId" : "Eye_05",
    "hairRootId" : "Hair_04",
    "hairTipId" : "Hair_04",
    "tattooColorId" : "Tattoo_10",
    "lipColorId" : "Lip_01",
    "customPortraitSaveVersion" : 0
}
