{
    "Description" : {
        "Id" : "D181D0BCD0B5D188D0BDD18BD0B5-D0BAD0B0D180D182D0B8D0BDD0BAD0B8-D18FD189D0B5D180D0B8D186D0B0-D0B1D0BED",
        "Name" : "D181D0BCD0B5D188D0BDD18BD0B5-D0BAD0B0D180D182D0B8D0BDD0BAD0B8-D18FD189D0B5D180D0B8D186D0B0-D0B1D0BED",
        "Details" : "Random",
        "Icon" : "D181D0BCD0B5D188D0BDD18BD0B5-D0BAD0B0D180D182D0B8D0BDD0BAD0B8-D18FD189D0B5D180D0B8D186D0B0-D0B1D0BED"
    },
    "ID" : "D181D0BCD0B5D188D0BDD18BD0B5-D0BAD0B0D180D182D0B8D0BDD0BAD0B8-D18FD189D0B5D180D0B8D186D0B0-D0B1D0BED",
    "backgroundColor" : {
        "r" : 0,
        "g" : 0,
        "b" : 0,
        "a" : 0
    },
    "headMesh" : 0.5,
    "hairMesh" : 0,
    "beardMesh" : 0,
    "suitMesh" : 1,
    "scar" : 0,
    "lightRig" : 2,
    "cameraPosition" : 3,
    "complexionTex" : 1,
    "eyebrowTex" : 4,
    "tattooTex" : 9,
    "actualTattooTex" : 0,
    "weights" : [
        64.2978,
        21.64467,
        11.26262,
        2.082405,
        0.4255274,
        0.2869815
    ],
    "browOffsetY" : 0.00662975,
    "browOffsetZ" : 0.006845661,
    "noseBridgeScale" : -0.11416,
    "noseTipScale" : -0.07991391,
    "chinScale" : -0.06784537,
    "cheekOffsetY" : 0.001527489,
    "eyeWidth" : 0.01889983,
    "jawWidth" : 0.01247801,
    "animation" : 3,
    "isCommander" : true,
    "skinToneId" : "Skin_04",
    "eyeColorId" : "Eye_03",
    "hairRootId" : "Hair_14",
    "hairTipId" : "Hair_14",
    "tattooColorId" : "Tattoo_09",
    "lipColorId" : "Lip_01",
    "customPortraitSaveVersion" : 0
}
