{
    "Description" : {
        "Id" : "D181D0BCD0B5D188D0BDD18BD0B5-D0BAD0B0D180D182D0B8D0BDD0BAD0B8-D18FD189D0B5D180D0B8D186D0B0-D0B1D0BED",
        "Name" : "D181D0BCD0B5D188D0BDD18BD0B5-D0BAD0B0D180D182D0B8D0BDD0BAD0B8-D18FD189D0B5D180D0B8D186D0B0-D0B1D0BED",
        "Details" : "Random",
        "Icon" : "D181D0BCD0B5D188D0BDD18BD0B5-D0BAD0B0D180D182D0B8D0BDD0BAD0B8-D18FD189D0B5D180D0B8D186D0B0-D0B1D0BED"
    },
    "ID" : "D181D0BCD0B5D188D0BDD18BD0B5-D0BAD0B0D180D182D0B8D0BDD0BAD0B8-D18FD189D0B5D180D0B8D186D0B0-D0B1D0BED",
    "backgroundColor" : {
        "r" : 0,
        "g" : 0,
        "b" : 0,
        "a" : 0
    },
    "headMesh" : 0.5,
    "hairMesh" : 13,
    "beardMesh" : 0,
    "suitMesh" : 0,
    "scar" : 6,
    "lightRig" : 3,
    "cameraPosition" : 3,
    "complexionTex" : 0,
    "eyebrowTex" : 3,
    "tattooTex" : 8,
    "actualTattooTex" : 0,
    "weights" : [
        56.70563,
        29.51235,
        11.95995,
        0.7323045,
        0.4707114,
        0.6190513
    ],
    "browOffsetY" : 0.006472401,
    "browOffsetZ" : -0.003993832,
    "noseBridgeScale" : -0.09026587,
    "noseTipScale" : -0.1876804,
    "chinScale" : -0.192985,
    "cheekOffsetY" : -0.003506356,
    "eyeWidth" : 0.03755061,
    "jawWidth" : 0.04359698,
    "animation" : 0,
    "isCommander" : true,
    "skinToneId" : "Skin_06",
    "eyeColorId" : "Eye_03",
    "hairRootId" : "Hair_09",
    "hairTipId" : "Hair_09",
    "tattooColorId" : "Tattoo_07",
    "lipColorId" : "Lip_01",
    "customPortraitSaveVersion" : 0
}
