{
    "Description" : {
        "Id" : "D181D0BCD0B5D188D0BDD18BD0B5-D0BAD0B0D180D182D0B8D0BDD0BAD0B8-D18FD189D0B5D180D0B8D186D0B0-D0B1D0BED",
        "Name" : "D181D0BCD0B5D188D0BDD18BD0B5-D0BAD0B0D180D182D0B8D0BDD0BAD0B8-D18FD189D0B5D180D0B8D186D0B0-D0B1D0BED",
        "Details" : "Random",
        "Icon" : "D181D0BCD0B5D188D0BDD18BD0B5-D0BAD0B0D180D182D0B8D0BDD0BAD0B8-D18FD189D0B5D180D0B8D186D0B0-D0B1D0BED"
    },
    "ID" : "D181D0BCD0B5D188D0BDD18BD0B5-D0BAD0B0D180D182D0B8D0BDD0BAD0B8-D18FD189D0B5D180D0B8D186D0B0-D0B1D0BED",
    "backgroundColor" : {
        "r" : 0,
        "g" : 0,
        "b" : 0,
        "a" : 0
    },
    "headMesh" : 0.5,
    "hairMesh" : 17,
    "beardMesh" : 0,
    "suitMesh" : 0,
    "scar" : 12,
    "lightRig" : 1,
    "cameraPosition" : 3,
    "complexionTex" : 4,
    "eyebrowTex" : 0,
    "tattooTex" : 11,
    "actualTattooTex" : 13,
    "weights" : [
        34.86187,
        62.48893,
        1.90152,
        0.7123821,
        0.01722078,
        0.01808375
    ],
    "browOffsetY" : -0.005276302,
    "browOffsetZ" : -0.002163989,
    "noseBridgeScale" : 0.06852302,
    "noseTipScale" : 0.08168291,
    "chinScale" : -0.1730115,
    "cheekOffsetY" : -0.003856973,
    "eyeWidth" : -0.04819303,
    "jawWidth" : 0.09813707,
    "animation" : 0,
    "isCommander" : true,
    "skinToneId" : "Skin_07",
    "eyeColorId" : "Eye_05",
    "hairRootId" : "Hair_14",
    "hairTipId" : "Hair_14",
    "tattooColorId" : "Tattoo_07",
    "lipColorId" : "Lip_01",
    "customPortraitSaveVersion" : 0
}
