{
    "Description" : {
        "Id" : "D181D0BCD0B5D188D0BDD18BD0B5-D0BAD0B0D180D182D0B8D0BDD0BAD0B8-D18FD189D0B5D180D0B8D186D0B0-D0B1D0BED",
        "Name" : "D181D0BCD0B5D188D0BDD18BD0B5-D0BAD0B0D180D182D0B8D0BDD0BAD0B8-D18FD189D0B5D180D0B8D186D0B0-D0B1D0BED",
        "Details" : "Random",
        "Icon" : "D181D0BCD0B5D188D0BDD18BD0B5-D0BAD0B0D180D182D0B8D0BDD0BAD0B8-D18FD189D0B5D180D0B8D186D0B0-D0B1D0BED"
    },
    "ID" : "D181D0BCD0B5D188D0BDD18BD0B5-D0BAD0B0D180D182D0B8D0BDD0BAD0B8-D18FD189D0B5D180D0B8D186D0B0-D0B1D0BED",
    "backgroundColor" : {
        "r" : 0,
        "g" : 0,
        "b" : 0,
        "a" : 0
    },
    "headMesh" : 0.5,
    "hairMesh" : 4,
    "beardMesh" : 0,
    "suitMesh" : 0,
    "scar" : 10,
    "lightRig" : 1,
    "cameraPosition" : 3,
    "complexionTex" : 5,
    "eyebrowTex" : 3,
    "tattooTex" : 5,
    "actualTattooTex" : 0,
    "weights" : [
        22.54663,
        32.13884,
        9.336729,
        35.00475,
        0.5600853,
        0.4129545
    ],
    "browOffsetY" : -0.003662676,
    "browOffsetZ" : -0.004462365,
    "noseBridgeScale" : 0.02682211,
    "noseTipScale" : 0.1845006,
    "chinScale" : 0.09921031,
    "cheekOffsetY" : -0.002602838,
    "eyeWidth" : -0.01608448,
    "jawWidth" : -0.02714254,
    "animation" : 0,
    "isCommander" : true,
    "skinToneId" : "Skin_01",
    "eyeColorId" : "Eye_02",
    "hairRootId" : "Hair_14",
    "hairTipId" : "Hair_14",
    "tattooColorId" : "Tattoo_06",
    "lipColorId" : "Lip_01",
    "customPortraitSaveVersion" : 0
}
