{
    "Description" : {
        "Id" : "D181D0BCD0B5D188D0BDD18BD0B5-D0BAD0B0D180D182D0B8D0BDD0BAD0B8-D18FD189D0B5D180D0B8D186D0B0-D0B1D0BED",
        "Name" : "D181D0BCD0B5D188D0BDD18BD0B5-D0BAD0B0D180D182D0B8D0BDD0BAD0B8-D18FD189D0B5D180D0B8D186D0B0-D0B1D0BED",
        "Details" : "Random",
        "Icon" : "D181D0BCD0B5D188D0BDD18BD0B5-D0BAD0B0D180D182D0B8D0BDD0BAD0B8-D18FD189D0B5D180D0B8D186D0B0-D0B1D0BED"
    },
    "ID" : "D181D0BCD0B5D188D0BDD18BD0B5-D0BAD0B0D180D182D0B8D0BDD0BAD0B8-D18FD189D0B5D180D0B8D186D0B0-D0B1D0BED",
    "backgroundColor" : {
        "r" : 0,
        "g" : 0,
        "b" : 0,
        "a" : 0
    },
    "headMesh" : 0.5,
    "hairMesh" : 4,
    "beardMesh" : 0,
    "suitMesh" : 0,
    "scar" : 0,
    "lightRig" : 0,
    "cameraPosition" : 0,
    "complexionTex" : 2,
    "eyebrowTex" : 2,
    "tattooTex" : 8,
    "actualTattooTex" : 17,
    "weights" : [
        2.821376,
        57.49495,
        4.888124,
        2.927444,
        26.68459,
        5.183529
    ],
    "browOffsetY" : 0.002072521,
    "browOffsetZ" : 0.004263195,
    "noseBridgeScale" : -0.1959984,
    "noseTipScale" : 0.2233041,
    "chinScale" : 0.1125703,
    "cheekOffsetY" : -0.003265563,
    "eyeWidth" : -0.01927541,
    "jawWidth" : -0.04513308,
    "animation" : 1,
    "isCommander" : true,
    "skinToneId" : "Skin_07",
    "eyeColorId" : "Eye_00",
    "hairRootId" : "Hair_09",
    "hairTipId" : "Hair_09",
    "tattooColorId" : "Tattoo_03",
    "lipColorId" : "Lip_01",
    "customPortraitSaveVersion" : 0
}
