{
    "Description" : {
        "Id" : "D181D0BCD0B5D188D0BDD18BD0B5-D0BAD0B0D180D182D0B8D0BDD0BAD0B8-D18FD189D0B5D180D0B8D186D0B0-D0B1D0BED",
        "Name" : "D181D0BCD0B5D188D0BDD18BD0B5-D0BAD0B0D180D182D0B8D0BDD0BAD0B8-D18FD189D0B5D180D0B8D186D0B0-D0B1D0BED",
        "Details" : "Random",
        "Icon" : "D181D0BCD0B5D188D0BDD18BD0B5-D0BAD0B0D180D182D0B8D0BDD0BAD0B8-D18FD189D0B5D180D0B8D186D0B0-D0B1D0BED"
    },
    "ID" : "D181D0BCD0B5D188D0BDD18BD0B5-D0BAD0B0D180D182D0B8D0BDD0BAD0B8-D18FD189D0B5D180D0B8D186D0B0-D0B1D0BED",
    "backgroundColor" : {
        "r" : 0,
        "g" : 0,
        "b" : 0,
        "a" : 0
    },
    "headMesh" : 0.5,
    "hairMesh" : 11,
    "beardMesh" : 0,
    "suitMesh" : 0,
    "scar" : 15,
    "lightRig" : 1,
    "cameraPosition" : 4,
    "complexionTex" : 2,
    "eyebrowTex" : 0,
    "tattooTex" : 1,
    "actualTattooTex" : 0,
    "weights" : [
        48.46418,
        17.54259,
        0.8095217,
        0.3101476,
        32.7131,
        0.160452
    ],
    "browOffsetY" : 0.001441446,
    "browOffsetZ" : -0.004374072,
    "noseBridgeScale" : 0.05466089,
    "noseTipScale" : 0.0126002,
    "chinScale" : -0.1412095,
    "cheekOffsetY" : 0.001463476,
    "eyeWidth" : -0.03791393,
    "jawWidth" : 0.06888659,
    "animation" : 3,
    "isCommander" : true,
    "skinToneId" : "Skin_04",
    "eyeColorId" : "Eye_07",
    "hairRootId" : "Hair_14",
    "hairTipId" : "Hair_14",
    "tattooColorId" : "Tattoo_01",
    "lipColorId" : "Lip_01",
    "customPortraitSaveVersion" : 0
}
