{
    "Description" : {
        "Id" : "D181D0BCD0B5D188D0BDD18BD0B5-D0BAD0B0D180D182D0B8D0BDD0BAD0B8-D18FD189D0B5D180D0B8D186D0B0-D0B1D0BED",
        "Name" : "D181D0BCD0B5D188D0BDD18BD0B5-D0BAD0B0D180D182D0B8D0BDD0BAD0B8-D18FD189D0B5D180D0B8D186D0B0-D0B1D0BED",
        "Details" : "Random",
        "Icon" : "D181D0BCD0B5D188D0BDD18BD0B5-D0BAD0B0D180D182D0B8D0BDD0BAD0B8-D18FD189D0B5D180D0B8D186D0B0-D0B1D0BED"
    },
    "ID" : "D181D0BCD0B5D188D0BDD18BD0B5-D0BAD0B0D180D182D0B8D0BDD0BAD0B8-D18FD189D0B5D180D0B8D186D0B0-D0B1D0BED",
    "backgroundColor" : {
        "r" : 0,
        "g" : 0,
        "b" : 0,
        "a" : 0
    },
    "headMesh" : 0.5,
    "hairMesh" : 10,
    "beardMesh" : 0,
    "suitMesh" : 2,
    "scar" : 15,
    "lightRig" : 3,
    "cameraPosition" : 2,
    "complexionTex" : 3,
    "eyebrowTex" : 5,
    "tattooTex" : 4,
    "actualTattooTex" : 0,
    "weights" : [
        14.68738,
        51.98954,
        7.762072,
        0.381779,
        4.85847,
        20.32076
    ],
    "browOffsetY" : -0.004484029,
    "browOffsetZ" : 0.003542833,
    "noseBridgeScale" : -0.09333985,
    "noseTipScale" : 0.2352513,
    "chinScale" : -0.1804197,
    "cheekOffsetY" : 0.003431673,
    "eyeWidth" : -0.03271278,
    "jawWidth" : 0.03878703,
    "animation" : 2,
    "isCommander" : true,
    "skinToneId" : "Skin_05",
    "eyeColorId" : "Eye_02",
    "hairRootId" : "Hair_17",
    "hairTipId" : "Hair_17",
    "tattooColorId" : "Tattoo_01",
    "lipColorId" : "Lip_01",
    "customPortraitSaveVersion" : 0
}
