{
    "Description" : {
        "Id" : "D181D0BCD0B5D188D0BDD18BD0B5-D0BAD0B0D180D182D0B8D0BDD0BAD0B8-D18FD189D0B5D180D0B8D186D0B0-D0B1D0BED",
        "Name" : "D181D0BCD0B5D188D0BDD18BD0B5-D0BAD0B0D180D182D0B8D0BDD0BAD0B8-D18FD189D0B5D180D0B8D186D0B0-D0B1D0BED",
        "Details" : "Random",
        "Icon" : "D181D0BCD0B5D188D0BDD18BD0B5-D0BAD0B0D180D182D0B8D0BDD0BAD0B8-D18FD189D0B5D180D0B8D186D0B0-D0B1D0BED"
    },
    "ID" : "D181D0BCD0B5D188D0BDD18BD0B5-D0BAD0B0D180D182D0B8D0BDD0BAD0B8-D18FD189D0B5D180D0B8D186D0B0-D0B1D0BED",
    "backgroundColor" : {
        "r" : 0,
        "g" : 0,
        "b" : 0,
        "a" : 0
    },
    "headMesh" : 0.5,
    "hairMesh" : 1,
    "beardMesh" : 0,
    "suitMesh" : 2,
    "scar" : 0,
    "lightRig" : 0,
    "cameraPosition" : 3,
    "complexionTex" : 2,
    "eyebrowTex" : 5,
    "tattooTex" : 6,
    "actualTattooTex" : 0,
    "weights" : [
        51.395,
        1.704817,
        34.35656,
        12.49131,
        0.05222874,
        7.32625E-05
    ],
    "browOffsetY" : 0.00578306,
    "browOffsetZ" : 0.004194666,
    "noseBridgeScale" : 0.02187631,
    "noseTipScale" : -0.04231156,
    "chinScale" : 0.1778934,
    "cheekOffsetY" : 0.003854684,
    "eyeWidth" : -0.04775929,
    "jawWidth" : 0.04062662,
    "animation" : 3,
    "isCommander" : true,
    "skinToneId" : "Skin_06",
    "eyeColorId" : "Eye_03",
    "hairRootId" : "Hair_04",
    "hairTipId" : "Hair_04",
    "tattooColorId" : "Tattoo_08",
    "lipColorId" : "Lip_01",
    "customPortraitSaveVersion" : 0
}
