{
    "Description" : {
        "Id" : "D181D0BCD0B5D188D0BDD18BD0B5-D0BAD0B0D180D182D0B8D0BDD0BAD0B8-D18FD189D0B5D180D0B8D186D0B0-D0B1D0BED",
        "Name" : "D181D0BCD0B5D188D0BDD18BD0B5-D0BAD0B0D180D182D0B8D0BDD0BAD0B8-D18FD189D0B5D180D0B8D186D0B0-D0B1D0BED",
        "Details" : "Random",
        "Icon" : "D181D0BCD0B5D188D0BDD18BD0B5-D0BAD0B0D180D182D0B8D0BDD0BAD0B8-D18FD189D0B5D180D0B8D186D0B0-D0B1D0BED"
    },
    "ID" : "D181D0BCD0B5D188D0BDD18BD0B5-D0BAD0B0D180D182D0B8D0BDD0BAD0B8-D18FD189D0B5D180D0B8D186D0B0-D0B1D0BED",
    "backgroundColor" : {
        "r" : 0,
        "g" : 0,
        "b" : 0,
        "a" : 0
    },
    "headMesh" : 0.5,
    "hairMesh" : 10,
    "beardMesh" : 0,
    "suitMesh" : 2,
    "scar" : 14,
    "lightRig" : 0,
    "cameraPosition" : 3,
    "complexionTex" : 1,
    "eyebrowTex" : 0,
    "tattooTex" : 8,
    "actualTattooTex" : 13,
    "weights" : [
        55.59173,
        4.928864,
        4.756358,
        33.96833,
        0.2892943,
        0.4654316
    ],
    "browOffsetY" : -0.004762863,
    "browOffsetZ" : 0.004000088,
    "noseBridgeScale" : 0.110048,
    "noseTipScale" : 0.1123943,
    "chinScale" : 0.1542579,
    "cheekOffsetY" : -0.003651008,
    "eyeWidth" : -0.003350121,
    "jawWidth" : 0.09469836,
    "animation" : 0,
    "isCommander" : true,
    "skinToneId" : "Skin_06",
    "eyeColorId" : "Eye_02",
    "hairRootId" : "Hair_00",
    "hairTipId" : "Hair_00",
    "tattooColorId" : "Tattoo_08",
    "lipColorId" : "Lip_01",
    "customPortraitSaveVersion" : 0
}
