{
    "Description" : {
        "Id" : "D181D0BCD0B5D188D0BDD18BD0B5-D0BAD0B0D180D182D0B8D0BDD0BAD0B8-D18FD189D0B5D180D0B8D186D0B0-D0B1D0BED",
        "Name" : "D181D0BCD0B5D188D0BDD18BD0B5-D0BAD0B0D180D182D0B8D0BDD0BAD0B8-D18FD189D0B5D180D0B8D186D0B0-D0B1D0BED",
        "Details" : "Random",
        "Icon" : "D181D0BCD0B5D188D0BDD18BD0B5-D0BAD0B0D180D182D0B8D0BDD0BAD0B8-D18FD189D0B5D180D0B8D186D0B0-D0B1D0BED"
    },
    "ID" : "D181D0BCD0B5D188D0BDD18BD0B5-D0BAD0B0D180D182D0B8D0BDD0BAD0B8-D18FD189D0B5D180D0B8D186D0B0-D0B1D0BED",
    "backgroundColor" : {
        "r" : 0,
        "g" : 0,
        "b" : 0,
        "a" : 0
    },
    "headMesh" : 0.5,
    "hairMesh" : 1,
    "beardMesh" : 0,
    "suitMesh" : 0,
    "scar" : 2,
    "lightRig" : 4,
    "cameraPosition" : 1,
    "complexionTex" : 5,
    "eyebrowTex" : 1,
    "tattooTex" : 4,
    "actualTattooTex" : 0,
    "weights" : [
        1.461983,
        18.52063,
        15.89335,
        27.10016,
        21.60296,
        15.42091
    ],
    "browOffsetY" : -0.004031598,
    "browOffsetZ" : 0.001950517,
    "noseBridgeScale" : 0.1987975,
    "noseTipScale" : 0.2819633,
    "chinScale" : -0.1246759,
    "cheekOffsetY" : -0.004515936,
    "eyeWidth" : 0.03191264,
    "jawWidth" : 0.03438172,
    "animation" : 3,
    "isCommander" : true,
    "skinToneId" : "Skin_01",
    "eyeColorId" : "Eye_03",
    "hairRootId" : "Hair_11",
    "hairTipId" : "Hair_11",
    "tattooColorId" : "Tattoo_10",
    "lipColorId" : "Lip_01",
    "customPortraitSaveVersion" : 0
}
