{
    "Description" : {
        "Id" : "D181D0BCD0B5D188D0BDD18BD0B5-D0BAD0B0D180D182D0B8D0BDD0BAD0B8-D18FD189D0B5D180D0B8D186D0B0-D0B1D0BED",
        "Name" : "D181D0BCD0B5D188D0BDD18BD0B5-D0BAD0B0D180D182D0B8D0BDD0BAD0B8-D18FD189D0B5D180D0B8D186D0B0-D0B1D0BED",
        "Details" : "Random",
        "Icon" : "D181D0BCD0B5D188D0BDD18BD0B5-D0BAD0B0D180D182D0B8D0BDD0BAD0B8-D18FD189D0B5D180D0B8D186D0B0-D0B1D0BED"
    },
    "ID" : "D181D0BCD0B5D188D0BDD18BD0B5-D0BAD0B0D180D182D0B8D0BDD0BAD0B8-D18FD189D0B5D180D0B8D186D0B0-D0B1D0BED",
    "backgroundColor" : {
        "r" : 0,
        "g" : 0,
        "b" : 0,
        "a" : 0
    },
    "headMesh" : 0.5,
    "hairMesh" : 17,
    "beardMesh" : 0,
    "suitMesh" : 2,
    "scar" : 15,
    "lightRig" : 0,
    "cameraPosition" : 2,
    "complexionTex" : 0,
    "eyebrowTex" : 4,
    "tattooTex" : 11,
    "actualTattooTex" : 0,
    "weights" : [
        40.63755,
        11.52485,
        1.628428,
        9.986666,
        25.25685,
        10.96564
    ],
    "browOffsetY" : 0.000716102,
    "browOffsetZ" : 0.000364592,
    "noseBridgeScale" : -0.1356802,
    "noseTipScale" : 0.1198181,
    "chinScale" : 0.1000449,
    "cheekOffsetY" : 0.0003499323,
    "eyeWidth" : 0.01393998,
    "jawWidth" : 0.01282924,
    "animation" : 4,
    "isCommander" : true,
    "skinToneId" : "Skin_06",
    "eyeColorId" : "Eye_06",
    "hairRootId" : "Hair_01",
    "hairTipId" : "Hair_01",
    "tattooColorId" : "Tattoo_05",
    "lipColorId" : "Lip_01",
    "customPortraitSaveVersion" : 0
}
