{
    "Description" : {
        "Id" : "D181D0BCD0B5D188D0BDD18BD0B5-D0BAD0B0D180D182D0B8D0BDD0BAD0B8-D18FD189D0B5D180D0B8D186D0B0-D0B1D0BED",
        "Name" : "D181D0BCD0B5D188D0BDD18BD0B5-D0BAD0B0D180D182D0B8D0BDD0BAD0B8-D18FD189D0B5D180D0B8D186D0B0-D0B1D0BED",
        "Details" : "Random",
        "Icon" : "D181D0BCD0B5D188D0BDD18BD0B5-D0BAD0B0D180D182D0B8D0BDD0BAD0B8-D18FD189D0B5D180D0B8D186D0B0-D0B1D0BED"
    },
    "ID" : "D181D0BCD0B5D188D0BDD18BD0B5-D0BAD0B0D180D182D0B8D0BDD0BAD0B8-D18FD189D0B5D180D0B8D186D0B0-D0B1D0BED",
    "backgroundColor" : {
        "r" : 0,
        "g" : 0,
        "b" : 0,
        "a" : 0
    },
    "headMesh" : 0.5,
    "hairMesh" : 3,
    "beardMesh" : 0,
    "suitMesh" : 1,
    "scar" : 5,
    "lightRig" : 2,
    "cameraPosition" : 4,
    "complexionTex" : 1,
    "eyebrowTex" : 3,
    "tattooTex" : 4,
    "actualTattooTex" : 3,
    "weights" : [
        1.953871,
        4.591369,
        17.60705,
        40.10798,
        31.00306,
        4.73667
    ],
    "browOffsetY" : 0.0004750284,
    "browOffsetZ" : 0.004542377,
    "noseBridgeScale" : 0.1617796,
    "noseTipScale" : 0.05673856,
    "chinScale" : -0.06399377,
    "cheekOffsetY" : 0.002411039,
    "eyeWidth" : -0.01715909,
    "jawWidth" : -0.09622019,
    "animation" : 3,
    "isCommander" : true,
    "skinToneId" : "Skin_01",
    "eyeColorId" : "Eye_02",
    "hairRootId" : "Hair_02",
    "hairTipId" : "Hair_02",
    "tattooColorId" : "Tattoo_06",
    "lipColorId" : "Lip_01",
    "customPortraitSaveVersion" : 0
}
