{
    "Description" : {
        "Id" : "D181D0BCD0B5D188D0BDD18BD0B5-D0BAD0B0D180D182D0B8D0BDD0BAD0B8-D18FD189D0B5D180D0B8D186D0B0-D0B1D0BED",
        "Name" : "D181D0BCD0B5D188D0BDD18BD0B5-D0BAD0B0D180D182D0B8D0BDD0BAD0B8-D18FD189D0B5D180D0B8D186D0B0-D0B1D0BED",
        "Details" : "Random",
        "Icon" : "D181D0BCD0B5D188D0BDD18BD0B5-D0BAD0B0D180D182D0B8D0BDD0BAD0B8-D18FD189D0B5D180D0B8D186D0B0-D0B1D0BED"
    },
    "ID" : "D181D0BCD0B5D188D0BDD18BD0B5-D0BAD0B0D180D182D0B8D0BDD0BAD0B8-D18FD189D0B5D180D0B8D186D0B0-D0B1D0BED",
    "backgroundColor" : {
        "r" : 0,
        "g" : 0,
        "b" : 0,
        "a" : 0
    },
    "headMesh" : 0.5,
    "hairMesh" : 1,
    "beardMesh" : 0,
    "suitMesh" : 0,
    "scar" : 8,
    "lightRig" : 3,
    "cameraPosition" : 1,
    "complexionTex" : 1,
    "eyebrowTex" : 1,
    "tattooTex" : 8,
    "actualTattooTex" : 0,
    "weights" : [
        42.28189,
        12.32257,
        1.982664,
        6.45798,
        12.4839,
        24.47099
    ],
    "browOffsetY" : 0.006634249,
    "browOffsetZ" : -0.005056157,
    "noseBridgeScale" : -0.1408622,
    "noseTipScale" : 0.2596094,
    "chinScale" : 0.06063928,
    "cheekOffsetY" : -0.002523445,
    "eyeWidth" : 0.006404835,
    "jawWidth" : 0.0393168,
    "animation" : 3,
    "isCommander" : true,
    "skinToneId" : "Skin_04",
    "eyeColorId" : "Eye_07",
    "hairRootId" : "Hair_01",
    "hairTipId" : "Hair_01",
    "tattooColorId" : "Tattoo_04",
    "lipColorId" : "Lip_01",
    "customPortraitSaveVersion" : 0
}
