{
    "Description" : {
        "Id" : "D181D0BCD0B5D188D0BDD18BD0B5-D0BAD0B0D180D182D0B8D0BDD0BAD0B8-D18FD189D0B5D180D0B8D186D0B0-D0B1D0BED",
        "Name" : "D181D0BCD0B5D188D0BDD18BD0B5-D0BAD0B0D180D182D0B8D0BDD0BAD0B8-D18FD189D0B5D180D0B8D186D0B0-D0B1D0BED",
        "Details" : "Random",
        "Icon" : "D181D0BCD0B5D188D0BDD18BD0B5-D0BAD0B0D180D182D0B8D0BDD0BAD0B8-D18FD189D0B5D180D0B8D186D0B0-D0B1D0BED"
    },
    "ID" : "D181D0BCD0B5D188D0BDD18BD0B5-D0BAD0B0D180D182D0B8D0BDD0BAD0B8-D18FD189D0B5D180D0B8D186D0B0-D0B1D0BED",
    "backgroundColor" : {
        "r" : 0,
        "g" : 0,
        "b" : 0,
        "a" : 0
    },
    "headMesh" : 0.5,
    "hairMesh" : 16,
    "beardMesh" : 0,
    "suitMesh" : 0,
    "scar" : 6,
    "lightRig" : 2,
    "cameraPosition" : 4,
    "complexionTex" : 2,
    "eyebrowTex" : 3,
    "tattooTex" : 7,
    "actualTattooTex" : 0,
    "weights" : [
        7.397019,
        5.70505,
        37.70336,
        35.34303,
        10.37052,
        3.481018
    ],
    "browOffsetY" : -0.004134165,
    "browOffsetZ" : 0.005902639,
    "noseBridgeScale" : -0.1052209,
    "noseTipScale" : -0.04161619,
    "chinScale" : -0.0822193,
    "cheekOffsetY" : -0.004314042,
    "eyeWidth" : 0.01040749,
    "jawWidth" : 0.05952973,
    "animation" : 2,
    "isCommander" : true,
    "skinToneId" : "Skin_00",
    "eyeColorId" : "Eye_03",
    "hairRootId" : "Hair_14",
    "hairTipId" : "Hair_14",
    "tattooColorId" : "Tattoo_03",
    "lipColorId" : "Lip_01",
    "customPortraitSaveVersion" : 0
}
