{
    "Description" : {
        "Id" : "D181D0BCD0B5D188D0BDD18BD0B5-D0BAD0B0D180D182D0B8D0BDD0BAD0B8-D18FD189D0B5D180D0B8D186D0B0-D0B1D0BED",
        "Name" : "D181D0BCD0B5D188D0BDD18BD0B5-D0BAD0B0D180D182D0B8D0BDD0BAD0B8-D18FD189D0B5D180D0B8D186D0B0-D0B1D0BED",
        "Details" : "Random",
        "Icon" : "D181D0BCD0B5D188D0BDD18BD0B5-D0BAD0B0D180D182D0B8D0BDD0BAD0B8-D18FD189D0B5D180D0B8D186D0B0-D0B1D0BED"
    },
    "ID" : "D181D0BCD0B5D188D0BDD18BD0B5-D0BAD0B0D180D182D0B8D0BDD0BAD0B8-D18FD189D0B5D180D0B8D186D0B0-D0B1D0BED",
    "backgroundColor" : {
        "r" : 0,
        "g" : 0,
        "b" : 0,
        "a" : 0
    },
    "headMesh" : 0.5,
    "hairMesh" : 5,
    "beardMesh" : 0,
    "suitMesh" : 2,
    "scar" : 0,
    "lightRig" : 2,
    "cameraPosition" : 0,
    "complexionTex" : 4,
    "eyebrowTex" : 2,
    "tattooTex" : 10,
    "actualTattooTex" : 0,
    "weights" : [
        7.06777,
        10.56878,
        29.67665,
        50.97204,
        0.5570862,
        1.157674
    ],
    "browOffsetY" : 0.004721871,
    "browOffsetZ" : 0.001023158,
    "noseBridgeScale" : -0.1122045,
    "noseTipScale" : -0.0412989,
    "chinScale" : -0.174116,
    "cheekOffsetY" : 0.003140374,
    "eyeWidth" : 0.04638577,
    "jawWidth" : 0.01082593,
    "animation" : 2,
    "isCommander" : true,
    "skinToneId" : "Skin_01",
    "eyeColorId" : "Eye_06",
    "hairRootId" : "Hair_09",
    "hairTipId" : "Hair_09",
    "tattooColorId" : "Tattoo_03",
    "lipColorId" : "Lip_01",
    "customPortraitSaveVersion" : 0
}
