{
    "Description" : {
        "Id" : "D181D0BCD0B5D188D0BDD18BD0B5-D0BAD0B0D180D182D0B8D0BDD0BAD0B8-D18FD189D0B5D180D0B8D186D0B0-D0B1D0BED",
        "Name" : "D181D0BCD0B5D188D0BDD18BD0B5-D0BAD0B0D180D182D0B8D0BDD0BAD0B8-D18FD189D0B5D180D0B8D186D0B0-D0B1D0BED",
        "Details" : "Random",
        "Icon" : "D181D0BCD0B5D188D0BDD18BD0B5-D0BAD0B0D180D182D0B8D0BDD0BAD0B8-D18FD189D0B5D180D0B8D186D0B0-D0B1D0BED"
    },
    "ID" : "D181D0BCD0B5D188D0BDD18BD0B5-D0BAD0B0D180D182D0B8D0BDD0BAD0B8-D18FD189D0B5D180D0B8D186D0B0-D0B1D0BED",
    "backgroundColor" : {
        "r" : 0,
        "g" : 0,
        "b" : 0,
        "a" : 0
    },
    "headMesh" : 0.5,
    "hairMesh" : 10,
    "beardMesh" : 0,
    "suitMesh" : 1,
    "scar" : 4,
    "lightRig" : 4,
    "cameraPosition" : 2,
    "complexionTex" : 0,
    "eyebrowTex" : 0,
    "tattooTex" : 9,
    "actualTattooTex" : 0,
    "weights" : [
        9.835917,
        44.81865,
        2.603425,
        11.95851,
        1.419834,
        29.36367
    ],
    "browOffsetY" : -0.00493418,
    "browOffsetZ" : -0.005059901,
    "noseBridgeScale" : 0.04485881,
    "noseTipScale" : 0.1691867,
    "chinScale" : 0.03266957,
    "cheekOffsetY" : 0.003608973,
    "eyeWidth" : 0.04635903,
    "jawWidth" : 0.04970329,
    "animation" : 3,
    "isCommander" : true,
    "skinToneId" : "Skin_07",
    "eyeColorId" : "Eye_02",
    "hairRootId" : "Hair_17",
    "hairTipId" : "Hair_17",
    "tattooColorId" : "Tattoo_10",
    "lipColorId" : "Lip_01",
    "customPortraitSaveVersion" : 0
}
