{
    "Description" : {
        "Id" : "D181D0BCD0B5D188D0BDD18BD0B5-D0BAD0B0D180D182D0B8D0BDD0BAD0B8-D18FD189D0B5D180D0B8D186D0B0-D0B1D0BED",
        "Name" : "D181D0BCD0B5D188D0BDD18BD0B5-D0BAD0B0D180D182D0B8D0BDD0BAD0B8-D18FD189D0B5D180D0B8D186D0B0-D0B1D0BED",
        "Details" : "Random",
        "Icon" : "D181D0BCD0B5D188D0BDD18BD0B5-D0BAD0B0D180D182D0B8D0BDD0BAD0B8-D18FD189D0B5D180D0B8D186D0B0-D0B1D0BED"
    },
    "ID" : "D181D0BCD0B5D188D0BDD18BD0B5-D0BAD0B0D180D182D0B8D0BDD0BAD0B8-D18FD189D0B5D180D0B8D186D0B0-D0B1D0BED",
    "backgroundColor" : {
        "r" : 0,
        "g" : 0,
        "b" : 0,
        "a" : 0
    },
    "headMesh" : 0.5,
    "hairMesh" : 7,
    "beardMesh" : 0,
    "suitMesh" : 1,
    "scar" : 0,
    "lightRig" : 3,
    "cameraPosition" : 4,
    "complexionTex" : 1,
    "eyebrowTex" : 2,
    "tattooTex" : 7,
    "actualTattooTex" : 0,
    "weights" : [
        60.7498,
        7.258699,
        1.07143,
        0.1868346,
        30.56809,
        0.1651481
    ],
    "browOffsetY" : 0.004380983,
    "browOffsetZ" : 0.00418449,
    "noseBridgeScale" : 0.1553282,
    "noseTipScale" : -0.2725332,
    "chinScale" : 0.146278,
    "cheekOffsetY" : 0.0007131666,
    "eyeWidth" : 0.0336418,
    "jawWidth" : 0.01372849,
    "animation" : 2,
    "isCommander" : true,
    "skinToneId" : "Skin_06",
    "eyeColorId" : "Eye_01",
    "hairRootId" : "Hair_00",
    "hairTipId" : "Hair_00",
    "tattooColorId" : "Tattoo_04",
    "lipColorId" : "Lip_01",
    "customPortraitSaveVersion" : 0
}
