{
    "Description" : {
        "Id" : "D181D0BCD0B5D188D0BDD18BD0B5-D0BAD0B0D180D182D0B8D0BDD0BAD0B8-D18FD189D0B5D180D0B8D186D0B0-D0B1D0BED",
        "Name" : "D181D0BCD0B5D188D0BDD18BD0B5-D0BAD0B0D180D182D0B8D0BDD0BAD0B8-D18FD189D0B5D180D0B8D186D0B0-D0B1D0BED",
        "Details" : "Random",
        "Icon" : "D181D0BCD0B5D188D0BDD18BD0B5-D0BAD0B0D180D182D0B8D0BDD0BAD0B8-D18FD189D0B5D180D0B8D186D0B0-D0B1D0BED"
    },
    "ID" : "D181D0BCD0B5D188D0BDD18BD0B5-D0BAD0B0D180D182D0B8D0BDD0BAD0B8-D18FD189D0B5D180D0B8D186D0B0-D0B1D0BED",
    "backgroundColor" : {
        "r" : 0,
        "g" : 0,
        "b" : 0,
        "a" : 0
    },
    "headMesh" : 0.5,
    "hairMesh" : 5,
    "beardMesh" : 0,
    "suitMesh" : 0,
    "scar" : 0,
    "lightRig" : 4,
    "cameraPosition" : 4,
    "complexionTex" : 2,
    "eyebrowTex" : 4,
    "tattooTex" : 2,
    "actualTattooTex" : 0,
    "weights" : [
        53.35476,
        0.3710577,
        18.67226,
        4.14416,
        0.2166244,
        23.24114
    ],
    "browOffsetY" : 0.004955122,
    "browOffsetZ" : -0.001960561,
    "noseBridgeScale" : -0.0671829,
    "noseTipScale" : -0.1549809,
    "chinScale" : -0.03523695,
    "cheekOffsetY" : -0.004941202,
    "eyeWidth" : 0.01632248,
    "jawWidth" : 0.01040126,
    "animation" : 2,
    "isCommander" : true,
    "skinToneId" : "Skin_04",
    "eyeColorId" : "Eye_00",
    "hairRootId" : "Hair_03",
    "hairTipId" : "Hair_03",
    "tattooColorId" : "Tattoo_06",
    "lipColorId" : "Lip_01",
    "customPortraitSaveVersion" : 0
}
