2024-09-15T22:28:40 - Starting Client: 4.1.2-8
2024-09-15T22:28:40 - Settings are:(ServerURL:(http://www.gnwars.net:8000/) ClientID:() Debug:(True) PriorityContractPay%:(1.5) PriorityContractsPerAlly:2 ActivePlayerMarkerSize:(3.5))
2024-09-15T22:28:40 - Fetched clientID:(cf5043f6-1ee9-4075-921d-06c422d7a894).
2024-09-15T22:28:41 - Init Finished
2024-09-15T22:30:44 - ----Refreshing client settings from server-------
2024-09-15T22:30:44 - http://www.gnwars.net:8000/warServices/Util/ServerSettings/
2024-09-15T22:30:44 - Newtonsoft.Json.JsonSerializationException: Cannot deserialize the current JSON array (e.g. [1,2,3]) into type 'System.Collections.Generic.Dictionary`2[System.String,System.Int32]' because the type requires a JSON object (e.g. {"name":"value"}) to deserialize correctly.
To fix this error either change the JSON to a JSON object (e.g. {"name":"value"}) or change the deserialized type to an array or a type that implements a collection interface (e.g. ICollection, IList) like List<T> that can be deserialized from a JSON array. JsonArrayAttribute can also be added to the type to force it to deserialize from a JSON array.
Path 'PlanetSlotsByClimate', line 1, position 192.
  at Newtonsoft.Json.Serialization.JsonSerializerInternalReader.EnsureArrayContract (Newtonsoft.Json.JsonReader reader, System.Type objectType, Newtonsoft.Json.Serialization.JsonContract contract) [0x00058] in <bcfe3779d9974effb214d2a48329f488>:0 
  at Newtonsoft.Json.Serialization.JsonSerializerInternalReader.CreateList (Newtonsoft.Json.JsonReader reader, System.Type objectType, Newtonsoft.Json.Serialization.JsonContract contract, Newtonsoft.Json.Serialization.JsonProperty member, System.Object existingValue, System.String id) [0x00012] in <bcfe3779d9974effb214d2a48329f488>:0 
  at Newtonsoft.Json.Serialization.JsonSerializerInternalReader.CreateValueInternal (Newtonsoft.Json.JsonReader reader, System.Type objectType, Newtonsoft.Json.Serialization.JsonContract contract, Newtonsoft.Json.Serialization.JsonProperty member, Newtonsoft.Json.Serialization.JsonContainerContract containerContract, Newtonsoft.Json.Serialization.JsonProperty containerMember, System.Object existingValue) [0x0007f] in <bcfe3779d9974effb214d2a48329f488>:0 
  at Newtonsoft.Json.Serialization.JsonSerializerInternalReader.SetPropertyValue (Newtonsoft.Json.Serialization.JsonProperty property, Newtonsoft.Json.JsonConverter propertyConverter, Newtonsoft.Json.Serialization.JsonContainerContract containerContract, Newtonsoft.Json.Serialization.JsonProperty containerProperty, Newtonsoft.Json.JsonReader reader, System.Object target) [0x00061] in <bcfe3779d9974effb214d2a48329f488>:0 
  at Newtonsoft.Json.Serialization.JsonSerializerInternalReader.PopulateObject (System.Object newObject, Newtonsoft.Json.JsonReader reader, Newtonsoft.Json.Serialization.JsonObjectContract contract, Newtonsoft.Json.Serialization.JsonProperty member, System.String id) [0x00268] in <bcfe3779d9974effb214d2a48329f488>:0 
  at Newtonsoft.Json.Serialization.JsonSerializerInternalReader.CreateObject (Newtonsoft.Json.JsonReader reader, System.Type objectType, Newtonsoft.Json.Serialization.JsonContract contract, Newtonsoft.Json.Serialization.JsonProperty member, Newtonsoft.Json.Serialization.JsonContainerContract containerContract, Newtonsoft.Json.Serialization.JsonProperty containerMember, System.Object existingValue) [0x0015c] in <bcfe3779d9974effb214d2a48329f488>:0 
  at Newtonsoft.Json.Serialization.JsonSerializerInternalReader.CreateValueInternal (Newtonsoft.Json.JsonReader reader, System.Type objectType, Newtonsoft.Json.Serialization.JsonContract contract, Newtonsoft.Json.Serialization.JsonProperty member, Newtonsoft.Json.Serialization.JsonContainerContract containerContract, Newtonsoft.Json.Serialization.JsonProperty containerMember, System.Object existingValue) [0x0006d] in <bcfe3779d9974effb214d2a48329f488>:0 
  at Newtonsoft.Json.Serialization.JsonSerializerInternalReader.Deserialize (Newtonsoft.Json.JsonReader reader, System.Type objectType, System.Boolean checkAdditionalContent) [0x000db] in <bcfe3779d9974effb214d2a48329f488>:0 
  at Newtonsoft.Json.JsonSerializer.DeserializeInternal (Newtonsoft.Json.JsonReader reader, System.Type objectType) [0x00053] in <bcfe3779d9974effb214d2a48329f488>:0 
  at Newtonsoft.Json.JsonSerializer.Deserialize (Newtonsoft.Json.JsonReader reader, System.Type objectType) [0x00000] in <bcfe3779d9974effb214d2a48329f488>:0 
  at Newtonsoft.Json.JsonConvert.DeserializeObject (System.String value, System.Type type, Newtonsoft.Json.JsonSerializerSettings settings) [0x0002d] in <bcfe3779d9974effb214d2a48329f488>:0 
  at Newtonsoft.Json.JsonConvert.DeserializeObject (System.String value, System.Type type) [0x00000] in <bcfe3779d9974effb214d2a48329f488>:0 
  at PersistentMapClient.Web.RefreshServerSettings (System.Boolean force) [0x00062] in <8efdb6cff32447598d55d3b291e2bab5>:0 
2024-09-15T22:30:44 - ----Refreshing client settings from server-------
2024-09-15T22:30:44 - http://www.gnwars.net:8000/warServices/Util/ServerSettings/
2024-09-15T22:30:44 - Newtonsoft.Json.JsonSerializationException: Cannot deserialize the current JSON array (e.g. [1,2,3]) into type 'System.Collections.Generic.Dictionary`2[System.String,System.Int32]' because the type requires a JSON object (e.g. {"name":"value"}) to deserialize correctly.
To fix this error either change the JSON to a JSON object (e.g. {"name":"value"}) or change the deserialized type to an array or a type that implements a collection interface (e.g. ICollection, IList) like List<T> that can be deserialized from a JSON array. JsonArrayAttribute can also be added to the type to force it to deserialize from a JSON array.
Path 'PlanetSlotsByClimate', line 1, position 192.
  at Newtonsoft.Json.Serialization.JsonSerializerInternalReader.EnsureArrayContract (Newtonsoft.Json.JsonReader reader, System.Type objectType, Newtonsoft.Json.Serialization.JsonContract contract) [0x00058] in <bcfe3779d9974effb214d2a48329f488>:0 
  at Newtonsoft.Json.Serialization.JsonSerializerInternalReader.CreateList (Newtonsoft.Json.JsonReader reader, System.Type objectType, Newtonsoft.Json.Serialization.JsonContract contract, Newtonsoft.Json.Serialization.JsonProperty member, System.Object existingValue, System.String id) [0x00012] in <bcfe3779d9974effb214d2a48329f488>:0 
  at Newtonsoft.Json.Serialization.JsonSerializerInternalReader.CreateValueInternal (Newtonsoft.Json.JsonReader reader, System.Type objectType, Newtonsoft.Json.Serialization.JsonContract contract, Newtonsoft.Json.Serialization.JsonProperty member, Newtonsoft.Json.Serialization.JsonContainerContract containerContract, Newtonsoft.Json.Serialization.JsonProperty containerMember, System.Object existingValue) [0x0007f] in <bcfe3779d9974effb214d2a48329f488>:0 
  at Newtonsoft.Json.Serialization.JsonSerializerInternalReader.SetPropertyValue (Newtonsoft.Json.Serialization.JsonProperty property, Newtonsoft.Json.JsonConverter propertyConverter, Newtonsoft.Json.Serialization.JsonContainerContract containerContract, Newtonsoft.Json.Serialization.JsonProperty containerProperty, Newtonsoft.Json.JsonReader reader, System.Object target) [0x00061] in <bcfe3779d9974effb214d2a48329f488>:0 
  at Newtonsoft.Json.Serialization.JsonSerializerInternalReader.PopulateObject (System.Object newObject, Newtonsoft.Json.JsonReader reader, Newtonsoft.Json.Serialization.JsonObjectContract contract, Newtonsoft.Json.Serialization.JsonProperty member, System.String id) [0x00268] in <bcfe3779d9974effb214d2a48329f488>:0 
  at Newtonsoft.Json.Serialization.JsonSerializerInternalReader.CreateObject (Newtonsoft.Json.JsonReader reader, System.Type objectType, Newtonsoft.Json.Serialization.JsonContract contract, Newtonsoft.Json.Serialization.JsonProperty member, Newtonsoft.Json.Serialization.JsonContainerContract containerContract, Newtonsoft.Json.Serialization.JsonProperty containerMember, System.Object existingValue) [0x0015c] in <bcfe3779d9974effb214d2a48329f488>:0 
  at Newtonsoft.Json.Serialization.JsonSerializerInternalReader.CreateValueInternal (Newtonsoft.Json.JsonReader reader, System.Type objectType, Newtonsoft.Json.Serialization.JsonContract contract, Newtonsoft.Json.Serialization.JsonProperty member, Newtonsoft.Json.Serialization.JsonContainerContract containerContract, Newtonsoft.Json.Serialization.JsonProperty containerMember, System.Object existingValue) [0x0006d] in <bcfe3779d9974effb214d2a48329f488>:0 
  at Newtonsoft.Json.Serialization.JsonSerializerInternalReader.Deserialize (Newtonsoft.Json.JsonReader reader, System.Type objectType, System.Boolean checkAdditionalContent) [0x000db] in <bcfe3779d9974effb214d2a48329f488>:0 
  at Newtonsoft.Json.JsonSerializer.DeserializeInternal (Newtonsoft.Json.JsonReader reader, System.Type objectType) [0x00053] in <bcfe3779d9974effb214d2a48329f488>:0 
  at Newtonsoft.Json.JsonSerializer.Deserialize (Newtonsoft.Json.JsonReader reader, System.Type objectType) [0x00000] in <bcfe3779d9974effb214d2a48329f488>:0 
  at Newtonsoft.Json.JsonConvert.DeserializeObject (System.String value, System.Type type, Newtonsoft.Json.JsonSerializerSettings settings) [0x0002d] in <bcfe3779d9974effb214d2a48329f488>:0 
  at Newtonsoft.Json.JsonConvert.DeserializeObject (System.String value, System.Type type) [0x00000] in <bcfe3779d9974effb214d2a48329f488>:0 
  at PersistentMapClient.Web.RefreshServerSettings (System.Boolean force) [0x00062] in <8efdb6cff32447598d55d3b291e2bab5>:0 
2024-09-15T22:30:44 - Career ID Loaded: 8aa78600-fd4a-4545-95f6-42013c69bba6
2024-09-15T22:30:44 - ----Refreshing client settings from server-------
2024-09-15T22:30:44 - http://www.gnwars.net:8000/warServices/Util/ServerSettings/
2024-09-15T22:30:44 - Newtonsoft.Json.JsonSerializationException: Cannot deserialize the current JSON array (e.g. [1,2,3]) into type 'System.Collections.Generic.Dictionary`2[System.String,System.Int32]' because the type requires a JSON object (e.g. {"name":"value"}) to deserialize correctly.
To fix this error either change the JSON to a JSON object (e.g. {"name":"value"}) or change the deserialized type to an array or a type that implements a collection interface (e.g. ICollection, IList) like List<T> that can be deserialized from a JSON array. JsonArrayAttribute can also be added to the type to force it to deserialize from a JSON array.
Path 'PlanetSlotsByClimate', line 1, position 192.
  at Newtonsoft.Json.Serialization.JsonSerializerInternalReader.EnsureArrayContract (Newtonsoft.Json.JsonReader reader, System.Type objectType, Newtonsoft.Json.Serialization.JsonContract contract) [0x00058] in <bcfe3779d9974effb214d2a48329f488>:0 
  at Newtonsoft.Json.Serialization.JsonSerializerInternalReader.CreateList (Newtonsoft.Json.JsonReader reader, System.Type objectType, Newtonsoft.Json.Serialization.JsonContract contract, Newtonsoft.Json.Serialization.JsonProperty member, System.Object existingValue, System.String id) [0x00012] in <bcfe3779d9974effb214d2a48329f488>:0 
  at Newtonsoft.Json.Serialization.JsonSerializerInternalReader.CreateValueInternal (Newtonsoft.Json.JsonReader reader, System.Type objectType, Newtonsoft.Json.Serialization.JsonContract contract, Newtonsoft.Json.Serialization.JsonProperty member, Newtonsoft.Json.Serialization.JsonContainerContract containerContract, Newtonsoft.Json.Serialization.JsonProperty containerMember, System.Object existingValue) [0x0007f] in <bcfe3779d9974effb214d2a48329f488>:0 
  at Newtonsoft.Json.Serialization.JsonSerializerInternalReader.SetPropertyValue (Newtonsoft.Json.Serialization.JsonProperty property, Newtonsoft.Json.JsonConverter propertyConverter, Newtonsoft.Json.Serialization.JsonContainerContract containerContract, Newtonsoft.Json.Serialization.JsonProperty containerProperty, Newtonsoft.Json.JsonReader reader, System.Object target) [0x00061] in <bcfe3779d9974effb214d2a48329f488>:0 
  at Newtonsoft.Json.Serialization.JsonSerializerInternalReader.PopulateObject (System.Object newObject, Newtonsoft.Json.JsonReader reader, Newtonsoft.Json.Serialization.JsonObjectContract contract, Newtonsoft.Json.Serialization.JsonProperty member, System.String id) [0x00268] in <bcfe3779d9974effb214d2a48329f488>:0 
  at Newtonsoft.Json.Serialization.JsonSerializerInternalReader.CreateObject (Newtonsoft.Json.JsonReader reader, System.Type objectType, Newtonsoft.Json.Serialization.JsonContract contract, Newtonsoft.Json.Serialization.JsonProperty member, Newtonsoft.Json.Serialization.JsonContainerContract containerContract, Newtonsoft.Json.Serialization.JsonProperty containerMember, System.Object existingValue) [0x0015c] in <bcfe3779d9974effb214d2a48329f488>:0 
  at Newtonsoft.Json.Serialization.JsonSerializerInternalReader.CreateValueInternal (Newtonsoft.Json.JsonReader reader, System.Type objectType, Newtonsoft.Json.Serialization.JsonContract contract, Newtonsoft.Json.Serialization.JsonProperty member, Newtonsoft.Json.Serialization.JsonContainerContract containerContract, Newtonsoft.Json.Serialization.JsonProperty containerMember, System.Object existingValue) [0x0006d] in <bcfe3779d9974effb214d2a48329f488>:0 
  at Newtonsoft.Json.Serialization.JsonSerializerInternalReader.Deserialize (Newtonsoft.Json.JsonReader reader, System.Type objectType, System.Boolean checkAdditionalContent) [0x000db] in <bcfe3779d9974effb214d2a48329f488>:0 
  at Newtonsoft.Json.JsonSerializer.DeserializeInternal (Newtonsoft.Json.JsonReader reader, System.Type objectType) [0x00053] in <bcfe3779d9974effb214d2a48329f488>:0 
  at Newtonsoft.Json.JsonSerializer.Deserialize (Newtonsoft.Json.JsonReader reader, System.Type objectType) [0x00000] in <bcfe3779d9974effb214d2a48329f488>:0 
  at Newtonsoft.Json.JsonConvert.DeserializeObject (System.String value, System.Type type, Newtonsoft.Json.JsonSerializerSettings settings) [0x0002d] in <bcfe3779d9974effb214d2a48329f488>:0 
  at Newtonsoft.Json.JsonConvert.DeserializeObject (System.String value, System.Type type) [0x00000] in <bcfe3779d9974effb214d2a48329f488>:0 
  at PersistentMapClient.Web.RefreshServerSettings (System.Boolean force) [0x00062] in <8efdb6cff32447598d55d3b291e2bab5>:0 
2024-09-15T22:30:57 - PopulateMap - Postfix called
2024-09-15T22:30:57 - methodSetOwner is:(Void set_OwnerValue(BattleTech.FactionValue))
2024-09-15T22:30:57 - fieldSetContractEmployers is:(System.Collections.Generic.List`1[System.String] contractEmployerIDs)
2024-09-15T22:30:57 - fieldSetContractTargets is:(System.Collections.Generic.List`1[System.String] contractTargetIDs)
2024-09-15T22:30:57 - methodSetDescription is:(Void set_Description(BattleTech.BaseDescriptionDef))
2024-09-15T22:30:57 - fieldSimGameInterruptManager is:(BattleTech.UI.SimGameInterruptManager interruptQueue)
2024-09-15T22:30:57 - ----Refreshing client settings from server-------
2024-09-15T22:30:57 - http://www.gnwars.net:8000/warServices/Util/ServerSettings/
2024-09-15T22:30:57 - Newtonsoft.Json.JsonSerializationException: Cannot deserialize the current JSON array (e.g. [1,2,3]) into type 'System.Collections.Generic.Dictionary`2[System.String,System.Int32]' because the type requires a JSON object (e.g. {"name":"value"}) to deserialize correctly.
To fix this error either change the JSON to a JSON object (e.g. {"name":"value"}) or change the deserialized type to an array or a type that implements a collection interface (e.g. ICollection, IList) like List<T> that can be deserialized from a JSON array. JsonArrayAttribute can also be added to the type to force it to deserialize from a JSON array.
Path 'PlanetSlotsByClimate', line 1, position 192.
  at Newtonsoft.Json.Serialization.JsonSerializerInternalReader.EnsureArrayContract (Newtonsoft.Json.JsonReader reader, System.Type objectType, Newtonsoft.Json.Serialization.JsonContract contract) [0x00058] in <bcfe3779d9974effb214d2a48329f488>:0 
  at Newtonsoft.Json.Serialization.JsonSerializerInternalReader.CreateList (Newtonsoft.Json.JsonReader reader, System.Type objectType, Newtonsoft.Json.Serialization.JsonContract contract, Newtonsoft.Json.Serialization.JsonProperty member, System.Object existingValue, System.String id) [0x00012] in <bcfe3779d9974effb214d2a48329f488>:0 
  at Newtonsoft.Json.Serialization.JsonSerializerInternalReader.CreateValueInternal (Newtonsoft.Json.JsonReader reader, System.Type objectType, Newtonsoft.Json.Serialization.JsonContract contract, Newtonsoft.Json.Serialization.JsonProperty member, Newtonsoft.Json.Serialization.JsonContainerContract containerContract, Newtonsoft.Json.Serialization.JsonProperty containerMember, System.Object existingValue) [0x0007f] in <bcfe3779d9974effb214d2a48329f488>:0 
  at Newtonsoft.Json.Serialization.JsonSerializerInternalReader.SetPropertyValue (Newtonsoft.Json.Serialization.JsonProperty property, Newtonsoft.Json.JsonConverter propertyConverter, Newtonsoft.Json.Serialization.JsonContainerContract containerContract, Newtonsoft.Json.Serialization.JsonProperty containerProperty, Newtonsoft.Json.JsonReader reader, System.Object target) [0x00061] in <bcfe3779d9974effb214d2a48329f488>:0 
  at Newtonsoft.Json.Serialization.JsonSerializerInternalReader.PopulateObject (System.Object newObject, Newtonsoft.Json.JsonReader reader, Newtonsoft.Json.Serialization.JsonObjectContract contract, Newtonsoft.Json.Serialization.JsonProperty member, System.String id) [0x00268] in <bcfe3779d9974effb214d2a48329f488>:0 
  at Newtonsoft.Json.Serialization.JsonSerializerInternalReader.CreateObject (Newtonsoft.Json.JsonReader reader, System.Type objectType, Newtonsoft.Json.Serialization.JsonContract contract, Newtonsoft.Json.Serialization.JsonProperty member, Newtonsoft.Json.Serialization.JsonContainerContract containerContract, Newtonsoft.Json.Serialization.JsonProperty containerMember, System.Object existingValue) [0x0015c] in <bcfe3779d9974effb214d2a48329f488>:0 
  at Newtonsoft.Json.Serialization.JsonSerializerInternalReader.CreateValueInternal (Newtonsoft.Json.JsonReader reader, System.Type objectType, Newtonsoft.Json.Serialization.JsonContract contract, Newtonsoft.Json.Serialization.JsonProperty member, Newtonsoft.Json.Serialization.JsonContainerContract containerContract, Newtonsoft.Json.Serialization.JsonProperty containerMember, System.Object existingValue) [0x0006d] in <bcfe3779d9974effb214d2a48329f488>:0 
  at Newtonsoft.Json.Serialization.JsonSerializerInternalReader.Deserialize (Newtonsoft.Json.JsonReader reader, System.Type objectType, System.Boolean checkAdditionalContent) [0x000db] in <bcfe3779d9974effb214d2a48329f488>:0 
  at Newtonsoft.Json.JsonSerializer.DeserializeInternal (Newtonsoft.Json.JsonReader reader, System.Type objectType) [0x00053] in <bcfe3779d9974effb214d2a48329f488>:0 
  at Newtonsoft.Json.JsonSerializer.Deserialize (Newtonsoft.Json.JsonReader reader, System.Type objectType) [0x00000] in <bcfe3779d9974effb214d2a48329f488>:0 
  at Newtonsoft.Json.JsonConvert.DeserializeObject (System.String value, System.Type type, Newtonsoft.Json.JsonSerializerSettings settings) [0x0002d] in <bcfe3779d9974effb214d2a48329f488>:0 
  at Newtonsoft.Json.JsonConvert.DeserializeObject (System.String value, System.Type type) [0x00000] in <bcfe3779d9974effb214d2a48329f488>:0 
  at PersistentMapClient.Web.RefreshServerSettings (System.Boolean force) [0x00062] in <8efdb6cff32447598d55d3b291e2bab5>:0 
2024-09-15T22:30:57 - http://www.gnwars.net:8000/warServices/StarMap/
2024-09-15T22:30:57 - GetStarMap took: 110ms.
2024-09-15T22:30:57 - GetStarMap: 3694
2024-09-15T22:30:57 - Processing Starmap: 3694
2024-09-15T22:30:57 - Aboukir changing new owner to Steiner
2024-09-15T22:30:57 - Acoma changing new owner to Davion
2024-09-15T22:30:57 - System.NullReferenceException: Object reference not set to an instance of an object
  at PersistentMapClient.Helper.GetFactionName (PersistentMapAPI.Domain.StarSystem system, System.String faction) [0x0001b] in <8efdb6cff32447598d55d3b291e2bab5>:0 
2024-09-15T22:30:57 - GetFactionName exception on system [PersistentMapAPI.Domain.StarSystem] faction [1001]
2024-09-15T22:30:57 - Adrar changing new owner to Liao
2024-09-15T22:30:57 - Aea changing new owner to AuriganDirectorate
2024-09-15T22:30:57 - Afleir changing new owner to ComStar
2024-09-15T22:30:57 - Aggstein changing new owner to Davion
2024-09-15T22:30:57 - Alamagordo changing new owner to MagistracyOfCanopus
2024-09-15T22:30:57 - System.NullReferenceException: Object reference not set to an instance of an object
  at PersistentMapClient.Helper.GetFactionName (PersistentMapAPI.Domain.StarSystem system, System.String faction) [0x0001b] in <8efdb6cff32447598d55d3b291e2bab5>:0 
2024-09-15T22:30:57 - GetFactionName exception on system [PersistentMapAPI.Domain.StarSystem] faction [1002]
2024-09-15T22:30:57 - Alchiba changing new owner to ComStar
2024-09-15T22:30:57 - Alcor changing new owner to ComStar
2024-09-15T22:30:57 - System.NullReferenceException: Object reference not set to an instance of an object
  at PersistentMapClient.Helper.GetFactionName (PersistentMapAPI.Domain.StarSystem system, System.String faction) [0x0001b] in <8efdb6cff32447598d55d3b291e2bab5>:0 
2024-09-15T22:30:57 - GetFactionName exception on system [PersistentMapAPI.Domain.StarSystem] faction [1003]
2024-09-15T22:30:57 - System.NullReferenceException: Object reference not set to an instance of an object
  at PersistentMapClient.Helper.GetFactionName (PersistentMapAPI.Domain.StarSystem system, System.String faction) [0x0001b] in <8efdb6cff32447598d55d3b291e2bab5>:0 
2024-09-15T22:30:57 - GetFactionName exception on system [PersistentMapAPI.Domain.StarSystem] faction [1001]
2024-09-15T22:30:57 - Algot changing new owner to Liao
2024-09-15T22:30:57 - Al Hillah changing new owner to Steiner
2024-09-15T22:30:57 - System.NullReferenceException: Object reference not set to an instance of an object
  at PersistentMapClient.Helper.GetFactionName (PersistentMapAPI.Domain.StarSystem system, System.String faction) [0x0001b] in <8efdb6cff32447598d55d3b291e2bab5>:0 
2024-09-15T22:30:57 - GetFactionName exception on system [PersistentMapAPI.Domain.StarSystem] faction [1015]
2024-09-15T22:30:57 - Al Jafr changing new owner to Circinus
2024-09-15T22:30:57 - All Dawn changing new owner to Steiner
2024-09-15T22:30:57 - Almach changing new owner to Liao
2024-09-15T22:30:57 - Alnadal changing new owner to Davion
2024-09-15T22:30:57 - System.NullReferenceException: Object reference not set to an instance of an object
  at PersistentMapClient.Helper.GetFactionName (PersistentMapAPI.Domain.StarSystem system, System.String faction) [0x0001b] in <8efdb6cff32447598d55d3b291e2bab5>:0 
2024-09-15T22:30:57 - GetFactionName exception on system [PersistentMapAPI.Domain.StarSystem] faction [1015]
2024-09-15T22:30:57 - Alorton changing new owner to Circinus
2024-09-15T22:30:57 - System.NullReferenceException: Object reference not set to an instance of an object
  at PersistentMapClient.Helper.GetFactionName (PersistentMapAPI.Domain.StarSystem system, System.String faction) [0x0001b] in <8efdb6cff32447598d55d3b291e2bab5>:0 
2024-09-15T22:30:57 - GetFactionName exception on system [PersistentMapAPI.Domain.StarSystem] faction [1001]
2024-09-15T22:30:57 - System.NullReferenceException: Object reference not set to an instance of an object
  at PersistentMapClient.Helper.GetFactionName (PersistentMapAPI.Domain.StarSystem system, System.String faction) [0x0001b] in <8efdb6cff32447598d55d3b291e2bab5>:0 
2024-09-15T22:30:57 - GetFactionName exception on system [PersistentMapAPI.Domain.StarSystem] faction [1003]
2024-09-15T22:30:57 - System.NullReferenceException: Object reference not set to an instance of an object
  at PersistentMapClient.Helper.GetFactionName (PersistentMapAPI.Domain.StarSystem system, System.String faction) [0x0001b] in <8efdb6cff32447598d55d3b291e2bab5>:0 
2024-09-15T22:30:57 - GetFactionName exception on system [PersistentMapAPI.Domain.StarSystem] faction [1015]
2024-09-15T22:30:57 - Althastan changing new owner to Circinus
2024-09-15T22:30:57 - Alula Australis changing new owner to ComStar
2024-09-15T22:30:57 - Anaheim changing new owner to TaurianConcordat
2024-09-15T22:30:57 - Andelys changing new owner to Davion
2024-09-15T22:30:57 - System.NullReferenceException: Object reference not set to an instance of an object
  at PersistentMapClient.Helper.GetFactionName (PersistentMapAPI.Domain.StarSystem system, System.String faction) [0x0001b] in <8efdb6cff32447598d55d3b291e2bab5>:0 
2024-09-15T22:30:57 - GetFactionName exception on system [PersistentMapAPI.Domain.StarSystem] faction [1004]
2024-09-15T22:30:57 - Angol changing new owner to Liao
2024-09-15T22:30:57 - Angra changing new owner to TaurianConcordat
2024-09-15T22:30:57 - System.NullReferenceException: Object reference not set to an instance of an object
  at PersistentMapClient.Helper.GetFactionName (PersistentMapAPI.Domain.StarSystem system, System.String faction) [0x0001b] in <8efdb6cff32447598d55d3b291e2bab5>:0 
2024-09-15T22:30:57 - GetFactionName exception on system [PersistentMapAPI.Domain.StarSystem] faction [1003]
2024-09-15T22:30:57 - Anguilla changing new owner to Outworld
2024-09-15T22:30:57 - System.NullReferenceException: Object reference not set to an instance of an object
  at PersistentMapClient.Helper.GetFactionName (PersistentMapAPI.Domain.StarSystem system, System.String faction) [0x0001b] in <8efdb6cff32447598d55d3b291e2bab5>:0 
2024-09-15T22:30:57 - GetFactionName exception on system [PersistentMapAPI.Domain.StarSystem] faction [1005]
2024-09-15T22:30:57 - Antias changing new owner to Marik
2024-09-15T22:30:57 - System.NullReferenceException: Object reference not set to an instance of an object
  at PersistentMapClient.Helper.GetFactionName (PersistentMapAPI.Domain.StarSystem system, System.String faction) [0x0001b] in <8efdb6cff32447598d55d3b291e2bab5>:0 
2024-09-15T22:30:57 - GetFactionName exception on system [PersistentMapAPI.Domain.StarSystem] faction [1005]
2024-09-15T22:30:57 - System.NullReferenceException: Object reference not set to an instance of an object
  at PersistentMapClient.Helper.GetFactionName (PersistentMapAPI.Domain.StarSystem system, System.String faction) [0x0001b] in <8efdb6cff32447598d55d3b291e2bab5>:0 
2024-09-15T22:30:57 - GetFactionName exception on system [PersistentMapAPI.Domain.StarSystem] faction [1012]
2024-09-15T22:30:57 - Aomen changing new owner to Liao
2024-09-15T22:30:57 - Apinzel changing new owner to Steiner
2024-09-15T22:30:57 - System.NullReferenceException: Object reference not set to an instance of an object
  at PersistentMapClient.Helper.GetFactionName (PersistentMapAPI.Domain.StarSystem system, System.String faction) [0x0001b] in <8efdb6cff32447598d55d3b291e2bab5>:0 
2024-09-15T22:30:57 - GetFactionName exception on system [PersistentMapAPI.Domain.StarSystem] faction [1012]
2024-09-15T22:30:57 - Apollo changing new owner to Oberon
2024-09-15T22:30:57 - System.NullReferenceException: Object reference not set to an instance of an object
  at PersistentMapClient.Helper.GetFactionName (PersistentMapAPI.Domain.StarSystem system, System.String faction) [0x0001b] in <8efdb6cff32447598d55d3b291e2bab5>:0 
2024-09-15T22:30:57 - GetFactionName exception on system [PersistentMapAPI.Domain.StarSystem] faction [1006]
2024-09-15T22:30:57 - System.NullReferenceException: Object reference not set to an instance of an object
  at PersistentMapClient.Helper.GetFactionName (PersistentMapAPI.Domain.StarSystem system, System.String faction) [0x0001b] in <8efdb6cff32447598d55d3b291e2bab5>:0 
2024-09-15T22:30:57 - GetFactionName exception on system [PersistentMapAPI.Domain.StarSystem] faction [1019]
2024-09-15T22:30:57 - System.NullReferenceException: Object reference not set to an instance of an object
  at PersistentMapClient.Helper.GetFactionName (PersistentMapAPI.Domain.StarSystem system, System.String faction) [0x0001b] in <8efdb6cff32447598d55d3b291e2bab5>:0 
2024-09-15T22:30:57 - GetFactionName exception on system [PersistentMapAPI.Domain.StarSystem] faction [1016]
2024-09-15T22:30:57 - Arcadia (Clan) changing new owner to ClanGoliathScorpion
2024-09-15T22:30:57 - Argos changing new owner to AuriganDirectorate
2024-09-15T22:30:57 - Arlanda changing new owner to Steiner
2024-09-15T22:30:57 - System.NullReferenceException: Object reference not set to an instance of an object
  at PersistentMapClient.Helper.GetFactionName (PersistentMapAPI.Domain.StarSystem system, System.String faction) [0x0001b] in <8efdb6cff32447598d55d3b291e2bab5>:0 
2024-09-15T22:30:57 - GetFactionName exception on system [PersistentMapAPI.Domain.StarSystem] faction [1015]
2024-09-15T22:30:57 - Armstrong changing new owner to Circinus
2024-09-15T22:30:57 - Artru changing new owner to AuriganDirectorate
2024-09-15T22:30:57 - Ashkum changing new owner to Liao
2024-09-15T22:30:57 - Aspropirgos changing new owner to MagistracyOfCanopus
2024-09-15T22:30:57 - System.NullReferenceException: Object reference not set to an instance of an object
  at PersistentMapClient.Helper.GetFactionName (PersistentMapAPI.Domain.StarSystem system, System.String faction) [0x0001b] in <8efdb6cff32447598d55d3b291e2bab5>:0 
2024-09-15T22:30:57 - GetFactionName exception on system [PersistentMapAPI.Domain.StarSystem] faction [1006]
2024-09-15T22:30:57 - Athenry changing new owner to ComStar
2024-09-15T22:30:57 - Athna changing new owner to Marik
2024-09-15T22:30:57 - System.NullReferenceException: Object reference not set to an instance of an object
  at PersistentMapClient.Helper.GetFactionName (PersistentMapAPI.Domain.StarSystem system, System.String faction) [0x0001b] in <8efdb6cff32447598d55d3b291e2bab5>:0 
2024-09-15T22:30:57 - GetFactionName exception on system [PersistentMapAPI.Domain.StarSystem] faction [1008]
2024-09-15T22:30:57 - System.NullReferenceException: Object reference not set to an instance of an object
  at PersistentMapClient.Helper.GetFactionName (PersistentMapAPI.Domain.StarSystem system, System.String faction) [0x0001b] in <8efdb6cff32447598d55d3b291e2bab5>:0 
2024-09-15T22:30:57 - GetFactionName exception on system [PersistentMapAPI.Domain.StarSystem] faction [1027]
2024-09-15T22:30:57 - Atzenbrugg changing new owner to Illyrian
2024-09-15T22:30:57 - Autumn Wind changing new owner to ComStar
2024-09-15T22:30:57 - System.NullReferenceException: Object reference not set to an instance of an object
  at PersistentMapClient.Helper.GetFactionName (PersistentMapAPI.Domain.StarSystem system, System.String faction) [0x0001b] in <8efdb6cff32447598d55d3b291e2bab5>:0 
2024-09-15T22:30:57 - GetFactionName exception on system [PersistentMapAPI.Domain.StarSystem] faction [1015]
2024-09-15T22:30:57 - System.NullReferenceException: Object reference not set to an instance of an object
  at PersistentMapClient.Helper.GetFactionName (PersistentMapAPI.Domain.StarSystem system, System.String faction) [0x0001b] in <8efdb6cff32447598d55d3b291e2bab5>:0 
2024-09-15T22:30:57 - GetFactionName exception on system [PersistentMapAPI.Domain.StarSystem] faction [1027]
2024-09-15T22:30:57 - Aylmer changing new owner to Illyrian
2024-09-15T22:30:57 - System.NullReferenceException: Object reference not set to an instance of an object
  at PersistentMapClient.Helper.GetFactionName (PersistentMapAPI.Domain.StarSystem system, System.String faction) [0x0001b] in <8efdb6cff32447598d55d3b291e2bab5>:0 
2024-09-15T22:30:57 - GetFactionName exception on system [PersistentMapAPI.Domain.StarSystem] faction [1016]
2024-09-15T22:30:57 - Babylon changing new owner to ClanGoliathScorpion
2024-09-15T22:30:57 - System.NullReferenceException: Object reference not set to an instance of an object
  at PersistentMapClient.Helper.GetFactionName (PersistentMapAPI.Domain.StarSystem system, System.String faction) [0x0001b] in <8efdb6cff32447598d55d3b291e2bab5>:0 
2024-09-15T22:30:57 - GetFactionName exception on system [PersistentMapAPI.Domain.StarSystem] faction [1001]
2024-09-15T22:30:57 - System.NullReferenceException: Object reference not set to an instance of an object
  at PersistentMapClient.Helper.GetFactionName (PersistentMapAPI.Domain.StarSystem system, System.String faction) [0x0001b] in <8efdb6cff32447598d55d3b291e2bab5>:0 
2024-09-15T22:30:57 - GetFactionName exception on system [PersistentMapAPI.Domain.StarSystem] faction [1003]
2024-09-15T22:30:57 - Bad News changing new owner to Outworld
2024-09-15T22:30:57 - System.NullReferenceException: Object reference not set to an instance of an object
  at PersistentMapClient.Helper.GetFactionName (PersistentMapAPI.Domain.StarSystem system, System.String faction) [0x0001b] in <8efdb6cff32447598d55d3b291e2bab5>:0 
2024-09-15T22:30:57 - GetFactionName exception on system [PersistentMapAPI.Domain.StarSystem] faction [1003]
2024-09-15T22:30:57 - System.NullReferenceException: Object reference not set to an instance of an object
  at PersistentMapClient.Helper.GetFactionName (PersistentMapAPI.Domain.StarSystem system, System.String faction) [0x0001b] in <8efdb6cff32447598d55d3b291e2bab5>:0 
2024-09-15T22:30:57 - GetFactionName exception on system [PersistentMapAPI.Domain.StarSystem] faction [1001]
2024-09-15T22:30:57 - System.NullReferenceException: Object reference not set to an instance of an object
  at PersistentMapClient.Helper.GetFactionName (PersistentMapAPI.Domain.StarSystem system, System.String faction) [0x0001b] in <8efdb6cff32447598d55d3b291e2bab5>:0 
2024-09-15T22:30:57 - GetFactionName exception on system [PersistentMapAPI.Domain.StarSystem] faction [1011]
2024-09-15T22:30:57 - Balsta changing new owner to Elysia
2024-09-15T22:30:57 - Banfora changing new owner to MagistracyOfCanopus
2024-09-15T22:30:57 - System.NullReferenceException: Object reference not set to an instance of an object
  at PersistentMapClient.Helper.GetFactionName (PersistentMapAPI.Domain.StarSystem system, System.String faction) [0x0001b] in <8efdb6cff32447598d55d3b291e2bab5>:0 
2024-09-15T22:30:57 - GetFactionName exception on system [PersistentMapAPI.Domain.StarSystem] faction [1003]
2024-09-15T22:30:57 - System.NullReferenceException: Object reference not set to an instance of an object
  at PersistentMapClient.Helper.GetFactionName (PersistentMapAPI.Domain.StarSystem system, System.String faction) [0x0001b] in <8efdb6cff32447598d55d3b291e2bab5>:0 
2024-09-15T22:30:57 - GetFactionName exception on system [PersistentMapAPI.Domain.StarSystem] faction [1010]
2024-09-15T22:30:57 - Basalt changing new owner to Liao
2024-09-15T22:30:57 - System.NullReferenceException: Object reference not set to an instance of an object
  at PersistentMapClient.Helper.GetFactionName (PersistentMapAPI.Domain.StarSystem system, System.String faction) [0x0001b] in <8efdb6cff32447598d55d3b291e2bab5>:0 
2024-09-15T22:30:57 - GetFactionName exception on system [PersistentMapAPI.Domain.StarSystem] faction [1007]
2024-09-15T22:30:57 - Beecher changing new owner to ComStar
2024-09-15T22:30:57 - System.NullReferenceException: Object reference not set to an instance of an object
  at PersistentMapClient.Helper.GetFactionName (PersistentMapAPI.Domain.StarSystem system, System.String faction) [0x0001b] in <8efdb6cff32447598d55d3b291e2bab5>:0 
2024-09-15T22:30:57 - GetFactionName exception on system [PersistentMapAPI.Domain.StarSystem] faction [1004]
2024-09-15T22:30:57 - Bell (CC) changing new owner to Liao
2024-09-15T22:30:57 - System.NullReferenceException: Object reference not set to an instance of an object
  at PersistentMapClient.Helper.GetFactionName (PersistentMapAPI.Domain.StarSystem system, System.String faction) [0x0001b] in <8efdb6cff32447598d55d3b291e2bab5>:0 
2024-09-15T22:30:57 - GetFactionName exception on system [PersistentMapAPI.Domain.StarSystem] faction [1003]
2024-09-15T22:30:57 - Belluevue changing new owner to Liao
2024-09-15T22:30:57 - System.NullReferenceException: Object reference not set to an instance of an object
  at PersistentMapClient.Helper.GetFactionName (PersistentMapAPI.Domain.StarSystem system, System.String faction) [0x0001b] in <8efdb6cff32447598d55d3b291e2bab5>:0 
2024-09-15T22:30:57 - GetFactionName exception on system [PersistentMapAPI.Domain.StarSystem] faction [1012]
2024-09-15T22:30:57 - Bensinger changing new owner to Oberon
2024-09-15T22:30:57 - System.NullReferenceException: Object reference not set to an instance of an object
  at PersistentMapClient.Helper.GetFactionName (PersistentMapAPI.Domain.StarSystem system, System.String faction) [0x0001b] in <8efdb6cff32447598d55d3b291e2bab5>:0 
2024-09-15T22:30:57 - GetFactionName exception on system [PersistentMapAPI.Domain.StarSystem] faction [1012]
2024-09-15T22:30:57 - System.NullReferenceException: Object reference not set to an instance of an object
  at PersistentMapClient.Helper.GetFactionName (PersistentMapAPI.Domain.StarSystem system, System.String faction) [0x0001b] in <8efdb6cff32447598d55d3b291e2bab5>:0 
2024-09-15T22:30:57 - GetFactionName exception on system [PersistentMapAPI.Domain.StarSystem] faction [1005]
2024-09-15T22:30:57 - Bex changing new owner to Liao
2024-09-15T22:30:57 - Bhaktapur changing new owner to Liao
2024-09-15T22:30:57 - Bhykov changing new owner to ComStar
2024-09-15T22:30:57 - System.NullReferenceException: Object reference not set to an instance of an object
  at PersistentMapClient.Helper.GetFactionName (PersistentMapAPI.Domain.StarSystem system, System.String faction) [0x0001b] in <8efdb6cff32447598d55d3b291e2bab5>:0 
2024-09-15T22:30:57 - GetFactionName exception on system [PersistentMapAPI.Domain.StarSystem] faction [1011]
2024-09-15T22:30:57 - System.NullReferenceException: Object reference not set to an instance of an object
  at PersistentMapClient.Helper.GetFactionName (PersistentMapAPI.Domain.StarSystem system, System.String faction) [0x0001b] in <8efdb6cff32447598d55d3b291e2bab5>:0 
2024-09-15T22:30:57 - GetFactionName exception on system [PersistentMapAPI.Domain.StarSystem] faction [1012]
2024-09-15T22:30:57 - Bogerth changing new owner to ComStar
2024-09-15T22:30:57 - Bonavista changing new owner to MagistracyOfCanopus
2024-09-15T22:30:57 - System.NullReferenceException: Object reference not set to an instance of an object
  at PersistentMapClient.Helper.GetFactionName (PersistentMapAPI.Domain.StarSystem system, System.String faction) [0x0001b] in <8efdb6cff32447598d55d3b291e2bab5>:0 
2024-09-15T22:30:57 - GetFactionName exception on system [PersistentMapAPI.Domain.StarSystem] faction [1003]
2024-09-15T22:30:57 - Braben's Frontier changing new owner to Outworld
2024-09-15T22:30:57 - System.NullReferenceException: Object reference not set to an instance of an object
  at PersistentMapClient.Helper.GetFactionName (PersistentMapAPI.Domain.StarSystem system, System.String faction) [0x0001b] in <8efdb6cff32447598d55d3b291e2bab5>:0 
2024-09-15T22:30:57 - GetFactionName exception on system [PersistentMapAPI.Domain.StarSystem] faction [1003]
2024-09-15T22:30:57 - System.NullReferenceException: Object reference not set to an instance of an object
  at PersistentMapClient.Helper.GetFactionName (PersistentMapAPI.Domain.StarSystem system, System.String faction) [0x0001b] in <8efdb6cff32447598d55d3b291e2bab5>:0 
2024-09-15T22:30:57 - GetFactionName exception on system [PersistentMapAPI.Domain.StarSystem] faction [1005]
2024-09-15T22:30:57 - System.NullReferenceException: Object reference not set to an instance of an object
  at PersistentMapClient.Helper.GetFactionName (PersistentMapAPI.Domain.StarSystem system, System.String faction) [0x0001b] in <8efdb6cff32447598d55d3b291e2bab5>:0 
2024-09-15T22:30:57 - GetFactionName exception on system [PersistentMapAPI.Domain.StarSystem] faction [1005]
2024-09-15T22:30:57 - Brighton changing new owner to ComStar
2024-09-15T22:30:57 - System.NullReferenceException: Object reference not set to an instance of an object
  at PersistentMapClient.Helper.GetFactionName (PersistentMapAPI.Domain.StarSystem system, System.String faction) [0x0001b] in <8efdb6cff32447598d55d3b291e2bab5>:0 
2024-09-15T22:30:57 - GetFactionName exception on system [PersistentMapAPI.Domain.StarSystem] faction [1010]
2024-09-15T22:30:57 - Brim changing new owner to ClanNovaCat
2024-09-15T22:30:57 - Bringdam changing new owner to AuriganDirectorate
2024-09-15T22:30:57 - Brinton changing new owner to AuriganDirectorate
2024-09-15T22:30:57 - Brisbane changing new owner to AuriganDirectorate
2024-09-15T22:30:57 - Bristol changing new owner to ComStar
2024-09-15T22:30:57 - System.NullReferenceException: Object reference not set to an instance of an object
  at PersistentMapClient.Helper.GetFactionName (PersistentMapAPI.Domain.StarSystem system, System.String faction) [0x0001b] in <8efdb6cff32447598d55d3b291e2bab5>:0 
2024-09-15T22:30:57 - GetFactionName exception on system [PersistentMapAPI.Domain.StarSystem] faction [1003]
2024-09-15T22:30:57 - Broaddus changing new owner to Outworld
2024-09-15T22:30:57 - Brockway changing new owner to TaurianConcordat
2024-09-15T22:30:57 - Bromhead changing new owner to TaurianConcordat
2024-09-15T22:30:57 - System.NullReferenceException: Object reference not set to an instance of an object
  at PersistentMapClient.Helper.GetFactionName (PersistentMapAPI.Domain.StarSystem system, System.String faction) [0x0001b] in <8efdb6cff32447598d55d3b291e2bab5>:0 
2024-09-15T22:30:57 - GetFactionName exception on system [PersistentMapAPI.Domain.StarSystem] faction [1003]
2024-09-15T22:30:57 - Brookeland changing new owner to Outworld
2024-09-15T22:30:57 - Brownsville changing new owner to ComStar
2024-09-15T22:30:57 - System.NullReferenceException: Object reference not set to an instance of an object
  at PersistentMapClient.Helper.GetFactionName (PersistentMapAPI.Domain.StarSystem system, System.String faction) [0x0001b] in <8efdb6cff32447598d55d3b291e2bab5>:0 
2024-09-15T22:30:57 - GetFactionName exception on system [PersistentMapAPI.Domain.StarSystem] faction [1005]
2024-09-15T22:30:57 - Bryant changing new owner to ComStar
2024-09-15T22:30:57 - System.NullReferenceException: Object reference not set to an instance of an object
  at PersistentMapClient.Helper.GetFactionName (PersistentMapAPI.Domain.StarSystem system, System.String faction) [0x0001b] in <8efdb6cff32447598d55d3b291e2bab5>:0 
2024-09-15T22:30:57 - GetFactionName exception on system [PersistentMapAPI.Domain.StarSystem] faction [1003]
2024-09-15T22:30:57 - Bryceland changing new owner to Outworld
2024-09-15T22:30:57 - System.NullReferenceException: Object reference not set to an instance of an object
  at PersistentMapClient.Helper.GetFactionName (PersistentMapAPI.Domain.StarSystem system, System.String faction) [0x0001b] in <8efdb6cff32447598d55d3b291e2bab5>:0 
2024-09-15T22:30:57 - GetFactionName exception on system [PersistentMapAPI.Domain.StarSystem] faction [1012]
2024-09-15T22:30:57 - Butte Hold changing new owner to Oberon
2024-09-15T22:30:57 - Butzfleth changing new owner to MagistracyOfCanopus
2024-09-15T22:30:57 - System.NullReferenceException: Object reference not set to an instance of an object
  at PersistentMapClient.Helper.GetFactionName (PersistentMapAPI.Domain.StarSystem system, System.String faction) [0x0001b] in <8efdb6cff32447598d55d3b291e2bab5>:0 
2024-09-15T22:30:57 - GetFactionName exception on system [PersistentMapAPI.Domain.StarSystem] faction [1015]
2024-09-15T22:30:57 - Calchedon changing new owner to Circinus
2024-09-15T22:30:57 - Caldwell changing new owner to TaurianConcordat
2024-09-15T22:30:57 - System.NullReferenceException: Object reference not set to an instance of an object
  at PersistentMapClient.Helper.GetFactionName (PersistentMapAPI.Domain.StarSystem system, System.String faction) [0x0001b] in <8efdb6cff32447598d55d3b291e2bab5>:0 
2024-09-15T22:30:57 - GetFactionName exception on system [PersistentMapAPI.Domain.StarSystem] faction [1003]
2024-09-15T22:30:57 - Calseraigne changing new owner to Liao
2024-09-15T22:30:57 - System.NullReferenceException: Object reference not set to an instance of an object
  at PersistentMapClient.Helper.GetFactionName (PersistentMapAPI.Domain.StarSystem system, System.String faction) [0x0001b] in <8efdb6cff32447598d55d3b291e2bab5>:0 
2024-09-15T22:30:57 - GetFactionName exception on system [PersistentMapAPI.Domain.StarSystem] faction [1015]
2024-09-15T22:30:57 - Calvados changing new owner to Circinus
2024-09-15T22:30:57 - Campbelton changing new owner to ComStar
2024-09-15T22:30:57 - Caph changing new owner to ComStar
2024-09-15T22:30:57 - Caracol changing new owner to Kurita
2024-09-15T22:30:57 - System.NullReferenceException: Object reference not set to an instance of an object
  at PersistentMapClient.Helper.GetFactionName (PersistentMapAPI.Domain.StarSystem system, System.String faction) [0x0001b] in <8efdb6cff32447598d55d3b291e2bab5>:0 
2024-09-15T22:30:57 - GetFactionName exception on system [PersistentMapAPI.Domain.StarSystem] faction [1015]
2024-09-15T22:30:57 - Cardff changing new owner to Circinus
2024-09-15T22:30:57 - Carmichael changing new owner to TaurianConcordat
2024-09-15T22:30:57 - Carnac changing new owner to Davion
2024-09-15T22:30:57 - Carse changing new owner to Kurita
2024-09-15T22:30:57 - Carver (Liberty 3063+) changing new owner to ComStar
2024-09-15T22:30:57 - Cassilda changing new owner to MagistracyOfCanopus
2024-09-15T22:30:57 - System.NullReferenceException: Object reference not set to an instance of an object
  at PersistentMapClient.Helper.GetFactionName (PersistentMapAPI.Domain.StarSystem system, System.String faction) [0x0001b] in <8efdb6cff32447598d55d3b291e2bab5>:0 
2024-09-15T22:30:57 - GetFactionName exception on system [PersistentMapAPI.Domain.StarSystem] faction [1006]
2024-09-15T22:30:57 - Castor changing new owner to ComStar
2024-09-15T22:30:57 - Catroxx changing new owner to Marik
2024-09-15T22:30:57 - Cavalor changing new owner to AuriganDirectorate
2024-09-15T22:30:57 - Cavanaugh changing new owner to Marik
2024-09-15T22:30:57 - Ceará changing new owner to MagistracyOfCanopus
2024-09-15T22:30:57 - System.NullReferenceException: Object reference not set to an instance of an object
  at PersistentMapClient.Helper.GetFactionName (PersistentMapAPI.Domain.StarSystem system, System.String faction) [0x0001b] in <8efdb6cff32447598d55d3b291e2bab5>:0 
2024-09-15T22:30:57 - GetFactionName exception on system [PersistentMapAPI.Domain.StarSystem] faction [1003]
2024-09-15T22:30:57 - System.NullReferenceException: Object reference not set to an instance of an object
  at PersistentMapClient.Helper.GetFactionName (PersistentMapAPI.Domain.StarSystem system, System.String faction) [0x0001b] in <8efdb6cff32447598d55d3b291e2bab5>:0 
2024-09-15T22:30:57 - GetFactionName exception on system [PersistentMapAPI.Domain.StarSystem] faction [1015]
2024-09-15T22:30:57 - Cerillos changing new owner to Circinus
2024-09-15T22:30:57 - System.NullReferenceException: Object reference not set to an instance of an object
  at PersistentMapClient.Helper.GetFactionName (PersistentMapAPI.Domain.StarSystem system, System.String faction) [0x0001b] in <8efdb6cff32447598d55d3b291e2bab5>:0 
2024-09-15T22:30:57 - GetFactionName exception on system [PersistentMapAPI.Domain.StarSystem] faction [1013]
2024-09-15T22:30:57 - Charleston changing new owner to TaurianConcordat
2024-09-15T22:30:57 - System.NullReferenceException: Object reference not set to an instance of an object
  at PersistentMapClient.Helper.GetFactionName (PersistentMapAPI.Domain.StarSystem system, System.String faction) [0x0001b] in <8efdb6cff32447598d55d3b291e2bab5>:0 
2024-09-15T22:30:57 - GetFactionName exception on system [PersistentMapAPI.Domain.StarSystem] faction [1012]
2024-09-15T22:30:57 - Chateau changing new owner to Kurita
2024-09-15T22:30:57 - Chaville changing new owner to ComStar
2024-09-15T22:30:57 - Chengdu changing new owner to Liao
2024-09-15T22:30:57 - Chimpaw changing new owner to Kurita
2024-09-15T22:30:57 - System.NullReferenceException: Object reference not set to an instance of an object
  at PersistentMapClient.Helper.GetFactionName (PersistentMapAPI.Domain.StarSystem system, System.String faction) [0x0001b] in <8efdb6cff32447598d55d3b291e2bab5>:0 
2024-09-15T22:30:57 - GetFactionName exception on system [PersistentMapAPI.Domain.StarSystem] faction [1015]
2024-09-15T22:30:57 - Choex changing new owner to Circinus
2024-09-15T22:30:57 - Christiania changing new owner to Kurita
2024-09-15T22:30:57 - System.NullReferenceException: Object reference not set to an instance of an object
  at PersistentMapClient.Helper.GetFactionName (PersistentMapAPI.Domain.StarSystem system, System.String faction) [0x0001b] in <8efdb6cff32447598d55d3b291e2bab5>:0 
2024-09-15T22:30:57 - GetFactionName exception on system [PersistentMapAPI.Domain.StarSystem] faction [1014]
2024-09-15T22:30:57 - System.NullReferenceException: Object reference not set to an instance of an object
  at PersistentMapClient.Helper.GetFactionName (PersistentMapAPI.Domain.StarSystem system, System.String faction) [0x0001b] in <8efdb6cff32447598d55d3b291e2bab5>:0 
2024-09-15T22:30:57 - GetFactionName exception on system [PersistentMapAPI.Domain.StarSystem] faction [1016]
2024-09-15T22:30:57 - System.NullReferenceException: Object reference not set to an instance of an object
  at PersistentMapClient.Helper.GetFactionName (PersistentMapAPI.Domain.StarSystem system, System.String faction) [0x0001b] in <8efdb6cff32447598d55d3b291e2bab5>:0 
2024-09-15T22:30:57 - GetFactionName exception on system [PersistentMapAPI.Domain.StarSystem] faction [1015]
2024-09-15T22:30:57 - Cluff's Stand changing new owner to Liao
2024-09-15T22:30:57 - Cohagen changing new owner to TaurianConcordat
2024-09-15T22:30:57 - Conley's Patch changing new owner to Steiner
2024-09-15T22:30:57 - Conquista changing new owner to Liao
2024-09-15T22:30:57 - System.NullReferenceException: Object reference not set to an instance of an object
  at PersistentMapClient.Helper.GetFactionName (PersistentMapAPI.Domain.StarSystem system, System.String faction) [0x0001b] in <8efdb6cff32447598d55d3b291e2bab5>:0 
2024-09-15T22:30:57 - GetFactionName exception on system [PersistentMapAPI.Domain.StarSystem] faction [1003]
2024-09-15T22:30:57 - System.NullReferenceException: Object reference not set to an instance of an object
  at PersistentMapClient.Helper.GetFactionName (PersistentMapAPI.Domain.StarSystem system, System.String faction) [0x0001b] in <8efdb6cff32447598d55d3b291e2bab5>:0 
2024-09-15T22:30:57 - GetFactionName exception on system [PersistentMapAPI.Domain.StarSystem] faction [1011]
2024-09-15T22:30:57 - Constance changing new owner to Elysia
2024-09-15T22:30:57 - Conwy changing new owner to Liao
2024-09-15T22:30:57 - System.NullReferenceException: Object reference not set to an instance of an object
  at PersistentMapClient.Helper.GetFactionName (PersistentMapAPI.Domain.StarSystem system, System.String faction) [0x0001b] in <8efdb6cff32447598d55d3b291e2bab5>:0 
2024-09-15T22:30:57 - GetFactionName exception on system [PersistentMapAPI.Domain.StarSystem] faction [1003]
2024-09-15T22:30:57 - System.NullReferenceException: Object reference not set to an instance of an object
  at PersistentMapClient.Helper.GetFactionName (PersistentMapAPI.Domain.StarSystem system, System.String faction) [0x0001b] in <8efdb6cff32447598d55d3b291e2bab5>:0 
2024-09-15T22:30:57 - GetFactionName exception on system [PersistentMapAPI.Domain.StarSystem] faction [1027]
2024-09-15T22:30:57 - Corbeanca changing new owner to Illyrian
2024-09-15T22:30:57 - Cor Caroli changing new owner to ComStar
2024-09-15T22:30:57 - System.NullReferenceException: Object reference not set to an instance of an object
  at PersistentMapClient.Helper.GetFactionName (PersistentMapAPI.Domain.StarSystem system, System.String faction) [0x0001b] in <8efdb6cff32447598d55d3b291e2bab5>:0 
2024-09-15T22:30:57 - GetFactionName exception on system [PersistentMapAPI.Domain.StarSystem] faction [1006]
2024-09-15T22:30:57 - Coriscana changing new owner to ComStar
2024-09-15T22:30:57 - Corodiz changing new owner to TaurianConcordat
2024-09-15T22:30:57 - Coromodir changing new owner to AuriganDirectorate
2024-09-15T22:30:57 - System.NullReferenceException: Object reference not set to an instance of an object
  at PersistentMapClient.Helper.GetFactionName (PersistentMapAPI.Domain.StarSystem system, System.String faction) [0x0001b] in <8efdb6cff32447598d55d3b291e2bab5>:0 
2024-09-15T22:30:57 - GetFactionName exception on system [PersistentMapAPI.Domain.StarSystem] faction [1012]
2024-09-15T22:30:57 - System.NullReferenceException: Object reference not set to an instance of an object
  at PersistentMapClient.Helper.GetFactionName (PersistentMapAPI.Domain.StarSystem system, System.String faction) [0x0001b] in <8efdb6cff32447598d55d3b291e2bab5>:0 
2024-09-15T22:30:57 - GetFactionName exception on system [PersistentMapAPI.Domain.StarSystem] faction [1003]
2024-09-15T22:30:57 - System.NullReferenceException: Object reference not set to an instance of an object
  at PersistentMapClient.Helper.GetFactionName (PersistentMapAPI.Domain.StarSystem system, System.String faction) [0x0001b] in <8efdb6cff32447598d55d3b291e2bab5>:0 
2024-09-15T22:30:57 - GetFactionName exception on system [PersistentMapAPI.Domain.StarSystem] faction [1003]
2024-09-15T22:30:57 - Crichton changing new owner to Outworld
2024-09-15T22:30:57 - System.NullReferenceException: Object reference not set to an instance of an object
  at PersistentMapClient.Helper.GetFactionName (PersistentMapAPI.Domain.StarSystem system, System.String faction) [0x0001b] in <8efdb6cff32447598d55d3b291e2bab5>:0 
2024-09-15T22:30:57 - GetFactionName exception on system [PersistentMapAPI.Domain.StarSystem] faction [1015]
2024-09-15T22:30:57 - Cruz Alta changing new owner to Circinus
2024-09-15T22:30:57 - System.NullReferenceException: Object reference not set to an instance of an object
  at PersistentMapClient.Helper.GetFactionName (PersistentMapAPI.Domain.StarSystem system, System.String faction) [0x0001b] in <8efdb6cff32447598d55d3b291e2bab5>:0 
2024-09-15T22:30:57 - GetFactionName exception on system [PersistentMapAPI.Domain.StarSystem] faction [1003]
2024-09-15T22:30:57 - Culmia changing new owner to Outworld
2024-09-15T22:30:57 - Cylene changing new owner to Davion
2024-09-15T22:30:57 - System.NullReferenceException: Object reference not set to an instance of an object
  at PersistentMapClient.Helper.GetFactionName (PersistentMapAPI.Domain.StarSystem system, System.String faction) [0x0001b] in <8efdb6cff32447598d55d3b291e2bab5>:0 
2024-09-15T22:30:57 - GetFactionName exception on system [PersistentMapAPI.Domain.StarSystem] faction [1016]
2024-09-15T22:30:57 - System.NullReferenceException: Object reference not set to an instance of an object
  at PersistentMapClient.Helper.GetFactionName (PersistentMapAPI.Domain.StarSystem system, System.String faction) [0x0001b] in <8efdb6cff32447598d55d3b291e2bab5>:0 
2024-09-15T22:30:57 - GetFactionName exception on system [PersistentMapAPI.Domain.StarSystem] faction [1015]
2024-09-15T22:30:57 - Dalcour changing new owner to Circinus
2024-09-15T22:30:57 - Dalmantia changing new owner to Kurita
2024-09-15T22:30:57 - System.NullReferenceException: Object reference not set to an instance of an object
  at PersistentMapClient.Helper.GetFactionName (PersistentMapAPI.Domain.StarSystem system, System.String faction) [0x0001b] in <8efdb6cff32447598d55d3b291e2bab5>:0 
2024-09-15T22:30:57 - GetFactionName exception on system [PersistentMapAPI.Domain.StarSystem] faction [1011]
2024-09-15T22:30:57 - Damian changing new owner to Elysia
2024-09-15T22:30:57 - System.NullReferenceException: Object reference not set to an instance of an object
  at PersistentMapClient.Helper.GetFactionName (PersistentMapAPI.Domain.StarSystem system, System.String faction) [0x0001b] in <8efdb6cff32447598d55d3b291e2bab5>:0 
2024-09-15T22:30:57 - GetFactionName exception on system [PersistentMapAPI.Domain.StarSystem] faction [1004]
2024-09-15T22:30:57 - Daniels changing new owner to Liao
2024-09-15T22:30:57 - System.NullReferenceException: Object reference not set to an instance of an object
  at PersistentMapClient.Helper.GetFactionName (PersistentMapAPI.Domain.StarSystem system, System.String faction) [0x0001b] in <8efdb6cff32447598d55d3b291e2bab5>:0 
2024-09-15T22:30:57 - GetFactionName exception on system [PersistentMapAPI.Domain.StarSystem] faction [1003]
2024-09-15T22:30:57 - System.NullReferenceException: Object reference not set to an instance of an object
  at PersistentMapClient.Helper.GetFactionName (PersistentMapAPI.Domain.StarSystem system, System.String faction) [0x0001b] in <8efdb6cff32447598d55d3b291e2bab5>:0 
2024-09-15T22:30:57 - GetFactionName exception on system [PersistentMapAPI.Domain.StarSystem] faction [1005]
2024-09-15T22:30:57 - David changing new owner to Kurita
2024-09-15T22:30:57 - System.NullReferenceException: Object reference not set to an instance of an object
  at PersistentMapClient.Helper.GetFactionName (PersistentMapAPI.Domain.StarSystem system, System.String faction) [0x0001b] in <8efdb6cff32447598d55d3b291e2bab5>:0 
2024-09-15T22:30:57 - GetFactionName exception on system [PersistentMapAPI.Domain.StarSystem] faction [1003]
2024-09-15T22:30:57 - Decus changing new owner to ComStar
2024-09-15T22:30:57 - Delacruz changing new owner to Davion
2024-09-15T22:30:57 - System.NullReferenceException: Object reference not set to an instance of an object
  at PersistentMapClient.Helper.GetFactionName (PersistentMapAPI.Domain.StarSystem system, System.String faction) [0x0001b] in <8efdb6cff32447598d55d3b291e2bab5>:0 
2024-09-15T22:30:57 - GetFactionName exception on system [PersistentMapAPI.Domain.StarSystem] faction [1002]
2024-09-15T22:30:57 - Delios changing new owner to ClanBurrock
2024-09-15T22:30:57 - Demeter changing new owner to Liao
2024-09-15T22:30:57 - Deneb Kaitos changing new owner to Liao
2024-09-15T22:30:57 - Denebola changing new owner to ComStar
2024-09-15T22:30:57 - System.NullReferenceException: Object reference not set to an instance of an object
  at PersistentMapClient.Helper.GetFactionName (PersistentMapAPI.Domain.StarSystem system, System.String faction) [0x0001b] in <8efdb6cff32447598d55d3b291e2bab5>:0 
2024-09-15T22:30:57 - GetFactionName exception on system [PersistentMapAPI.Domain.StarSystem] faction [1018]
2024-09-15T22:30:57 - Desolate Plains changing new owner to TaurianConcordat
2024-09-15T22:30:57 - System.NullReferenceException: Object reference not set to an instance of an object
  at PersistentMapClient.Helper.GetFactionName (PersistentMapAPI.Domain.StarSystem system, System.String faction) [0x0001b] in <8efdb6cff32447598d55d3b291e2bab5>:0 
2024-09-15T22:30:57 - GetFactionName exception on system [PersistentMapAPI.Domain.StarSystem] faction [1003]
2024-09-15T22:30:57 - Devil's Breath changing new owner to Outworld
2024-09-15T22:30:57 - Devil's Rock changing new owner to ComStar
2024-09-15T22:30:57 - System.NullReferenceException: Object reference not set to an instance of an object
  at PersistentMapClient.Helper.GetFactionName (PersistentMapAPI.Domain.StarSystem system, System.String faction) [0x0001b] in <8efdb6cff32447598d55d3b291e2bab5>:0 
2024-09-15T22:30:57 - GetFactionName exception on system [PersistentMapAPI.Domain.StarSystem] faction [1003]
2024-09-15T22:30:57 - Diboll changing new owner to Outworld
2024-09-15T22:30:57 - System.NullReferenceException: Object reference not set to an instance of an object
  at PersistentMapClient.Helper.GetFactionName (PersistentMapAPI.Domain.StarSystem system, System.String faction) [0x0001b] in <8efdb6cff32447598d55d3b291e2bab5>:0 
2024-09-15T22:30:57 - GetFactionName exception on system [PersistentMapAPI.Domain.StarSystem] faction [1013]
2024-09-15T22:30:57 - Dichell changing new owner to Chainelane
2024-09-15T22:30:57 - Diefenbaker changing new owner to TaurianConcordat
2024-09-15T22:30:57 - Dieron changing new owner to ComStar
2024-09-15T22:30:57 - System.NullReferenceException: Object reference not set to an instance of an object
  at PersistentMapClient.Helper.GetFactionName (PersistentMapAPI.Domain.StarSystem system, System.String faction) [0x0001b] in <8efdb6cff32447598d55d3b291e2bab5>:0 
2024-09-15T22:30:57 - GetFactionName exception on system [PersistentMapAPI.Domain.StarSystem] faction [1003]
2024-09-15T22:30:57 - System.NullReferenceException: Object reference not set to an instance of an object
  at PersistentMapClient.Helper.GetFactionName (PersistentMapAPI.Domain.StarSystem system, System.String faction) [0x0001b] in <8efdb6cff32447598d55d3b291e2bab5>:0 
2024-09-15T22:30:57 - GetFactionName exception on system [PersistentMapAPI.Domain.StarSystem] faction [1012]
2024-09-15T22:30:57 - System.NullReferenceException: Object reference not set to an instance of an object
  at PersistentMapClient.Helper.GetFactionName (PersistentMapAPI.Domain.StarSystem system, System.String faction) [0x0001b] in <8efdb6cff32447598d55d3b291e2bab5>:0 
2024-09-15T22:30:57 - GetFactionName exception on system [PersistentMapAPI.Domain.StarSystem] faction [1003]
2024-09-15T22:30:57 - Donenac changing new owner to Davion
2024-09-15T22:30:57 - System.NullReferenceException: Object reference not set to an instance of an object
  at PersistentMapClient.Helper.GetFactionName (PersistentMapAPI.Domain.StarSystem system, System.String faction) [0x0001b] in <8efdb6cff32447598d55d3b291e2bab5>:0 
2024-09-15T22:30:57 - GetFactionName exception on system [PersistentMapAPI.Domain.StarSystem] faction [1003]
2024-09-15T22:30:57 - System.NullReferenceException: Object reference not set to an instance of an object
  at PersistentMapClient.Helper.GetFactionName (PersistentMapAPI.Domain.StarSystem system, System.String faction) [0x0001b] in <8efdb6cff32447598d55d3b291e2bab5>:0 
2024-09-15T22:30:57 - GetFactionName exception on system [PersistentMapAPI.Domain.StarSystem] faction [1005]
2024-09-15T22:30:57 - System.NullReferenceException: Object reference not set to an instance of an object
  at PersistentMapClient.Helper.GetFactionName (PersistentMapAPI.Domain.StarSystem system, System.String faction) [0x0001b] in <8efdb6cff32447598d55d3b291e2bab5>:0 
2024-09-15T22:30:57 - GetFactionName exception on system [PersistentMapAPI.Domain.StarSystem] faction [1005]
2024-09-15T22:30:57 - System.NullReferenceException: Object reference not set to an instance of an object
  at PersistentMapClient.Helper.GetFactionName (PersistentMapAPI.Domain.StarSystem system, System.String faction) [0x0001b] in <8efdb6cff32447598d55d3b291e2bab5>:0 
2024-09-15T22:30:57 - GetFactionName exception on system [PersistentMapAPI.Domain.StarSystem] faction [1003]
2024-09-15T22:30:57 - System.NullReferenceException: Object reference not set to an instance of an object
  at PersistentMapClient.Helper.GetFactionName (PersistentMapAPI.Domain.StarSystem system, System.String faction) [0x0001b] in <8efdb6cff32447598d55d3b291e2bab5>:0 
2024-09-15T22:30:57 - GetFactionName exception on system [PersistentMapAPI.Domain.StarSystem] faction [1012]
2024-09-15T22:30:57 - System.NullReferenceException: Object reference not set to an instance of an object
  at PersistentMapClient.Helper.GetFactionName (PersistentMapAPI.Domain.StarSystem system, System.String faction) [0x0001b] in <8efdb6cff32447598d55d3b291e2bab5>:0 
2024-09-15T22:30:57 - GetFactionName exception on system [PersistentMapAPI.Domain.StarSystem] faction [1003]
2024-09-15T22:30:57 - Dresden changing new owner to Steiner
2024-09-15T22:30:57 - Dubhe changing new owner to ComStar
2024-09-15T22:30:57 - System.NullReferenceException: Object reference not set to an instance of an object
  at PersistentMapClient.Helper.GetFactionName (PersistentMapAPI.Domain.StarSystem system, System.String faction) [0x0001b] in <8efdb6cff32447598d55d3b291e2bab5>:0 
2024-09-15T22:30:57 - GetFactionName exception on system [PersistentMapAPI.Domain.StarSystem] faction [1003]
2024-09-15T22:30:57 - Dunklewälderdunklerflüssenschattenwelt (Bob 2789+) changing new owner to Outworld
2024-09-15T22:30:57 - System.NullReferenceException: Object reference not set to an instance of an object
  at PersistentMapClient.Helper.GetFactionName (PersistentMapAPI.Domain.StarSystem system, System.String faction) [0x0001b] in <8efdb6cff32447598d55d3b291e2bab5>:0 
2024-09-15T22:30:57 - GetFactionName exception on system [PersistentMapAPI.Domain.StarSystem] faction [1020]
2024-09-15T22:30:57 - EC3040-B42A changing new owner to Tortuga
2024-09-15T22:30:57 - System.NullReferenceException: Object reference not set to an instance of an object
  at PersistentMapClient.Helper.GetFactionName (PersistentMapAPI.Domain.StarSystem system, System.String faction) [0x0001b] in <8efdb6cff32447598d55d3b291e2bab5>:0 
2024-09-15T22:30:57 - GetFactionName exception on system [PersistentMapAPI.Domain.StarSystem] faction [1020]
2024-09-15T22:30:57 - EC3040-B43A changing new owner to Tortuga
2024-09-15T22:30:57 - System.NullReferenceException: Object reference not set to an instance of an object
  at PersistentMapClient.Helper.GetFactionName (PersistentMapAPI.Domain.StarSystem system, System.String faction) [0x0001b] in <8efdb6cff32447598d55d3b291e2bab5>:0 
2024-09-15T22:30:57 - GetFactionName exception on system [PersistentMapAPI.Domain.StarSystem] faction [1020]
2024-09-15T22:30:57 - EC3040-B44A changing new owner to Tortuga
2024-09-15T22:30:57 - System.NullReferenceException: Object reference not set to an instance of an object
  at PersistentMapClient.Helper.GetFactionName (PersistentMapAPI.Domain.StarSystem system, System.String faction) [0x0001b] in <8efdb6cff32447598d55d3b291e2bab5>:0 
2024-09-15T22:30:57 - GetFactionName exception on system [PersistentMapAPI.Domain.StarSystem] faction [1020]
2024-09-15T22:30:57 - EC3040-B45A changing new owner to Tortuga
2024-09-15T22:30:57 - System.NullReferenceException: Object reference not set to an instance of an object
  at PersistentMapClient.Helper.GetFactionName (PersistentMapAPI.Domain.StarSystem system, System.String faction) [0x0001b] in <8efdb6cff32447598d55d3b291e2bab5>:0 
2024-09-15T22:30:57 - GetFactionName exception on system [PersistentMapAPI.Domain.StarSystem] faction [1020]
2024-09-15T22:30:57 - EC3040-B46A changing new owner to Tortuga
2024-09-15T22:30:57 - System.NullReferenceException: Object reference not set to an instance of an object
  at PersistentMapClient.Helper.GetFactionName (PersistentMapAPI.Domain.StarSystem system, System.String faction) [0x0001b] in <8efdb6cff32447598d55d3b291e2bab5>:0 
2024-09-15T22:30:57 - GetFactionName exception on system [PersistentMapAPI.Domain.StarSystem] faction [1020]
2024-09-15T22:30:57 - EC3040-B47A changing new owner to Tortuga
2024-09-15T22:30:57 - System.NullReferenceException: Object reference not set to an instance of an object
  at PersistentMapClient.Helper.GetFactionName (PersistentMapAPI.Domain.StarSystem system, System.String faction) [0x0001b] in <8efdb6cff32447598d55d3b291e2bab5>:0 
2024-09-15T22:30:57 - GetFactionName exception on system [PersistentMapAPI.Domain.StarSystem] faction [1020]
2024-09-15T22:30:57 - EC3040-B48A changing new owner to Tortuga
2024-09-15T22:30:57 - System.NullReferenceException: Object reference not set to an instance of an object
  at PersistentMapClient.Helper.GetFactionName (PersistentMapAPI.Domain.StarSystem system, System.String faction) [0x0001b] in <8efdb6cff32447598d55d3b291e2bab5>:0 
2024-09-15T22:30:57 - GetFactionName exception on system [PersistentMapAPI.Domain.StarSystem] faction [1020]
2024-09-15T22:30:57 - EC3040-B49A changing new owner to Tortuga
2024-09-15T22:30:57 - System.NullReferenceException: Object reference not set to an instance of an object
  at PersistentMapClient.Helper.GetFactionName (PersistentMapAPI.Domain.StarSystem system, System.String faction) [0x0001b] in <8efdb6cff32447598d55d3b291e2bab5>:0 
2024-09-15T22:30:57 - GetFactionName exception on system [PersistentMapAPI.Domain.StarSystem] faction [1020]
2024-09-15T22:30:57 - EC3040-B50A changing new owner to Tortuga
2024-09-15T22:30:57 - System.NullReferenceException: Object reference not set to an instance of an object
  at PersistentMapClient.Helper.GetFactionName (PersistentMapAPI.Domain.StarSystem system, System.String faction) [0x0001b] in <8efdb6cff32447598d55d3b291e2bab5>:0 
2024-09-15T22:30:57 - GetFactionName exception on system [PersistentMapAPI.Domain.StarSystem] faction [1020]
2024-09-15T22:30:57 - EC3040-B51A changing new owner to Tortuga
2024-09-15T22:30:57 - System.NullReferenceException: Object reference not set to an instance of an object
  at PersistentMapClient.Helper.GetFactionName (PersistentMapAPI.Domain.StarSystem system, System.String faction) [0x0001b] in <8efdb6cff32447598d55d3b291e2bab5>:0 
2024-09-15T22:30:57 - GetFactionName exception on system [PersistentMapAPI.Domain.StarSystem] faction [1020]
2024-09-15T22:30:57 - EC3040-B52A changing new owner to Tortuga
2024-09-15T22:30:57 - System.NullReferenceException: Object reference not set to an instance of an object
  at PersistentMapClient.Helper.GetFactionName (PersistentMapAPI.Domain.StarSystem system, System.String faction) [0x0001b] in <8efdb6cff32447598d55d3b291e2bab5>:0 
2024-09-15T22:30:57 - GetFactionName exception on system [PersistentMapAPI.Domain.StarSystem] faction [1016]
2024-09-15T22:30:57 - Eden changing new owner to ClanGoliathScorpion
2024-09-15T22:30:57 - System.NullReferenceException: Object reference not set to an instance of an object
  at PersistentMapClient.Helper.GetFactionName (PersistentMapAPI.Domain.StarSystem system, System.String faction) [0x0001b] in <8efdb6cff32447598d55d3b291e2bab5>:0 
2024-09-15T22:30:57 - GetFactionName exception on system [PersistentMapAPI.Domain.StarSystem] faction [1015]
2024-09-15T22:30:57 - Egress changing new owner to AuriganDirectorate
2024-09-15T22:30:57 - System.NullReferenceException: Object reference not set to an instance of an object
  at PersistentMapClient.Helper.GetFactionName (PersistentMapAPI.Domain.StarSystem system, System.String faction) [0x0001b] in <8efdb6cff32447598d55d3b291e2bab5>:0 
2024-09-15T22:30:57 - GetFactionName exception on system [PersistentMapAPI.Domain.StarSystem] faction [1003]
2024-09-15T22:30:57 - System.NullReferenceException: Object reference not set to an instance of an object
  at PersistentMapClient.Helper.GetFactionName (PersistentMapAPI.Domain.StarSystem system, System.String faction) [0x0001b] in <8efdb6cff32447598d55d3b291e2bab5>:0 
2024-09-15T22:30:57 - GetFactionName exception on system [PersistentMapAPI.Domain.StarSystem] faction [1015]
2024-09-15T22:30:57 - Eion changing new owner to Circinus
2024-09-15T22:30:57 - System.NullReferenceException: Object reference not set to an instance of an object
  at PersistentMapClient.Helper.GetFactionName (PersistentMapAPI.Domain.StarSystem system, System.String faction) [0x0001b] in <8efdb6cff32447598d55d3b291e2bab5>:0 
2024-09-15T22:30:57 - GetFactionName exception on system [PersistentMapAPI.Domain.StarSystem] faction [1005]
2024-09-15T22:30:57 - System.NullReferenceException: Object reference not set to an instance of an object
  at PersistentMapClient.Helper.GetFactionName (PersistentMapAPI.Domain.StarSystem system, System.String faction) [0x0001b] in <8efdb6cff32447598d55d3b291e2bab5>:0 
2024-09-15T22:30:57 - GetFactionName exception on system [PersistentMapAPI.Domain.StarSystem] faction [1011]
2024-09-15T22:30:57 - Emar changing new owner to Kurita
2024-09-15T22:30:57 - System.NullReferenceException: Object reference not set to an instance of an object
  at PersistentMapClient.Helper.GetFactionName (PersistentMapAPI.Domain.StarSystem system, System.String faction) [0x0001b] in <8efdb6cff32447598d55d3b291e2bab5>:0 
2024-09-15T22:30:57 - GetFactionName exception on system [PersistentMapAPI.Domain.StarSystem] faction [1003]
2024-09-15T22:30:57 - Enkra changing new owner to AuriganDirectorate
2024-09-15T22:30:57 - Epsilon Eridani changing new owner to ComStar
2024-09-15T22:30:57 - Epsilon Indi changing new owner to ComStar
2024-09-15T22:30:57 - System.NullReferenceException: Object reference not set to an instance of an object
  at PersistentMapClient.Helper.GetFactionName (PersistentMapAPI.Domain.StarSystem system, System.String faction) [0x0001b] in <8efdb6cff32447598d55d3b291e2bab5>:0 
2024-09-15T22:30:57 - GetFactionName exception on system [PersistentMapAPI.Domain.StarSystem] faction [1015]
2024-09-15T22:30:57 - Erdvynn changing new owner to Circinus
2024-09-15T22:30:57 - Erewhon changing new owner to Steiner
2024-09-15T22:30:57 - Escobas changing new owner to ComStar
2024-09-15T22:30:57 - Espia changing new owner to Liao
2024-09-15T22:30:57 - Fagerholm changing new owner to MagistracyOfCanopus
2024-09-15T22:30:57 - System.NullReferenceException: Object reference not set to an instance of an object
  at PersistentMapClient.Helper.GetFactionName (PersistentMapAPI.Domain.StarSystem system, System.String faction) [0x0001b] in <8efdb6cff32447598d55d3b291e2bab5>:0 
2024-09-15T22:30:57 - GetFactionName exception on system [PersistentMapAPI.Domain.StarSystem] faction [1005]
2024-09-15T22:30:57 - System.NullReferenceException: Object reference not set to an instance of an object
  at PersistentMapClient.Helper.GetFactionName (PersistentMapAPI.Domain.StarSystem system, System.String faction) [0x0001b] in <8efdb6cff32447598d55d3b291e2bab5>:0 
2024-09-15T22:30:57 - GetFactionName exception on system [PersistentMapAPI.Domain.StarSystem] faction [1013]
2024-09-15T22:30:57 - System.NullReferenceException: Object reference not set to an instance of an object
  at PersistentMapClient.Helper.GetFactionName (PersistentMapAPI.Domain.StarSystem system, System.String faction) [0x0001b] in <8efdb6cff32447598d55d3b291e2bab5>:0 
2024-09-15T22:30:57 - GetFactionName exception on system [PersistentMapAPI.Domain.StarSystem] faction [1014]
2024-09-15T22:30:57 - Fasa changing new owner to ClanSnowRaven
2024-09-15T22:30:57 - Fefferfer changing new owner to Kurita
2024-09-15T22:30:57 - Ferranil changing new owner to Kurita
2024-09-15T22:30:57 - System.NullReferenceException: Object reference not set to an instance of an object
  at PersistentMapClient.Helper.GetFactionName (PersistentMapAPI.Domain.StarSystem system, System.String faction) [0x0001b] in <8efdb6cff32447598d55d3b291e2bab5>:0 
2024-09-15T22:30:57 - GetFactionName exception on system [PersistentMapAPI.Domain.StarSystem] faction [1003]
2024-09-15T22:30:57 - System.NullReferenceException: Object reference not set to an instance of an object
  at PersistentMapClient.Helper.GetFactionName (PersistentMapAPI.Domain.StarSystem system, System.String faction) [0x0001b] in <8efdb6cff32447598d55d3b291e2bab5>:0 
2024-09-15T22:30:57 - GetFactionName exception on system [PersistentMapAPI.Domain.StarSystem] faction [1012]
2024-09-15T22:30:57 - System.NullReferenceException: Object reference not set to an instance of an object
  at PersistentMapClient.Helper.GetFactionName (PersistentMapAPI.Domain.StarSystem system, System.String faction) [0x0001b] in <8efdb6cff32447598d55d3b291e2bab5>:0 
2024-09-15T22:30:57 - GetFactionName exception on system [PersistentMapAPI.Domain.StarSystem] faction [1003]
2024-09-15T22:30:57 - Fjaldr changing new owner to AuriganDirectorate
2024-09-15T22:30:57 - System.NullReferenceException: Object reference not set to an instance of an object
  at PersistentMapClient.Helper.GetFactionName (PersistentMapAPI.Domain.StarSystem system, System.String faction) [0x0001b] in <8efdb6cff32447598d55d3b291e2bab5>:0 
2024-09-15T22:30:57 - GetFactionName exception on system [PersistentMapAPI.Domain.StarSystem] faction [1020]
2024-09-15T22:30:57 - Flintoft changing new owner to TaurianConcordat
2024-09-15T22:30:57 - Flushing changing new owner to ComStar
2024-09-15T22:30:57 - Flychenia changing new owner to ComStar
2024-09-15T22:30:57 - Fomalhaut changing new owner to ComStar
2024-09-15T22:30:57 - System.NullReferenceException: Object reference not set to an instance of an object
  at PersistentMapClient.Helper.GetFactionName (PersistentMapAPI.Domain.StarSystem system, System.String faction) [0x0001b] in <8efdb6cff32447598d55d3b291e2bab5>:0 
2024-09-15T22:30:57 - GetFactionName exception on system [PersistentMapAPI.Domain.StarSystem] faction [1021]
2024-09-15T22:30:57 - System.NullReferenceException: Object reference not set to an instance of an object
  at PersistentMapClient.Helper.GetFactionName (PersistentMapAPI.Domain.StarSystem system, System.String faction) [0x0001b] in <8efdb6cff32447598d55d3b291e2bab5>:0 
2024-09-15T22:30:57 - GetFactionName exception on system [PersistentMapAPI.Domain.StarSystem] faction [1020]
2024-09-15T22:30:57 - Frankson changing new owner to Tortuga
2024-09-15T22:30:57 - Frazer changing new owner to Liao
2024-09-15T22:30:57 - System.NullReferenceException: Object reference not set to an instance of an object
  at PersistentMapClient.Helper.GetFactionName (PersistentMapAPI.Domain.StarSystem system, System.String faction) [0x0001b] in <8efdb6cff32447598d55d3b291e2bab5>:0 
2024-09-15T22:30:57 - GetFactionName exception on system [PersistentMapAPI.Domain.StarSystem] faction [1013]
2024-09-15T22:30:57 - System.NullReferenceException: Object reference not set to an instance of an object
  at PersistentMapClient.Helper.GetFactionName (PersistentMapAPI.Domain.StarSystem system, System.String faction) [0x0001b] in <8efdb6cff32447598d55d3b291e2bab5>:0 
2024-09-15T22:30:57 - GetFactionName exception on system [PersistentMapAPI.Domain.StarSystem] faction [1020]
2024-09-15T22:30:57 - Galatea changing new owner to ComStar
2024-09-15T22:30:57 - System.NullReferenceException: Object reference not set to an instance of an object
  at PersistentMapClient.Helper.GetFactionName (PersistentMapAPI.Domain.StarSystem system, System.String faction) [0x0001b] in <8efdb6cff32447598d55d3b291e2bab5>:0 
2024-09-15T22:30:57 - GetFactionName exception on system [PersistentMapAPI.Domain.StarSystem] faction [1006]
2024-09-15T22:30:57 - System.NullReferenceException: Object reference not set to an instance of an object
  at PersistentMapClient.Helper.GetFactionName (PersistentMapAPI.Domain.StarSystem system, System.String faction) [0x0001b] in <8efdb6cff32447598d55d3b291e2bab5>:0 
2024-09-15T22:30:57 - GetFactionName exception on system [PersistentMapAPI.Domain.StarSystem] faction [1015]
2024-09-15T22:30:57 - Galisteo changing new owner to Circinus
2024-09-15T22:30:57 - Galtor changing new owner to Kurita
2024-09-15T22:30:57 - Galuzzo changing new owner to Steiner
2024-09-15T22:30:57 - Gangtok changing new owner to AuriganDirectorate
2024-09-15T22:30:57 - System.NullReferenceException: Object reference not set to an instance of an object
  at PersistentMapClient.Helper.GetFactionName (PersistentMapAPI.Domain.StarSystem system, System.String faction) [0x0001b] in <8efdb6cff32447598d55d3b291e2bab5>:0 
2024-09-15T22:30:57 - GetFactionName exception on system [PersistentMapAPI.Domain.StarSystem] faction [1010]
2024-09-15T22:30:57 - System.NullReferenceException: Object reference not set to an instance of an object
  at PersistentMapClient.Helper.GetFactionName (PersistentMapAPI.Domain.StarSystem system, System.String faction) [0x0001b] in <8efdb6cff32447598d55d3b291e2bab5>:0 
2024-09-15T22:30:57 - GetFactionName exception on system [PersistentMapAPI.Domain.StarSystem] faction [1005]
2024-09-15T22:30:57 - Gaucin changing new owner to AuriganDirectorate
2024-09-15T22:30:57 - Gei-Fu changing new owner to ComStar
2024-09-15T22:30:57 - Genf changing new owner to Davion
2024-09-15T22:30:57 - System.NullReferenceException: Object reference not set to an instance of an object
  at PersistentMapClient.Helper.GetFactionName (PersistentMapAPI.Domain.StarSystem system, System.String faction) [0x0001b] in <8efdb6cff32447598d55d3b291e2bab5>:0 
2024-09-15T22:30:57 - GetFactionName exception on system [PersistentMapAPI.Domain.StarSystem] faction [1015]
2024-09-15T22:30:57 - System.NullReferenceException: Object reference not set to an instance of an object
  at PersistentMapClient.Helper.GetFactionName (PersistentMapAPI.Domain.StarSystem system, System.String faction) [0x0001b] in <8efdb6cff32447598d55d3b291e2bab5>:0 
2024-09-15T22:30:57 - GetFactionName exception on system [PersistentMapAPI.Domain.StarSystem] faction [1027]
2024-09-15T22:30:57 - Gibraltar changing new owner to Circinus
2024-09-15T22:30:57 - Girondas changing new owner to AuriganDirectorate
2024-09-15T22:30:57 - System.NullReferenceException: Object reference not set to an instance of an object
  at PersistentMapClient.Helper.GetFactionName (PersistentMapAPI.Domain.StarSystem system, System.String faction) [0x0001b] in <8efdb6cff32447598d55d3b291e2bab5>:0 
2024-09-15T22:30:57 - GetFactionName exception on system [PersistentMapAPI.Domain.StarSystem] faction [1011]
2024-09-15T22:30:57 - Glabach changing new owner to Elysia
2024-09-15T22:30:57 - Glasgow changing new owner to ComStar
2024-09-15T22:30:57 - Glevakha changing new owner to MagistracyOfCanopus
2024-09-15T22:30:57 - System.NullReferenceException: Object reference not set to an instance of an object
  at PersistentMapClient.Helper.GetFactionName (PersistentMapAPI.Domain.StarSystem system, System.String faction) [0x0001b] in <8efdb6cff32447598d55d3b291e2bab5>:0 
2024-09-15T22:30:57 - GetFactionName exception on system [PersistentMapAPI.Domain.StarSystem] faction [1003]
2024-09-15T22:30:57 - Glitnir changing new owner to Outworld
2024-09-15T22:30:57 - System.NullReferenceException: Object reference not set to an instance of an object
  at PersistentMapClient.Helper.GetFactionName (PersistentMapAPI.Domain.StarSystem system, System.String faction) [0x0001b] in <8efdb6cff32447598d55d3b291e2bab5>:0 
2024-09-15T22:30:57 - GetFactionName exception on system [PersistentMapAPI.Domain.StarSystem] faction [1022]
2024-09-15T22:30:57 - Gniezno changing new owner to Marik
2024-09-15T22:30:57 - System.NullReferenceException: Object reference not set to an instance of an object
  at PersistentMapClient.Helper.GetFactionName (PersistentMapAPI.Domain.StarSystem system, System.String faction) [0x0001b] in <8efdb6cff32447598d55d3b291e2bab5>:0 
2024-09-15T22:30:57 - GetFactionName exception on system [PersistentMapAPI.Domain.StarSystem] faction [1013]
2024-09-15T22:30:57 - Gorfynt changing new owner to Chainelane
2024-09-15T22:30:57 - Gorki changing new owner to Liao
2024-09-15T22:30:57 - System.NullReferenceException: Object reference not set to an instance of an object
  at PersistentMapClient.Helper.GetFactionName (PersistentMapAPI.Domain.StarSystem system, System.String faction) [0x0001b] in <8efdb6cff32447598d55d3b291e2bab5>:0 
2024-09-15T22:30:57 - GetFactionName exception on system [PersistentMapAPI.Domain.StarSystem] faction [1005]
2024-09-15T22:30:57 - Gouderak changing new owner to MagistracyOfCanopus
2024-09-15T22:30:57 - System.NullReferenceException: Object reference not set to an instance of an object
  at PersistentMapClient.Helper.GetFactionName (PersistentMapAPI.Domain.StarSystem system, System.String faction) [0x0001b] in <8efdb6cff32447598d55d3b291e2bab5>:0 
2024-09-15T22:30:57 - GetFactionName exception on system [PersistentMapAPI.Domain.StarSystem] faction [1006]
2024-09-15T22:30:57 - System.NullReferenceException: Object reference not set to an instance of an object
  at PersistentMapClient.Helper.GetFactionName (PersistentMapAPI.Domain.StarSystem system, System.String faction) [0x0001b] in <8efdb6cff32447598d55d3b291e2bab5>:0 
2024-09-15T22:30:57 - GetFactionName exception on system [PersistentMapAPI.Domain.StarSystem] faction [1023]
2024-09-15T22:30:57 - System.NullReferenceException: Object reference not set to an instance of an object
  at PersistentMapClient.Helper.GetFactionName (PersistentMapAPI.Domain.StarSystem system, System.String faction) [0x0001b] in <8efdb6cff32447598d55d3b291e2bab5>:0 
2024-09-15T22:30:57 - GetFactionName exception on system [PersistentMapAPI.Domain.StarSystem] faction [1015]
2024-09-15T22:30:57 - System.NullReferenceException: Object reference not set to an instance of an object
  at PersistentMapClient.Helper.GetFactionName (PersistentMapAPI.Domain.StarSystem system, System.String faction) [0x0001b] in <8efdb6cff32447598d55d3b291e2bab5>:0 
2024-09-15T22:30:57 - GetFactionName exception on system [PersistentMapAPI.Domain.StarSystem] faction [1005]
2024-09-15T22:30:57 - System.NullReferenceException: Object reference not set to an instance of an object
  at PersistentMapClient.Helper.GetFactionName (PersistentMapAPI.Domain.StarSystem system, System.String faction) [0x0001b] in <8efdb6cff32447598d55d3b291e2bab5>:0 
2024-09-15T22:30:57 - GetFactionName exception on system [PersistentMapAPI.Domain.StarSystem] faction [1003]
2024-09-15T22:30:57 - Greypearl changing new owner to Outworld
2024-09-15T22:30:57 - System.NullReferenceException: Object reference not set to an instance of an object
  at PersistentMapClient.Helper.GetFactionName (PersistentMapAPI.Domain.StarSystem system, System.String faction) [0x0001b] in <8efdb6cff32447598d55d3b291e2bab5>:0 
2024-09-15T22:30:57 - GetFactionName exception on system [PersistentMapAPI.Domain.StarSystem] faction [1015]
2024-09-15T22:30:57 - Griffith changing new owner to Circinus
2024-09-15T22:30:57 - Guldra changing new owner to AuriganDirectorate
2024-09-15T22:30:57 - Gunthar changing new owner to AuriganDirectorate
2024-09-15T22:30:57 - Gurnet changing new owner to Liao
2024-09-15T22:30:57 - System.NullReferenceException: Object reference not set to an instance of an object
  at PersistentMapClient.Helper.GetFactionName (PersistentMapAPI.Domain.StarSystem system, System.String faction) [0x0001b] in <8efdb6cff32447598d55d3b291e2bab5>:0 
2024-09-15T22:30:57 - GetFactionName exception on system [PersistentMapAPI.Domain.StarSystem] faction [1012]
2024-09-15T22:30:57 - Haggard changing new owner to Steiner
2024-09-15T22:30:57 - Hainfeld changing new owner to Steiner
2024-09-15T22:30:57 - System.NullReferenceException: Object reference not set to an instance of an object
  at PersistentMapClient.Helper.GetFactionName (PersistentMapAPI.Domain.StarSystem system, System.String faction) [0x0001b] in <8efdb6cff32447598d55d3b291e2bab5>:0 
2024-09-15T22:30:57 - GetFactionName exception on system [PersistentMapAPI.Domain.StarSystem] faction [1004]
2024-09-15T22:30:57 - System.NullReferenceException: Object reference not set to an instance of an object
  at PersistentMapClient.Helper.GetFactionName (PersistentMapAPI.Domain.StarSystem system, System.String faction) [0x0001b] in <8efdb6cff32447598d55d3b291e2bab5>:0 
2024-09-15T22:30:57 - GetFactionName exception on system [PersistentMapAPI.Domain.StarSystem] faction [1003]
2024-09-15T22:30:57 - Halloran changing new owner to Liao
2024-09-15T22:30:57 - System.NullReferenceException: Object reference not set to an instance of an object
  at PersistentMapClient.Helper.GetFactionName (PersistentMapAPI.Domain.StarSystem system, System.String faction) [0x0001b] in <8efdb6cff32447598d55d3b291e2bab5>:0 
2024-09-15T22:30:57 - GetFactionName exception on system [PersistentMapAPI.Domain.StarSystem] faction [1024]
2024-09-15T22:30:57 - System.NullReferenceException: Object reference not set to an instance of an object
  at PersistentMapClient.Helper.GetFactionName (PersistentMapAPI.Domain.StarSystem system, System.String faction) [0x0001b] in <8efdb6cff32447598d55d3b291e2bab5>:0 
2024-09-15T22:30:57 - GetFactionName exception on system [PersistentMapAPI.Domain.StarSystem] faction [1005]
2024-09-15T22:30:57 - System.NullReferenceException: Object reference not set to an instance of an object
  at PersistentMapClient.Helper.GetFactionName (PersistentMapAPI.Domain.StarSystem system, System.String faction) [0x0001b] in <8efdb6cff32447598d55d3b291e2bab5>:0 
2024-09-15T22:30:57 - GetFactionName exception on system [PersistentMapAPI.Domain.StarSystem] faction [1027]
2024-09-15T22:30:57 - Hammer changing new owner to Illyrian
2024-09-15T22:30:57 - Hanseta changing new owner to TaurianConcordat
2024-09-15T22:30:57 - System.NullReferenceException: Object reference not set to an instance of an object
  at PersistentMapClient.Helper.GetFactionName (PersistentMapAPI.Domain.StarSystem system, System.String faction) [0x0001b] in <8efdb6cff32447598d55d3b291e2bab5>:0 
2024-09-15T22:30:57 - GetFactionName exception on system [PersistentMapAPI.Domain.StarSystem] faction [1015]
2024-09-15T22:30:57 - Harloc changing new owner to ComStar
2024-09-15T22:30:57 - Harsefeld changing new owner to Liao
2024-09-15T22:30:57 - Hastur changing new owner to MagistracyOfCanopus
2024-09-15T22:30:57 - System.NullReferenceException: Object reference not set to an instance of an object
  at PersistentMapClient.Helper.GetFactionName (PersistentMapAPI.Domain.StarSystem system, System.String faction) [0x0001b] in <8efdb6cff32447598d55d3b291e2bab5>:0 
2024-09-15T22:30:57 - GetFactionName exception on system [PersistentMapAPI.Domain.StarSystem] faction [1013]
2024-09-15T22:30:57 - System.NullReferenceException: Object reference not set to an instance of an object
  at PersistentMapClient.Helper.GetFactionName (PersistentMapAPI.Domain.StarSystem system, System.String faction) [0x0001b] in <8efdb6cff32447598d55d3b291e2bab5>:0 
2024-09-15T22:30:57 - GetFactionName exception on system [PersistentMapAPI.Domain.StarSystem] faction [1003]
2024-09-15T22:30:57 - Haynesville changing new owner to Outworld
2024-09-15T22:30:57 - System.NullReferenceException: Object reference not set to an instance of an object
  at PersistentMapClient.Helper.GetFactionName (PersistentMapAPI.Domain.StarSystem system, System.String faction) [0x0001b] in <8efdb6cff32447598d55d3b291e2bab5>:0 
2024-09-15T22:30:57 - GetFactionName exception on system [PersistentMapAPI.Domain.StarSystem] faction [1027]
2024-09-15T22:30:57 - Hazeldean changing new owner to Illyrian
2024-09-15T22:30:57 - Heart Fjord changing new owner to Marik
2024-09-15T22:30:57 - Hechnar changing new owner to ComStar
2024-09-15T22:30:57 - System.NullReferenceException: Object reference not set to an instance of an object
  at PersistentMapClient.Helper.GetFactionName (PersistentMapAPI.Domain.StarSystem system, System.String faction) [0x0001b] in <8efdb6cff32447598d55d3b291e2bab5>:0 
2024-09-15T22:30:57 - GetFactionName exception on system [PersistentMapAPI.Domain.StarSystem] faction [1025]
2024-09-15T22:30:57 - System.NullReferenceException: Object reference not set to an instance of an object
  at PersistentMapClient.Helper.GetFactionName (PersistentMapAPI.Domain.StarSystem system, System.String faction) [0x0001b] in <8efdb6cff32447598d55d3b291e2bab5>:0 
2024-09-15T22:30:57 - GetFactionName exception on system [PersistentMapAPI.Domain.StarSystem] faction [1027]
2024-09-15T22:30:57 - Hednesford changing new owner to Illyrian
2024-09-15T22:30:57 - System.NullReferenceException: Object reference not set to an instance of an object
  at PersistentMapClient.Helper.GetFactionName (PersistentMapAPI.Domain.StarSystem system, System.String faction) [0x0001b] in <8efdb6cff32447598d55d3b291e2bab5>:0 
2024-09-15T22:30:57 - GetFactionName exception on system [PersistentMapAPI.Domain.StarSystem] faction [1015]
2024-09-15T22:30:57 - Heliat changing new owner to AuriganDirectorate
2024-09-15T22:30:57 - System.NullReferenceException: Object reference not set to an instance of an object
  at PersistentMapClient.Helper.GetFactionName (PersistentMapAPI.Domain.StarSystem system, System.String faction) [0x0001b] in <8efdb6cff32447598d55d3b291e2bab5>:0 
2024-09-15T22:30:57 - GetFactionName exception on system [PersistentMapAPI.Domain.StarSystem] faction [1001]
2024-09-15T22:30:57 - System.NullReferenceException: Object reference not set to an instance of an object
  at PersistentMapClient.Helper.GetFactionName (PersistentMapAPI.Domain.StarSystem system, System.String faction) [0x0001b] in <8efdb6cff32447598d55d3b291e2bab5>:0 
2024-09-15T22:30:57 - GetFactionName exception on system [PersistentMapAPI.Domain.StarSystem] faction [1003]
2024-09-15T22:30:57 - System.NullReferenceException: Object reference not set to an instance of an object
  at PersistentMapClient.Helper.GetFactionName (PersistentMapAPI.Domain.StarSystem system, System.String faction) [0x0001b] in <8efdb6cff32447598d55d3b291e2bab5>:0 
2024-09-15T22:30:57 - GetFactionName exception on system [PersistentMapAPI.Domain.StarSystem] faction [1023]
2024-09-15T22:30:57 - System.NullReferenceException: Object reference not set to an instance of an object
  at PersistentMapClient.Helper.GetFactionName (PersistentMapAPI.Domain.StarSystem system, System.String faction) [0x0001b] in <8efdb6cff32447598d55d3b291e2bab5>:0 
2024-09-15T22:30:57 - GetFactionName exception on system [PersistentMapAPI.Domain.StarSystem] faction [1004]
2024-09-15T22:30:57 - System.NullReferenceException: Object reference not set to an instance of an object
  at PersistentMapClient.Helper.GetFactionName (PersistentMapAPI.Domain.StarSystem system, System.String faction) [0x0001b] in <8efdb6cff32447598d55d3b291e2bab5>:0 
2024-09-15T22:30:57 - GetFactionName exception on system [PersistentMapAPI.Domain.StarSystem] faction [1012]
2024-09-15T22:30:57 - Here changing new owner to Oberon
2024-09-15T22:30:57 - System.NullReferenceException: Object reference not set to an instance of an object
  at PersistentMapClient.Helper.GetFactionName (PersistentMapAPI.Domain.StarSystem system, System.String faction) [0x0001b] in <8efdb6cff32447598d55d3b291e2bab5>:0 
2024-09-15T22:30:57 - GetFactionName exception on system [PersistentMapAPI.Domain.StarSystem] faction [1011]
2024-09-15T22:30:57 - Herotitus changing new owner to AuriganDirectorate
2024-09-15T22:30:57 - System.NullReferenceException: Object reference not set to an instance of an object
  at PersistentMapClient.Helper.GetFactionName (PersistentMapAPI.Domain.StarSystem system, System.String faction) [0x0001b] in <8efdb6cff32447598d55d3b291e2bab5>:0 
2024-09-15T22:30:57 - GetFactionName exception on system [PersistentMapAPI.Domain.StarSystem] faction [1004]
2024-09-15T22:30:57 - Hildaman changing new owner to Kurita
2024-09-15T22:30:57 - System.NullReferenceException: Object reference not set to an instance of an object
  at PersistentMapClient.Helper.GetFactionName (PersistentMapAPI.Domain.StarSystem system, System.String faction) [0x0001b] in <8efdb6cff32447598d55d3b291e2bab5>:0 
2024-09-15T22:30:57 - GetFactionName exception on system [PersistentMapAPI.Domain.StarSystem] faction [1015]
2024-09-15T22:30:57 - System.NullReferenceException: Object reference not set to an instance of an object
  at PersistentMapClient.Helper.GetFactionName (PersistentMapAPI.Domain.StarSystem system, System.String faction) [0x0001b] in <8efdb6cff32447598d55d3b291e2bab5>:0 
2024-09-15T22:30:57 - GetFactionName exception on system [PersistentMapAPI.Domain.StarSystem] faction [1028]
2024-09-15T22:30:57 - Hoard changing new owner to ClanWolf
2024-09-15T22:30:57 - Hódmezovásárhely changing new owner to Marik
2024-09-15T22:30:57 - System.NullReferenceException: Object reference not set to an instance of an object
  at PersistentMapClient.Helper.GetFactionName (PersistentMapAPI.Domain.StarSystem system, System.String faction) [0x0001b] in <8efdb6cff32447598d55d3b291e2bab5>:0 
2024-09-15T22:30:57 - GetFactionName exception on system [PersistentMapAPI.Domain.StarSystem] faction [1024]
2024-09-15T22:30:57 - System.NullReferenceException: Object reference not set to an instance of an object
  at PersistentMapClient.Helper.GetFactionName (PersistentMapAPI.Domain.StarSystem system, System.String faction) [0x0001b] in <8efdb6cff32447598d55d3b291e2bab5>:0 
2024-09-15T22:30:57 - GetFactionName exception on system [PersistentMapAPI.Domain.StarSystem] faction [1011]
2024-09-15T22:30:57 - Holmsbu changing new owner to Elysia
2024-09-15T22:30:57 - System.NullReferenceException: Object reference not set to an instance of an object
  at PersistentMapClient.Helper.GetFactionName (PersistentMapAPI.Domain.StarSystem system, System.String faction) [0x0001b] in <8efdb6cff32447598d55d3b291e2bab5>:0 
2024-09-15T22:30:57 - GetFactionName exception on system [PersistentMapAPI.Domain.StarSystem] faction [1001]
2024-09-15T22:30:57 - Hornir's Keep changing new owner to Marik
2024-09-15T22:30:57 - System.NullReferenceException: Object reference not set to an instance of an object
  at PersistentMapClient.Helper.GetFactionName (PersistentMapAPI.Domain.StarSystem system, System.String faction) [0x0001b] in <8efdb6cff32447598d55d3b291e2bab5>:0 
2024-09-15T22:30:57 - GetFactionName exception on system [PersistentMapAPI.Domain.StarSystem] faction [1027]
2024-09-15T22:30:57 - Huntington changing new owner to Illyrian
2024-09-15T22:30:57 - System.NullReferenceException: Object reference not set to an instance of an object
  at PersistentMapClient.Helper.GetFactionName (PersistentMapAPI.Domain.StarSystem system, System.String faction) [0x0001b] in <8efdb6cff32447598d55d3b291e2bab5>:0 
2024-09-15T22:30:57 - GetFactionName exception on system [PersistentMapAPI.Domain.StarSystem] faction [1021]
2024-09-15T22:30:57 - Huntress changing new owner to ClanCoyote
2024-09-15T22:30:57 - Hurik changing new owner to AuriganDirectorate
2024-09-15T22:30:57 - Hustaing changing new owner to ComStar
2024-09-15T22:30:57 - Hyalite changing new owner to TaurianConcordat
2024-09-15T22:30:57 - Hè-shì changing new owner to Davion
2024-09-15T22:30:57 - System.NullReferenceException: Object reference not set to an instance of an object
  at PersistentMapClient.Helper.GetFactionName (PersistentMapAPI.Domain.StarSystem system, System.String faction) [0x0001b] in <8efdb6cff32447598d55d3b291e2bab5>:0 
2024-09-15T22:30:57 - GetFactionName exception on system [PersistentMapAPI.Domain.StarSystem] faction [1012]
2024-09-15T22:30:57 - Icar changing new owner to Oberon
2024-09-15T22:30:57 - Ichlangis changing new owner to AuriganDirectorate
2024-09-15T22:30:57 - System.NullReferenceException: Object reference not set to an instance of an object
  at PersistentMapClient.Helper.GetFactionName (PersistentMapAPI.Domain.StarSystem system, System.String faction) [0x0001b] in <8efdb6cff32447598d55d3b291e2bab5>:0 
2024-09-15T22:30:57 - GetFactionName exception on system [PersistentMapAPI.Domain.StarSystem] faction [1012]
2024-09-15T22:30:57 - Ichmandu changing new owner to Oberon
2024-09-15T22:30:57 - System.NullReferenceException: Object reference not set to an instance of an object
  at PersistentMapClient.Helper.GetFactionName (PersistentMapAPI.Domain.StarSystem system, System.String faction) [0x0001b] in <8efdb6cff32447598d55d3b291e2bab5>:0 
2024-09-15T22:30:57 - GetFactionName exception on system [PersistentMapAPI.Domain.StarSystem] faction [1003]
2024-09-15T22:30:57 - Ideyld changing new owner to ComStar
2024-09-15T22:30:57 - System.NullReferenceException: Object reference not set to an instance of an object
  at PersistentMapClient.Helper.GetFactionName (PersistentMapAPI.Domain.StarSystem system, System.String faction) [0x0001b] in <8efdb6cff32447598d55d3b291e2bab5>:0 
2024-09-15T22:30:57 - GetFactionName exception on system [PersistentMapAPI.Domain.StarSystem] faction [1011]
2024-09-15T22:30:57 - Idlewind changing new owner to Elysia
2024-09-15T22:30:57 - System.NullReferenceException: Object reference not set to an instance of an object
  at PersistentMapClient.Helper.GetFactionName (PersistentMapAPI.Domain.StarSystem system, System.String faction) [0x0001b] in <8efdb6cff32447598d55d3b291e2bab5>:0 
2024-09-15T22:30:57 - GetFactionName exception on system [PersistentMapAPI.Domain.StarSystem] faction [1013]
2024-09-15T22:30:57 - Ildlandet changing new owner to Marik
2024-09-15T22:30:57 - System.NullReferenceException: Object reference not set to an instance of an object
  at PersistentMapClient.Helper.GetFactionName (PersistentMapAPI.Domain.StarSystem system, System.String faction) [0x0001b] in <8efdb6cff32447598d55d3b291e2bab5>:0 
2024-09-15T22:30:57 - GetFactionName exception on system [PersistentMapAPI.Domain.StarSystem] faction [1026]
2024-09-15T22:30:57 - System.NullReferenceException: Object reference not set to an instance of an object
  at PersistentMapClient.Helper.GetFactionName (PersistentMapAPI.Domain.StarSystem system, System.String faction) [0x0001b] in <8efdb6cff32447598d55d3b291e2bab5>:0 
2024-09-15T22:30:57 - GetFactionName exception on system [PersistentMapAPI.Domain.StarSystem] faction [1027]
2024-09-15T22:30:57 - Ilmar changing new owner to Liao
2024-09-15T22:30:57 - System.NullReferenceException: Object reference not set to an instance of an object
  at PersistentMapClient.Helper.GetFactionName (PersistentMapAPI.Domain.StarSystem system, System.String faction) [0x0001b] in <8efdb6cff32447598d55d3b291e2bab5>:0 
2024-09-15T22:30:57 - GetFactionName exception on system [PersistentMapAPI.Domain.StarSystem] faction [1015]
2024-09-15T22:30:57 - Ilzra changing new owner to Circinus
2024-09-15T22:30:57 - Imbros changing new owner to ComStar
2024-09-15T22:30:57 - Immenstadt changing new owner to Liao
2024-09-15T22:30:57 - System.NullReferenceException: Object reference not set to an instance of an object
  at PersistentMapClient.Helper.GetFactionName (PersistentMapAPI.Domain.StarSystem system, System.String faction) [0x0001b] in <8efdb6cff32447598d55d3b291e2bab5>:0 
2024-09-15T22:30:57 - GetFactionName exception on system [PersistentMapAPI.Domain.StarSystem] faction [1013]
2024-09-15T22:30:57 - System.NullReferenceException: Object reference not set to an instance of an object
  at PersistentMapClient.Helper.GetFactionName (PersistentMapAPI.Domain.StarSystem system, System.String faction) [0x0001b] in <8efdb6cff32447598d55d3b291e2bab5>:0 
2024-09-15T22:30:57 - GetFactionName exception on system [PersistentMapAPI.Domain.StarSystem] faction [1003]
2024-09-15T22:30:57 - Inner End changing new owner to Outworld
2024-09-15T22:30:57 - System.NullReferenceException: Object reference not set to an instance of an object
  at PersistentMapClient.Helper.GetFactionName (PersistentMapAPI.Domain.StarSystem system, System.String faction) [0x0001b] in <8efdb6cff32447598d55d3b291e2bab5>:0 
2024-09-15T22:30:57 - GetFactionName exception on system [PersistentMapAPI.Domain.StarSystem] faction [1015]
2024-09-15T22:30:57 - System.NullReferenceException: Object reference not set to an instance of an object
  at PersistentMapClient.Helper.GetFactionName (PersistentMapAPI.Domain.StarSystem system, System.String faction) [0x0001b] in <8efdb6cff32447598d55d3b291e2bab5>:0 
2024-09-15T22:30:57 - GetFactionName exception on system [PersistentMapAPI.Domain.StarSystem] faction [1021]
2024-09-15T22:30:57 - Ironhold changing new owner to ClanCoyote
2024-09-15T22:30:57 - System.NullReferenceException: Object reference not set to an instance of an object
  at PersistentMapClient.Helper.GetFactionName (PersistentMapAPI.Domain.StarSystem system, System.String faction) [0x0001b] in <8efdb6cff32447598d55d3b291e2bab5>:0 
2024-09-15T22:30:57 - GetFactionName exception on system [PersistentMapAPI.Domain.StarSystem] faction [1012]
2024-09-15T22:30:57 - System.NullReferenceException: Object reference not set to an instance of an object
  at PersistentMapClient.Helper.GetFactionName (PersistentMapAPI.Domain.StarSystem system, System.String faction) [0x0001b] in <8efdb6cff32447598d55d3b291e2bab5>:0 
2024-09-15T22:30:57 - GetFactionName exception on system [PersistentMapAPI.Domain.StarSystem] faction [1001]
2024-09-15T22:30:57 - Itica changing new owner to MagistracyOfCanopus
2024-09-15T22:30:57 - Itrom changing new owner to AuriganDirectorate
2024-09-15T22:30:57 - System.NullReferenceException: Object reference not set to an instance of an object
  at PersistentMapClient.Helper.GetFactionName (PersistentMapAPI.Domain.StarSystem system, System.String faction) [0x0001b] in <8efdb6cff32447598d55d3b291e2bab5>:0 
2024-09-15T22:30:57 - GetFactionName exception on system [PersistentMapAPI.Domain.StarSystem] faction [1013]
2024-09-15T22:30:57 - Jápminboddu changing new owner to Chainelane
2024-09-15T22:30:57 - System.NullReferenceException: Object reference not set to an instance of an object
  at PersistentMapClient.Helper.GetFactionName (PersistentMapAPI.Domain.StarSystem system, System.String faction) [0x0001b] in <8efdb6cff32447598d55d3b291e2bab5>:0 
2024-09-15T22:30:57 - GetFactionName exception on system [PersistentMapAPI.Domain.StarSystem] faction [1011]
2024-09-15T22:30:57 - Jarett changing new owner to Elysia
2024-09-15T22:30:57 - Java changing new owner to Liao
2024-09-15T22:30:57 - System.NullReferenceException: Object reference not set to an instance of an object
  at PersistentMapClient.Helper.GetFactionName (PersistentMapAPI.Domain.StarSystem system, System.String faction) [0x0001b] in <8efdb6cff32447598d55d3b291e2bab5>:0 
2024-09-15T22:30:57 - GetFactionName exception on system [PersistentMapAPI.Domain.StarSystem] faction [1003]
2024-09-15T22:30:57 - Jeppens changing new owner to Outworld
2024-09-15T22:30:57 - Jilin changing new owner to Marik
2024-09-15T22:30:57 - System.NullReferenceException: Object reference not set to an instance of an object
  at PersistentMapClient.Helper.GetFactionName (PersistentMapAPI.Domain.StarSystem system, System.String faction) [0x0001b] in <8efdb6cff32447598d55d3b291e2bab5>:0 
2024-09-15T22:30:57 - GetFactionName exception on system [PersistentMapAPI.Domain.StarSystem] faction [1003]
2024-09-15T22:30:57 - Joan's Post changing new owner to Outworld
2024-09-15T22:30:57 - System.NullReferenceException: Object reference not set to an instance of an object
  at PersistentMapClient.Helper.GetFactionName (PersistentMapAPI.Domain.StarSystem system, System.String faction) [0x0001b] in <8efdb6cff32447598d55d3b291e2bab5>:0 
2024-09-15T22:30:57 - GetFactionName exception on system [PersistentMapAPI.Domain.StarSystem] faction [1003]
2024-09-15T22:30:57 - Johnson changing new owner to Outworld
2024-09-15T22:30:57 - System.NullReferenceException: Object reference not set to an instance of an object
  at PersistentMapClient.Helper.GetFactionName (PersistentMapAPI.Domain.StarSystem system, System.String faction) [0x0001b] in <8efdb6cff32447598d55d3b291e2bab5>:0 
2024-09-15T22:30:57 - GetFactionName exception on system [PersistentMapAPI.Domain.StarSystem] faction [1003]
2024-09-15T22:30:57 - System.NullReferenceException: Object reference not set to an instance of an object
  at PersistentMapClient.Helper.GetFactionName (PersistentMapAPI.Domain.StarSystem system, System.String faction) [0x0001b] in <8efdb6cff32447598d55d3b291e2bab5>:0 
2024-09-15T22:30:57 - GetFactionName exception on system [PersistentMapAPI.Domain.StarSystem] faction [1027]
2024-09-15T22:30:57 - System.NullReferenceException: Object reference not set to an instance of an object
  at PersistentMapClient.Helper.GetFactionName (PersistentMapAPI.Domain.StarSystem system, System.String faction) [0x0001b] in <8efdb6cff32447598d55d3b291e2bab5>:0 
2024-09-15T22:30:57 - GetFactionName exception on system [PersistentMapAPI.Domain.StarSystem] faction [1026]
2024-09-15T22:30:57 - System.NullReferenceException: Object reference not set to an instance of an object
  at PersistentMapClient.Helper.GetFactionName (PersistentMapAPI.Domain.StarSystem system, System.String faction) [0x0001b] in <8efdb6cff32447598d55d3b291e2bab5>:0 
2024-09-15T22:30:57 - GetFactionName exception on system [PersistentMapAPI.Domain.StarSystem] faction [1026]
2024-09-15T22:30:57 - Jump Point12 changing new owner to Axumite
2024-09-15T22:30:57 - System.NullReferenceException: Object reference not set to an instance of an object
  at PersistentMapClient.Helper.GetFactionName (PersistentMapAPI.Domain.StarSystem system, System.String faction) [0x0001b] in <8efdb6cff32447598d55d3b291e2bab5>:0 
2024-09-15T22:30:57 - GetFactionName exception on system [PersistentMapAPI.Domain.StarSystem] faction [1026]
2024-09-15T22:30:57 - Jump Point13 changing new owner to Axumite
2024-09-15T22:30:57 - System.NullReferenceException: Object reference not set to an instance of an object
  at PersistentMapClient.Helper.GetFactionName (PersistentMapAPI.Domain.StarSystem system, System.String faction) [0x0001b] in <8efdb6cff32447598d55d3b291e2bab5>:0 
2024-09-15T22:30:57 - GetFactionName exception on system [PersistentMapAPI.Domain.StarSystem] faction [1026]
2024-09-15T22:30:57 - Jump Point14 changing new owner to Axumite
2024-09-15T22:30:57 - System.NullReferenceException: Object reference not set to an instance of an object
  at PersistentMapClient.Helper.GetFactionName (PersistentMapAPI.Domain.StarSystem system, System.String faction) [0x0001b] in <8efdb6cff32447598d55d3b291e2bab5>:0 
2024-09-15T22:30:57 - GetFactionName exception on system [PersistentMapAPI.Domain.StarSystem] faction [1026]
2024-09-15T22:30:57 - System.NullReferenceException: Object reference not set to an instance of an object
  at PersistentMapClient.Helper.GetFactionName (PersistentMapAPI.Domain.StarSystem system, System.String faction) [0x0001b] in <8efdb6cff32447598d55d3b291e2bab5>:0 
2024-09-15T22:30:57 - GetFactionName exception on system [PersistentMapAPI.Domain.StarSystem] faction [1009]
2024-09-15T22:30:57 - Jump Point179 changing new owner to ClanCloudCobra
2024-09-15T22:30:57 - System.NullReferenceException: Object reference not set to an instance of an object
  at PersistentMapClient.Helper.GetFactionName (PersistentMapAPI.Domain.StarSystem system, System.String faction) [0x0001b] in <8efdb6cff32447598d55d3b291e2bab5>:0 
2024-09-15T22:30:57 - GetFactionName exception on system [PersistentMapAPI.Domain.StarSystem] faction [1009]
2024-09-15T22:30:57 - Jump Point180 changing new owner to ClanCloudCobra
2024-09-15T22:30:57 - System.NullReferenceException: Object reference not set to an instance of an object
  at PersistentMapClient.Helper.GetFactionName (PersistentMapAPI.Domain.StarSystem system, System.String faction) [0x0001b] in <8efdb6cff32447598d55d3b291e2bab5>:0 
2024-09-15T22:30:57 - GetFactionName exception on system [PersistentMapAPI.Domain.StarSystem] faction [1009]
2024-09-15T22:30:57 - Jump Point189 changing new owner to ClanCloudCobra
2024-09-15T22:30:57 - System.NullReferenceException: Object reference not set to an instance of an object
  at PersistentMapClient.Helper.GetFactionName (PersistentMapAPI.Domain.StarSystem system, System.String faction) [0x0001b] in <8efdb6cff32447598d55d3b291e2bab5>:0 
2024-09-15T22:30:57 - GetFactionName exception on system [PersistentMapAPI.Domain.StarSystem] faction [1009]
2024-09-15T22:30:57 - Jump Point190 changing new owner to ClanCloudCobra
2024-09-15T22:30:57 - System.NullReferenceException: Object reference not set to an instance of an object
  at PersistentMapClient.Helper.GetFactionName (PersistentMapAPI.Domain.StarSystem system, System.String faction) [0x0001b] in <8efdb6cff32447598d55d3b291e2bab5>:0 
2024-09-15T22:30:57 - GetFactionName exception on system [PersistentMapAPI.Domain.StarSystem] faction [1010]
2024-09-15T22:30:57 - Jump Point191 changing new owner to ClanNovaCat
2024-09-15T22:30:57 - System.NullReferenceException: Object reference not set to an instance of an object
  at PersistentMapClient.Helper.GetFactionName (PersistentMapAPI.Domain.StarSystem system, System.String faction) [0x0001b] in <8efdb6cff32447598d55d3b291e2bab5>:0 
2024-09-15T22:30:57 - GetFactionName exception on system [PersistentMapAPI.Domain.StarSystem] faction [1010]
2024-09-15T22:30:57 - Jump Point192 changing new owner to ClanNovaCat
2024-09-15T22:30:57 - System.NullReferenceException: Object reference not set to an instance of an object
  at PersistentMapClient.Helper.GetFactionName (PersistentMapAPI.Domain.StarSystem system, System.String faction) [0x0001b] in <8efdb6cff32447598d55d3b291e2bab5>:0 
2024-09-15T22:30:57 - GetFactionName exception on system [PersistentMapAPI.Domain.StarSystem] faction [1010]
2024-09-15T22:30:57 - Jump Point193 changing new owner to ClanNovaCat
2024-09-15T22:30:57 - System.NullReferenceException: Object reference not set to an instance of an object
  at PersistentMapClient.Helper.GetFactionName (PersistentMapAPI.Domain.StarSystem system, System.String faction) [0x0001b] in <8efdb6cff32447598d55d3b291e2bab5>:0 
2024-09-15T22:30:57 - GetFactionName exception on system [PersistentMapAPI.Domain.StarSystem] faction [1010]
2024-09-15T22:30:57 - Jump Point194 changing new owner to ClanNovaCat
2024-09-15T22:30:57 - System.NullReferenceException: Object reference not set to an instance of an object
  at PersistentMapClient.Helper.GetFactionName (PersistentMapAPI.Domain.StarSystem system, System.String faction) [0x0001b] in <8efdb6cff32447598d55d3b291e2bab5>:0 
2024-09-15T22:30:57 - GetFactionName exception on system [PersistentMapAPI.Domain.StarSystem] faction [1005]
2024-09-15T22:30:57 - System.NullReferenceException: Object reference not set to an instance of an object
  at PersistentMapClient.Helper.GetFactionName (PersistentMapAPI.Domain.StarSystem system, System.String faction) [0x0001b] in <8efdb6cff32447598d55d3b291e2bab5>:0 
2024-09-15T22:30:57 - GetFactionName exception on system [PersistentMapAPI.Domain.StarSystem] faction [1005]
2024-09-15T22:30:57 - System.NullReferenceException: Object reference not set to an instance of an object
  at PersistentMapClient.Helper.GetFactionName (PersistentMapAPI.Domain.StarSystem system, System.String faction) [0x0001b] in <8efdb6cff32447598d55d3b291e2bab5>:0 
2024-09-15T22:30:57 - GetFactionName exception on system [PersistentMapAPI.Domain.StarSystem] faction [1005]
2024-09-15T22:30:57 - System.NullReferenceException: Object reference not set to an instance of an object
  at PersistentMapClient.Helper.GetFactionName (PersistentMapAPI.Domain.StarSystem system, System.String faction) [0x0001b] in <8efdb6cff32447598d55d3b291e2bab5>:0 
2024-09-15T22:30:57 - GetFactionName exception on system [PersistentMapAPI.Domain.StarSystem] faction [1005]
2024-09-15T22:30:57 - Jump Point198 changing new owner to Hanse
2024-09-15T22:30:57 - System.NullReferenceException: Object reference not set to an instance of an object
  at PersistentMapClient.Helper.GetFactionName (PersistentMapAPI.Domain.StarSystem system, System.String faction) [0x0001b] in <8efdb6cff32447598d55d3b291e2bab5>:0 
2024-09-15T22:30:57 - GetFactionName exception on system [PersistentMapAPI.Domain.StarSystem] faction [1005]
2024-09-15T22:30:57 - Jump Point199 changing new owner to Hanse
2024-09-15T22:30:57 - System.NullReferenceException: Object reference not set to an instance of an object
  at PersistentMapClient.Helper.GetFactionName (PersistentMapAPI.Domain.StarSystem system, System.String faction) [0x0001b] in <8efdb6cff32447598d55d3b291e2bab5>:0 
2024-09-15T22:30:57 - GetFactionName exception on system [PersistentMapAPI.Domain.StarSystem] faction [1005]
2024-09-15T22:30:57 - System.NullReferenceException: Object reference not set to an instance of an object
  at PersistentMapClient.Helper.GetFactionName (PersistentMapAPI.Domain.StarSystem system, System.String faction) [0x0001b] in <8efdb6cff32447598d55d3b291e2bab5>:0 
2024-09-15T22:30:57 - GetFactionName exception on system [PersistentMapAPI.Domain.StarSystem] faction [1005]
2024-09-15T22:30:57 - System.NullReferenceException: Object reference not set to an instance of an object
  at PersistentMapClient.Helper.GetFactionName (PersistentMapAPI.Domain.StarSystem system, System.String faction) [0x0001b] in <8efdb6cff32447598d55d3b291e2bab5>:0 
2024-09-15T22:30:57 - GetFactionName exception on system [PersistentMapAPI.Domain.StarSystem] faction [1005]
2024-09-15T22:30:57 - System.NullReferenceException: Object reference not set to an instance of an object
  at PersistentMapClient.Helper.GetFactionName (PersistentMapAPI.Domain.StarSystem system, System.String faction) [0x0001b] in <8efdb6cff32447598d55d3b291e2bab5>:0 
2024-09-15T22:30:57 - GetFactionName exception on system [PersistentMapAPI.Domain.StarSystem] faction [1005]
2024-09-15T22:30:57 - Jump Point203 changing new owner to Hanse
2024-09-15T22:30:57 - System.NullReferenceException: Object reference not set to an instance of an object
  at PersistentMapClient.Helper.GetFactionName (PersistentMapAPI.Domain.StarSystem system, System.String faction) [0x0001b] in <8efdb6cff32447598d55d3b291e2bab5>:0 
2024-09-15T22:30:57 - GetFactionName exception on system [PersistentMapAPI.Domain.StarSystem] faction [1005]
2024-09-15T22:30:57 - System.NullReferenceException: Object reference not set to an instance of an object
  at PersistentMapClient.Helper.GetFactionName (PersistentMapAPI.Domain.StarSystem system, System.String faction) [0x0001b] in <8efdb6cff32447598d55d3b291e2bab5>:0 
2024-09-15T22:30:57 - GetFactionName exception on system [PersistentMapAPI.Domain.StarSystem] faction [1005]
2024-09-15T22:30:57 - System.NullReferenceException: Object reference not set to an instance of an object
  at PersistentMapClient.Helper.GetFactionName (PersistentMapAPI.Domain.StarSystem system, System.String faction) [0x0001b] in <8efdb6cff32447598d55d3b291e2bab5>:0 
2024-09-15T22:30:57 - GetFactionName exception on system [PersistentMapAPI.Domain.StarSystem] faction [1005]
2024-09-15T22:30:57 - System.NullReferenceException: Object reference not set to an instance of an object
  at PersistentMapClient.Helper.GetFactionName (PersistentMapAPI.Domain.StarSystem system, System.String faction) [0x0001b] in <8efdb6cff32447598d55d3b291e2bab5>:0 
2024-09-15T22:30:57 - GetFactionName exception on system [PersistentMapAPI.Domain.StarSystem] faction [1005]
2024-09-15T22:30:57 - System.NullReferenceException: Object reference not set to an instance of an object
  at PersistentMapClient.Helper.GetFactionName (PersistentMapAPI.Domain.StarSystem system, System.String faction) [0x0001b] in <8efdb6cff32447598d55d3b291e2bab5>:0 
2024-09-15T22:30:57 - GetFactionName exception on system [PersistentMapAPI.Domain.StarSystem] faction [1005]
2024-09-15T22:30:57 - Jump Point208 changing new owner to Hanse
2024-09-15T22:30:57 - System.NullReferenceException: Object reference not set to an instance of an object
  at PersistentMapClient.Helper.GetFactionName (PersistentMapAPI.Domain.StarSystem system, System.String faction) [0x0001b] in <8efdb6cff32447598d55d3b291e2bab5>:0 
2024-09-15T22:30:57 - GetFactionName exception on system [PersistentMapAPI.Domain.StarSystem] faction [1005]
2024-09-15T22:30:57 - System.NullReferenceException: Object reference not set to an instance of an object
  at PersistentMapClient.Helper.GetFactionName (PersistentMapAPI.Domain.StarSystem system, System.String faction) [0x0001b] in <8efdb6cff32447598d55d3b291e2bab5>:0 
2024-09-15T22:30:57 - GetFactionName exception on system [PersistentMapAPI.Domain.StarSystem] faction [1005]
2024-09-15T22:30:57 - System.NullReferenceException: Object reference not set to an instance of an object
  at PersistentMapClient.Helper.GetFactionName (PersistentMapAPI.Domain.StarSystem system, System.String faction) [0x0001b] in <8efdb6cff32447598d55d3b291e2bab5>:0 
2024-09-15T22:30:57 - GetFactionName exception on system [PersistentMapAPI.Domain.StarSystem] faction [1005]
2024-09-15T22:30:57 - System.NullReferenceException: Object reference not set to an instance of an object
  at PersistentMapClient.Helper.GetFactionName (PersistentMapAPI.Domain.StarSystem system, System.String faction) [0x0001b] in <8efdb6cff32447598d55d3b291e2bab5>:0 
2024-09-15T22:30:57 - GetFactionName exception on system [PersistentMapAPI.Domain.StarSystem] faction [1005]
2024-09-15T22:30:57 - System.NullReferenceException: Object reference not set to an instance of an object
  at PersistentMapClient.Helper.GetFactionName (PersistentMapAPI.Domain.StarSystem system, System.String faction) [0x0001b] in <8efdb6cff32447598d55d3b291e2bab5>:0 
2024-09-15T22:30:57 - GetFactionName exception on system [PersistentMapAPI.Domain.StarSystem] faction [1005]
2024-09-15T22:30:57 - System.NullReferenceException: Object reference not set to an instance of an object
  at PersistentMapClient.Helper.GetFactionName (PersistentMapAPI.Domain.StarSystem system, System.String faction) [0x0001b] in <8efdb6cff32447598d55d3b291e2bab5>:0 
2024-09-15T22:30:57 - GetFactionName exception on system [PersistentMapAPI.Domain.StarSystem] faction [1005]
2024-09-15T22:30:57 - System.NullReferenceException: Object reference not set to an instance of an object
  at PersistentMapClient.Helper.GetFactionName (PersistentMapAPI.Domain.StarSystem system, System.String faction) [0x0001b] in <8efdb6cff32447598d55d3b291e2bab5>:0 
2024-09-15T22:30:57 - GetFactionName exception on system [PersistentMapAPI.Domain.StarSystem] faction [1005]
2024-09-15T22:30:57 - Jump Point215 changing new owner to Hanse
2024-09-15T22:30:57 - System.NullReferenceException: Object reference not set to an instance of an object
  at PersistentMapClient.Helper.GetFactionName (PersistentMapAPI.Domain.StarSystem system, System.String faction) [0x0001b] in <8efdb6cff32447598d55d3b291e2bab5>:0 
2024-09-15T22:30:57 - GetFactionName exception on system [PersistentMapAPI.Domain.StarSystem] faction [1002]
2024-09-15T22:30:57 - Jump Point216 changing new owner to ClanBurrock
2024-09-15T22:30:57 - System.NullReferenceException: Object reference not set to an instance of an object
  at PersistentMapClient.Helper.GetFactionName (PersistentMapAPI.Domain.StarSystem system, System.String faction) [0x0001b] in <8efdb6cff32447598d55d3b291e2bab5>:0 
2024-09-15T22:30:57 - GetFactionName exception on system [PersistentMapAPI.Domain.StarSystem] faction [1002]
2024-09-15T22:30:57 - Jump Point217 changing new owner to ClanBurrock
2024-09-15T22:30:57 - System.NullReferenceException: Object reference not set to an instance of an object
  at PersistentMapClient.Helper.GetFactionName (PersistentMapAPI.Domain.StarSystem system, System.String faction) [0x0001b] in <8efdb6cff32447598d55d3b291e2bab5>:0 
2024-09-15T22:30:57 - GetFactionName exception on system [PersistentMapAPI.Domain.StarSystem] faction [1014]
2024-09-15T22:30:57 - Jump Point230 changing new owner to ClanSnowRaven
2024-09-15T22:30:57 - System.NullReferenceException: Object reference not set to an instance of an object
  at PersistentMapClient.Helper.GetFactionName (PersistentMapAPI.Domain.StarSystem system, System.String faction) [0x0001b] in <8efdb6cff32447598d55d3b291e2bab5>:0 
2024-09-15T22:30:57 - GetFactionName exception on system [PersistentMapAPI.Domain.StarSystem] faction [1018]
2024-09-15T22:30:57 - Jump Point 300 changing new owner to Lothian
2024-09-15T22:30:57 - System.NullReferenceException: Object reference not set to an instance of an object
  at PersistentMapClient.Helper.GetFactionName (PersistentMapAPI.Domain.StarSystem system, System.String faction) [0x0001b] in <8efdb6cff32447598d55d3b291e2bab5>:0 
2024-09-15T22:30:57 - GetFactionName exception on system [PersistentMapAPI.Domain.StarSystem] faction [1020]
2024-09-15T22:30:57 - Jump Point 310 changing new owner to Tortuga
2024-09-15T22:30:57 - System.NullReferenceException: Object reference not set to an instance of an object
  at PersistentMapClient.Helper.GetFactionName (PersistentMapAPI.Domain.StarSystem system, System.String faction) [0x0001b] in <8efdb6cff32447598d55d3b291e2bab5>:0 
2024-09-15T22:30:57 - GetFactionName exception on system [PersistentMapAPI.Domain.StarSystem] faction [1020]
2024-09-15T22:30:57 - Jump Point 320 changing new owner to Tortuga
2024-09-15T22:30:57 - System.NullReferenceException: Object reference not set to an instance of an object
  at PersistentMapClient.Helper.GetFactionName (PersistentMapAPI.Domain.StarSystem system, System.String faction) [0x0001b] in <8efdb6cff32447598d55d3b291e2bab5>:0 
2024-09-15T22:30:57 - GetFactionName exception on system [PersistentMapAPI.Domain.StarSystem] faction [1017]
2024-09-15T22:30:57 - System.NullReferenceException: Object reference not set to an instance of an object
  at PersistentMapClient.Helper.GetFactionName (PersistentMapAPI.Domain.StarSystem system, System.String faction) [0x0001b] in <8efdb6cff32447598d55d3b291e2bab5>:0 
2024-09-15T22:30:57 - GetFactionName exception on system [PersistentMapAPI.Domain.StarSystem] faction [1021]
2024-09-15T22:30:57 - Jump Point 326 changing new owner to ClanDiamondShark
2024-09-15T22:30:57 - System.NullReferenceException: Object reference not set to an instance of an object
  at PersistentMapClient.Helper.GetFactionName (PersistentMapAPI.Domain.StarSystem system, System.String faction) [0x0001b] in <8efdb6cff32447598d55d3b291e2bab5>:0 
2024-09-15T22:30:57 - GetFactionName exception on system [PersistentMapAPI.Domain.StarSystem] faction [1017]
2024-09-15T22:30:57 - Jump Point 327 changing new owner to ClanDiamondShark
2024-09-15T22:30:57 - System.NullReferenceException: Object reference not set to an instance of an object
  at PersistentMapClient.Helper.GetFactionName (PersistentMapAPI.Domain.StarSystem system, System.String faction) [0x0001b] in <8efdb6cff32447598d55d3b291e2bab5>:0 
2024-09-15T22:30:57 - GetFactionName exception on system [PersistentMapAPI.Domain.StarSystem] faction [1007]
2024-09-15T22:30:57 - System.NullReferenceException: Object reference not set to an instance of an object
  at PersistentMapClient.Helper.GetFactionName (PersistentMapAPI.Domain.StarSystem system, System.String faction) [0x0001b] in <8efdb6cff32447598d55d3b291e2bab5>:0 
2024-09-15T22:30:57 - GetFactionName exception on system [PersistentMapAPI.Domain.StarSystem] faction [1008]
2024-09-15T22:30:57 - Jump Point 328 changing new owner to ClanGhostBear
2024-09-15T22:30:57 - System.NullReferenceException: Object reference not set to an instance of an object
  at PersistentMapClient.Helper.GetFactionName (PersistentMapAPI.Domain.StarSystem system, System.String faction) [0x0001b] in <8efdb6cff32447598d55d3b291e2bab5>:0 
2024-09-15T22:30:57 - GetFactionName exception on system [PersistentMapAPI.Domain.StarSystem] faction [1019]
2024-09-15T22:30:57 - System.NullReferenceException: Object reference not set to an instance of an object
  at PersistentMapClient.Helper.GetFactionName (PersistentMapAPI.Domain.StarSystem system, System.String faction) [0x0001b] in <8efdb6cff32447598d55d3b291e2bab5>:0 
2024-09-15T22:30:57 - GetFactionName exception on system [PersistentMapAPI.Domain.StarSystem] faction [1002]
2024-09-15T22:30:57 - Jump Point 329 changing new owner to ClanHellsHorses
2024-09-15T22:30:57 - System.NullReferenceException: Object reference not set to an instance of an object
  at PersistentMapClient.Helper.GetFactionName (PersistentMapAPI.Domain.StarSystem system, System.String faction) [0x0001b] in <8efdb6cff32447598d55d3b291e2bab5>:0 
2024-09-15T22:30:57 - GetFactionName exception on system [PersistentMapAPI.Domain.StarSystem] faction [1023]
2024-09-15T22:30:57 - Jump Point 330 changing new owner to ClanSteelViper
2024-09-15T22:30:57 - System.NullReferenceException: Object reference not set to an instance of an object
  at PersistentMapClient.Helper.GetFactionName (PersistentMapAPI.Domain.StarSystem system, System.String faction) [0x0001b] in <8efdb6cff32447598d55d3b291e2bab5>:0 
2024-09-15T22:30:57 - GetFactionName exception on system [PersistentMapAPI.Domain.StarSystem] faction [1002]
2024-09-15T22:30:57 - System.NullReferenceException: Object reference not set to an instance of an object
  at PersistentMapClient.Helper.GetFactionName (PersistentMapAPI.Domain.StarSystem system, System.String faction) [0x0001b] in <8efdb6cff32447598d55d3b291e2bab5>:0 
2024-09-15T22:30:57 - GetFactionName exception on system [PersistentMapAPI.Domain.StarSystem] faction [1023]
2024-09-15T22:30:57 - Jump Point 331 changing new owner to ClanBurrock
2024-09-15T22:30:57 - System.NullReferenceException: Object reference not set to an instance of an object
  at PersistentMapClient.Helper.GetFactionName (PersistentMapAPI.Domain.StarSystem system, System.String faction) [0x0001b] in <8efdb6cff32447598d55d3b291e2bab5>:0 
2024-09-15T22:30:57 - GetFactionName exception on system [PersistentMapAPI.Domain.StarSystem] faction [1008]
2024-09-15T22:30:57 - Jump Point 332 changing new owner to ClanSmokeJaguar
2024-09-15T22:30:57 - System.NullReferenceException: Object reference not set to an instance of an object
  at PersistentMapClient.Helper.GetFactionName (PersistentMapAPI.Domain.StarSystem system, System.String faction) [0x0001b] in <8efdb6cff32447598d55d3b291e2bab5>:0 
2024-09-15T22:30:57 - GetFactionName exception on system [PersistentMapAPI.Domain.StarSystem] faction [1023]
2024-09-15T22:30:57 - Jump Point 333 changing new owner to ClanSteelViper
2024-09-15T22:30:57 - System.NullReferenceException: Object reference not set to an instance of an object
  at PersistentMapClient.Helper.GetFactionName (PersistentMapAPI.Domain.StarSystem system, System.String faction) [0x0001b] in <8efdb6cff32447598d55d3b291e2bab5>:0 
2024-09-15T22:30:57 - GetFactionName exception on system [PersistentMapAPI.Domain.StarSystem] faction [1023]
2024-09-15T22:30:57 - Jump Point 334 changing new owner to ClanSteelViper
2024-09-15T22:30:57 - System.NullReferenceException: Object reference not set to an instance of an object
  at PersistentMapClient.Helper.GetFactionName (PersistentMapAPI.Domain.StarSystem system, System.String faction) [0x0001b] in <8efdb6cff32447598d55d3b291e2bab5>:0 
2024-09-15T22:30:57 - GetFactionName exception on system [PersistentMapAPI.Domain.StarSystem] faction [1005]
2024-09-15T22:30:57 - System.NullReferenceException: Object reference not set to an instance of an object
  at PersistentMapClient.Helper.GetFactionName (PersistentMapAPI.Domain.StarSystem system, System.String faction) [0x0001b] in <8efdb6cff32447598d55d3b291e2bab5>:0 
2024-09-15T22:30:57 - GetFactionName exception on system [PersistentMapAPI.Domain.StarSystem] faction [1005]
2024-09-15T22:30:57 - System.NullReferenceException: Object reference not set to an instance of an object
  at PersistentMapClient.Helper.GetFactionName (PersistentMapAPI.Domain.StarSystem system, System.String faction) [0x0001b] in <8efdb6cff32447598d55d3b291e2bab5>:0 
2024-09-15T22:30:57 - GetFactionName exception on system [PersistentMapAPI.Domain.StarSystem] faction [1005]
2024-09-15T22:30:57 - System.NullReferenceException: Object reference not set to an instance of an object
  at PersistentMapClient.Helper.GetFactionName (PersistentMapAPI.Domain.StarSystem system, System.String faction) [0x0001b] in <8efdb6cff32447598d55d3b291e2bab5>:0 
2024-09-15T22:30:57 - GetFactionName exception on system [PersistentMapAPI.Domain.StarSystem] faction [1005]
2024-09-15T22:30:57 - System.NullReferenceException: Object reference not set to an instance of an object
  at PersistentMapClient.Helper.GetFactionName (PersistentMapAPI.Domain.StarSystem system, System.String faction) [0x0001b] in <8efdb6cff32447598d55d3b291e2bab5>:0 
2024-09-15T22:30:57 - GetFactionName exception on system [PersistentMapAPI.Domain.StarSystem] faction [1005]
2024-09-15T22:30:57 - System.NullReferenceException: Object reference not set to an instance of an object
  at PersistentMapClient.Helper.GetFactionName (PersistentMapAPI.Domain.StarSystem system, System.String faction) [0x0001b] in <8efdb6cff32447598d55d3b291e2bab5>:0 
2024-09-15T22:30:57 - GetFactionName exception on system [PersistentMapAPI.Domain.StarSystem] faction [1005]
2024-09-15T22:30:57 - Jump Point 341 changing new owner to Hanse
2024-09-15T22:30:57 - System.NullReferenceException: Object reference not set to an instance of an object
  at PersistentMapClient.Helper.GetFactionName (PersistentMapAPI.Domain.StarSystem system, System.String faction) [0x0001b] in <8efdb6cff32447598d55d3b291e2bab5>:0 
2024-09-15T22:30:57 - GetFactionName exception on system [PersistentMapAPI.Domain.StarSystem] faction [1005]
2024-09-15T22:30:57 - System.NullReferenceException: Object reference not set to an instance of an object
  at PersistentMapClient.Helper.GetFactionName (PersistentMapAPI.Domain.StarSystem system, System.String faction) [0x0001b] in <8efdb6cff32447598d55d3b291e2bab5>:0 
2024-09-15T22:30:57 - GetFactionName exception on system [PersistentMapAPI.Domain.StarSystem] faction [1009]
2024-09-15T22:30:57 - System.NullReferenceException: Object reference not set to an instance of an object
  at PersistentMapClient.Helper.GetFactionName (PersistentMapAPI.Domain.StarSystem system, System.String faction) [0x0001b] in <8efdb6cff32447598d55d3b291e2bab5>:0 
2024-09-15T22:30:57 - GetFactionName exception on system [PersistentMapAPI.Domain.StarSystem] faction [1016]
2024-09-15T22:30:57 - Jump Point 351 changing new owner to ClanCloudCobra
2024-09-15T22:30:57 - System.NullReferenceException: Object reference not set to an instance of an object
  at PersistentMapClient.Helper.GetFactionName (PersistentMapAPI.Domain.StarSystem system, System.String faction) [0x0001b] in <8efdb6cff32447598d55d3b291e2bab5>:0 
2024-09-15T22:30:57 - GetFactionName exception on system [PersistentMapAPI.Domain.StarSystem] faction [1014]
2024-09-15T22:30:57 - Jump Point 352 changing new owner to ClanSnowRaven
2024-09-15T22:30:57 - System.NullReferenceException: Object reference not set to an instance of an object
  at PersistentMapClient.Helper.GetFactionName (PersistentMapAPI.Domain.StarSystem system, System.String faction) [0x0001b] in <8efdb6cff32447598d55d3b291e2bab5>:0 
2024-09-15T22:30:57 - GetFactionName exception on system [PersistentMapAPI.Domain.StarSystem] faction [1014]
2024-09-15T22:30:57 - Jump Point 353 changing new owner to ClanSnowRaven
2024-09-15T22:30:57 - System.NullReferenceException: Object reference not set to an instance of an object
  at PersistentMapClient.Helper.GetFactionName (PersistentMapAPI.Domain.StarSystem system, System.String faction) [0x0001b] in <8efdb6cff32447598d55d3b291e2bab5>:0 
2024-09-15T22:30:57 - GetFactionName exception on system [PersistentMapAPI.Domain.StarSystem] faction [1014]
2024-09-15T22:30:57 - System.NullReferenceException: Object reference not set to an instance of an object
  at PersistentMapClient.Helper.GetFactionName (PersistentMapAPI.Domain.StarSystem system, System.String faction) [0x0001b] in <8efdb6cff32447598d55d3b291e2bab5>:0 
2024-09-15T22:30:57 - GetFactionName exception on system [PersistentMapAPI.Domain.StarSystem] faction [1005]
2024-09-15T22:30:57 - Jump Point 355 changing new owner to Hanse
2024-09-15T22:30:57 - System.NullReferenceException: Object reference not set to an instance of an object
  at PersistentMapClient.Helper.GetFactionName (PersistentMapAPI.Domain.StarSystem system, System.String faction) [0x0001b] in <8efdb6cff32447598d55d3b291e2bab5>:0 
2024-09-15T22:30:57 - GetFactionName exception on system [PersistentMapAPI.Domain.StarSystem] faction [1005]
2024-09-15T22:30:57 - Jump Point 356 changing new owner to Hanse
2024-09-15T22:30:57 - Jump Point 363 changing new owner to TaurianConcordat
2024-09-15T22:30:57 - Jump Point 364 changing new owner to TaurianConcordat
2024-09-15T22:30:57 - System.NullReferenceException: Object reference not set to an instance of an object
  at PersistentMapClient.Helper.GetFactionName (PersistentMapAPI.Domain.StarSystem system, System.String faction) [0x0001b] in <8efdb6cff32447598d55d3b291e2bab5>:0 
2024-09-15T22:30:57 - GetFactionName exception on system [PersistentMapAPI.Domain.StarSystem] faction [1005]
2024-09-15T22:30:57 - Jump Point 367 changing new owner to Hanse
2024-09-15T22:30:57 - System.NullReferenceException: Object reference not set to an instance of an object
  at PersistentMapClient.Helper.GetFactionName (PersistentMapAPI.Domain.StarSystem system, System.String faction) [0x0001b] in <8efdb6cff32447598d55d3b291e2bab5>:0 
2024-09-15T22:30:57 - GetFactionName exception on system [PersistentMapAPI.Domain.StarSystem] faction [1005]
2024-09-15T22:30:57 - Jump Point 368 changing new owner to Hanse
2024-09-15T22:30:57 - System.NullReferenceException: Object reference not set to an instance of an object
  at PersistentMapClient.Helper.GetFactionName (PersistentMapAPI.Domain.StarSystem system, System.String faction) [0x0001b] in <8efdb6cff32447598d55d3b291e2bab5>:0 
2024-09-15T22:30:57 - GetFactionName exception on system [PersistentMapAPI.Domain.StarSystem] faction [1005]
2024-09-15T22:30:57 - System.NullReferenceException: Object reference not set to an instance of an object
  at PersistentMapClient.Helper.GetFactionName (PersistentMapAPI.Domain.StarSystem system, System.String faction) [0x0001b] in <8efdb6cff32447598d55d3b291e2bab5>:0 
2024-09-15T22:30:57 - GetFactionName exception on system [PersistentMapAPI.Domain.StarSystem] faction [1005]
2024-09-15T22:30:57 - Jump Point 370 changing new owner to Hanse
2024-09-15T22:30:57 - System.NullReferenceException: Object reference not set to an instance of an object
  at PersistentMapClient.Helper.GetFactionName (PersistentMapAPI.Domain.StarSystem system, System.String faction) [0x0001b] in <8efdb6cff32447598d55d3b291e2bab5>:0 
2024-09-15T22:30:57 - GetFactionName exception on system [PersistentMapAPI.Domain.StarSystem] faction [1005]
2024-09-15T22:30:57 - System.NullReferenceException: Object reference not set to an instance of an object
  at PersistentMapClient.Helper.GetFactionName (PersistentMapAPI.Domain.StarSystem system, System.String faction) [0x0001b] in <8efdb6cff32447598d55d3b291e2bab5>:0 
2024-09-15T22:30:57 - GetFactionName exception on system [PersistentMapAPI.Domain.StarSystem] faction [1005]
2024-09-15T22:30:57 - Jump Point 372 changing new owner to Hanse
2024-09-15T22:30:57 - System.NullReferenceException: Object reference not set to an instance of an object
  at PersistentMapClient.Helper.GetFactionName (PersistentMapAPI.Domain.StarSystem system, System.String faction) [0x0001b] in <8efdb6cff32447598d55d3b291e2bab5>:0 
2024-09-15T22:30:57 - GetFactionName exception on system [PersistentMapAPI.Domain.StarSystem] faction [1005]
2024-09-15T22:30:57 - System.NullReferenceException: Object reference not set to an instance of an object
  at PersistentMapClient.Helper.GetFactionName (PersistentMapAPI.Domain.StarSystem system, System.String faction) [0x0001b] in <8efdb6cff32447598d55d3b291e2bab5>:0 
2024-09-15T22:30:57 - GetFactionName exception on system [PersistentMapAPI.Domain.StarSystem] faction [1005]
2024-09-15T22:30:57 - Jump Point 374 changing new owner to Hanse
2024-09-15T22:30:57 - System.NullReferenceException: Object reference not set to an instance of an object
  at PersistentMapClient.Helper.GetFactionName (PersistentMapAPI.Domain.StarSystem system, System.String faction) [0x0001b] in <8efdb6cff32447598d55d3b291e2bab5>:0 
2024-09-15T22:30:57 - GetFactionName exception on system [PersistentMapAPI.Domain.StarSystem] faction [1005]
2024-09-15T22:30:57 - System.NullReferenceException: Object reference not set to an instance of an object
  at PersistentMapClient.Helper.GetFactionName (PersistentMapAPI.Domain.StarSystem system, System.String faction) [0x0001b] in <8efdb6cff32447598d55d3b291e2bab5>:0 
2024-09-15T22:30:57 - GetFactionName exception on system [PersistentMapAPI.Domain.StarSystem] faction [1020]
2024-09-15T22:30:57 - Jump Point 379 changing new owner to Tortuga
2024-09-15T22:30:57 - System.NullReferenceException: Object reference not set to an instance of an object
  at PersistentMapClient.Helper.GetFactionName (PersistentMapAPI.Domain.StarSystem system, System.String faction) [0x0001b] in <8efdb6cff32447598d55d3b291e2bab5>:0 
2024-09-15T22:30:57 - GetFactionName exception on system [PersistentMapAPI.Domain.StarSystem] faction [1020]
2024-09-15T22:30:57 - Jump Point 380 changing new owner to Tortuga
2024-09-15T22:30:57 - System.NullReferenceException: Object reference not set to an instance of an object
  at PersistentMapClient.Helper.GetFactionName (PersistentMapAPI.Domain.StarSystem system, System.String faction) [0x0001b] in <8efdb6cff32447598d55d3b291e2bab5>:0 
2024-09-15T22:30:57 - GetFactionName exception on system [PersistentMapAPI.Domain.StarSystem] faction [1020]
2024-09-15T22:30:57 - Jump Point 381 changing new owner to Tortuga
2024-09-15T22:30:57 - System.NullReferenceException: Object reference not set to an instance of an object
  at PersistentMapClient.Helper.GetFactionName (PersistentMapAPI.Domain.StarSystem system, System.String faction) [0x0001b] in <8efdb6cff32447598d55d3b291e2bab5>:0 
2024-09-15T22:30:57 - GetFactionName exception on system [PersistentMapAPI.Domain.StarSystem] faction [1020]
2024-09-15T22:30:57 - Jump Point 395 changing new owner to Tortuga
2024-09-15T22:30:57 - System.NullReferenceException: Object reference not set to an instance of an object
  at PersistentMapClient.Helper.GetFactionName (PersistentMapAPI.Domain.StarSystem system, System.String faction) [0x0001b] in <8efdb6cff32447598d55d3b291e2bab5>:0 
2024-09-15T22:30:57 - GetFactionName exception on system [PersistentMapAPI.Domain.StarSystem] faction [1005]
2024-09-15T22:30:57 - Jump Point 396 changing new owner to Hanse
2024-09-15T22:30:57 - System.NullReferenceException: Object reference not set to an instance of an object
  at PersistentMapClient.Helper.GetFactionName (PersistentMapAPI.Domain.StarSystem system, System.String faction) [0x0001b] in <8efdb6cff32447598d55d3b291e2bab5>:0 
2024-09-15T22:30:57 - GetFactionName exception on system [PersistentMapAPI.Domain.StarSystem] faction [1005]
2024-09-15T22:30:57 - System.NullReferenceException: Object reference not set to an instance of an object
  at PersistentMapClient.Helper.GetFactionName (PersistentMapAPI.Domain.StarSystem system, System.String faction) [0x0001b] in <8efdb6cff32447598d55d3b291e2bab5>:0 
2024-09-15T22:30:57 - GetFactionName exception on system [PersistentMapAPI.Domain.StarSystem] faction [1005]
2024-09-15T22:30:57 - System.NullReferenceException: Object reference not set to an instance of an object
  at PersistentMapClient.Helper.GetFactionName (PersistentMapAPI.Domain.StarSystem system, System.String faction) [0x0001b] in <8efdb6cff32447598d55d3b291e2bab5>:0 
2024-09-15T22:30:57 - GetFactionName exception on system [PersistentMapAPI.Domain.StarSystem] faction [1005]
2024-09-15T22:30:57 - Jump Point 399 changing new owner to Hanse
2024-09-15T22:30:57 - System.NullReferenceException: Object reference not set to an instance of an object
  at PersistentMapClient.Helper.GetFactionName (PersistentMapAPI.Domain.StarSystem system, System.String faction) [0x0001b] in <8efdb6cff32447598d55d3b291e2bab5>:0 
2024-09-15T22:30:57 - GetFactionName exception on system [PersistentMapAPI.Domain.StarSystem] faction [1005]
2024-09-15T22:30:57 - System.NullReferenceException: Object reference not set to an instance of an object
  at PersistentMapClient.Helper.GetFactionName (PersistentMapAPI.Domain.StarSystem system, System.String faction) [0x0001b] in <8efdb6cff32447598d55d3b291e2bab5>:0 
2024-09-15T22:30:57 - GetFactionName exception on system [PersistentMapAPI.Domain.StarSystem] faction [1030]
2024-09-15T22:30:57 - Jump Point 401 changing new owner to ClanStarAdder
2024-09-15T22:30:57 - System.NullReferenceException: Object reference not set to an instance of an object
  at PersistentMapClient.Helper.GetFactionName (PersistentMapAPI.Domain.StarSystem system, System.String faction) [0x0001b] in <8efdb6cff32447598d55d3b291e2bab5>:0 
2024-09-15T22:30:57 - GetFactionName exception on system [PersistentMapAPI.Domain.StarSystem] faction [1022]
2024-09-15T22:30:57 - Jump Point 402 changing new owner to ClanJadeFalcon
2024-09-15T22:30:57 - System.NullReferenceException: Object reference not set to an instance of an object
  at PersistentMapClient.Helper.GetFactionName (PersistentMapAPI.Domain.StarSystem system, System.String faction) [0x0001b] in <8efdb6cff32447598d55d3b291e2bab5>:0 
2024-09-15T22:30:57 - GetFactionName exception on system [PersistentMapAPI.Domain.StarSystem] faction [1028]
2024-09-15T22:30:57 - System.NullReferenceException: Object reference not set to an instance of an object
  at PersistentMapClient.Helper.GetFactionName (PersistentMapAPI.Domain.StarSystem system, System.String faction) [0x0001b] in <8efdb6cff32447598d55d3b291e2bab5>:0 
2024-09-15T22:30:57 - GetFactionName exception on system [PersistentMapAPI.Domain.StarSystem] faction [1023]
2024-09-15T22:30:57 - System.NullReferenceException: Object reference not set to an instance of an object
  at PersistentMapClient.Helper.GetFactionName (PersistentMapAPI.Domain.StarSystem system, System.String faction) [0x0001b] in <8efdb6cff32447598d55d3b291e2bab5>:0 
2024-09-15T22:30:57 - GetFactionName exception on system [PersistentMapAPI.Domain.StarSystem] faction [1022]
2024-09-15T22:30:57 - Jump Point 403 changing new owner to ClanWolf
2024-09-15T22:30:57 - System.NullReferenceException: Object reference not set to an instance of an object
  at PersistentMapClient.Helper.GetFactionName (PersistentMapAPI.Domain.StarSystem system, System.String faction) [0x0001b] in <8efdb6cff32447598d55d3b291e2bab5>:0 
2024-09-15T22:30:57 - GetFactionName exception on system [PersistentMapAPI.Domain.StarSystem] faction [1017]
2024-09-15T22:30:57 - Jump Point 404 changing new owner to ClanDiamondShark
2024-09-15T22:30:57 - System.NullReferenceException: Object reference not set to an instance of an object
  at PersistentMapClient.Helper.GetFactionName (PersistentMapAPI.Domain.StarSystem system, System.String faction) [0x0001b] in <8efdb6cff32447598d55d3b291e2bab5>:0 
2024-09-15T22:30:57 - GetFactionName exception on system [PersistentMapAPI.Domain.StarSystem] faction [1007]
2024-09-15T22:30:57 - Jump Point 405 changing new owner to ClanGhostBear
2024-09-15T22:30:57 - System.NullReferenceException: Object reference not set to an instance of an object
  at PersistentMapClient.Helper.GetFactionName (PersistentMapAPI.Domain.StarSystem system, System.String faction) [0x0001b] in <8efdb6cff32447598d55d3b291e2bab5>:0 
2024-09-15T22:30:57 - GetFactionName exception on system [PersistentMapAPI.Domain.StarSystem] faction [1022]
2024-09-15T22:30:57 - Jump Point 406 changing new owner to ClanJadeFalcon
2024-09-15T22:30:57 - System.NullReferenceException: Object reference not set to an instance of an object
  at PersistentMapClient.Helper.GetFactionName (PersistentMapAPI.Domain.StarSystem system, System.String faction) [0x0001b] in <8efdb6cff32447598d55d3b291e2bab5>:0 
2024-09-15T22:30:57 - GetFactionName exception on system [PersistentMapAPI.Domain.StarSystem] faction [1005]
2024-09-15T22:30:57 - System.NullReferenceException: Object reference not set to an instance of an object
  at PersistentMapClient.Helper.GetFactionName (PersistentMapAPI.Domain.StarSystem system, System.String faction) [0x0001b] in <8efdb6cff32447598d55d3b291e2bab5>:0 
2024-09-15T22:30:57 - GetFactionName exception on system [PersistentMapAPI.Domain.StarSystem] faction [1005]
2024-09-15T22:30:57 - System.NullReferenceException: Object reference not set to an instance of an object
  at PersistentMapClient.Helper.GetFactionName (PersistentMapAPI.Domain.StarSystem system, System.String faction) [0x0001b] in <8efdb6cff32447598d55d3b291e2bab5>:0 
2024-09-15T22:30:57 - GetFactionName exception on system [PersistentMapAPI.Domain.StarSystem] faction [1007]
2024-09-15T22:30:57 - Jump Point 411 changing new owner to ClanGhostBear
2024-09-15T22:30:57 - System.NullReferenceException: Object reference not set to an instance of an object
  at PersistentMapClient.Helper.GetFactionName (PersistentMapAPI.Domain.StarSystem system, System.String faction) [0x0001b] in <8efdb6cff32447598d55d3b291e2bab5>:0 
2024-09-15T22:30:57 - GetFactionName exception on system [PersistentMapAPI.Domain.StarSystem] faction [1030]
2024-09-15T22:30:57 - Jump Point 412 changing new owner to ClanStarAdder
2024-09-15T22:30:57 - System.NullReferenceException: Object reference not set to an instance of an object
  at PersistentMapClient.Helper.GetFactionName (PersistentMapAPI.Domain.StarSystem system, System.String faction) [0x0001b] in <8efdb6cff32447598d55d3b291e2bab5>:0 
2024-09-15T22:30:57 - GetFactionName exception on system [PersistentMapAPI.Domain.StarSystem] faction [1022]
2024-09-15T22:30:57 - Jump Point 413 changing new owner to ClanJadeFalcon
2024-09-15T22:30:57 - System.NullReferenceException: Object reference not set to an instance of an object
  at PersistentMapClient.Helper.GetFactionName (PersistentMapAPI.Domain.StarSystem system, System.String faction) [0x0001b] in <8efdb6cff32447598d55d3b291e2bab5>:0 
2024-09-15T22:30:57 - GetFactionName exception on system [PersistentMapAPI.Domain.StarSystem] faction [1022]
2024-09-15T22:30:57 - Jump Point 414 changing new owner to ClanJadeFalcon
2024-09-15T22:30:57 - System.NullReferenceException: Object reference not set to an instance of an object
  at PersistentMapClient.Helper.GetFactionName (PersistentMapAPI.Domain.StarSystem system, System.String faction) [0x0001b] in <8efdb6cff32447598d55d3b291e2bab5>:0 
2024-09-15T22:30:57 - GetFactionName exception on system [PersistentMapAPI.Domain.StarSystem] faction [1023]
2024-09-15T22:30:57 - System.NullReferenceException: Object reference not set to an instance of an object
  at PersistentMapClient.Helper.GetFactionName (PersistentMapAPI.Domain.StarSystem system, System.String faction) [0x0001b] in <8efdb6cff32447598d55d3b291e2bab5>:0 
2024-09-15T22:30:57 - GetFactionName exception on system [PersistentMapAPI.Domain.StarSystem] faction [1008]
2024-09-15T22:30:57 - Jump Point 415 changing new owner to ClanSmokeJaguar
2024-09-15T22:30:57 - System.NullReferenceException: Object reference not set to an instance of an object
  at PersistentMapClient.Helper.GetFactionName (PersistentMapAPI.Domain.StarSystem system, System.String faction) [0x0001b] in <8efdb6cff32447598d55d3b291e2bab5>:0 
2024-09-15T22:30:57 - GetFactionName exception on system [PersistentMapAPI.Domain.StarSystem] faction [1023]
2024-09-15T22:30:57 - System.NullReferenceException: Object reference not set to an instance of an object
  at PersistentMapClient.Helper.GetFactionName (PersistentMapAPI.Domain.StarSystem system, System.String faction) [0x0001b] in <8efdb6cff32447598d55d3b291e2bab5>:0 
2024-09-15T22:30:57 - GetFactionName exception on system [PersistentMapAPI.Domain.StarSystem] faction [1008]
2024-09-15T22:30:57 - System.NullReferenceException: Object reference not set to an instance of an object
  at PersistentMapClient.Helper.GetFactionName (PersistentMapAPI.Domain.StarSystem system, System.String faction) [0x0001b] in <8efdb6cff32447598d55d3b291e2bab5>:0 
2024-09-15T22:30:57 - GetFactionName exception on system [PersistentMapAPI.Domain.StarSystem] faction [1019]
2024-09-15T22:30:57 - Jump Point 417 changing new owner to ClanSmokeJaguar
2024-09-15T22:30:57 - System.NullReferenceException: Object reference not set to an instance of an object
  at PersistentMapClient.Helper.GetFactionName (PersistentMapAPI.Domain.StarSystem system, System.String faction) [0x0001b] in <8efdb6cff32447598d55d3b291e2bab5>:0 
2024-09-15T22:30:57 - GetFactionName exception on system [PersistentMapAPI.Domain.StarSystem] faction [1028]
2024-09-15T22:30:57 - System.NullReferenceException: Object reference not set to an instance of an object
  at PersistentMapClient.Helper.GetFactionName (PersistentMapAPI.Domain.StarSystem system, System.String faction) [0x0001b] in <8efdb6cff32447598d55d3b291e2bab5>:0 
2024-09-15T22:30:57 - GetFactionName exception on system [PersistentMapAPI.Domain.StarSystem] faction [1005]
2024-09-15T22:30:57 - System.NullReferenceException: Object reference not set to an instance of an object
  at PersistentMapClient.Helper.GetFactionName (PersistentMapAPI.Domain.StarSystem system, System.String faction) [0x0001b] in <8efdb6cff32447598d55d3b291e2bab5>:0 
2024-09-15T22:30:57 - GetFactionName exception on system [PersistentMapAPI.Domain.StarSystem] faction [1002]
2024-09-15T22:30:57 - System.NullReferenceException: Object reference not set to an instance of an object
  at PersistentMapClient.Helper.GetFactionName (PersistentMapAPI.Domain.StarSystem system, System.String faction) [0x0001b] in <8efdb6cff32447598d55d3b291e2bab5>:0 
2024-09-15T22:30:57 - GetFactionName exception on system [PersistentMapAPI.Domain.StarSystem] faction [1010]
2024-09-15T22:30:57 - Jump Point 500 changing new owner to ClanNovaCat
2024-09-15T22:30:57 - System.NullReferenceException: Object reference not set to an instance of an object
  at PersistentMapClient.Helper.GetFactionName (PersistentMapAPI.Domain.StarSystem system, System.String faction) [0x0001b] in <8efdb6cff32447598d55d3b291e2bab5>:0 
2024-09-15T22:30:57 - GetFactionName exception on system [PersistentMapAPI.Domain.StarSystem] faction [1010]
2024-09-15T22:30:57 - Jump Point 501 changing new owner to ClanNovaCat
2024-09-15T22:30:57 - System.NullReferenceException: Object reference not set to an instance of an object
  at PersistentMapClient.Helper.GetFactionName (PersistentMapAPI.Domain.StarSystem system, System.String faction) [0x0001b] in <8efdb6cff32447598d55d3b291e2bab5>:0 
2024-09-15T22:30:57 - GetFactionName exception on system [PersistentMapAPI.Domain.StarSystem] faction [1005]
2024-09-15T22:30:57 - System.NullReferenceException: Object reference not set to an instance of an object
  at PersistentMapClient.Helper.GetFactionName (PersistentMapAPI.Domain.StarSystem system, System.String faction) [0x0001b] in <8efdb6cff32447598d55d3b291e2bab5>:0 
2024-09-15T22:30:57 - GetFactionName exception on system [PersistentMapAPI.Domain.StarSystem] faction [1005]
2024-09-15T22:30:57 - Jump Point 503 changing new owner to Hanse
2024-09-15T22:30:57 - System.NullReferenceException: Object reference not set to an instance of an object
  at PersistentMapClient.Helper.GetFactionName (PersistentMapAPI.Domain.StarSystem system, System.String faction) [0x0001b] in <8efdb6cff32447598d55d3b291e2bab5>:0 
2024-09-15T22:30:57 - GetFactionName exception on system [PersistentMapAPI.Domain.StarSystem] faction [1005]
2024-09-15T22:30:57 - Jump Point 504 changing new owner to Hanse
2024-09-15T22:30:57 - System.NullReferenceException: Object reference not set to an instance of an object
  at PersistentMapClient.Helper.GetFactionName (PersistentMapAPI.Domain.StarSystem system, System.String faction) [0x0001b] in <8efdb6cff32447598d55d3b291e2bab5>:0 
2024-09-15T22:30:57 - GetFactionName exception on system [PersistentMapAPI.Domain.StarSystem] faction [1005]
2024-09-15T22:30:57 - System.NullReferenceException: Object reference not set to an instance of an object
  at PersistentMapClient.Helper.GetFactionName (PersistentMapAPI.Domain.StarSystem system, System.String faction) [0x0001b] in <8efdb6cff32447598d55d3b291e2bab5>:0 
2024-09-15T22:30:57 - GetFactionName exception on system [PersistentMapAPI.Domain.StarSystem] faction [1005]
2024-09-15T22:30:57 - System.NullReferenceException: Object reference not set to an instance of an object
  at PersistentMapClient.Helper.GetFactionName (PersistentMapAPI.Domain.StarSystem system, System.String faction) [0x0001b] in <8efdb6cff32447598d55d3b291e2bab5>:0 
2024-09-15T22:30:57 - GetFactionName exception on system [PersistentMapAPI.Domain.StarSystem] faction [1005]
2024-09-15T22:30:57 - System.NullReferenceException: Object reference not set to an instance of an object
  at PersistentMapClient.Helper.GetFactionName (PersistentMapAPI.Domain.StarSystem system, System.String faction) [0x0001b] in <8efdb6cff32447598d55d3b291e2bab5>:0 
2024-09-15T22:30:57 - GetFactionName exception on system [PersistentMapAPI.Domain.StarSystem] faction [1005]
2024-09-15T22:30:57 - System.NullReferenceException: Object reference not set to an instance of an object
  at PersistentMapClient.Helper.GetFactionName (PersistentMapAPI.Domain.StarSystem system, System.String faction) [0x0001b] in <8efdb6cff32447598d55d3b291e2bab5>:0 
2024-09-15T22:30:57 - GetFactionName exception on system [PersistentMapAPI.Domain.StarSystem] faction [1005]
2024-09-15T22:30:57 - System.NullReferenceException: Object reference not set to an instance of an object
  at PersistentMapClient.Helper.GetFactionName (PersistentMapAPI.Domain.StarSystem system, System.String faction) [0x0001b] in <8efdb6cff32447598d55d3b291e2bab5>:0 
2024-09-15T22:30:57 - GetFactionName exception on system [PersistentMapAPI.Domain.StarSystem] faction [1005]
2024-09-15T22:30:57 - System.NullReferenceException: Object reference not set to an instance of an object
  at PersistentMapClient.Helper.GetFactionName (PersistentMapAPI.Domain.StarSystem system, System.String faction) [0x0001b] in <8efdb6cff32447598d55d3b291e2bab5>:0 
2024-09-15T22:30:57 - GetFactionName exception on system [PersistentMapAPI.Domain.StarSystem] faction [1005]
2024-09-15T22:30:57 - System.NullReferenceException: Object reference not set to an instance of an object
  at PersistentMapClient.Helper.GetFactionName (PersistentMapAPI.Domain.StarSystem system, System.String faction) [0x0001b] in <8efdb6cff32447598d55d3b291e2bab5>:0 
2024-09-15T22:30:57 - GetFactionName exception on system [PersistentMapAPI.Domain.StarSystem] faction [1005]
2024-09-15T22:30:57 - System.NullReferenceException: Object reference not set to an instance of an object
  at PersistentMapClient.Helper.GetFactionName (PersistentMapAPI.Domain.StarSystem system, System.String faction) [0x0001b] in <8efdb6cff32447598d55d3b291e2bab5>:0 
2024-09-15T22:30:57 - GetFactionName exception on system [PersistentMapAPI.Domain.StarSystem] faction [1020]
2024-09-15T22:30:57 - Jump Point52 changing new owner to Tortuga
2024-09-15T22:30:57 - System.NullReferenceException: Object reference not set to an instance of an object
  at PersistentMapClient.Helper.GetFactionName (PersistentMapAPI.Domain.StarSystem system, System.String faction) [0x0001b] in <8efdb6cff32447598d55d3b291e2bab5>:0 
2024-09-15T22:30:57 - GetFactionName exception on system [PersistentMapAPI.Domain.StarSystem] faction [1026]
2024-09-15T22:30:57 - System.NullReferenceException: Object reference not set to an instance of an object
  at PersistentMapClient.Helper.GetFactionName (PersistentMapAPI.Domain.StarSystem system, System.String faction) [0x0001b] in <8efdb6cff32447598d55d3b291e2bab5>:0 
2024-09-15T22:30:57 - GetFactionName exception on system [PersistentMapAPI.Domain.StarSystem] faction [1026]
2024-09-15T22:30:57 - Jump Point 522 changing new owner to Axumite
2024-09-15T22:30:57 - System.NullReferenceException: Object reference not set to an instance of an object
  at PersistentMapClient.Helper.GetFactionName (PersistentMapAPI.Domain.StarSystem system, System.String faction) [0x0001b] in <8efdb6cff32447598d55d3b291e2bab5>:0 
2024-09-15T22:30:57 - GetFactionName exception on system [PersistentMapAPI.Domain.StarSystem] faction [1026]
2024-09-15T22:30:57 - Jump Point 523 changing new owner to Axumite
2024-09-15T22:30:57 - System.NullReferenceException: Object reference not set to an instance of an object
  at PersistentMapClient.Helper.GetFactionName (PersistentMapAPI.Domain.StarSystem system, System.String faction) [0x0001b] in <8efdb6cff32447598d55d3b291e2bab5>:0 
2024-09-15T22:30:57 - GetFactionName exception on system [PersistentMapAPI.Domain.StarSystem] faction [1026]
2024-09-15T22:30:57 - Jump Point 524 changing new owner to Axumite
2024-09-15T22:30:57 - System.NullReferenceException: Object reference not set to an instance of an object
  at PersistentMapClient.Helper.GetFactionName (PersistentMapAPI.Domain.StarSystem system, System.String faction) [0x0001b] in <8efdb6cff32447598d55d3b291e2bab5>:0 
2024-09-15T22:30:57 - GetFactionName exception on system [PersistentMapAPI.Domain.StarSystem] faction [1026]
2024-09-15T22:30:57 - System.NullReferenceException: Object reference not set to an instance of an object
  at PersistentMapClient.Helper.GetFactionName (PersistentMapAPI.Domain.StarSystem system, System.String faction) [0x0001b] in <8efdb6cff32447598d55d3b291e2bab5>:0 
2024-09-15T22:30:57 - GetFactionName exception on system [PersistentMapAPI.Domain.StarSystem] faction [1014]
2024-09-15T22:30:57 - System.NullReferenceException: Object reference not set to an instance of an object
  at PersistentMapClient.Helper.GetFactionName (PersistentMapAPI.Domain.StarSystem system, System.String faction) [0x0001b] in <8efdb6cff32447598d55d3b291e2bab5>:0 
2024-09-15T22:30:57 - GetFactionName exception on system [PersistentMapAPI.Domain.StarSystem] faction [1010]
2024-09-15T22:30:57 - Jump Point 526 changing new owner to ClanNovaCat
2024-09-15T22:30:57 - System.NullReferenceException: Object reference not set to an instance of an object
  at PersistentMapClient.Helper.GetFactionName (PersistentMapAPI.Domain.StarSystem system, System.String faction) [0x0001b] in <8efdb6cff32447598d55d3b291e2bab5>:0 
2024-09-15T22:30:57 - GetFactionName exception on system [PersistentMapAPI.Domain.StarSystem] faction [1010]
2024-09-15T22:30:57 - Jump Point 527 changing new owner to ClanNovaCat
2024-09-15T22:30:57 - System.NullReferenceException: Object reference not set to an instance of an object
  at PersistentMapClient.Helper.GetFactionName (PersistentMapAPI.Domain.StarSystem system, System.String faction) [0x0001b] in <8efdb6cff32447598d55d3b291e2bab5>:0 
2024-09-15T22:30:57 - GetFactionName exception on system [PersistentMapAPI.Domain.StarSystem] faction [1020]
2024-09-15T22:30:57 - Jump Point53 changing new owner to Tortuga
2024-09-15T22:30:57 - System.NullReferenceException: Object reference not set to an instance of an object
  at PersistentMapClient.Helper.GetFactionName (PersistentMapAPI.Domain.StarSystem system, System.String faction) [0x0001b] in <8efdb6cff32447598d55d3b291e2bab5>:0 
2024-09-15T22:30:57 - GetFactionName exception on system [PersistentMapAPI.Domain.StarSystem] faction [1001]
2024-09-15T22:30:57 - System.NullReferenceException: Object reference not set to an instance of an object
  at PersistentMapClient.Helper.GetFactionName (PersistentMapAPI.Domain.StarSystem system, System.String faction) [0x0001b] in <8efdb6cff32447598d55d3b291e2bab5>:0 
2024-09-15T22:30:57 - GetFactionName exception on system [PersistentMapAPI.Domain.StarSystem] faction [1001]
2024-09-15T22:30:57 - Jump Point 548 changing new owner to Marian
2024-09-15T22:30:57 - System.NullReferenceException: Object reference not set to an instance of an object
  at PersistentMapClient.Helper.GetFactionName (PersistentMapAPI.Domain.StarSystem system, System.String faction) [0x0001b] in <8efdb6cff32447598d55d3b291e2bab5>:0 
2024-09-15T22:30:57 - GetFactionName exception on system [PersistentMapAPI.Domain.StarSystem] faction [1001]
2024-09-15T22:30:57 - System.NullReferenceException: Object reference not set to an instance of an object
  at PersistentMapClient.Helper.GetFactionName (PersistentMapAPI.Domain.StarSystem system, System.String faction) [0x0001b] in <8efdb6cff32447598d55d3b291e2bab5>:0 
2024-09-15T22:30:57 - GetFactionName exception on system [PersistentMapAPI.Domain.StarSystem] faction [1026]
2024-09-15T22:30:57 - Jump Point 550 changing new owner to Axumite
2024-09-15T22:30:57 - Jump Point78 changing new owner to ComStar
2024-09-15T22:30:57 - Jump Point79 changing new owner to ComStar
2024-09-15T22:30:57 - System.NullReferenceException: Object reference not set to an instance of an object
  at PersistentMapClient.Helper.GetFactionName (PersistentMapAPI.Domain.StarSystem system, System.String faction) [0x0001b] in <8efdb6cff32447598d55d3b291e2bab5>:0 
2024-09-15T22:30:57 - GetFactionName exception on system [PersistentMapAPI.Domain.StarSystem] faction [1003]
2024-09-15T22:30:57 - Kaldu changing new owner to Outworld
2024-09-15T22:30:57 - System.NullReferenceException: Object reference not set to an instance of an object
  at PersistentMapClient.Helper.GetFactionName (PersistentMapAPI.Domain.StarSystem system, System.String faction) [0x0001b] in <8efdb6cff32447598d55d3b291e2bab5>:0 
2024-09-15T22:30:57 - GetFactionName exception on system [PersistentMapAPI.Domain.StarSystem] faction [1005]
2024-09-15T22:30:57 - System.NullReferenceException: Object reference not set to an instance of an object
  at PersistentMapClient.Helper.GetFactionName (PersistentMapAPI.Domain.StarSystem system, System.String faction) [0x0001b] in <8efdb6cff32447598d55d3b291e2bab5>:0 
2024-09-15T22:30:57 - GetFactionName exception on system [PersistentMapAPI.Domain.StarSystem] faction [1005]
2024-09-15T22:30:57 - Kanto changing new owner to Kurita
2024-09-15T22:30:57 - System.NullReferenceException: Object reference not set to an instance of an object
  at PersistentMapClient.Helper.GetFactionName (PersistentMapAPI.Domain.StarSystem system, System.String faction) [0x0001b] in <8efdb6cff32447598d55d3b291e2bab5>:0 
2024-09-15T22:30:57 - GetFactionName exception on system [PersistentMapAPI.Domain.StarSystem] faction [1026]
2024-09-15T22:30:57 - Karbala changing new owner to Steiner
2024-09-15T22:30:57 - Karlstejn changing new owner to Marik
2024-09-15T22:30:57 - System.NullReferenceException: Object reference not set to an instance of an object
  at PersistentMapClient.Helper.GetFactionName (PersistentMapAPI.Domain.StarSystem system, System.String faction) [0x0001b] in <8efdb6cff32447598d55d3b291e2bab5>:0 
2024-09-15T22:30:57 - GetFactionName exception on system [PersistentMapAPI.Domain.StarSystem] faction [1004]
2024-09-15T22:30:57 - Katinka changing new owner to AuriganDirectorate
2024-09-15T22:30:57 - Kawich changing new owner to Liao
2024-09-15T22:30:57 - System.NullReferenceException: Object reference not set to an instance of an object
  at PersistentMapClient.Helper.GetFactionName (PersistentMapAPI.Domain.StarSystem system, System.String faction) [0x0001b] in <8efdb6cff32447598d55d3b291e2bab5>:0 
2024-09-15T22:30:57 - GetFactionName exception on system [PersistentMapAPI.Domain.StarSystem] faction [1003]
2024-09-15T22:30:57 - Kazanka changing new owner to Outworld
2024-09-15T22:30:57 - System.NullReferenceException: Object reference not set to an instance of an object
  at PersistentMapClient.Helper.GetFactionName (PersistentMapAPI.Domain.StarSystem system, System.String faction) [0x0001b] in <8efdb6cff32447598d55d3b291e2bab5>:0 
2024-09-15T22:30:57 - GetFactionName exception on system [PersistentMapAPI.Domain.StarSystem] faction [1026]
2024-09-15T22:30:57 - System.NullReferenceException: Object reference not set to an instance of an object
  at PersistentMapClient.Helper.GetFactionName (PersistentMapAPI.Domain.StarSystem system, System.String faction) [0x0001b] in <8efdb6cff32447598d55d3b291e2bab5>:0 
2024-09-15T22:30:57 - GetFactionName exception on system [PersistentMapAPI.Domain.StarSystem] faction [1026]
2024-09-15T22:30:57 - Keid changing new owner to ComStar
2024-09-15T22:30:57 - System.NullReferenceException: Object reference not set to an instance of an object
  at PersistentMapClient.Helper.GetFactionName (PersistentMapAPI.Domain.StarSystem system, System.String faction) [0x0001b] in <8efdb6cff32447598d55d3b291e2bab5>:0 
2024-09-15T22:30:57 - GetFactionName exception on system [PersistentMapAPI.Domain.StarSystem] faction [1027]
2024-09-15T22:30:57 - Kendall changing new owner to Illyrian
2024-09-15T22:30:57 - System.NullReferenceException: Object reference not set to an instance of an object
  at PersistentMapClient.Helper.GetFactionName (PersistentMapAPI.Domain.StarSystem system, System.String faction) [0x0001b] in <8efdb6cff32447598d55d3b291e2bab5>:0 
2024-09-15T22:30:57 - GetFactionName exception on system [PersistentMapAPI.Domain.StarSystem] faction [1003]
2024-09-15T22:30:57 - Kennard changing new owner to Outworld
2024-09-15T22:30:57 - Kern changing new owner to AuriganDirectorate
2024-09-15T22:30:57 - System.NullReferenceException: Object reference not set to an instance of an object
  at PersistentMapClient.Helper.GetFactionName (PersistentMapAPI.Domain.StarSystem system, System.String faction) [0x0001b] in <8efdb6cff32447598d55d3b291e2bab5>:0 
2024-09-15T22:30:57 - GetFactionName exception on system [PersistentMapAPI.Domain.StarSystem] faction [1015]
2024-09-15T22:30:57 - Khon Kaen changing new owner to Circinus
2024-09-15T22:30:57 - Kimball changing new owner to Steiner
2024-09-15T22:30:57 - Kimi changing new owner to AuriganDirectorate
2024-09-15T22:30:57 - System.NullReferenceException: Object reference not set to an instance of an object
  at PersistentMapClient.Helper.GetFactionName (PersistentMapAPI.Domain.StarSystem system, System.String faction) [0x0001b] in <8efdb6cff32447598d55d3b291e2bab5>:0 
2024-09-15T22:30:57 - GetFactionName exception on system [PersistentMapAPI.Domain.StarSystem] faction [1003]
2024-09-15T22:30:57 - System.NullReferenceException: Object reference not set to an instance of an object
  at PersistentMapClient.Helper.GetFactionName (PersistentMapAPI.Domain.StarSystem system, System.String faction) [0x0001b] in <8efdb6cff32447598d55d3b291e2bab5>:0 
2024-09-15T22:30:57 - GetFactionName exception on system [PersistentMapAPI.Domain.StarSystem] faction [1019]
2024-09-15T22:30:57 - System.NullReferenceException: Object reference not set to an instance of an object
  at PersistentMapClient.Helper.GetFactionName (PersistentMapAPI.Domain.StarSystem system, System.String faction) [0x0001b] in <8efdb6cff32447598d55d3b291e2bab5>:0 
2024-09-15T22:30:57 - GetFactionName exception on system [PersistentMapAPI.Domain.StarSystem] faction [1011]
2024-09-15T22:30:57 - Kiruna changing new owner to Kurita
2024-09-15T22:30:57 - Kittery changing new owner to ComStar
2024-09-15T22:30:57 - System.NullReferenceException: Object reference not set to an instance of an object
  at PersistentMapClient.Helper.GetFactionName (PersistentMapAPI.Domain.StarSystem system, System.String faction) [0x0001b] in <8efdb6cff32447598d55d3b291e2bab5>:0 
2024-09-15T22:30:57 - GetFactionName exception on system [PersistentMapAPI.Domain.StarSystem] faction [1003]
2024-09-15T22:30:57 - Ki Zoban changing new owner to Outworld
2024-09-15T22:30:57 - Klayne changing new owner to Liao
2024-09-15T22:30:57 - Ko changing new owner to ComStar
2024-09-15T22:30:57 - Kobe changing new owner to Kurita
2024-09-15T22:30:57 - System.NullReferenceException: Object reference not set to an instance of an object
  at PersistentMapClient.Helper.GetFactionName (PersistentMapAPI.Domain.StarSystem system, System.String faction) [0x0001b] in <8efdb6cff32447598d55d3b291e2bab5>:0 
2024-09-15T22:30:57 - GetFactionName exception on system [PersistentMapAPI.Domain.StarSystem] faction [1005]
2024-09-15T22:30:57 - System.NullReferenceException: Object reference not set to an instance of an object
  at PersistentMapClient.Helper.GetFactionName (PersistentMapAPI.Domain.StarSystem system, System.String faction) [0x0001b] in <8efdb6cff32447598d55d3b291e2bab5>:0 
2024-09-15T22:30:57 - GetFactionName exception on system [PersistentMapAPI.Domain.StarSystem] faction [1005]
2024-09-15T22:30:57 - System.NullReferenceException: Object reference not set to an instance of an object
  at PersistentMapClient.Helper.GetFactionName (PersistentMapAPI.Domain.StarSystem system, System.String faction) [0x0001b] in <8efdb6cff32447598d55d3b291e2bab5>:0 
2024-09-15T22:30:57 - GetFactionName exception on system [PersistentMapAPI.Domain.StarSystem] faction [1027]
2024-09-15T22:30:57 - Kogl changing new owner to Illyrian
2024-09-15T22:30:57 - Kohlman changing new owner to ComStar
2024-09-15T22:30:57 - System.NullReferenceException: Object reference not set to an instance of an object
  at PersistentMapClient.Helper.GetFactionName (PersistentMapAPI.Domain.StarSystem system, System.String faction) [0x0001b] in <8efdb6cff32447598d55d3b291e2bab5>:0 
2024-09-15T22:30:57 - GetFactionName exception on system [PersistentMapAPI.Domain.StarSystem] faction [1013]
2024-09-15T22:30:57 - Koskenkorva changing new owner to Chainelane
2024-09-15T22:30:57 - System.NullReferenceException: Object reference not set to an instance of an object
  at PersistentMapClient.Helper.GetFactionName (PersistentMapAPI.Domain.StarSystem system, System.String faction) [0x0001b] in <8efdb6cff32447598d55d3b291e2bab5>:0 
2024-09-15T22:30:57 - GetFactionName exception on system [PersistentMapAPI.Domain.StarSystem] faction [1003]
2024-09-15T22:30:57 - Kristiandsund changing new owner to Liao
2024-09-15T22:30:57 - System.NullReferenceException: Object reference not set to an instance of an object
  at PersistentMapClient.Helper.GetFactionName (PersistentMapAPI.Domain.StarSystem system, System.String faction) [0x0001b] in <8efdb6cff32447598d55d3b291e2bab5>:0 
2024-09-15T22:30:57 - GetFactionName exception on system [PersistentMapAPI.Domain.StarSystem] faction [1026]
2024-09-15T22:30:57 - Kujari changing new owner to Liao
2024-09-15T22:30:57 - System.NullReferenceException: Object reference not set to an instance of an object
  at PersistentMapClient.Helper.GetFactionName (PersistentMapAPI.Domain.StarSystem system, System.String faction) [0x0001b] in <8efdb6cff32447598d55d3b291e2bab5>:0 
2024-09-15T22:30:57 - GetFactionName exception on system [PersistentMapAPI.Domain.StarSystem] faction [1027]
2024-09-15T22:30:57 - Kutludugun changing new owner to Illyrian
2024-09-15T22:30:57 - System.NullReferenceException: Object reference not set to an instance of an object
  at PersistentMapClient.Helper.GetFactionName (PersistentMapAPI.Domain.StarSystem system, System.String faction) [0x0001b] in <8efdb6cff32447598d55d3b291e2bab5>:0 
2024-09-15T22:30:57 - GetFactionName exception on system [PersistentMapAPI.Domain.StarSystem] faction [1012]
2024-09-15T22:30:57 - Lackhove changing new owner to Steiner
2024-09-15T22:30:57 - System.NullReferenceException: Object reference not set to an instance of an object
  at PersistentMapClient.Helper.GetFactionName (PersistentMapAPI.Domain.StarSystem system, System.String faction) [0x0001b] in <8efdb6cff32447598d55d3b291e2bab5>:0 
2024-09-15T22:30:57 - GetFactionName exception on system [PersistentMapAPI.Domain.StarSystem] faction [1020]
2024-09-15T22:30:57 - Lackland changing new owner to Tortuga
2024-09-15T22:30:57 - Laconis changing new owner to AuriganDirectorate
2024-09-15T22:30:57 - System.NullReferenceException: Object reference not set to an instance of an object
  at PersistentMapClient.Helper.GetFactionName (PersistentMapAPI.Domain.StarSystem system, System.String faction) [0x0001b] in <8efdb6cff32447598d55d3b291e2bab5>:0 
2024-09-15T22:30:57 - GetFactionName exception on system [PersistentMapAPI.Domain.StarSystem] faction [1027]
2024-09-15T22:30:57 - Lahti changing new owner to Illyrian
2024-09-15T22:30:57 - Lamar changing new owner to Kurita
2024-09-15T22:30:57 - Lamu (Tunlmar 2822+) changing new owner to ComStar
2024-09-15T22:30:57 - System.NullReferenceException: Object reference not set to an instance of an object
  at PersistentMapClient.Helper.GetFactionName (PersistentMapAPI.Domain.StarSystem system, System.String faction) [0x0001b] in <8efdb6cff32447598d55d3b291e2bab5>:0 
2024-09-15T22:30:57 - GetFactionName exception on system [PersistentMapAPI.Domain.StarSystem] faction [1027]
2024-09-15T22:30:57 - Landfall changing new owner to Illyrian
2024-09-15T22:30:57 - Larsha changing new owner to AuriganDirectorate
2024-09-15T22:30:57 - System.NullReferenceException: Object reference not set to an instance of an object
  at PersistentMapClient.Helper.GetFactionName (PersistentMapAPI.Domain.StarSystem system, System.String faction) [0x0001b] in <8efdb6cff32447598d55d3b291e2bab5>:0 
2024-09-15T22:30:57 - GetFactionName exception on system [PersistentMapAPI.Domain.StarSystem] faction [1003]
2024-09-15T22:30:57 - Latexo changing new owner to Outworld
2024-09-15T22:30:57 - Laureles changing new owner to ComStar
2024-09-15T22:30:57 - System.NullReferenceException: Object reference not set to an instance of an object
  at PersistentMapClient.Helper.GetFactionName (PersistentMapAPI.Domain.StarSystem system, System.String faction) [0x0001b] in <8efdb6cff32447598d55d3b291e2bab5>:0 
2024-09-15T22:30:57 - GetFactionName exception on system [PersistentMapAPI.Domain.StarSystem] faction [1004]
2024-09-15T22:30:57 - System.NullReferenceException: Object reference not set to an instance of an object
  at PersistentMapClient.Helper.GetFactionName (PersistentMapAPI.Domain.StarSystem system, System.String faction) [0x0001b] in <8efdb6cff32447598d55d3b291e2bab5>:0 
2024-09-15T22:30:57 - GetFactionName exception on system [PersistentMapAPI.Domain.StarSystem] faction [1011]
2024-09-15T22:30:57 - Leoben changing new owner to Elysia
2024-09-15T22:30:57 - System.NullReferenceException: Object reference not set to an instance of an object
  at PersistentMapClient.Helper.GetFactionName (PersistentMapAPI.Domain.StarSystem system, System.String faction) [0x0001b] in <8efdb6cff32447598d55d3b291e2bab5>:0 
2024-09-15T22:30:57 - GetFactionName exception on system [PersistentMapAPI.Domain.StarSystem] faction [1006]
2024-09-15T22:30:57 - System.NullReferenceException: Object reference not set to an instance of an object
  at PersistentMapClient.Helper.GetFactionName (PersistentMapAPI.Domain.StarSystem system, System.String faction) [0x0001b] in <8efdb6cff32447598d55d3b291e2bab5>:0 
2024-09-15T22:30:57 - GetFactionName exception on system [PersistentMapAPI.Domain.StarSystem] faction [1027]
2024-09-15T22:30:57 - Lepaterique changing new owner to Illyrian
2024-09-15T22:30:57 - Les Halles changing new owner to Liao
2024-09-15T22:30:57 - System.NullReferenceException: Object reference not set to an instance of an object
  at PersistentMapClient.Helper.GetFactionName (PersistentMapAPI.Domain.StarSystem system, System.String faction) [0x0001b] in <8efdb6cff32447598d55d3b291e2bab5>:0 
2024-09-15T22:30:57 - GetFactionName exception on system [PersistentMapAPI.Domain.StarSystem] faction [1018]
2024-09-15T22:30:57 - System.NullReferenceException: Object reference not set to an instance of an object
  at PersistentMapClient.Helper.GetFactionName (PersistentMapAPI.Domain.StarSystem system, System.String faction) [0x0001b] in <8efdb6cff32447598d55d3b291e2bab5>:0 
2024-09-15T22:30:57 - GetFactionName exception on system [PersistentMapAPI.Domain.StarSystem] faction [1018]
2024-09-15T22:30:57 - Lindsay changing new owner to TaurianConcordat
2024-09-15T22:30:57 - Linhauiguan changing new owner to Liao
2024-09-15T22:30:57 - Lintz changing new owner to Steiner
2024-09-15T22:30:57 - Lipton changing new owner to ComStar
2024-09-15T22:30:57 - Liu's Memory changing new owner to Liao
2024-09-15T22:30:57 - Lockdale changing new owner to ComStar
2024-09-15T22:30:57 - System.NullReferenceException: Object reference not set to an instance of an object
  at PersistentMapClient.Helper.GetFactionName (PersistentMapAPI.Domain.StarSystem system, System.String faction) [0x0001b] in <8efdb6cff32447598d55d3b291e2bab5>:0 
2024-09-15T22:30:57 - GetFactionName exception on system [PersistentMapAPI.Domain.StarSystem] faction [1018]
2024-09-15T22:30:57 - System.NullReferenceException: Object reference not set to an instance of an object
  at PersistentMapClient.Helper.GetFactionName (PersistentMapAPI.Domain.StarSystem system, System.String faction) [0x0001b] in <8efdb6cff32447598d55d3b291e2bab5>:0 
2024-09-15T22:30:57 - GetFactionName exception on system [PersistentMapAPI.Domain.StarSystem] faction [1008]
2024-09-15T22:30:57 - System.NullReferenceException: Object reference not set to an instance of an object
  at PersistentMapClient.Helper.GetFactionName (PersistentMapAPI.Domain.StarSystem system, System.String faction) [0x0001b] in <8efdb6cff32447598d55d3b291e2bab5>:0 
2024-09-15T22:30:57 - GetFactionName exception on system [PersistentMapAPI.Domain.StarSystem] faction [1003]
2024-09-15T22:30:57 - System.NullReferenceException: Object reference not set to an instance of an object
  at PersistentMapClient.Helper.GetFactionName (PersistentMapAPI.Domain.StarSystem system, System.String faction) [0x0001b] in <8efdb6cff32447598d55d3b291e2bab5>:0 
2024-09-15T22:30:57 - GetFactionName exception on system [PersistentMapAPI.Domain.StarSystem] faction [1018]
2024-09-15T22:30:57 - Lothair changing new owner to TaurianConcordat
2024-09-15T22:30:57 - System.NullReferenceException: Object reference not set to an instance of an object
  at PersistentMapClient.Helper.GetFactionName (PersistentMapAPI.Domain.StarSystem system, System.String faction) [0x0001b] in <8efdb6cff32447598d55d3b291e2bab5>:0 
2024-09-15T22:30:57 - GetFactionName exception on system [PersistentMapAPI.Domain.StarSystem] faction [1018]
2024-09-15T22:30:57 - Luanda changing new owner to Steiner
2024-09-15T22:30:57 - System.NullReferenceException: Object reference not set to an instance of an object
  at PersistentMapClient.Helper.GetFactionName (PersistentMapAPI.Domain.StarSystem system, System.String faction) [0x0001b] in <8efdb6cff32447598d55d3b291e2bab5>:0 
2024-09-15T22:30:57 - GetFactionName exception on system [PersistentMapAPI.Domain.StarSystem] faction [1005]
2024-09-15T22:30:57 - System.NullReferenceException: Object reference not set to an instance of an object
  at PersistentMapClient.Helper.GetFactionName (PersistentMapAPI.Domain.StarSystem system, System.String faction) [0x0001b] in <8efdb6cff32447598d55d3b291e2bab5>:0 
2024-09-15T22:30:57 - GetFactionName exception on system [PersistentMapAPI.Domain.StarSystem] faction [1029]
2024-09-15T22:30:57 - Lum changing new owner to ClanFireMandrill
2024-09-15T22:30:57 - System.NullReferenceException: Object reference not set to an instance of an object
  at PersistentMapClient.Helper.GetFactionName (PersistentMapAPI.Domain.StarSystem system, System.String faction) [0x0001b] in <8efdb6cff32447598d55d3b291e2bab5>:0 
2024-09-15T22:30:57 - GetFactionName exception on system [PersistentMapAPI.Domain.StarSystem] faction [1018]
2024-09-15T22:30:57 - System.NullReferenceException: Object reference not set to an instance of an object
  at PersistentMapClient.Helper.GetFactionName (PersistentMapAPI.Domain.StarSystem system, System.String faction) [0x0001b] in <8efdb6cff32447598d55d3b291e2bab5>:0 
2024-09-15T22:30:57 - GetFactionName exception on system [PersistentMapAPI.Domain.StarSystem] faction [1003]
2024-09-15T22:30:57 - System.NullReferenceException: Object reference not set to an instance of an object
  at PersistentMapClient.Helper.GetFactionName (PersistentMapAPI.Domain.StarSystem system, System.String faction) [0x0001b] in <8efdb6cff32447598d55d3b291e2bab5>:0 
2024-09-15T22:30:57 - GetFactionName exception on system [PersistentMapAPI.Domain.StarSystem] faction [1003]
2024-09-15T22:30:57 - Lyceum changing new owner to Outworld
2024-09-15T22:30:57 - System.NullReferenceException: Object reference not set to an instance of an object
  at PersistentMapClient.Helper.GetFactionName (PersistentMapAPI.Domain.StarSystem system, System.String faction) [0x0001b] in <8efdb6cff32447598d55d3b291e2bab5>:0 
2024-09-15T22:30:57 - GetFactionName exception on system [PersistentMapAPI.Domain.StarSystem] faction [1005]
2024-09-15T22:30:57 - Lyons changing new owner to ComStar
2024-09-15T22:30:57 - Lyreton changing new owner to AuriganDirectorate
2024-09-15T22:30:57 - System.NullReferenceException: Object reference not set to an instance of an object
  at PersistentMapClient.Helper.GetFactionName (PersistentMapAPI.Domain.StarSystem system, System.String faction) [0x0001b] in <8efdb6cff32447598d55d3b291e2bab5>:0 
2024-09-15T22:30:57 - GetFactionName exception on system [PersistentMapAPI.Domain.StarSystem] faction [1015]
2024-09-15T22:30:57 - Madiun changing new owner to Circinus
2024-09-15T22:30:57 - Manapire changing new owner to Liao
2024-09-15T22:30:57 - System.NullReferenceException: Object reference not set to an instance of an object
  at PersistentMapClient.Helper.GetFactionName (PersistentMapAPI.Domain.StarSystem system, System.String faction) [0x0001b] in <8efdb6cff32447598d55d3b291e2bab5>:0 
2024-09-15T22:30:57 - GetFactionName exception on system [PersistentMapAPI.Domain.StarSystem] faction [1011]
2024-09-15T22:30:57 - Manaus changing new owner to MagistracyOfCanopus
2024-09-15T22:30:57 - Mandalas changing new owner to AuriganDirectorate
2024-09-15T22:30:57 - Manennaia changing new owner to Liao
2024-09-15T22:30:57 - Mangzhangdian changing new owner to AuriganDirectorate
2024-09-15T22:30:58 - Manksville changing new owner to Davion
2024-09-15T22:30:58 - System.NullReferenceException: Object reference not set to an instance of an object
  at PersistentMapClient.Helper.GetFactionName (PersistentMapAPI.Domain.StarSystem system, System.String faction) [0x0001b] in <8efdb6cff32447598d55d3b291e2bab5>:0 
2024-09-15T22:30:58 - GetFactionName exception on system [PersistentMapAPI.Domain.StarSystem] faction [1015]
2024-09-15T22:30:58 - Manotick changing new owner to Circinus
2024-09-15T22:30:58 - Manteno changing new owner to ComStar
2024-09-15T22:30:58 - Manx changing new owner to Steiner
2024-09-15T22:30:58 - Marathon changing new owner to Marik
2024-09-15T22:30:58 - Marisura changing new owner to Steiner
2024-09-15T22:30:58 - Markesan changing new owner to ComStar
2024-09-15T22:30:58 - System.NullReferenceException: Object reference not set to an instance of an object
  at PersistentMapClient.Helper.GetFactionName (PersistentMapAPI.Domain.StarSystem system, System.String faction) [0x0001b] in <8efdb6cff32447598d55d3b291e2bab5>:0 
2024-09-15T22:30:58 - GetFactionName exception on system [PersistentMapAPI.Domain.StarSystem] faction [1017]
2024-09-15T22:30:58 - Marshall changing new owner to ClanDiamondShark
2024-09-15T22:30:58 - Mattisskogen changing new owner to MagistracyOfCanopus
2024-09-15T22:30:58 - Mavegh changing new owner to TaurianConcordat
2024-09-15T22:30:58 - System.NullReferenceException: Object reference not set to an instance of an object
  at PersistentMapClient.Helper.GetFactionName (PersistentMapAPI.Domain.StarSystem system, System.String faction) [0x0001b] in <8efdb6cff32447598d55d3b291e2bab5>:0 
2024-09-15T22:30:58 - GetFactionName exception on system [PersistentMapAPI.Domain.StarSystem] faction [1015]
2024-09-15T22:30:58 - System.NullReferenceException: Object reference not set to an instance of an object
  at PersistentMapClient.Helper.GetFactionName (PersistentMapAPI.Domain.StarSystem system, System.String faction) [0x0001b] in <8efdb6cff32447598d55d3b291e2bab5>:0 
2024-09-15T22:30:58 - GetFactionName exception on system [PersistentMapAPI.Domain.StarSystem] faction [1015]
2024-09-15T22:30:58 - Maxwell changing new owner to Circinus
2024-09-15T22:30:58 - McHenry changing new owner to ComStar
2024-09-15T22:30:58 - System.NullReferenceException: Object reference not set to an instance of an object
  at PersistentMapClient.Helper.GetFactionName (PersistentMapAPI.Domain.StarSystem system, System.String faction) [0x0001b] in <8efdb6cff32447598d55d3b291e2bab5>:0 
2024-09-15T22:30:58 - GetFactionName exception on system [PersistentMapAPI.Domain.StarSystem] faction [1013]
2024-09-15T22:30:58 - Mearra changing new owner to Chainelane
2024-09-15T22:30:58 - Mechdur changing new owner to AuriganDirectorate
2024-09-15T22:30:58 - System.NullReferenceException: Object reference not set to an instance of an object
  at PersistentMapClient.Helper.GetFactionName (PersistentMapAPI.Domain.StarSystem system, System.String faction) [0x0001b] in <8efdb6cff32447598d55d3b291e2bab5>:0 
2024-09-15T22:30:58 - GetFactionName exception on system [PersistentMapAPI.Domain.StarSystem] faction [1003]
2024-09-15T22:30:58 - System.NullReferenceException: Object reference not set to an instance of an object
  at PersistentMapClient.Helper.GetFactionName (PersistentMapAPI.Domain.StarSystem system, System.String faction) [0x0001b] in <8efdb6cff32447598d55d3b291e2bab5>:0 
2024-09-15T22:30:58 - GetFactionName exception on system [PersistentMapAPI.Domain.StarSystem] faction [1027]
2024-09-15T22:30:58 - Melk changing new owner to Illyrian
2024-09-15T22:30:58 - Menkalinan changing new owner to Liao
2024-09-15T22:30:58 - Menkent changing new owner to ComStar
2024-09-15T22:30:58 - Mentasta changing new owner to Liao
2024-09-15T22:30:58 - Merdal changing new owner to AuriganDirectorate
2024-09-15T22:30:58 - Merlin changing new owner to TaurianConcordat
2024-09-15T22:30:58 - System.NullReferenceException: Object reference not set to an instance of an object
  at PersistentMapClient.Helper.GetFactionName (PersistentMapAPI.Domain.StarSystem system, System.String faction) [0x0001b] in <8efdb6cff32447598d55d3b291e2bab5>:0 
2024-09-15T22:30:58 - GetFactionName exception on system [PersistentMapAPI.Domain.StarSystem] faction [1020]
2024-09-15T22:30:58 - Merowinger changing new owner to Tortuga
2024-09-15T22:30:58 - System.NullReferenceException: Object reference not set to an instance of an object
  at PersistentMapClient.Helper.GetFactionName (PersistentMapAPI.Domain.StarSystem system, System.String faction) [0x0001b] in <8efdb6cff32447598d55d3b291e2bab5>:0 
2024-09-15T22:30:58 - GetFactionName exception on system [PersistentMapAPI.Domain.StarSystem] faction [1015]
2024-09-15T22:30:58 - Merton changing new owner to Circinus
2024-09-15T22:30:58 - Midale changing new owner to TaurianConcordat
2024-09-15T22:30:58 - Midkiff changing new owner to ComStar
2024-09-15T22:30:58 - Midthun changing new owner to AuriganDirectorate
2024-09-15T22:30:58 - System.NullReferenceException: Object reference not set to an instance of an object
  at PersistentMapClient.Helper.GetFactionName (PersistentMapAPI.Domain.StarSystem system, System.String faction) [0x0001b] in <8efdb6cff32447598d55d3b291e2bab5>:0 
2024-09-15T22:30:58 - GetFactionName exception on system [PersistentMapAPI.Domain.StarSystem] faction [1003]
2024-09-15T22:30:58 - Milos changing new owner to ComStar
2024-09-15T22:30:58 - Milton changing new owner to ComStar
2024-09-15T22:30:58 - System.NullReferenceException: Object reference not set to an instance of an object
  at PersistentMapClient.Helper.GetFactionName (PersistentMapAPI.Domain.StarSystem system, System.String faction) [0x0001b] in <8efdb6cff32447598d55d3b291e2bab5>:0 
2024-09-15T22:30:58 - GetFactionName exception on system [PersistentMapAPI.Domain.StarSystem] faction [1015]
2024-09-15T22:30:58 - System.NullReferenceException: Object reference not set to an instance of an object
  at PersistentMapClient.Helper.GetFactionName (PersistentMapAPI.Domain.StarSystem system, System.String faction) [0x0001b] in <8efdb6cff32447598d55d3b291e2bab5>:0 
2024-09-15T22:30:58 - GetFactionName exception on system [PersistentMapAPI.Domain.StarSystem] faction [1003]
2024-09-15T22:30:58 - Mindrel changing new owner to Outworld
2024-09-15T22:30:58 - Mirfak changing new owner to TaurianConcordat
2024-09-15T22:30:58 - System.NullReferenceException: Object reference not set to an instance of an object
  at PersistentMapClient.Helper.GetFactionName (PersistentMapAPI.Domain.StarSystem system, System.String faction) [0x0001b] in <8efdb6cff32447598d55d3b291e2bab5>:0 
2024-09-15T22:30:58 - GetFactionName exception on system [PersistentMapAPI.Domain.StarSystem] faction [1003]
2024-09-15T22:30:58 - System.NullReferenceException: Object reference not set to an instance of an object
  at PersistentMapClient.Helper.GetFactionName (PersistentMapAPI.Domain.StarSystem system, System.String faction) [0x0001b] in <8efdb6cff32447598d55d3b291e2bab5>:0 
2024-09-15T22:30:58 - GetFactionName exception on system [PersistentMapAPI.Domain.StarSystem] faction [1003]
2024-09-15T22:30:58 - Mizar changing new owner to ComStar
2024-09-15T22:30:58 - Mogabouti changing new owner to Steiner
2024-09-15T22:30:58 - Mohács changing new owner to Marik
2024-09-15T22:30:58 - Monhegan changing new owner to Liao
2024-09-15T22:30:58 - Montour changing new owner to TaurianConcordat
2024-09-15T22:30:58 - Moravian changing new owner to Liao
2024-09-15T22:30:58 - System.NullReferenceException: Object reference not set to an instance of an object
  at PersistentMapClient.Helper.GetFactionName (PersistentMapAPI.Domain.StarSystem system, System.String faction) [0x0001b] in <8efdb6cff32447598d55d3b291e2bab5>:0 
2024-09-15T22:30:58 - GetFactionName exception on system [PersistentMapAPI.Domain.StarSystem] faction [1020]
2024-09-15T22:30:58 - Moritz changing new owner to Steiner
2024-09-15T22:30:58 - System.NullReferenceException: Object reference not set to an instance of an object
  at PersistentMapClient.Helper.GetFactionName (PersistentMapAPI.Domain.StarSystem system, System.String faction) [0x0001b] in <8efdb6cff32447598d55d3b291e2bab5>:0 
2024-09-15T22:30:58 - GetFactionName exception on system [PersistentMapAPI.Domain.StarSystem] faction [1003]
2024-09-15T22:30:58 - System.NullReferenceException: Object reference not set to an instance of an object
  at PersistentMapClient.Helper.GetFactionName (PersistentMapAPI.Domain.StarSystem system, System.String faction) [0x0001b] in <8efdb6cff32447598d55d3b291e2bab5>:0 
2024-09-15T22:30:58 - GetFactionName exception on system [PersistentMapAPI.Domain.StarSystem] faction [1026]
2024-09-15T22:30:58 - Muphrid changing new owner to ComStar
2024-09-15T22:30:58 - Muridox changing new owner to AuriganDirectorate
2024-09-15T22:30:58 - Murris changing new owner to AuriganDirectorate
2024-09-15T22:30:58 - Myrrdin changing new owner to Steiner
2024-09-15T22:30:58 - Mytilene changing new owner to Davion
2024-09-15T22:30:58 - System.NullReferenceException: Object reference not set to an instance of an object
  at PersistentMapClient.Helper.GetFactionName (PersistentMapAPI.Domain.StarSystem system, System.String faction) [0x0001b] in <8efdb6cff32447598d55d3b291e2bab5>:0 
2024-09-15T22:30:58 - GetFactionName exception on system [PersistentMapAPI.Domain.StarSystem] faction [1027]
2024-09-15T22:30:58 - Naissus changing new owner to Illyrian
2024-09-15T22:30:58 - System.NullReferenceException: Object reference not set to an instance of an object
  at PersistentMapClient.Helper.GetFactionName (PersistentMapAPI.Domain.StarSystem system, System.String faction) [0x0001b] in <8efdb6cff32447598d55d3b291e2bab5>:0 
2024-09-15T22:30:58 - GetFactionName exception on system [PersistentMapAPI.Domain.StarSystem] faction [1006]
2024-09-15T22:30:58 - New Aragon changing new owner to Liao
2024-09-15T22:30:58 - System.NullReferenceException: Object reference not set to an instance of an object
  at PersistentMapClient.Helper.GetFactionName (PersistentMapAPI.Domain.StarSystem system, System.String faction) [0x0001b] in <8efdb6cff32447598d55d3b291e2bab5>:0 
2024-09-15T22:30:58 - GetFactionName exception on system [PersistentMapAPI.Domain.StarSystem] faction [1011]
2024-09-15T22:30:58 - New Dallas changing new owner to Marik
2024-09-15T22:30:58 - System.NullReferenceException: Object reference not set to an instance of an object
  at PersistentMapClient.Helper.GetFactionName (PersistentMapAPI.Domain.StarSystem system, System.String faction) [0x0001b] in <8efdb6cff32447598d55d3b291e2bab5>:0 
2024-09-15T22:30:58 - GetFactionName exception on system [PersistentMapAPI.Domain.StarSystem] faction [1004]
2024-09-15T22:30:58 - System.NullReferenceException: Object reference not set to an instance of an object
  at PersistentMapClient.Helper.GetFactionName (PersistentMapAPI.Domain.StarSystem system, System.String faction) [0x0001b] in <8efdb6cff32447598d55d3b291e2bab5>:0 
2024-09-15T22:30:58 - GetFactionName exception on system [PersistentMapAPI.Domain.StarSystem] faction [1027]
2024-09-15T22:30:58 - New Galicia changing new owner to Illyrian
2024-09-15T22:30:58 - System.NullReferenceException: Object reference not set to an instance of an object
  at PersistentMapClient.Helper.GetFactionName (PersistentMapAPI.Domain.StarSystem system, System.String faction) [0x0001b] in <8efdb6cff32447598d55d3b291e2bab5>:0 
2024-09-15T22:30:58 - GetFactionName exception on system [PersistentMapAPI.Domain.StarSystem] faction [1020]
2024-09-15T22:30:58 - System.NullReferenceException: Object reference not set to an instance of an object
  at PersistentMapClient.Helper.GetFactionName (PersistentMapAPI.Domain.StarSystem system, System.String faction) [0x0001b] in <8efdb6cff32447598d55d3b291e2bab5>:0 
2024-09-15T22:30:58 - GetFactionName exception on system [PersistentMapAPI.Domain.StarSystem] faction [1020]
2024-09-15T22:30:58 - New Home changing new owner to ComStar
2024-09-15T22:30:58 - System.NullReferenceException: Object reference not set to an instance of an object
  at PersistentMapClient.Helper.GetFactionName (PersistentMapAPI.Domain.StarSystem system, System.String faction) [0x0001b] in <8efdb6cff32447598d55d3b291e2bab5>:0 
2024-09-15T22:30:58 - GetFactionName exception on system [PersistentMapAPI.Domain.StarSystem] faction [1030]
2024-09-15T22:30:58 - New Kent changing new owner to ClanStarAdder
2024-09-15T22:30:58 - System.NullReferenceException: Object reference not set to an instance of an object
  at PersistentMapClient.Helper.GetFactionName (PersistentMapAPI.Domain.StarSystem system, System.String faction) [0x0001b] in <8efdb6cff32447598d55d3b291e2bab5>:0 
2024-09-15T22:30:58 - GetFactionName exception on system [PersistentMapAPI.Domain.StarSystem] faction [1020]
2024-09-15T22:30:58 - New Stevens changing new owner to ComStar
2024-09-15T22:30:58 - New Troy changing new owner to Marik
2024-09-15T22:30:58 - New Valencia changing new owner to ComStar
2024-09-15T22:30:58 - New Vandenburg changing new owner to AuriganDirectorate
2024-09-15T22:30:58 - System.NullReferenceException: Object reference not set to an instance of an object
  at PersistentMapClient.Helper.GetFactionName (PersistentMapAPI.Domain.StarSystem system, System.String faction) [0x0001b] in <8efdb6cff32447598d55d3b291e2bab5>:0 
2024-09-15T22:30:58 - GetFactionName exception on system [PersistentMapAPI.Domain.StarSystem] faction [1018]
2024-09-15T22:30:58 - New Venice changing new owner to Lothian
2024-09-15T22:30:58 - New Westin changing new owner to ComStar
2024-09-15T22:30:58 - System.NullReferenceException: Object reference not set to an instance of an object
  at PersistentMapClient.Helper.GetFactionName (PersistentMapAPI.Domain.StarSystem system, System.String faction) [0x0001b] in <8efdb6cff32447598d55d3b291e2bab5>:0 
2024-09-15T22:30:58 - GetFactionName exception on system [PersistentMapAPI.Domain.StarSystem] faction [1012]
2024-09-15T22:30:58 - New Ålborg changing new owner to Oberon
2024-09-15T22:30:58 - System.NullReferenceException: Object reference not set to an instance of an object
  at PersistentMapClient.Helper.GetFactionName (PersistentMapAPI.Domain.StarSystem system, System.String faction) [0x0001b] in <8efdb6cff32447598d55d3b291e2bab5>:0 
2024-09-15T22:30:58 - GetFactionName exception on system [PersistentMapAPI.Domain.StarSystem] faction [1003]
2024-09-15T22:30:58 - Nichol's Rest changing new owner to Steiner
2024-09-15T22:30:58 - System.NullReferenceException: Object reference not set to an instance of an object
  at PersistentMapClient.Helper.GetFactionName (PersistentMapAPI.Domain.StarSystem system, System.String faction) [0x0001b] in <8efdb6cff32447598d55d3b291e2bab5>:0 
2024-09-15T22:30:58 - GetFactionName exception on system [PersistentMapAPI.Domain.StarSystem] faction [1015]
2024-09-15T22:30:58 - Nightwish changing new owner to Circinus
2024-09-15T22:30:58 - System.NullReferenceException: Object reference not set to an instance of an object
  at PersistentMapClient.Helper.GetFactionName (PersistentMapAPI.Domain.StarSystem system, System.String faction) [0x0001b] in <8efdb6cff32447598d55d3b291e2bab5>:0 
2024-09-15T22:30:58 - GetFactionName exception on system [PersistentMapAPI.Domain.StarSystem] faction [1019]
2024-09-15T22:30:58 - System.NullReferenceException: Object reference not set to an instance of an object
  at PersistentMapClient.Helper.GetFactionName (PersistentMapAPI.Domain.StarSystem system, System.String faction) [0x0001b] in <8efdb6cff32447598d55d3b291e2bab5>:0 
2024-09-15T22:30:58 - GetFactionName exception on system [PersistentMapAPI.Domain.StarSystem] faction [1003]
2024-09-15T22:30:58 - Niles (OA) changing new owner to Outworld
2024-09-15T22:30:58 - Nirasaki changing new owner to ComStar
2024-09-15T22:30:58 - Nis changing new owner to Davion
2024-09-15T22:30:58 - Nobel changing new owner to MagistracyOfCanopus
2024-09-15T22:30:58 - Non Diz changing new owner to TaurianConcordat
2024-09-15T22:30:58 - Nopah changing new owner to Liao
2024-09-15T22:30:58 - System.NullReferenceException: Object reference not set to an instance of an object
  at PersistentMapClient.Helper.GetFactionName (PersistentMapAPI.Domain.StarSystem system, System.String faction) [0x0001b] in <8efdb6cff32447598d55d3b291e2bab5>:0 
2024-09-15T22:30:58 - GetFactionName exception on system [PersistentMapAPI.Domain.StarSystem] faction [1003]
2024-09-15T22:30:58 - Northwind changing new owner to ComStar
2024-09-15T22:30:58 - System.NullReferenceException: Object reference not set to an instance of an object
  at PersistentMapClient.Helper.GetFactionName (PersistentMapAPI.Domain.StarSystem system, System.String faction) [0x0001b] in <8efdb6cff32447598d55d3b291e2bab5>:0 
2024-09-15T22:30:58 - GetFactionName exception on system [PersistentMapAPI.Domain.StarSystem] faction [1005]
2024-09-15T22:30:58 - Nusakan changing new owner to ComStar
2024-09-15T22:30:58 - System.NullReferenceException: Object reference not set to an instance of an object
  at PersistentMapClient.Helper.GetFactionName (PersistentMapAPI.Domain.StarSystem system, System.String faction) [0x0001b] in <8efdb6cff32447598d55d3b291e2bab5>:0 
2024-09-15T22:30:58 - GetFactionName exception on system [PersistentMapAPI.Domain.StarSystem] faction [1026]
2024-09-15T22:30:58 - System.NullReferenceException: Object reference not set to an instance of an object
  at PersistentMapClient.Helper.GetFactionName (PersistentMapAPI.Domain.StarSystem system, System.String faction) [0x0001b] in <8efdb6cff32447598d55d3b291e2bab5>:0 
2024-09-15T22:30:58 - GetFactionName exception on system [PersistentMapAPI.Domain.StarSystem] faction [1012]
2024-09-15T22:30:58 - Obrenovac changing new owner to MagistracyOfCanopus
2024-09-15T22:30:58 - Okaya changing new owner to Kurita
2024-09-15T22:30:58 - Oliver changing new owner to ComStar
2024-09-15T22:30:58 - Orestes changing new owner to Steiner
2024-09-15T22:30:58 - System.NullReferenceException: Object reference not set to an instance of an object
  at PersistentMapClient.Helper.GetFactionName (PersistentMapAPI.Domain.StarSystem system, System.String faction) [0x0001b] in <8efdb6cff32447598d55d3b291e2bab5>:0 
2024-09-15T22:30:58 - GetFactionName exception on system [PersistentMapAPI.Domain.StarSystem] faction [1003]
2024-09-15T22:30:58 - Ouagadougou (Silence 3130+) changing new owner to Kurita
2024-09-15T22:30:58 - System.NullReferenceException: Object reference not set to an instance of an object
  at PersistentMapClient.Helper.GetFactionName (PersistentMapAPI.Domain.StarSystem system, System.String faction) [0x0001b] in <8efdb6cff32447598d55d3b291e2bab5>:0 
2024-09-15T22:30:58 - GetFactionName exception on system [PersistentMapAPI.Domain.StarSystem] faction [1011]
2024-09-15T22:30:58 - Outpost changing new owner to Elysia
2024-09-15T22:30:58 - Outreach changing new owner to ComStar
2024-09-15T22:30:58 - Ovan changing new owner to ComStar
2024-09-15T22:30:58 - Oyevaina changing new owner to Kurita
2024-09-15T22:30:58 - Pacifica (Chara) changing new owner to ComStar
2024-09-15T22:30:58 - System.NullReferenceException: Object reference not set to an instance of an object
  at PersistentMapClient.Helper.GetFactionName (PersistentMapAPI.Domain.StarSystem system, System.String faction) [0x0001b] in <8efdb6cff32447598d55d3b291e2bab5>:0 
2024-09-15T22:30:58 - GetFactionName exception on system [PersistentMapAPI.Domain.StarSystem] faction [1003]
2024-09-15T22:30:58 - Pajarito changing new owner to Outworld
2024-09-15T22:30:58 - Panzyr changing new owner to AuriganDirectorate
2024-09-15T22:30:58 - System.NullReferenceException: Object reference not set to an instance of an object
  at PersistentMapClient.Helper.GetFactionName (PersistentMapAPI.Domain.StarSystem system, System.String faction) [0x0001b] in <8efdb6cff32447598d55d3b291e2bab5>:0 
2024-09-15T22:30:58 - GetFactionName exception on system [PersistentMapAPI.Domain.StarSystem] faction [1013]
2024-09-15T22:30:58 - Pardeau changing new owner to Steiner
2024-09-15T22:30:58 - Paris changing new owner to Davion
2024-09-15T22:30:58 - System.NullReferenceException: Object reference not set to an instance of an object
  at PersistentMapClient.Helper.GetFactionName (PersistentMapAPI.Domain.StarSystem system, System.String faction) [0x0001b] in <8efdb6cff32447598d55d3b291e2bab5>:0 
2024-09-15T22:30:58 - GetFactionName exception on system [PersistentMapAPI.Domain.StarSystem] faction [1003]
2024-09-15T22:30:58 - System.NullReferenceException: Object reference not set to an instance of an object
  at PersistentMapClient.Helper.GetFactionName (PersistentMapAPI.Domain.StarSystem system, System.String faction) [0x0001b] in <8efdb6cff32447598d55d3b291e2bab5>:0 
2024-09-15T22:30:58 - GetFactionName exception on system [PersistentMapAPI.Domain.StarSystem] faction [1003]
2024-09-15T22:30:58 - Pattison changing new owner to Outworld
2024-09-15T22:30:58 - System.NullReferenceException: Object reference not set to an instance of an object
  at PersistentMapClient.Helper.GetFactionName (PersistentMapAPI.Domain.StarSystem system, System.String faction) [0x0001b] in <8efdb6cff32447598d55d3b291e2bab5>:0 
2024-09-15T22:30:58 - GetFactionName exception on system [PersistentMapAPI.Domain.StarSystem] faction [1018]
2024-09-15T22:30:58 - System.NullReferenceException: Object reference not set to an instance of an object
  at PersistentMapClient.Helper.GetFactionName (PersistentMapAPI.Domain.StarSystem system, System.String faction) [0x0001b] in <8efdb6cff32447598d55d3b291e2bab5>:0 
2024-09-15T22:30:58 - GetFactionName exception on system [PersistentMapAPI.Domain.StarSystem] faction [1012]
2024-09-15T22:30:58 - System.NullReferenceException: Object reference not set to an instance of an object
  at PersistentMapClient.Helper.GetFactionName (PersistentMapAPI.Domain.StarSystem system, System.String faction) [0x0001b] in <8efdb6cff32447598d55d3b291e2bab5>:0 
2024-09-15T22:30:58 - GetFactionName exception on system [PersistentMapAPI.Domain.StarSystem] faction [1002]
2024-09-15T22:30:58 - Payia changing new owner to AuriganDirectorate
2024-09-15T22:30:58 - Payvand changing new owner to MagistracyOfCanopus
2024-09-15T22:30:58 - System.NullReferenceException: Object reference not set to an instance of an object
  at PersistentMapClient.Helper.GetFactionName (PersistentMapAPI.Domain.StarSystem system, System.String faction) [0x0001b] in <8efdb6cff32447598d55d3b291e2bab5>:0 
2024-09-15T22:30:58 - GetFactionName exception on system [PersistentMapAPI.Domain.StarSystem] faction [1015]
2024-09-15T22:30:58 - Pencader changing new owner to Circinus
2024-09-15T22:30:58 - System.NullReferenceException: Object reference not set to an instance of an object
  at PersistentMapClient.Helper.GetFactionName (PersistentMapAPI.Domain.StarSystem system, System.String faction) [0x0001b] in <8efdb6cff32447598d55d3b291e2bab5>:0 
2024-09-15T22:30:58 - GetFactionName exception on system [PersistentMapAPI.Domain.StarSystem] faction [1012]
2024-09-15T22:30:58 - Phecda changing new owner to ComStar
2024-09-15T22:30:58 - Pierce changing new owner to TaurianConcordat
2024-09-15T22:30:58 - Pietermaritzburg changing new owner to Davion
2024-09-15T22:30:58 - Pilpala changing new owner to Liao
2024-09-15T22:30:58 - Pingree changing new owner to ComStar
2024-09-15T22:30:58 - System.NullReferenceException: Object reference not set to an instance of an object
  at PersistentMapClient.Helper.GetFactionName (PersistentMapAPI.Domain.StarSystem system, System.String faction) [0x0001b] in <8efdb6cff32447598d55d3b291e2bab5>:0 
2024-09-15T22:30:58 - GetFactionName exception on system [PersistentMapAPI.Domain.StarSystem] faction [1011]
2024-09-15T22:30:58 - Pinnacle changing new owner to Elysia
2024-09-15T22:30:58 - Piriapolis changing new owner to MagistracyOfCanopus
2024-09-15T22:30:58 - System.NullReferenceException: Object reference not set to an instance of an object
  at PersistentMapClient.Helper.GetFactionName (PersistentMapAPI.Domain.StarSystem system, System.String faction) [0x0001b] in <8efdb6cff32447598d55d3b291e2bab5>:0 
2024-09-15T22:30:58 - GetFactionName exception on system [PersistentMapAPI.Domain.StarSystem] faction [1003]
2024-09-15T22:30:58 - Pitkin changing new owner to Outworld
2024-09-15T22:30:58 - System.NullReferenceException: Object reference not set to an instance of an object
  at PersistentMapClient.Helper.GetFactionName (PersistentMapAPI.Domain.StarSystem system, System.String faction) [0x0001b] in <8efdb6cff32447598d55d3b291e2bab5>:0 
2024-09-15T22:30:58 - GetFactionName exception on system [PersistentMapAPI.Domain.StarSystem] faction [1012]
2024-09-15T22:30:58 - Pojos changing new owner to AuriganDirectorate
2024-09-15T22:30:58 - Pollux changing new owner to ComStar
2024-09-15T22:30:58 - System.NullReferenceException: Object reference not set to an instance of an object
  at PersistentMapClient.Helper.GetFactionName (PersistentMapAPI.Domain.StarSystem system, System.String faction) [0x0001b] in <8efdb6cff32447598d55d3b291e2bab5>:0 
2024-09-15T22:30:58 - GetFactionName exception on system [PersistentMapAPI.Domain.StarSystem] faction [1001]
2024-09-15T22:30:58 - System.NullReferenceException: Object reference not set to an instance of an object
  at PersistentMapClient.Helper.GetFactionName (PersistentMapAPI.Domain.StarSystem system, System.String faction) [0x0001b] in <8efdb6cff32447598d55d3b291e2bab5>:0 
2024-09-15T22:30:58 - GetFactionName exception on system [PersistentMapAPI.Domain.StarSystem] faction [1003]
2024-09-15T22:30:58 - System.NullReferenceException: Object reference not set to an instance of an object
  at PersistentMapClient.Helper.GetFactionName (PersistentMapAPI.Domain.StarSystem system, System.String faction) [0x0001b] in <8efdb6cff32447598d55d3b291e2bab5>:0 
2024-09-15T22:30:58 - GetFactionName exception on system [PersistentMapAPI.Domain.StarSystem] faction [1011]
2024-09-15T22:30:58 - System.NullReferenceException: Object reference not set to an instance of an object
  at PersistentMapClient.Helper.GetFactionName (PersistentMapAPI.Domain.StarSystem system, System.String faction) [0x0001b] in <8efdb6cff32447598d55d3b291e2bab5>:0 
2024-09-15T22:30:58 - GetFactionName exception on system [PersistentMapAPI.Domain.StarSystem] faction [1015]
2024-09-15T22:30:58 - Poulsbo changing new owner to Circinus
2024-09-15T22:30:58 - System.NullReferenceException: Object reference not set to an instance of an object
  at PersistentMapClient.Helper.GetFactionName (PersistentMapAPI.Domain.StarSystem system, System.String faction) [0x0001b] in <8efdb6cff32447598d55d3b291e2bab5>:0 
2024-09-15T22:30:58 - GetFactionName exception on system [PersistentMapAPI.Domain.StarSystem] faction [1003]
2024-09-15T22:30:58 - System.NullReferenceException: Object reference not set to an instance of an object
  at PersistentMapClient.Helper.GetFactionName (PersistentMapAPI.Domain.StarSystem system, System.String faction) [0x0001b] in <8efdb6cff32447598d55d3b291e2bab5>:0 
2024-09-15T22:30:58 - GetFactionName exception on system [PersistentMapAPI.Domain.StarSystem] faction [1003]
2024-09-15T22:30:58 - System.NullReferenceException: Object reference not set to an instance of an object
  at PersistentMapClient.Helper.GetFactionName (PersistentMapAPI.Domain.StarSystem system, System.String faction) [0x0001b] in <8efdb6cff32447598d55d3b291e2bab5>:0 
2024-09-15T22:30:58 - GetFactionName exception on system [PersistentMapAPI.Domain.StarSystem] faction [1002]
2024-09-15T22:30:58 - Procyon changing new owner to ComStar
2024-09-15T22:30:58 - Pula changing new owner to Davion
2024-09-15T22:30:58 - Qalzi changing new owner to AuriganDirectorate
2024-09-15T22:30:58 - System.NullReferenceException: Object reference not set to an instance of an object
  at PersistentMapClient.Helper.GetFactionName (PersistentMapAPI.Domain.StarSystem system, System.String faction) [0x0001b] in <8efdb6cff32447598d55d3b291e2bab5>:0 
2024-09-15T22:30:58 - GetFactionName exception on system [PersistentMapAPI.Domain.StarSystem] faction [1003]
2024-09-15T22:30:58 - Quarell changing new owner to Steiner
2024-09-15T22:30:58 - System.NullReferenceException: Object reference not set to an instance of an object
  at PersistentMapClient.Helper.GetFactionName (PersistentMapAPI.Domain.StarSystem system, System.String faction) [0x0001b] in <8efdb6cff32447598d55d3b291e2bab5>:0 
2024-09-15T22:30:58 - GetFactionName exception on system [PersistentMapAPI.Domain.StarSystem] faction [1003]
2024-09-15T22:30:58 - Quentin changing new owner to Kurita
2024-09-15T22:30:58 - System.NullReferenceException: Object reference not set to an instance of an object
  at PersistentMapClient.Helper.GetFactionName (PersistentMapAPI.Domain.StarSystem system, System.String faction) [0x0001b] in <8efdb6cff32447598d55d3b291e2bab5>:0 
2024-09-15T22:30:58 - GetFactionName exception on system [PersistentMapAPI.Domain.StarSystem] faction [1003]
2024-09-15T22:30:58 - Quimper (Chirac 3130+) changing new owner to Davion
2024-09-15T22:30:58 - System.NullReferenceException: Object reference not set to an instance of an object
  at PersistentMapClient.Helper.GetFactionName (PersistentMapAPI.Domain.StarSystem system, System.String faction) [0x0001b] in <8efdb6cff32447598d55d3b291e2bab5>:0 
2024-09-15T22:30:58 - GetFactionName exception on system [PersistentMapAPI.Domain.StarSystem] faction [1009]
2024-09-15T22:30:58 - System.NullReferenceException: Object reference not set to an instance of an object
  at PersistentMapClient.Helper.GetFactionName (PersistentMapAPI.Domain.StarSystem system, System.String faction) [0x0001b] in <8efdb6cff32447598d55d3b291e2bab5>:0 
2024-09-15T22:30:58 - GetFactionName exception on system [PersistentMapAPI.Domain.StarSystem] faction [1003]
2024-09-15T22:30:58 - System.NullReferenceException: Object reference not set to an instance of an object
  at PersistentMapClient.Helper.GetFactionName (PersistentMapAPI.Domain.StarSystem system, System.String faction) [0x0001b] in <8efdb6cff32447598d55d3b291e2bab5>:0 
2024-09-15T22:30:58 - GetFactionName exception on system [PersistentMapAPI.Domain.StarSystem] faction [1015]
2024-09-15T22:30:58 - Rajkot changing new owner to Circinus
2024-09-15T22:30:58 - System.NullReferenceException: Object reference not set to an instance of an object
  at PersistentMapClient.Helper.GetFactionName (PersistentMapAPI.Domain.StarSystem system, System.String faction) [0x0001b] in <8efdb6cff32447598d55d3b291e2bab5>:0 
2024-09-15T22:30:58 - GetFactionName exception on system [PersistentMapAPI.Domain.StarSystem] faction [1003]
2024-09-15T22:30:58 - System.NullReferenceException: Object reference not set to an instance of an object
  at PersistentMapClient.Helper.GetFactionName (PersistentMapAPI.Domain.StarSystem system, System.String faction) [0x0001b] in <8efdb6cff32447598d55d3b291e2bab5>:0 
2024-09-15T22:30:58 - GetFactionName exception on system [PersistentMapAPI.Domain.StarSystem] faction [1003]
2024-09-15T22:30:58 - Ramgarh changing new owner to Outworld
2024-09-15T22:30:58 - System.NullReferenceException: Object reference not set to an instance of an object
  at PersistentMapClient.Helper.GetFactionName (PersistentMapAPI.Domain.StarSystem system, System.String faction) [0x0001b] in <8efdb6cff32447598d55d3b291e2bab5>:0 
2024-09-15T22:30:58 - GetFactionName exception on system [PersistentMapAPI.Domain.StarSystem] faction [1003]
2024-09-15T22:30:58 - Redfield changing new owner to Liao
2024-09-15T22:30:58 - Regis Roost changing new owner to AuriganDirectorate
2024-09-15T22:30:58 - Reinhardstein changing new owner to ComStar
2024-09-15T22:30:58 - Renown changing new owner to AuriganDirectorate
2024-09-15T22:30:58 - Renren changing new owner to Steiner
2024-09-15T22:30:58 - System.NullReferenceException: Object reference not set to an instance of an object
  at PersistentMapClient.Helper.GetFactionName (PersistentMapAPI.Domain.StarSystem system, System.String faction) [0x0001b] in <8efdb6cff32447598d55d3b291e2bab5>:0 
2024-09-15T22:30:58 - GetFactionName exception on system [PersistentMapAPI.Domain.StarSystem] faction [1027]
2024-09-15T22:30:58 - Revel changing new owner to Illyrian
2024-09-15T22:30:58 - System.NullReferenceException: Object reference not set to an instance of an object
  at PersistentMapClient.Helper.GetFactionName (PersistentMapAPI.Domain.StarSystem system, System.String faction) [0x0001b] in <8efdb6cff32447598d55d3b291e2bab5>:0 
2024-09-15T22:30:58 - GetFactionName exception on system [PersistentMapAPI.Domain.StarSystem] faction [1015]
2024-09-15T22:30:58 - Revivim changing new owner to Circinus
2024-09-15T22:30:58 - Rexburg changing new owner to ComStar
2024-09-15T22:30:58 - System.NullReferenceException: Object reference not set to an instance of an object
  at PersistentMapClient.Helper.GetFactionName (PersistentMapAPI.Domain.StarSystem system, System.String faction) [0x0001b] in <8efdb6cff32447598d55d3b291e2bab5>:0 
2024-09-15T22:30:58 - GetFactionName exception on system [PersistentMapAPI.Domain.StarSystem] faction [1027]
2024-09-15T22:30:58 - Rhodos (Runrig 2822+) changing new owner to ComStar
2024-09-15T22:30:58 - System.NullReferenceException: Object reference not set to an instance of an object
  at PersistentMapClient.Helper.GetFactionName (PersistentMapAPI.Domain.StarSystem system, System.String faction) [0x0001b] in <8efdb6cff32447598d55d3b291e2bab5>:0 
2024-09-15T22:30:58 - GetFactionName exception on system [PersistentMapAPI.Domain.StarSystem] faction [1005]
2024-09-15T22:30:58 - Rigil Kentarus changing new owner to ComStar
2024-09-15T22:30:58 - System.NullReferenceException: Object reference not set to an instance of an object
  at PersistentMapClient.Helper.GetFactionName (PersistentMapAPI.Domain.StarSystem system, System.String faction) [0x0001b] in <8efdb6cff32447598d55d3b291e2bab5>:0 
2024-09-15T22:30:58 - GetFactionName exception on system [PersistentMapAPI.Domain.StarSystem] faction [1003]
2024-09-15T22:30:58 - System.NullReferenceException: Object reference not set to an instance of an object
  at PersistentMapClient.Helper.GetFactionName (PersistentMapAPI.Domain.StarSystem system, System.String faction) [0x0001b] in <8efdb6cff32447598d55d3b291e2bab5>:0 
2024-09-15T22:30:58 - GetFactionName exception on system [PersistentMapAPI.Domain.StarSystem] faction [1028]
2024-09-15T22:30:58 - Rochers changing new owner to Steiner
2024-09-15T22:30:58 - Rocky changing new owner to ComStar
2024-09-15T22:30:58 - Rohinjan changing new owner to MagistracyOfCanopus
2024-09-15T22:30:58 - Rollis changing new owner to TaurianConcordat
2024-09-15T22:30:58 - System.NullReferenceException: Object reference not set to an instance of an object
  at PersistentMapClient.Helper.GetFactionName (PersistentMapAPI.Domain.StarSystem system, System.String faction) [0x0001b] in <8efdb6cff32447598d55d3b291e2bab5>:0 
2024-09-15T22:30:58 - GetFactionName exception on system [PersistentMapAPI.Domain.StarSystem] faction [1013]
2024-09-15T22:30:58 - Ronel changing new owner to Davion
2024-09-15T22:30:58 - Ruchbah changing new owner to Liao
2024-09-15T22:30:58 - System.NullReferenceException: Object reference not set to an instance of an object
  at PersistentMapClient.Helper.GetFactionName (PersistentMapAPI.Domain.StarSystem system, System.String faction) [0x0001b] in <8efdb6cff32447598d55d3b291e2bab5>:0 
2024-09-15T22:30:58 - GetFactionName exception on system [PersistentMapAPI.Domain.StarSystem] faction [1003]
2024-09-15T22:30:58 - System.NullReferenceException: Object reference not set to an instance of an object
  at PersistentMapClient.Helper.GetFactionName (PersistentMapAPI.Domain.StarSystem system, System.String faction) [0x0001b] in <8efdb6cff32447598d55d3b291e2bab5>:0 
2024-09-15T22:30:58 - GetFactionName exception on system [PersistentMapAPI.Domain.StarSystem] faction [1003]
2024-09-15T22:30:58 - Ryans Fate changing new owner to AuriganDirectorate
2024-09-15T22:30:58 - Sabhal Mòr Ostaig changing new owner to Steiner
2024-09-15T22:30:58 - System.NullReferenceException: Object reference not set to an instance of an object
  at PersistentMapClient.Helper.GetFactionName (PersistentMapAPI.Domain.StarSystem system, System.String faction) [0x0001b] in <8efdb6cff32447598d55d3b291e2bab5>:0 
2024-09-15T22:30:58 - GetFactionName exception on system [PersistentMapAPI.Domain.StarSystem] faction [1015]
2024-09-15T22:30:58 - Sackville changing new owner to Circinus
2024-09-15T22:30:58 - Sacromonte changing new owner to AuriganDirectorate
2024-09-15T22:30:58 - Sadurni changing new owner to Liao
2024-09-15T22:30:58 - Saffel changing new owner to ComStar
2024-09-15T22:30:58 - System.NullReferenceException: Object reference not set to an instance of an object
  at PersistentMapClient.Helper.GetFactionName (PersistentMapAPI.Domain.StarSystem system, System.String faction) [0x0001b] in <8efdb6cff32447598d55d3b291e2bab5>:0 
2024-09-15T22:30:58 - GetFactionName exception on system [PersistentMapAPI.Domain.StarSystem] faction [1026]
2024-09-15T22:30:58 - Saltville changing new owner to Davion
2024-09-15T22:30:58 - System.NullReferenceException: Object reference not set to an instance of an object
  at PersistentMapClient.Helper.GetFactionName (PersistentMapAPI.Domain.StarSystem system, System.String faction) [0x0001b] in <8efdb6cff32447598d55d3b291e2bab5>:0 
2024-09-15T22:30:58 - GetFactionName exception on system [PersistentMapAPI.Domain.StarSystem] faction [1027]
2024-09-15T22:30:58 - San Nicolas changing new owner to Illyrian
2024-09-15T22:30:58 - System.NullReferenceException: Object reference not set to an instance of an object
  at PersistentMapClient.Helper.GetFactionName (PersistentMapAPI.Domain.StarSystem system, System.String faction) [0x0001b] in <8efdb6cff32447598d55d3b291e2bab5>:0 
2024-09-15T22:30:58 - GetFactionName exception on system [PersistentMapAPI.Domain.StarSystem] faction [1011]
2024-09-15T22:30:58 - Santander (Santander's World) changing new owner to Elysia
2024-09-15T22:30:58 - Santiago (OA) changing new owner to Kurita
2024-09-15T22:30:58 - Sanurcha (Ildrong 2750+) changing new owner to Davion
2024-09-15T22:30:58 - Sardis changing new owner to Marik
2024-09-15T22:30:58 - System.NullReferenceException: Object reference not set to an instance of an object
  at PersistentMapClient.Helper.GetFactionName (PersistentMapAPI.Domain.StarSystem system, System.String faction) [0x0001b] in <8efdb6cff32447598d55d3b291e2bab5>:0 
2024-09-15T22:30:58 - GetFactionName exception on system [PersistentMapAPI.Domain.StarSystem] faction [1015]
2024-09-15T22:30:58 - Sarikavak changing new owner to Circinus
2024-09-15T22:30:58 - System.NullReferenceException: Object reference not set to an instance of an object
  at PersistentMapClient.Helper.GetFactionName (PersistentMapAPI.Domain.StarSystem system, System.String faction) [0x0001b] in <8efdb6cff32447598d55d3b291e2bab5>:0 
2024-09-15T22:30:58 - GetFactionName exception on system [PersistentMapAPI.Domain.StarSystem] faction [1003]
2024-09-15T22:30:58 - Saumur changing new owner to Davion
2024-09-15T22:30:58 - Scarborough changing new owner to Liao
2024-09-15T22:30:58 - System.NullReferenceException: Object reference not set to an instance of an object
  at PersistentMapClient.Helper.GetFactionName (PersistentMapAPI.Domain.StarSystem system, System.String faction) [0x0001b] in <8efdb6cff32447598d55d3b291e2bab5>:0 
2024-09-15T22:30:58 - GetFactionName exception on system [PersistentMapAPI.Domain.StarSystem] faction [1015]
2024-09-15T22:30:58 - Schererville changing new owner to Circinus
2024-09-15T22:30:58 - Scheuerheck changing new owner to MagistracyOfCanopus
2024-09-15T22:30:58 - System.NullReferenceException: Object reference not set to an instance of an object
  at PersistentMapClient.Helper.GetFactionName (PersistentMapAPI.Domain.StarSystem system, System.String faction) [0x0001b] in <8efdb6cff32447598d55d3b291e2bab5>:0 
2024-09-15T22:30:58 - GetFactionName exception on system [PersistentMapAPI.Domain.StarSystem] faction [1027]
2024-09-15T22:30:58 - System.NullReferenceException: Object reference not set to an instance of an object
  at PersistentMapClient.Helper.GetFactionName (PersistentMapAPI.Domain.StarSystem system, System.String faction) [0x0001b] in <8efdb6cff32447598d55d3b291e2bab5>:0 
2024-09-15T22:30:58 - GetFactionName exception on system [PersistentMapAPI.Domain.StarSystem] faction [1003]
2024-09-15T22:30:58 - Schrim changing new owner to Outworld
2024-09-15T22:30:58 - Scituate changing new owner to ComStar
2024-09-15T22:30:58 - Scudder changing new owner to ComStar
2024-09-15T22:30:58 - System.NullReferenceException: Object reference not set to an instance of an object
  at PersistentMapClient.Helper.GetFactionName (PersistentMapAPI.Domain.StarSystem system, System.String faction) [0x0001b] in <8efdb6cff32447598d55d3b291e2bab5>:0 
2024-09-15T22:30:58 - GetFactionName exception on system [PersistentMapAPI.Domain.StarSystem] faction [1013]
2024-09-15T22:30:58 - Sentarus changing new owner to Chainelane
2024-09-15T22:30:58 - Seuta Bimyeong changing new owner to Kurita
2024-09-15T22:30:58 - System.NullReferenceException: Object reference not set to an instance of an object
  at PersistentMapClient.Helper.GetFactionName (PersistentMapAPI.Domain.StarSystem system, System.String faction) [0x0001b] in <8efdb6cff32447598d55d3b291e2bab5>:0 
2024-09-15T22:30:58 - GetFactionName exception on system [PersistentMapAPI.Domain.StarSystem] faction [1003]
2024-09-15T22:30:58 - System.NullReferenceException: Object reference not set to an instance of an object
  at PersistentMapClient.Helper.GetFactionName (PersistentMapAPI.Domain.StarSystem system, System.String faction) [0x0001b] in <8efdb6cff32447598d55d3b291e2bab5>:0 
2024-09-15T22:30:58 - GetFactionName exception on system [PersistentMapAPI.Domain.StarSystem] faction [1029]
2024-09-15T22:30:58 - System.NullReferenceException: Object reference not set to an instance of an object
  at PersistentMapClient.Helper.GetFactionName (PersistentMapAPI.Domain.StarSystem system, System.String faction) [0x0001b] in <8efdb6cff32447598d55d3b291e2bab5>:0 
2024-09-15T22:30:58 - GetFactionName exception on system [PersistentMapAPI.Domain.StarSystem] faction [1026]
2024-09-15T22:30:58 - System.NullReferenceException: Object reference not set to an instance of an object
  at PersistentMapClient.Helper.GetFactionName (PersistentMapAPI.Domain.StarSystem system, System.String faction) [0x0001b] in <8efdb6cff32447598d55d3b291e2bab5>:0 
2024-09-15T22:30:58 - GetFactionName exception on system [PersistentMapAPI.Domain.StarSystem] faction [1015]
2024-09-15T22:30:58 - Shahr Kord changing new owner to Circinus
2024-09-15T22:30:58 - Shasta changing new owner to ComStar
2024-09-15T22:30:58 - System.NullReferenceException: Object reference not set to an instance of an object
  at PersistentMapClient.Helper.GetFactionName (PersistentMapAPI.Domain.StarSystem system, System.String faction) [0x0001b] in <8efdb6cff32447598d55d3b291e2bab5>:0 
2024-09-15T22:30:58 - GetFactionName exception on system [PersistentMapAPI.Domain.StarSystem] faction [1030]
2024-09-15T22:30:58 - Shoreham changing new owner to Liao
2024-09-15T22:30:58 - System.NullReferenceException: Object reference not set to an instance of an object
  at PersistentMapClient.Helper.GetFactionName (PersistentMapAPI.Domain.StarSystem system, System.String faction) [0x0001b] in <8efdb6cff32447598d55d3b291e2bab5>:0 
2024-09-15T22:30:58 - GetFactionName exception on system [PersistentMapAPI.Domain.StarSystem] faction [1015]
2024-09-15T22:30:58 - Sierra changing new owner to Circinus
2024-09-15T22:30:58 - System.NullReferenceException: Object reference not set to an instance of an object
  at PersistentMapClient.Helper.GetFactionName (PersistentMapAPI.Domain.StarSystem system, System.String faction) [0x0001b] in <8efdb6cff32447598d55d3b291e2bab5>:0 
2024-09-15T22:30:58 - GetFactionName exception on system [PersistentMapAPI.Domain.StarSystem] faction [1012]
2024-09-15T22:30:58 - Simone changing new owner to TaurianConcordat
2024-09-15T22:30:58 - Sirius changing new owner to ComStar
2024-09-15T22:30:58 - System.NullReferenceException: Object reference not set to an instance of an object
  at PersistentMapClient.Helper.GetFactionName (PersistentMapAPI.Domain.StarSystem system, System.String faction) [0x0001b] in <8efdb6cff32447598d55d3b291e2bab5>:0 
2024-09-15T22:30:58 - GetFactionName exception on system [PersistentMapAPI.Domain.StarSystem] faction [1011]
2024-09-15T22:30:58 - Skallevoll changing new owner to Elysia
2024-09-15T22:30:58 - System.NullReferenceException: Object reference not set to an instance of an object
  at PersistentMapClient.Helper.GetFactionName (PersistentMapAPI.Domain.StarSystem system, System.String faction) [0x0001b] in <8efdb6cff32447598d55d3b291e2bab5>:0 
2024-09-15T22:30:58 - GetFactionName exception on system [PersistentMapAPI.Domain.StarSystem] faction [1012]
2024-09-15T22:30:58 - Skiland changing new owner to Oberon
2024-09-15T22:30:58 - Skokie changing new owner to Steiner
2024-09-15T22:30:58 - Small World changing new owner to ComStar
2024-09-15T22:30:58 - Smithon changing new owner to AuriganDirectorate
2024-09-15T22:30:58 - Snailzar changing new owner to Liao
2024-09-15T22:30:58 - Solaris changing new owner to Marik
2024-09-15T22:30:58 - System.NullReferenceException: Object reference not set to an instance of an object
  at PersistentMapClient.Helper.GetFactionName (PersistentMapAPI.Domain.StarSystem system, System.String faction) [0x0001b] in <8efdb6cff32447598d55d3b291e2bab5>:0 
2024-09-15T22:30:58 - GetFactionName exception on system [PersistentMapAPI.Domain.StarSystem] faction [1012]
2024-09-15T22:30:58 - Somerset changing new owner to Oberon
2024-09-15T22:30:58 - System.NullReferenceException: Object reference not set to an instance of an object
  at PersistentMapClient.Helper.GetFactionName (PersistentMapAPI.Domain.StarSystem system, System.String faction) [0x0001b] in <8efdb6cff32447598d55d3b291e2bab5>:0 
2024-09-15T22:30:58 - GetFactionName exception on system [PersistentMapAPI.Domain.StarSystem] faction [1015]
2024-09-15T22:30:58 - Son Hoa changing new owner to Circinus
2024-09-15T22:30:58 - Spirit changing new owner to Marik
2024-09-15T22:30:58 - St. Loris changing new owner to ComStar
2024-09-15T22:30:58 - Staffin changing new owner to Liao
2024-09-15T22:30:58 - System.NullReferenceException: Object reference not set to an instance of an object
  at PersistentMapClient.Helper.GetFactionName (PersistentMapAPI.Domain.StarSystem system, System.String faction) [0x0001b] in <8efdb6cff32447598d55d3b291e2bab5>:0 
2024-09-15T22:30:58 - GetFactionName exception on system [PersistentMapAPI.Domain.StarSystem] faction [1001]
2024-09-15T22:30:58 - System.NullReferenceException: Object reference not set to an instance of an object
  at PersistentMapClient.Helper.GetFactionName (PersistentMapAPI.Domain.StarSystem system, System.String faction) [0x0001b] in <8efdb6cff32447598d55d3b291e2bab5>:0 
2024-09-15T22:30:58 - GetFactionName exception on system [PersistentMapAPI.Domain.StarSystem] faction [1015]
2024-09-15T22:30:58 - Stantsiya changing new owner to Circinus
2024-09-15T22:30:58 - System.NullReferenceException: Object reference not set to an instance of an object
  at PersistentMapClient.Helper.GetFactionName (PersistentMapAPI.Domain.StarSystem system, System.String faction) [0x0001b] in <8efdb6cff32447598d55d3b291e2bab5>:0 
2024-09-15T22:30:58 - GetFactionName exception on system [PersistentMapAPI.Domain.StarSystem] faction [1012]
2024-09-15T22:30:58 - Star's End (Novo Cressidas) changing new owner to Oberon
2024-09-15T22:30:58 - System.NullReferenceException: Object reference not set to an instance of an object
  at PersistentMapClient.Helper.GetFactionName (PersistentMapAPI.Domain.StarSystem system, System.String faction) [0x0001b] in <8efdb6cff32447598d55d3b291e2bab5>:0 
2024-09-15T22:30:58 - GetFactionName exception on system [PersistentMapAPI.Domain.StarSystem] faction [1015]
2024-09-15T22:30:58 - Starshine changing new owner to Circinus
2024-09-15T22:30:58 - System.NullReferenceException: Object reference not set to an instance of an object
  at PersistentMapClient.Helper.GetFactionName (PersistentMapAPI.Domain.StarSystem system, System.String faction) [0x0001b] in <8efdb6cff32447598d55d3b291e2bab5>:0 
2024-09-15T22:30:58 - GetFactionName exception on system [PersistentMapAPI.Domain.StarSystem] faction [1012]
2024-09-15T22:30:58 - Steelton changing new owner to Oberon
2024-09-15T22:30:58 - Stellaris changing new owner to Steiner
2024-09-15T22:30:58 - Sterling changing new owner to ComStar
2024-09-15T22:30:58 - Stettin (FWL) changing new owner to Marik
2024-09-15T22:30:58 - System.NullReferenceException: Object reference not set to an instance of an object
  at PersistentMapClient.Helper.GetFactionName (PersistentMapAPI.Domain.StarSystem system, System.String faction) [0x0001b] in <8efdb6cff32447598d55d3b291e2bab5>:0 
2024-09-15T22:30:58 - GetFactionName exception on system [PersistentMapAPI.Domain.StarSystem] faction [1005]
2024-09-15T22:30:58 - System.NullReferenceException: Object reference not set to an instance of an object
  at PersistentMapClient.Helper.GetFactionName (PersistentMapAPI.Domain.StarSystem system, System.String faction) [0x0001b] in <8efdb6cff32447598d55d3b291e2bab5>:0 
2024-09-15T22:30:58 - GetFactionName exception on system [PersistentMapAPI.Domain.StarSystem] faction [1027]
2024-09-15T22:30:58 - Stotzing changing new owner to Illyrian
2024-09-15T22:30:58 - System.NullReferenceException: Object reference not set to an instance of an object
  at PersistentMapClient.Helper.GetFactionName (PersistentMapAPI.Domain.StarSystem system, System.String faction) [0x0001b] in <8efdb6cff32447598d55d3b291e2bab5>:0 
2024-09-15T22:30:58 - GetFactionName exception on system [PersistentMapAPI.Domain.StarSystem] faction [1005]
2024-09-15T22:30:58 - System.NullReferenceException: Object reference not set to an instance of an object
  at PersistentMapClient.Helper.GetFactionName (PersistentMapAPI.Domain.StarSystem system, System.String faction) [0x0001b] in <8efdb6cff32447598d55d3b291e2bab5>:0 
2024-09-15T22:30:58 - GetFactionName exception on system [PersistentMapAPI.Domain.StarSystem] faction [1008]
2024-09-15T22:30:58 - System.NullReferenceException: Object reference not set to an instance of an object
  at PersistentMapClient.Helper.GetFactionName (PersistentMapAPI.Domain.StarSystem system, System.String faction) [0x0001b] in <8efdb6cff32447598d55d3b291e2bab5>:0 
2024-09-15T22:30:58 - GetFactionName exception on system [PersistentMapAPI.Domain.StarSystem] faction [1021]
2024-09-15T22:30:58 - Strana Mechty changing new owner to ClanSmokeJaguar
2024-09-15T22:30:58 - System.NullReferenceException: Object reference not set to an instance of an object
  at PersistentMapClient.Helper.GetFactionName (PersistentMapAPI.Domain.StarSystem system, System.String faction) [0x0001b] in <8efdb6cff32447598d55d3b291e2bab5>:0 
2024-09-15T22:30:58 - GetFactionName exception on system [PersistentMapAPI.Domain.StarSystem] faction [1017]
2024-09-15T22:30:58 - Strawn changing new owner to ComStar
2024-09-15T22:30:58 - System.NullReferenceException: Object reference not set to an instance of an object
  at PersistentMapClient.Helper.GetFactionName (PersistentMapAPI.Domain.StarSystem system, System.String faction) [0x0001b] in <8efdb6cff32447598d55d3b291e2bab5>:0 
2024-09-15T22:30:58 - GetFactionName exception on system [PersistentMapAPI.Domain.StarSystem] faction [1003]
2024-09-15T22:30:58 - Sturgis changing new owner to Outworld
2024-09-15T22:30:58 - Styx changing new owner to ComStar
2024-09-15T22:30:58 - System.NullReferenceException: Object reference not set to an instance of an object
  at PersistentMapClient.Helper.GetFactionName (PersistentMapAPI.Domain.StarSystem system, System.String faction) [0x0001b] in <8efdb6cff32447598d55d3b291e2bab5>:0 
2024-09-15T22:30:58 - GetFactionName exception on system [PersistentMapAPI.Domain.StarSystem] faction [1001]
2024-09-15T22:30:58 - System.NullReferenceException: Object reference not set to an instance of an object
  at PersistentMapClient.Helper.GetFactionName (PersistentMapAPI.Domain.StarSystem system, System.String faction) [0x0001b] in <8efdb6cff32447598d55d3b291e2bab5>:0 
2024-09-15T22:30:58 - GetFactionName exception on system [PersistentMapAPI.Domain.StarSystem] faction [1003]
2024-09-15T22:30:58 - Suianheer changing new owner to Outworld
2024-09-15T22:30:58 - Summer changing new owner to ComStar
2024-09-15T22:30:58 - Sunchon changing new owner to Kurita
2024-09-15T22:30:58 - Sunnywood changing new owner to AuriganDirectorate
2024-09-15T22:30:58 - System.NullReferenceException: Object reference not set to an instance of an object
  at PersistentMapClient.Helper.GetFactionName (PersistentMapAPI.Domain.StarSystem system, System.String faction) [0x0001b] in <8efdb6cff32447598d55d3b291e2bab5>:0 
2024-09-15T22:30:58 - GetFactionName exception on system [PersistentMapAPI.Domain.StarSystem] faction [1011]
2024-09-15T22:30:58 - Susquehanna changing new owner to Elysia
2024-09-15T22:30:58 - Suzano changing new owner to Liao
2024-09-15T22:30:58 - System.NullReferenceException: Object reference not set to an instance of an object
  at PersistentMapClient.Helper.GetFactionName (PersistentMapAPI.Domain.StarSystem system, System.String faction) [0x0001b] in <8efdb6cff32447598d55d3b291e2bab5>:0 
2024-09-15T22:30:58 - GetFactionName exception on system [PersistentMapAPI.Domain.StarSystem] faction [1011]
2024-09-15T22:30:58 - Syrma changing new owner to ComStar
2024-09-15T22:30:58 - System.NullReferenceException: Object reference not set to an instance of an object
  at PersistentMapClient.Helper.GetFactionName (PersistentMapAPI.Domain.StarSystem system, System.String faction) [0x0001b] in <8efdb6cff32447598d55d3b291e2bab5>:0 
2024-09-15T22:30:58 - GetFactionName exception on system [PersistentMapAPI.Domain.StarSystem] faction [1013]
2024-09-15T22:30:58 - Szombathely changing new owner to ComStar
2024-09-15T22:30:58 - System.NullReferenceException: Object reference not set to an instance of an object
  at PersistentMapClient.Helper.GetFactionName (PersistentMapAPI.Domain.StarSystem system, System.String faction) [0x0001b] in <8efdb6cff32447598d55d3b291e2bab5>:0 
2024-09-15T22:30:58 - GetFactionName exception on system [PersistentMapAPI.Domain.StarSystem] faction [1003]
2024-09-15T22:30:58 - Tabayama changing new owner to Outworld
2024-09-15T22:30:58 - Tabit (Tyrfing 2350's+) changing new owner to ComStar
2024-09-15T22:30:58 - System.NullReferenceException: Object reference not set to an instance of an object
  at PersistentMapClient.Helper.GetFactionName (PersistentMapAPI.Domain.StarSystem system, System.String faction) [0x0001b] in <8efdb6cff32447598d55d3b291e2bab5>:0 
2024-09-15T22:30:58 - GetFactionName exception on system [PersistentMapAPI.Domain.StarSystem] faction [1026]
2024-09-15T22:30:58 - Tallassee changing new owner to Davion
2024-09-15T22:30:58 - Tamar changing new owner to Kurita
2024-09-15T22:30:58 - System.NullReferenceException: Object reference not set to an instance of an object
  at PersistentMapClient.Helper.GetFactionName (PersistentMapAPI.Domain.StarSystem system, System.String faction) [0x0001b] in <8efdb6cff32447598d55d3b291e2bab5>:0 
2024-09-15T22:30:58 - GetFactionName exception on system [PersistentMapAPI.Domain.StarSystem] faction [1021]
2024-09-15T22:30:58 - System.NullReferenceException: Object reference not set to an instance of an object
  at PersistentMapClient.Helper.GetFactionName (PersistentMapAPI.Domain.StarSystem system, System.String faction) [0x0001b] in <8efdb6cff32447598d55d3b291e2bab5>:0 
2024-09-15T22:30:58 - GetFactionName exception on system [PersistentMapAPI.Domain.StarSystem] faction [1003]
2024-09-15T22:30:58 - Tancredi changing new owner to Outworld
2024-09-15T22:30:58 - System.NullReferenceException: Object reference not set to an instance of an object
  at PersistentMapClient.Helper.GetFactionName (PersistentMapAPI.Domain.StarSystem system, System.String faction) [0x0001b] in <8efdb6cff32447598d55d3b291e2bab5>:0 
2024-09-15T22:30:58 - GetFactionName exception on system [PersistentMapAPI.Domain.StarSystem] faction [1012]
2024-09-15T22:30:58 - Taran's World changing new owner to Oberon
2024-09-15T22:30:58 - System.NullReferenceException: Object reference not set to an instance of an object
  at PersistentMapClient.Helper.GetFactionName (PersistentMapAPI.Domain.StarSystem system, System.String faction) [0x0001b] in <8efdb6cff32447598d55d3b291e2bab5>:0 
2024-09-15T22:30:58 - GetFactionName exception on system [PersistentMapAPI.Domain.StarSystem] faction [1017]
2024-09-15T22:30:58 - System.NullReferenceException: Object reference not set to an instance of an object
  at PersistentMapClient.Helper.GetFactionName (PersistentMapAPI.Domain.StarSystem system, System.String faction) [0x0001b] in <8efdb6cff32447598d55d3b291e2bab5>:0 
2024-09-15T22:30:58 - GetFactionName exception on system [PersistentMapAPI.Domain.StarSystem] faction [1015]
2024-09-15T22:30:58 - Tatopani changing new owner to Circinus
2024-09-15T22:30:58 - Tau Ceti (New Earth 2116+) changing new owner to ComStar
2024-09-15T22:30:58 - System.NullReferenceException: Object reference not set to an instance of an object
  at PersistentMapClient.Helper.GetFactionName (PersistentMapAPI.Domain.StarSystem system, System.String faction) [0x0001b] in <8efdb6cff32447598d55d3b291e2bab5>:0 
2024-09-15T22:30:58 - GetFactionName exception on system [PersistentMapAPI.Domain.StarSystem] faction [1003]
2024-09-15T22:30:58 - Teylingen changing new owner to Davion
2024-09-15T22:30:58 - System.NullReferenceException: Object reference not set to an instance of an object
  at PersistentMapClient.Helper.GetFactionName (PersistentMapAPI.Domain.StarSystem system, System.String faction) [0x0001b] in <8efdb6cff32447598d55d3b291e2bab5>:0 
2024-09-15T22:30:58 - GetFactionName exception on system [PersistentMapAPI.Domain.StarSystem] faction [1015]
2024-09-15T22:30:58 - Teyvareb changing new owner to Circinus
2024-09-15T22:30:58 - System.NullReferenceException: Object reference not set to an instance of an object
  at PersistentMapClient.Helper.GetFactionName (PersistentMapAPI.Domain.StarSystem system, System.String faction) [0x0001b] in <8efdb6cff32447598d55d3b291e2bab5>:0 
2024-09-15T22:30:58 - GetFactionName exception on system [PersistentMapAPI.Domain.StarSystem] faction [1015]
2024-09-15T22:30:58 - System.NullReferenceException: Object reference not set to an instance of an object
  at PersistentMapClient.Helper.GetFactionName (PersistentMapAPI.Domain.StarSystem system, System.String faction) [0x0001b] in <8efdb6cff32447598d55d3b291e2bab5>:0 
2024-09-15T22:30:58 - GetFactionName exception on system [PersistentMapAPI.Domain.StarSystem] faction [1026]
2024-09-15T22:30:58 - System.NullReferenceException: Object reference not set to an instance of an object
  at PersistentMapClient.Helper.GetFactionName (PersistentMapAPI.Domain.StarSystem system, System.String faction) [0x0001b] in <8efdb6cff32447598d55d3b291e2bab5>:0 
2024-09-15T22:30:58 - GetFactionName exception on system [PersistentMapAPI.Domain.StarSystem] faction [1004]
2024-09-15T22:30:58 - Thermopolis changing new owner to ComStar
2024-09-15T22:30:58 - System.NullReferenceException: Object reference not set to an instance of an object
  at PersistentMapClient.Helper.GetFactionName (PersistentMapAPI.Domain.StarSystem system, System.String faction) [0x0001b] in <8efdb6cff32447598d55d3b291e2bab5>:0 
2024-09-15T22:30:58 - GetFactionName exception on system [PersistentMapAPI.Domain.StarSystem] faction [1012]
2024-09-15T22:30:58 - Thestria changing new owner to Davion
2024-09-15T22:30:58 - Thorin changing new owner to ComStar
2024-09-15T22:30:58 - System.NullReferenceException: Object reference not set to an instance of an object
  at PersistentMapClient.Helper.GetFactionName (PersistentMapAPI.Domain.StarSystem system, System.String faction) [0x0001b] in <8efdb6cff32447598d55d3b291e2bab5>:0 
2024-09-15T22:30:58 - GetFactionName exception on system [PersistentMapAPI.Domain.StarSystem] faction [1005]
2024-09-15T22:30:58 - System.NullReferenceException: Object reference not set to an instance of an object
  at PersistentMapClient.Helper.GetFactionName (PersistentMapAPI.Domain.StarSystem system, System.String faction) [0x0001b] in <8efdb6cff32447598d55d3b291e2bab5>:0 
2024-09-15T22:30:58 - GetFactionName exception on system [PersistentMapAPI.Domain.StarSystem] faction [1001]
2024-09-15T22:30:58 - Thraxa changing new owner to Marian
2024-09-15T22:30:58 - System.NullReferenceException: Object reference not set to an instance of an object
  at PersistentMapClient.Helper.GetFactionName (PersistentMapAPI.Domain.StarSystem system, System.String faction) [0x0001b] in <8efdb6cff32447598d55d3b291e2bab5>:0 
2024-09-15T22:30:58 - GetFactionName exception on system [PersistentMapAPI.Domain.StarSystem] faction [1011]
2024-09-15T22:30:58 - Thurrock changing new owner to MagistracyOfCanopus
2024-09-15T22:30:58 - System.NullReferenceException: Object reference not set to an instance of an object
  at PersistentMapClient.Helper.GetFactionName (PersistentMapAPI.Domain.StarSystem system, System.String faction) [0x0001b] in <8efdb6cff32447598d55d3b291e2bab5>:0 
2024-09-15T22:30:58 - GetFactionName exception on system [PersistentMapAPI.Domain.StarSystem] faction [1028]
2024-09-15T22:30:58 - System.NullReferenceException: Object reference not set to an instance of an object
  at PersistentMapClient.Helper.GetFactionName (PersistentMapAPI.Domain.StarSystem system, System.String faction) [0x0001b] in <8efdb6cff32447598d55d3b291e2bab5>:0 
2024-09-15T22:30:58 - GetFactionName exception on system [PersistentMapAPI.Domain.StarSystem] faction [1022]
2024-09-15T22:30:58 - Tiber (Clan) changing new owner to ClanJadeFalcon
2024-09-15T22:30:58 - Tikonov changing new owner to Davion
2024-09-15T22:30:58 - Tincalunas changing new owner to AuriganDirectorate
2024-09-15T22:30:58 - Tiskilwa changing new owner to ComStar
2024-09-15T22:30:58 - System.NullReferenceException: Object reference not set to an instance of an object
  at PersistentMapClient.Helper.GetFactionName (PersistentMapAPI.Domain.StarSystem system, System.String faction) [0x0001b] in <8efdb6cff32447598d55d3b291e2bab5>:0 
2024-09-15T22:30:58 - GetFactionName exception on system [PersistentMapAPI.Domain.StarSystem] faction [1026]
2024-09-15T22:30:58 - Togwotee changing new owner to ComStar
2024-09-15T22:30:58 - System.NullReferenceException: Object reference not set to an instance of an object
  at PersistentMapClient.Helper.GetFactionName (PersistentMapAPI.Domain.StarSystem system, System.String faction) [0x0001b] in <8efdb6cff32447598d55d3b291e2bab5>:0 
2024-09-15T22:30:58 - GetFactionName exception on system [PersistentMapAPI.Domain.StarSystem] faction [1007]
2024-09-15T22:30:58 - System.NullReferenceException: Object reference not set to an instance of an object
  at PersistentMapClient.Helper.GetFactionName (PersistentMapAPI.Domain.StarSystem system, System.String faction) [0x0001b] in <8efdb6cff32447598d55d3b291e2bab5>:0 
2024-09-15T22:30:58 - GetFactionName exception on system [PersistentMapAPI.Domain.StarSystem] faction [1019]
2024-09-15T22:30:58 - System.NullReferenceException: Object reference not set to an instance of an object
  at PersistentMapClient.Helper.GetFactionName (PersistentMapAPI.Domain.StarSystem system, System.String faction) [0x0001b] in <8efdb6cff32447598d55d3b291e2bab5>:0 
2024-09-15T22:30:58 - GetFactionName exception on system [PersistentMapAPI.Domain.StarSystem] faction [1008]
2024-09-15T22:30:58 - Tokasha changing new owner to ClanSmokeJaguar
2024-09-15T22:30:58 - System.NullReferenceException: Object reference not set to an instance of an object
  at PersistentMapClient.Helper.GetFactionName (PersistentMapAPI.Domain.StarSystem system, System.String faction) [0x0001b] in <8efdb6cff32447598d55d3b291e2bab5>:0 
2024-09-15T22:30:58 - GetFactionName exception on system [PersistentMapAPI.Domain.StarSystem] faction [1012]
2024-09-15T22:30:58 - Toland changing new owner to Oberon
2024-09-15T22:30:58 - System.NullReferenceException: Object reference not set to an instance of an object
  at PersistentMapClient.Helper.GetFactionName (PersistentMapAPI.Domain.StarSystem system, System.String faction) [0x0001b] in <8efdb6cff32447598d55d3b291e2bab5>:0 
2024-09-15T22:30:58 - GetFactionName exception on system [PersistentMapAPI.Domain.StarSystem] faction [1005]
2024-09-15T22:30:58 - Tongatapu changing new owner to ComStar
2024-09-15T22:30:58 - System.NullReferenceException: Object reference not set to an instance of an object
  at PersistentMapClient.Helper.GetFactionName (PersistentMapAPI.Domain.StarSystem system, System.String faction) [0x0001b] in <8efdb6cff32447598d55d3b291e2bab5>:0 
2024-09-15T22:30:58 - GetFactionName exception on system [PersistentMapAPI.Domain.StarSystem] faction [1013]
2024-09-15T22:30:58 - Tordenskjold changing new owner to Chainelane
2024-09-15T22:30:58 - System.NullReferenceException: Object reference not set to an instance of an object
  at PersistentMapClient.Helper.GetFactionName (PersistentMapAPI.Domain.StarSystem system, System.String faction) [0x0001b] in <8efdb6cff32447598d55d3b291e2bab5>:0 
2024-09-15T22:30:58 - GetFactionName exception on system [PersistentMapAPI.Domain.StarSystem] faction [1027]
2024-09-15T22:30:58 - Tormentine changing new owner to Illyrian
2024-09-15T22:30:58 - System.NullReferenceException: Object reference not set to an instance of an object
  at PersistentMapClient.Helper.GetFactionName (PersistentMapAPI.Domain.StarSystem system, System.String faction) [0x0001b] in <8efdb6cff32447598d55d3b291e2bab5>:0 
2024-09-15T22:30:58 - GetFactionName exception on system [PersistentMapAPI.Domain.StarSystem] faction [1020]
2024-09-15T22:30:58 - System.NullReferenceException: Object reference not set to an instance of an object
  at PersistentMapClient.Helper.GetFactionName (PersistentMapAPI.Domain.StarSystem system, System.String faction) [0x0001b] in <8efdb6cff32447598d55d3b291e2bab5>:0 
2024-09-15T22:30:58 - GetFactionName exception on system [PersistentMapAPI.Domain.StarSystem] faction [1003]
2024-09-15T22:30:58 - Toten changing new owner to Outworld
2024-09-15T22:30:58 - System.NullReferenceException: Object reference not set to an instance of an object
  at PersistentMapClient.Helper.GetFactionName (PersistentMapAPI.Domain.StarSystem system, System.String faction) [0x0001b] in <8efdb6cff32447598d55d3b291e2bab5>:0 
2024-09-15T22:30:58 - GetFactionName exception on system [PersistentMapAPI.Domain.StarSystem] faction [1003]
2024-09-15T22:30:58 - Tottori changing new owner to Outworld
2024-09-15T22:30:58 - System.NullReferenceException: Object reference not set to an instance of an object
  at PersistentMapClient.Helper.GetFactionName (PersistentMapAPI.Domain.StarSystem system, System.String faction) [0x0001b] in <8efdb6cff32447598d55d3b291e2bab5>:0 
2024-09-15T22:30:58 - GetFactionName exception on system [PersistentMapAPI.Domain.StarSystem] faction [1011]
2024-09-15T22:30:58 - Tovetin (Tovetine) changing new owner to Elysia
2024-09-15T22:30:58 - System.NullReferenceException: Object reference not set to an instance of an object
  at PersistentMapClient.Helper.GetFactionName (PersistentMapAPI.Domain.StarSystem system, System.String faction) [0x0001b] in <8efdb6cff32447598d55d3b291e2bab5>:0 
2024-09-15T22:30:58 - GetFactionName exception on system [PersistentMapAPI.Domain.StarSystem] faction [1028]
2024-09-15T22:30:58 - System.NullReferenceException: Object reference not set to an instance of an object
  at PersistentMapClient.Helper.GetFactionName (PersistentMapAPI.Domain.StarSystem system, System.String faction) [0x0001b] in <8efdb6cff32447598d55d3b291e2bab5>:0 
2024-09-15T22:30:58 - GetFactionName exception on system [PersistentMapAPI.Domain.StarSystem] faction [1007]
2024-09-15T22:30:58 - Tranquil changing new owner to ClanGhostBear
2024-09-15T22:30:58 - System.NullReferenceException: Object reference not set to an instance of an object
  at PersistentMapClient.Helper.GetFactionName (PersistentMapAPI.Domain.StarSystem system, System.String faction) [0x0001b] in <8efdb6cff32447598d55d3b291e2bab5>:0 
2024-09-15T22:30:58 - GetFactionName exception on system [PersistentMapAPI.Domain.StarSystem] faction [1027]
2024-09-15T22:30:58 - Traussin changing new owner to TaurianConcordat
2024-09-15T22:30:58 - System.NullReferenceException: Object reference not set to an instance of an object
  at PersistentMapClient.Helper.GetFactionName (PersistentMapAPI.Domain.StarSystem system, System.String faction) [0x0001b] in <8efdb6cff32447598d55d3b291e2bab5>:0 
2024-09-15T22:30:58 - GetFactionName exception on system [PersistentMapAPI.Domain.StarSystem] faction [1003]
2024-09-15T22:30:58 - System.NullReferenceException: Object reference not set to an instance of an object
  at PersistentMapClient.Helper.GetFactionName (PersistentMapAPI.Domain.StarSystem system, System.String faction) [0x0001b] in <8efdb6cff32447598d55d3b291e2bab5>:0 
2024-09-15T22:30:58 - GetFactionName exception on system [PersistentMapAPI.Domain.StarSystem] faction [1003]
2024-09-15T22:30:58 - System.NullReferenceException: Object reference not set to an instance of an object
  at PersistentMapClient.Helper.GetFactionName (PersistentMapAPI.Domain.StarSystem system, System.String faction) [0x0001b] in <8efdb6cff32447598d55d3b291e2bab5>:0 
2024-09-15T22:30:58 - GetFactionName exception on system [PersistentMapAPI.Domain.StarSystem] faction [1024]
2024-09-15T22:30:58 - System.NullReferenceException: Object reference not set to an instance of an object
  at PersistentMapClient.Helper.GetFactionName (PersistentMapAPI.Domain.StarSystem system, System.String faction) [0x0001b] in <8efdb6cff32447598d55d3b291e2bab5>:0 
2024-09-15T22:30:58 - GetFactionName exception on system [PersistentMapAPI.Domain.StarSystem] faction [1027]
2024-09-15T22:30:58 - Tuat changing new owner to Kurita
2024-09-15T22:30:58 - Tyrlon changing new owner to AuriganDirectorate
2024-09-15T22:30:58 - System.NullReferenceException: Object reference not set to an instance of an object
  at PersistentMapClient.Helper.GetFactionName (PersistentMapAPI.Domain.StarSystem system, System.String faction) [0x0001b] in <8efdb6cff32447598d55d3b291e2bab5>:0 
2024-09-15T22:30:58 - GetFactionName exception on system [PersistentMapAPI.Domain.StarSystem] faction [1003]
2024-09-15T22:30:58 - System.NullReferenceException: Object reference not set to an instance of an object
  at PersistentMapClient.Helper.GetFactionName (PersistentMapAPI.Domain.StarSystem system, System.String faction) [0x0001b] in <8efdb6cff32447598d55d3b291e2bab5>:0 
2024-09-15T22:30:58 - GetFactionName exception on system [PersistentMapAPI.Domain.StarSystem] faction [1003]
2024-09-15T22:30:58 - System.NullReferenceException: Object reference not set to an instance of an object
  at PersistentMapClient.Helper.GetFactionName (PersistentMapAPI.Domain.StarSystem system, System.String faction) [0x0001b] in <8efdb6cff32447598d55d3b291e2bab5>:0 
2024-09-15T22:30:58 - GetFactionName exception on system [PersistentMapAPI.Domain.StarSystem] faction [1020]
2024-09-15T22:30:58 - Ulvskollen changing new owner to Tortuga
2024-09-15T22:30:58 - Umgard changing new owner to AuriganDirectorate
2024-09-15T22:30:58 - Umka changing new owner to MagistracyOfCanopus
2024-09-15T22:30:58 - Unkador changing new owner to Davion
2024-09-15T22:30:58 - Untran changing new owner to AuriganDirectorate
2024-09-15T22:30:58 - Uravan changing new owner to Liao
2024-09-15T22:30:58 - Vakarel changing new owner to MagistracyOfCanopus
2024-09-15T22:30:58 - System.NullReferenceException: Object reference not set to an instance of an object
  at PersistentMapClient.Helper.GetFactionName (PersistentMapAPI.Domain.StarSystem system, System.String faction) [0x0001b] in <8efdb6cff32447598d55d3b291e2bab5>:0 
2024-09-15T22:30:58 - GetFactionName exception on system [PersistentMapAPI.Domain.StarSystem] faction [1003]
2024-09-15T22:30:58 - Valdives changing new owner to AuriganDirectorate
2024-09-15T22:30:58 - System.NullReferenceException: Object reference not set to an instance of an object
  at PersistentMapClient.Helper.GetFactionName (PersistentMapAPI.Domain.StarSystem system, System.String faction) [0x0001b] in <8efdb6cff32447598d55d3b291e2bab5>:0 
2024-09-15T22:30:58 - GetFactionName exception on system [PersistentMapAPI.Domain.StarSystem] faction [1006]
2024-09-15T22:30:58 - System.NullReferenceException: Object reference not set to an instance of an object
  at PersistentMapClient.Helper.GetFactionName (PersistentMapAPI.Domain.StarSystem system, System.String faction) [0x0001b] in <8efdb6cff32447598d55d3b291e2bab5>:0 
2024-09-15T22:30:58 - GetFactionName exception on system [PersistentMapAPI.Domain.StarSystem] faction [1027]
2024-09-15T22:30:58 - System.NullReferenceException: Object reference not set to an instance of an object
  at PersistentMapClient.Helper.GetFactionName (PersistentMapAPI.Domain.StarSystem system, System.String faction) [0x0001b] in <8efdb6cff32447598d55d3b291e2bab5>:0 
2024-09-15T22:30:58 - GetFactionName exception on system [PersistentMapAPI.Domain.StarSystem] faction [1013]
2024-09-15T22:30:58 - System.NullReferenceException: Object reference not set to an instance of an object
  at PersistentMapClient.Helper.GetFactionName (PersistentMapAPI.Domain.StarSystem system, System.String faction) [0x0001b] in <8efdb6cff32447598d55d3b291e2bab5>:0 
2024-09-15T22:30:58 - GetFactionName exception on system [PersistentMapAPI.Domain.StarSystem] faction [1013]
2024-09-15T22:30:58 - Vargtass changing new owner to Chainelane
2024-09-15T22:30:58 - Vecchio changing new owner to Davion
2024-09-15T22:30:58 - Velhas changing new owner to Liao
2024-09-15T22:30:58 - Ventabren changing new owner to Liao
2024-09-15T22:30:58 - Verdigreis changing new owner to TaurianConcordat
2024-09-15T22:30:58 - Verlo changing new owner to Liao
2024-09-15T22:30:58 - Vestallas changing new owner to ComStar
2024-09-15T22:30:58 - Victralla changing new owner to TaurianConcordat
2024-09-15T22:30:58 - System.NullReferenceException: Object reference not set to an instance of an object
  at PersistentMapClient.Helper.GetFactionName (PersistentMapAPI.Domain.StarSystem system, System.String faction) [0x0001b] in <8efdb6cff32447598d55d3b291e2bab5>:0 
2024-09-15T22:30:58 - GetFactionName exception on system [PersistentMapAPI.Domain.StarSystem] faction [1003]
2024-09-15T22:30:58 - System.NullReferenceException: Object reference not set to an instance of an object
  at PersistentMapClient.Helper.GetFactionName (PersistentMapAPI.Domain.StarSystem system, System.String faction) [0x0001b] in <8efdb6cff32447598d55d3b291e2bab5>:0 
2024-09-15T22:30:58 - GetFactionName exception on system [PersistentMapAPI.Domain.StarSystem] faction [1017]
2024-09-15T22:30:58 - Vintru changing new owner to Liao
2024-09-15T22:30:58 - Viribium changing new owner to MagistracyOfCanopus
2024-09-15T22:30:58 - System.NullReferenceException: Object reference not set to an instance of an object
  at PersistentMapClient.Helper.GetFactionName (PersistentMapAPI.Domain.StarSystem system, System.String faction) [0x0001b] in <8efdb6cff32447598d55d3b291e2bab5>:0 
2024-09-15T22:30:58 - GetFactionName exception on system [PersistentMapAPI.Domain.StarSystem] faction [1005]
2024-09-15T22:30:58 - System.NullReferenceException: Object reference not set to an instance of an object
  at PersistentMapClient.Helper.GetFactionName (PersistentMapAPI.Domain.StarSystem system, System.String faction) [0x0001b] in <8efdb6cff32447598d55d3b291e2bab5>:0 
2024-09-15T22:30:58 - GetFactionName exception on system [PersistentMapAPI.Domain.StarSystem] faction [1003]
2024-09-15T22:30:58 - Voehn changing new owner to Outworld
2024-09-15T22:30:58 - Vortalcoy changing new owner to Steiner
2024-09-15T22:30:58 - Wantorill changing new owner to Liao
2024-09-15T22:30:58 - Ward changing new owner to AuriganDirectorate
2024-09-15T22:30:58 - Warren changing new owner to TaurianConcordat
2024-09-15T22:30:58 - Warrumbungle changing new owner to Steiner
2024-09-15T22:30:58 - Wasat changing new owner to Liao
2024-09-15T22:30:58 - Weatogue changing new owner to Liao
2024-09-15T22:30:58 - Weldry changing new owner to AuriganDirectorate
2024-09-15T22:30:58 - Wheel changing new owner to Steiner
2024-09-15T22:30:58 - System.NullReferenceException: Object reference not set to an instance of an object
  at PersistentMapClient.Helper.GetFactionName (PersistentMapAPI.Domain.StarSystem system, System.String faction) [0x0001b] in <8efdb6cff32447598d55d3b291e2bab5>:0 
2024-09-15T22:30:58 - GetFactionName exception on system [PersistentMapAPI.Domain.StarSystem] faction [1005]
2024-09-15T22:30:58 - System.NullReferenceException: Object reference not set to an instance of an object
  at PersistentMapClient.Helper.GetFactionName (PersistentMapAPI.Domain.StarSystem system, System.String faction) [0x0001b] in <8efdb6cff32447598d55d3b291e2bab5>:0 
2024-09-15T22:30:58 - GetFactionName exception on system [PersistentMapAPI.Domain.StarSystem] faction [1003]
2024-09-15T22:30:58 - Wonju changing new owner to Kurita
2024-09-15T22:30:58 - Wyeth's Glory changing new owner to AuriganDirectorate
2024-09-15T22:30:58 - System.NullReferenceException: Object reference not set to an instance of an object
  at PersistentMapClient.Helper.GetFactionName (PersistentMapAPI.Domain.StarSystem system, System.String faction) [0x0001b] in <8efdb6cff32447598d55d3b291e2bab5>:0 
2024-09-15T22:30:58 - GetFactionName exception on system [PersistentMapAPI.Domain.StarSystem] faction [1015]
2024-09-15T22:30:58 - Yidtall changing new owner to Circinus
2024-09-15T22:30:58 - System.NullReferenceException: Object reference not set to an instance of an object
  at PersistentMapClient.Helper.GetFactionName (PersistentMapAPI.Domain.StarSystem system, System.String faction) [0x0001b] in <8efdb6cff32447598d55d3b291e2bab5>:0 
2024-09-15T22:30:58 - GetFactionName exception on system [PersistentMapAPI.Domain.StarSystem] faction [1013]
2024-09-15T22:30:58 - Ylemelke changing new owner to Chainelane
2024-09-15T22:30:58 - Yorii changing new owner to ComStar
2024-09-15T22:30:58 - System.NullReferenceException: Object reference not set to an instance of an object
  at PersistentMapClient.Helper.GetFactionName (PersistentMapAPI.Domain.StarSystem system, System.String faction) [0x0001b] in <8efdb6cff32447598d55d3b291e2bab5>:0 
2024-09-15T22:30:58 - GetFactionName exception on system [PersistentMapAPI.Domain.StarSystem] faction [1009]
2024-09-15T22:30:58 - York (Clan) changing new owner to ClanCloudCobra
2024-09-15T22:30:58 - Yuris changing new owner to TaurianConcordat
2024-09-15T22:30:58 - Zacatecoluca changing new owner to Davion
2024-09-15T22:30:58 - Zambezi changing new owner to Davion
2024-09-15T22:30:58 - Zangul changing new owner to AuriganDirectorate
2024-09-15T22:30:58 - Zanzibar changing new owner to TaurianConcordat
2024-09-15T22:30:58 - System.NullReferenceException: Object reference not set to an instance of an object
  at PersistentMapClient.Helper.GetFactionName (PersistentMapAPI.Domain.StarSystem system, System.String faction) [0x0001b] in <8efdb6cff32447598d55d3b291e2bab5>:0 
2024-09-15T22:30:58 - GetFactionName exception on system [PersistentMapAPI.Domain.StarSystem] faction [1009]
2024-09-15T22:30:58 - Zathras changing new owner to MagistracyOfCanopus
2024-09-15T22:30:58 - Zaurak changing new owner to Liao
2024-09-15T22:30:58 - Zavijava changing new owner to ComStar
2024-09-15T22:30:58 - Zawiercie changing new owner to Kurita
2024-09-15T22:30:58 - System.NullReferenceException: Object reference not set to an instance of an object
  at PersistentMapClient.Helper.GetFactionName (PersistentMapAPI.Domain.StarSystem system, System.String faction) [0x0001b] in <8efdb6cff32447598d55d3b291e2bab5>:0 
2024-09-15T22:30:58 - GetFactionName exception on system [PersistentMapAPI.Domain.StarSystem] faction [1012]
2024-09-15T22:30:58 - Ziliang changing new owner to ComStar
2024-09-15T22:30:58 - Zion changing new owner to Liao
2024-09-15T22:30:58 - System.NullReferenceException: Object reference not set to an instance of an object
  at PersistentMapClient.Helper.GetFactionName (PersistentMapAPI.Domain.StarSystem system, System.String faction) [0x0001b] in <8efdb6cff32447598d55d3b291e2bab5>:0 
2024-09-15T22:30:58 - GetFactionName exception on system [PersistentMapAPI.Domain.StarSystem] faction [1003]
2024-09-15T22:30:58 - Zlatousi changing new owner to Outworld
2024-09-15T22:30:58 - Zollikofen changing new owner to ComStar
2024-09-15T22:30:58 - System.NullReferenceException: Object reference not set to an instance of an object
  at PersistentMapClient.Helper.GetFactionName (PersistentMapAPI.Domain.StarSystem system, System.String faction) [0x0001b] in <8efdb6cff32447598d55d3b291e2bab5>:0 
2024-09-15T22:30:58 - GetFactionName exception on system [PersistentMapAPI.Domain.StarSystem] faction [1015]
2024-09-15T22:30:58 - Zortman changing new owner to ComStar
2024-09-15T22:30:58 - Zosma changing new owner to ComStar
2024-09-15T22:30:58 - System.NullReferenceException: Object reference not set to an instance of an object
  at PersistentMapClient.Helper.GetFactionName (PersistentMapAPI.Domain.StarSystem system, System.String faction) [0x0001b] in <8efdb6cff32447598d55d3b291e2bab5>:0 
2024-09-15T22:30:58 - GetFactionName exception on system [PersistentMapAPI.Domain.StarSystem] faction [1015]
2024-09-15T22:30:58 - Zuhbehr changing new owner to Circinus
2024-09-15T22:30:58 - Zurich changing new owner to Liao
2024-09-15T22:30:58 - System.NullReferenceException: Object reference not set to an instance of an object
  at PersistentMapClient.Helper.GetFactionName (PersistentMapAPI.Domain.StarSystem system, System.String faction) [0x0001b] in <8efdb6cff32447598d55d3b291e2bab5>:0 
2024-09-15T22:30:58 - GetFactionName exception on system [PersistentMapAPI.Domain.StarSystem] faction [1024]
2024-09-15T22:30:58 - System.NullReferenceException: Object reference not set to an instance of an object
  at PersistentMapClient.Helper.GetFactionName (PersistentMapAPI.Domain.StarSystem system, System.String faction) [0x0001b] in <8efdb6cff32447598d55d3b291e2bab5>:0 
2024-09-15T22:30:58 - GetFactionName exception on system [PersistentMapAPI.Domain.StarSystem] faction [1015]
2024-09-15T22:30:58 - System.NullReferenceException: Object reference not set to an instance of an object
  at PersistentMapClient.Helper.GetFactionName (PersistentMapAPI.Domain.StarSystem system, System.String faction) [0x0001b] in <8efdb6cff32447598d55d3b291e2bab5>:0 
2024-09-15T22:30:58 - GetFactionName exception on system [PersistentMapAPI.Domain.StarSystem] faction [1015]
2024-09-15T22:30:58 - System.NullReferenceException: Object reference not set to an instance of an object
  at PersistentMapClient.Helper.GetFactionName (PersistentMapAPI.Domain.StarSystem system, System.String faction) [0x0001b] in <8efdb6cff32447598d55d3b291e2bab5>:0 
2024-09-15T22:30:58 - GetFactionName exception on system [PersistentMapAPI.Domain.StarSystem] faction [1015]
2024-09-15T22:30:58 - System.NullReferenceException: Object reference not set to an instance of an object
  at PersistentMapClient.Helper.GetFactionName (PersistentMapAPI.Domain.StarSystem system, System.String faction) [0x0001b] in <8efdb6cff32447598d55d3b291e2bab5>:0 
2024-09-15T22:30:58 - GetFactionName exception on system [PersistentMapAPI.Domain.StarSystem] faction [1015]
2024-09-15T22:30:58 - System.NullReferenceException: Object reference not set to an instance of an object
  at PersistentMapClient.Helper.GetFactionName (PersistentMapAPI.Domain.StarSystem system, System.String faction) [0x0001b] in <8efdb6cff32447598d55d3b291e2bab5>:0 
2024-09-15T22:30:58 - GetFactionName exception on system [PersistentMapAPI.Domain.StarSystem] faction [1015]
2024-09-15T22:30:58 - System.NullReferenceException: Object reference not set to an instance of an object
  at PersistentMapClient.Helper.GetFactionName (PersistentMapAPI.Domain.StarSystem system, System.String faction) [0x0001b] in <8efdb6cff32447598d55d3b291e2bab5>:0 
2024-09-15T22:30:58 - GetFactionName exception on system [PersistentMapAPI.Domain.StarSystem] faction [1015]
2024-09-15T22:30:58 - System.NullReferenceException: Object reference not set to an instance of an object
  at PersistentMapClient.Helper.GetFactionName (PersistentMapAPI.Domain.StarSystem system, System.String faction) [0x0001b] in <8efdb6cff32447598d55d3b291e2bab5>:0 
2024-09-15T22:30:58 - GetFactionName exception on system [PersistentMapAPI.Domain.StarSystem] faction [1015]
2024-09-15T22:30:58 - System.NullReferenceException: Object reference not set to an instance of an object
  at PersistentMapClient.Helper.GetFactionName (PersistentMapAPI.Domain.StarSystem system, System.String faction) [0x0001b] in <8efdb6cff32447598d55d3b291e2bab5>:0 
2024-09-15T22:30:58 - GetFactionName exception on system [PersistentMapAPI.Domain.StarSystem] faction [1015]
2024-09-15T22:30:58 - System.NullReferenceException: Object reference not set to an instance of an object
  at PersistentMapClient.Helper.GetFactionName (PersistentMapAPI.Domain.StarSystem system, System.String faction) [0x0001b] in <8efdb6cff32447598d55d3b291e2bab5>:0 
2024-09-15T22:30:58 - GetFactionName exception on system [PersistentMapAPI.Domain.StarSystem] faction [1015]
2024-09-15T22:30:58 - System.NullReferenceException: Object reference not set to an instance of an object
  at PersistentMapClient.Helper.GetFactionName (PersistentMapAPI.Domain.StarSystem system, System.String faction) [0x0001b] in <8efdb6cff32447598d55d3b291e2bab5>:0 
2024-09-15T22:30:58 - GetFactionName exception on system [PersistentMapAPI.Domain.StarSystem] faction [1015]
2024-09-15T22:30:58 - System.NullReferenceException: Object reference not set to an instance of an object
  at PersistentMapClient.Helper.GetFactionName (PersistentMapAPI.Domain.StarSystem system, System.String faction) [0x0001b] in <8efdb6cff32447598d55d3b291e2bab5>:0 
2024-09-15T22:30:58 - GetFactionName exception on system [PersistentMapAPI.Domain.StarSystem] faction [1015]
2024-09-15T22:30:58 - System.NullReferenceException: Object reference not set to an instance of an object
  at PersistentMapClient.Helper.GetFactionName (PersistentMapAPI.Domain.StarSystem system, System.String faction) [0x0001b] in <8efdb6cff32447598d55d3b291e2bab5>:0 
2024-09-15T22:30:58 - GetFactionName exception on system [PersistentMapAPI.Domain.StarSystem] faction [1015]
2024-09-15T22:30:58 - System.NullReferenceException: Object reference not set to an instance of an object
  at PersistentMapClient.Helper.GetFactionName (PersistentMapAPI.Domain.StarSystem system, System.String faction) [0x0001b] in <8efdb6cff32447598d55d3b291e2bab5>:0 
2024-09-15T22:30:58 - GetFactionName exception on system [PersistentMapAPI.Domain.StarSystem] faction [1015]
2024-09-15T22:30:58 - System.NullReferenceException: Object reference not set to an instance of an object
  at PersistentMapClient.Helper.GetFactionName (PersistentMapAPI.Domain.StarSystem system, System.String faction) [0x0001b] in <8efdb6cff32447598d55d3b291e2bab5>:0 
2024-09-15T22:30:58 - GetFactionName exception on system [PersistentMapAPI.Domain.StarSystem] faction [1015]
2024-09-15T22:30:58 - System.NullReferenceException: Object reference not set to an instance of an object
  at PersistentMapClient.Helper.GetFactionName (PersistentMapAPI.Domain.StarSystem system, System.String faction) [0x0001b] in <8efdb6cff32447598d55d3b291e2bab5>:0 
2024-09-15T22:30:58 - GetFactionName exception on system [PersistentMapAPI.Domain.StarSystem] faction [1015]
2024-09-15T22:30:58 - System.NullReferenceException: Object reference not set to an instance of an object
  at PersistentMapClient.Helper.GetFactionName (PersistentMapAPI.Domain.StarSystem system, System.String faction) [0x0001b] in <8efdb6cff32447598d55d3b291e2bab5>:0 
2024-09-15T22:30:58 - GetFactionName exception on system [PersistentMapAPI.Domain.StarSystem] faction [1015]
2024-09-15T22:30:58 - System.NullReferenceException: Object reference not set to an instance of an object
  at PersistentMapClient.Helper.GetFactionName (PersistentMapAPI.Domain.StarSystem system, System.String faction) [0x0001b] in <8efdb6cff32447598d55d3b291e2bab5>:0 
2024-09-15T22:30:58 - GetFactionName exception on system [PersistentMapAPI.Domain.StarSystem] faction [1003]
2024-09-15T22:30:58 - System.NullReferenceException: Object reference not set to an instance of an object
  at PersistentMapClient.Helper.GetFactionName (PersistentMapAPI.Domain.StarSystem system, System.String faction) [0x0001b] in <8efdb6cff32447598d55d3b291e2bab5>:0 
2024-09-15T22:30:58 - GetFactionName exception on system [PersistentMapAPI.Domain.StarSystem] faction [1003]
2024-09-15T22:30:58 - System.NullReferenceException: Object reference not set to an instance of an object
  at PersistentMapClient.Helper.GetFactionName (PersistentMapAPI.Domain.StarSystem system, System.String faction) [0x0001b] in <8efdb6cff32447598d55d3b291e2bab5>:0 
2024-09-15T22:30:58 - GetFactionName exception on system [PersistentMapAPI.Domain.StarSystem] faction [1003]
2024-09-15T22:30:58 - System.NullReferenceException: Object reference not set to an instance of an object
  at PersistentMapClient.Helper.GetFactionName (PersistentMapAPI.Domain.StarSystem system, System.String faction) [0x0001b] in <8efdb6cff32447598d55d3b291e2bab5>:0 
2024-09-15T22:30:58 - GetFactionName exception on system [PersistentMapAPI.Domain.StarSystem] faction [1003]
2024-09-15T22:30:58 - System.NullReferenceException: Object reference not set to an instance of an object
  at PersistentMapClient.Helper.GetFactionName (PersistentMapAPI.Domain.StarSystem system, System.String faction) [0x0001b] in <8efdb6cff32447598d55d3b291e2bab5>:0 
2024-09-15T22:30:58 - GetFactionName exception on system [PersistentMapAPI.Domain.StarSystem] faction [1003]
2024-09-15T22:30:58 - System.NullReferenceException: Object reference not set to an instance of an object
  at PersistentMapClient.Helper.GetFactionName (PersistentMapAPI.Domain.StarSystem system, System.String faction) [0x0001b] in <8efdb6cff32447598d55d3b291e2bab5>:0 
2024-09-15T22:30:58 - GetFactionName exception on system [PersistentMapAPI.Domain.StarSystem] faction [1003]
2024-09-15T22:30:58 - System.NullReferenceException: Object reference not set to an instance of an object
  at PersistentMapClient.Helper.GetFactionName (PersistentMapAPI.Domain.StarSystem system, System.String faction) [0x0001b] in <8efdb6cff32447598d55d3b291e2bab5>:0 
2024-09-15T22:30:58 - GetFactionName exception on system [PersistentMapAPI.Domain.StarSystem] faction [1003]
2024-09-15T22:30:58 - System.NullReferenceException: Object reference not set to an instance of an object
  at PersistentMapClient.Helper.GetFactionName (PersistentMapAPI.Domain.StarSystem system, System.String faction) [0x0001b] in <8efdb6cff32447598d55d3b291e2bab5>:0 
2024-09-15T22:30:58 - GetFactionName exception on system [PersistentMapAPI.Domain.StarSystem] faction [1003]
2024-09-15T22:30:58 - System.NullReferenceException: Object reference not set to an instance of an object
  at PersistentMapClient.Helper.GetFactionName (PersistentMapAPI.Domain.StarSystem system, System.String faction) [0x0001b] in <8efdb6cff32447598d55d3b291e2bab5>:0 
2024-09-15T22:30:58 - GetFactionName exception on system [PersistentMapAPI.Domain.StarSystem] faction [1012]
2024-09-15T22:30:58 - System.NullReferenceException: Object reference not set to an instance of an object
  at PersistentMapClient.Helper.GetFactionName (PersistentMapAPI.Domain.StarSystem system, System.String faction) [0x0001b] in <8efdb6cff32447598d55d3b291e2bab5>:0 
2024-09-15T22:30:58 - GetFactionName exception on system [PersistentMapAPI.Domain.StarSystem] faction [1012]
2024-09-15T22:30:58 - System.NullReferenceException: Object reference not set to an instance of an object
  at PersistentMapClient.Helper.GetFactionName (PersistentMapAPI.Domain.StarSystem system, System.String faction) [0x0001b] in <8efdb6cff32447598d55d3b291e2bab5>:0 
2024-09-15T22:30:58 - GetFactionName exception on system [PersistentMapAPI.Domain.StarSystem] faction [1012]
2024-09-15T22:30:58 - System.NullReferenceException: Object reference not set to an instance of an object
  at PersistentMapClient.Helper.GetFactionName (PersistentMapAPI.Domain.StarSystem system, System.String faction) [0x0001b] in <8efdb6cff32447598d55d3b291e2bab5>:0 
2024-09-15T22:30:58 - GetFactionName exception on system [PersistentMapAPI.Domain.StarSystem] faction [1012]
2024-09-15T22:30:58 - System.NullReferenceException: Object reference not set to an instance of an object
  at PersistentMapClient.Helper.GetFactionName (PersistentMapAPI.Domain.StarSystem system, System.String faction) [0x0001b] in <8efdb6cff32447598d55d3b291e2bab5>:0 
2024-09-15T22:30:58 - GetFactionName exception on system [PersistentMapAPI.Domain.StarSystem] faction [1012]
2024-09-15T22:30:58 - System.NullReferenceException: Object reference not set to an instance of an object
  at PersistentMapClient.Helper.GetFactionName (PersistentMapAPI.Domain.StarSystem system, System.String faction) [0x0001b] in <8efdb6cff32447598d55d3b291e2bab5>:0 
2024-09-15T22:30:58 - GetFactionName exception on system [PersistentMapAPI.Domain.StarSystem] faction [1012]
2024-09-15T22:30:58 - System.NullReferenceException: Object reference not set to an instance of an object
  at PersistentMapClient.Helper.GetFactionName (PersistentMapAPI.Domain.StarSystem system, System.String faction) [0x0001b] in <8efdb6cff32447598d55d3b291e2bab5>:0 
2024-09-15T22:30:58 - GetFactionName exception on system [PersistentMapAPI.Domain.StarSystem] faction [1016]
2024-09-15T22:30:58 - System.NullReferenceException: Object reference not set to an instance of an object
  at PersistentMapClient.Helper.GetFactionName (PersistentMapAPI.Domain.StarSystem system, System.String faction) [0x0001b] in <8efdb6cff32447598d55d3b291e2bab5>:0 
2024-09-15T22:30:58 - GetFactionName exception on system [PersistentMapAPI.Domain.StarSystem] faction [1014]
2024-09-15T22:30:58 - System.NullReferenceException: Object reference not set to an instance of an object
  at PersistentMapClient.Helper.GetFactionName (PersistentMapAPI.Domain.StarSystem system, System.String faction) [0x0001b] in <8efdb6cff32447598d55d3b291e2bab5>:0 
2024-09-15T22:30:58 - GetFactionName exception on system [PersistentMapAPI.Domain.StarSystem] faction [1016]
2024-09-15T22:30:58 - System.NullReferenceException: Object reference not set to an instance of an object
  at PersistentMapClient.Helper.GetFactionName (PersistentMapAPI.Domain.StarSystem system, System.String faction) [0x0001b] in <8efdb6cff32447598d55d3b291e2bab5>:0 
2024-09-15T22:30:58 - GetFactionName exception on system [PersistentMapAPI.Domain.StarSystem] faction [1016]
2024-09-15T22:30:58 - System.NullReferenceException: Object reference not set to an instance of an object
  at PersistentMapClient.Helper.GetFactionName (PersistentMapAPI.Domain.StarSystem system, System.String faction) [0x0001b] in <8efdb6cff32447598d55d3b291e2bab5>:0 
2024-09-15T22:30:58 - GetFactionName exception on system [PersistentMapAPI.Domain.StarSystem] faction [1016]
2024-09-15T22:30:58 - System.NullReferenceException: Object reference not set to an instance of an object
  at PersistentMapClient.Helper.GetFactionName (PersistentMapAPI.Domain.StarSystem system, System.String faction) [0x0001b] in <8efdb6cff32447598d55d3b291e2bab5>:0 
2024-09-15T22:30:58 - GetFactionName exception on system [PersistentMapAPI.Domain.StarSystem] faction [1009]
2024-09-15T22:30:58 - System.NullReferenceException: Object reference not set to an instance of an object
  at PersistentMapClient.Helper.GetFactionName (PersistentMapAPI.Domain.StarSystem system, System.String faction) [0x0001b] in <8efdb6cff32447598d55d3b291e2bab5>:0 
2024-09-15T22:30:58 - GetFactionName exception on system [PersistentMapAPI.Domain.StarSystem] faction [1016]
2024-09-15T22:30:58 - System.NullReferenceException: Object reference not set to an instance of an object
  at PersistentMapClient.Helper.GetFactionName (PersistentMapAPI.Domain.StarSystem system, System.String faction) [0x0001b] in <8efdb6cff32447598d55d3b291e2bab5>:0 
2024-09-15T22:30:58 - GetFactionName exception on system [PersistentMapAPI.Domain.StarSystem] faction [1014]
2024-09-15T22:30:58 - System.NullReferenceException: Object reference not set to an instance of an object
  at PersistentMapClient.Helper.GetFactionName (PersistentMapAPI.Domain.StarSystem system, System.String faction) [0x0001b] in <8efdb6cff32447598d55d3b291e2bab5>:0 
2024-09-15T22:30:58 - GetFactionName exception on system [PersistentMapAPI.Domain.StarSystem] faction [1010]
2024-09-15T22:30:58 - System.NullReferenceException: Object reference not set to an instance of an object
  at PersistentMapClient.Helper.GetFactionName (PersistentMapAPI.Domain.StarSystem system, System.String faction) [0x0001b] in <8efdb6cff32447598d55d3b291e2bab5>:0 
2024-09-15T22:30:58 - GetFactionName exception on system [PersistentMapAPI.Domain.StarSystem] faction [1015]
2024-09-15T22:30:58 - System.NullReferenceException: Object reference not set to an instance of an object
  at PersistentMapClient.Helper.GetFactionName (PersistentMapAPI.Domain.StarSystem system, System.String faction) [0x0001b] in <8efdb6cff32447598d55d3b291e2bab5>:0 
2024-09-15T22:30:58 - GetFactionName exception on system [PersistentMapAPI.Domain.StarSystem] faction [1015]
2024-09-15T22:30:58 - System.NullReferenceException: Object reference not set to an instance of an object
  at PersistentMapClient.Helper.GetFactionName (PersistentMapAPI.Domain.StarSystem system, System.String faction) [0x0001b] in <8efdb6cff32447598d55d3b291e2bab5>:0 
2024-09-15T22:30:58 - GetFactionName exception on system [PersistentMapAPI.Domain.StarSystem] faction [1027]
2024-09-15T22:30:58 - System.NullReferenceException: Object reference not set to an instance of an object
  at PersistentMapClient.Helper.GetFactionName (PersistentMapAPI.Domain.StarSystem system, System.String faction) [0x0001b] in <8efdb6cff32447598d55d3b291e2bab5>:0 
2024-09-15T22:30:58 - GetFactionName exception on system [PersistentMapAPI.Domain.StarSystem] faction [1027]
2024-09-15T22:30:58 - System.NullReferenceException: Object reference not set to an instance of an object
  at PersistentMapClient.Helper.GetFactionName (PersistentMapAPI.Domain.StarSystem system, System.String faction) [0x0001b] in <8efdb6cff32447598d55d3b291e2bab5>:0 
2024-09-15T22:30:58 - GetFactionName exception on system [PersistentMapAPI.Domain.StarSystem] faction [1027]
2024-09-15T22:30:58 - System.NullReferenceException: Object reference not set to an instance of an object
  at PersistentMapClient.Helper.GetFactionName (PersistentMapAPI.Domain.StarSystem system, System.String faction) [0x0001b] in <8efdb6cff32447598d55d3b291e2bab5>:0 
2024-09-15T22:30:58 - GetFactionName exception on system [PersistentMapAPI.Domain.StarSystem] faction [1027]
2024-09-15T22:30:58 - System.NullReferenceException: Object reference not set to an instance of an object
  at PersistentMapClient.Helper.GetFactionName (PersistentMapAPI.Domain.StarSystem system, System.String faction) [0x0001b] in <8efdb6cff32447598d55d3b291e2bab5>:0 
2024-09-15T22:30:58 - GetFactionName exception on system [PersistentMapAPI.Domain.StarSystem] faction [1027]
2024-09-15T22:30:58 - System.NullReferenceException: Object reference not set to an instance of an object
  at PersistentMapClient.Helper.GetFactionName (PersistentMapAPI.Domain.StarSystem system, System.String faction) [0x0001b] in <8efdb6cff32447598d55d3b291e2bab5>:0 
2024-09-15T22:30:58 - GetFactionName exception on system [PersistentMapAPI.Domain.StarSystem] faction [1027]
2024-09-15T22:30:58 - System.NullReferenceException: Object reference not set to an instance of an object
  at PersistentMapClient.Helper.GetFactionName (PersistentMapAPI.Domain.StarSystem system, System.String faction) [0x0001b] in <8efdb6cff32447598d55d3b291e2bab5>:0 
2024-09-15T22:30:58 - GetFactionName exception on system [PersistentMapAPI.Domain.StarSystem] faction [1027]
2024-09-15T22:30:58 - System.NullReferenceException: Object reference not set to an instance of an object
  at PersistentMapClient.Helper.GetFactionName (PersistentMapAPI.Domain.StarSystem system, System.String faction) [0x0001b] in <8efdb6cff32447598d55d3b291e2bab5>:0 
2024-09-15T22:30:58 - GetFactionName exception on system [PersistentMapAPI.Domain.StarSystem] faction [1027]
2024-09-15T22:30:58 - System.NullReferenceException: Object reference not set to an instance of an object
  at PersistentMapClient.Helper.GetFactionName (PersistentMapAPI.Domain.StarSystem system, System.String faction) [0x0001b] in <8efdb6cff32447598d55d3b291e2bab5>:0 
2024-09-15T22:30:58 - GetFactionName exception on system [PersistentMapAPI.Domain.StarSystem] faction [1015]
2024-09-15T22:30:58 - System.NullReferenceException: Object reference not set to an instance of an object
  at PersistentMapClient.Helper.GetFactionName (PersistentMapAPI.Domain.StarSystem system, System.String faction) [0x0001b] in <8efdb6cff32447598d55d3b291e2bab5>:0 
2024-09-15T22:30:58 - GetFactionName exception on system [PersistentMapAPI.Domain.StarSystem] faction [1015]
2024-09-15T22:30:58 - System.NullReferenceException: Object reference not set to an instance of an object
  at PersistentMapClient.Helper.GetFactionName (PersistentMapAPI.Domain.StarSystem system, System.String faction) [0x0001b] in <8efdb6cff32447598d55d3b291e2bab5>:0 
2024-09-15T22:30:58 - GetFactionName exception on system [PersistentMapAPI.Domain.StarSystem] faction [1015]
2024-09-15T22:30:58 - System.NullReferenceException: Object reference not set to an instance of an object
  at PersistentMapClient.Helper.GetFactionName (PersistentMapAPI.Domain.StarSystem system, System.String faction) [0x0001b] in <8efdb6cff32447598d55d3b291e2bab5>:0 
2024-09-15T22:30:58 - GetFactionName exception on system [PersistentMapAPI.Domain.StarSystem] faction [1019]
2024-09-15T22:30:58 - System.NullReferenceException: Object reference not set to an instance of an object
  at PersistentMapClient.Helper.GetFactionName (PersistentMapAPI.Domain.StarSystem system, System.String faction) [0x0001b] in <8efdb6cff32447598d55d3b291e2bab5>:0 
2024-09-15T22:30:58 - GetFactionName exception on system [PersistentMapAPI.Domain.StarSystem] faction [1016]
2024-09-15T22:30:58 - System.NullReferenceException: Object reference not set to an instance of an object
  at PersistentMapClient.Helper.GetFactionName (PersistentMapAPI.Domain.StarSystem system, System.String faction) [0x0001b] in <8efdb6cff32447598d55d3b291e2bab5>:0 
2024-09-15T22:30:58 - GetFactionName exception on system [PersistentMapAPI.Domain.StarSystem] faction [1003]
2024-09-15T22:30:58 - System.NullReferenceException: Object reference not set to an instance of an object
  at PersistentMapClient.Helper.GetFactionName (PersistentMapAPI.Domain.StarSystem system, System.String faction) [0x0001b] in <8efdb6cff32447598d55d3b291e2bab5>:0 
2024-09-15T22:30:58 - GetFactionName exception on system [PersistentMapAPI.Domain.StarSystem] faction [1003]
2024-09-15T22:30:58 - System.NullReferenceException: Object reference not set to an instance of an object
  at PersistentMapClient.Helper.GetFactionName (PersistentMapAPI.Domain.StarSystem system, System.String faction) [0x0001b] in <8efdb6cff32447598d55d3b291e2bab5>:0 
2024-09-15T22:30:58 - GetFactionName exception on system [PersistentMapAPI.Domain.StarSystem] faction [1003]
2024-09-15T22:30:58 - System.NullReferenceException: Object reference not set to an instance of an object
  at PersistentMapClient.Helper.GetFactionName (PersistentMapAPI.Domain.StarSystem system, System.String faction) [0x0001b] in <8efdb6cff32447598d55d3b291e2bab5>:0 
2024-09-15T22:30:58 - GetFactionName exception on system [PersistentMapAPI.Domain.StarSystem] faction [1003]
2024-09-15T22:30:58 - System.NullReferenceException: Object reference not set to an instance of an object
  at PersistentMapClient.Helper.GetFactionName (PersistentMapAPI.Domain.StarSystem system, System.String faction) [0x0001b] in <8efdb6cff32447598d55d3b291e2bab5>:0 
2024-09-15T22:30:58 - GetFactionName exception on system [PersistentMapAPI.Domain.StarSystem] faction [1003]
2024-09-15T22:30:58 - System.NullReferenceException: Object reference not set to an instance of an object
  at PersistentMapClient.Helper.GetFactionName (PersistentMapAPI.Domain.StarSystem system, System.String faction) [0x0001b] in <8efdb6cff32447598d55d3b291e2bab5>:0 
2024-09-15T22:30:58 - GetFactionName exception on system [PersistentMapAPI.Domain.StarSystem] faction [1011]
2024-09-15T22:30:58 - System.NullReferenceException: Object reference not set to an instance of an object
  at PersistentMapClient.Helper.GetFactionName (PersistentMapAPI.Domain.StarSystem system, System.String faction) [0x0001b] in <8efdb6cff32447598d55d3b291e2bab5>:0 
2024-09-15T22:30:58 - GetFactionName exception on system [PersistentMapAPI.Domain.StarSystem] faction [1011]
2024-09-15T22:30:58 - System.NullReferenceException: Object reference not set to an instance of an object
  at PersistentMapClient.Helper.GetFactionName (PersistentMapAPI.Domain.StarSystem system, System.String faction) [0x0001b] in <8efdb6cff32447598d55d3b291e2bab5>:0 
2024-09-15T22:30:58 - GetFactionName exception on system [PersistentMapAPI.Domain.StarSystem] faction [1011]
2024-09-15T22:30:58 - System.NullReferenceException: Object reference not set to an instance of an object
  at PersistentMapClient.Helper.GetFactionName (PersistentMapAPI.Domain.StarSystem system, System.String faction) [0x0001b] in <8efdb6cff32447598d55d3b291e2bab5>:0 
2024-09-15T22:30:58 - GetFactionName exception on system [PersistentMapAPI.Domain.StarSystem] faction [1011]
2024-09-15T22:30:58 - System.NullReferenceException: Object reference not set to an instance of an object
  at PersistentMapClient.Helper.GetFactionName (PersistentMapAPI.Domain.StarSystem system, System.String faction) [0x0001b] in <8efdb6cff32447598d55d3b291e2bab5>:0 
2024-09-15T22:30:58 - GetFactionName exception on system [PersistentMapAPI.Domain.StarSystem] faction [1011]
2024-09-15T22:30:58 - System.NullReferenceException: Object reference not set to an instance of an object
  at PersistentMapClient.Helper.GetFactionName (PersistentMapAPI.Domain.StarSystem system, System.String faction) [0x0001b] in <8efdb6cff32447598d55d3b291e2bab5>:0 
2024-09-15T22:30:58 - GetFactionName exception on system [PersistentMapAPI.Domain.StarSystem] faction [1011]
2024-09-15T22:30:58 - System.NullReferenceException: Object reference not set to an instance of an object
  at PersistentMapClient.Helper.GetFactionName (PersistentMapAPI.Domain.StarSystem system, System.String faction) [0x0001b] in <8efdb6cff32447598d55d3b291e2bab5>:0 
2024-09-15T22:30:58 - GetFactionName exception on system [PersistentMapAPI.Domain.StarSystem] faction [1011]
2024-09-15T22:30:58 - System.NullReferenceException: Object reference not set to an instance of an object
  at PersistentMapClient.Helper.GetFactionName (PersistentMapAPI.Domain.StarSystem system, System.String faction) [0x0001b] in <8efdb6cff32447598d55d3b291e2bab5>:0 
2024-09-15T22:30:58 - GetFactionName exception on system [PersistentMapAPI.Domain.StarSystem] faction [1011]
2024-09-15T22:30:58 - System.NullReferenceException: Object reference not set to an instance of an object
  at PersistentMapClient.Helper.GetFactionName (PersistentMapAPI.Domain.StarSystem system, System.String faction) [0x0001b] in <8efdb6cff32447598d55d3b291e2bab5>:0 
2024-09-15T22:30:58 - GetFactionName exception on system [PersistentMapAPI.Domain.StarSystem] faction [1012]
2024-09-15T22:30:58 - System.NullReferenceException: Object reference not set to an instance of an object
  at PersistentMapClient.Helper.GetFactionName (PersistentMapAPI.Domain.StarSystem system, System.String faction) [0x0001b] in <8efdb6cff32447598d55d3b291e2bab5>:0 
2024-09-15T22:30:58 - GetFactionName exception on system [PersistentMapAPI.Domain.StarSystem] faction [1012]
2024-09-15T22:30:58 - System.NullReferenceException: Object reference not set to an instance of an object
  at PersistentMapClient.Helper.GetFactionName (PersistentMapAPI.Domain.StarSystem system, System.String faction) [0x0001b] in <8efdb6cff32447598d55d3b291e2bab5>:0 
2024-09-15T22:30:58 - GetFactionName exception on system [PersistentMapAPI.Domain.StarSystem] faction [1003]
2024-09-15T22:30:58 - System.NullReferenceException: Object reference not set to an instance of an object
  at PersistentMapClient.Helper.GetFactionName (PersistentMapAPI.Domain.StarSystem system, System.String faction) [0x0001b] in <8efdb6cff32447598d55d3b291e2bab5>:0 
2024-09-15T22:30:58 - GetFactionName exception on system [PersistentMapAPI.Domain.StarSystem] faction [1003]
2024-09-15T22:30:58 - System.NullReferenceException: Object reference not set to an instance of an object
  at PersistentMapClient.Helper.GetFactionName (PersistentMapAPI.Domain.StarSystem system, System.String faction) [0x0001b] in <8efdb6cff32447598d55d3b291e2bab5>:0 
2024-09-15T22:30:58 - GetFactionName exception on system [PersistentMapAPI.Domain.StarSystem] faction [1003]
2024-09-15T22:30:58 - System.NullReferenceException: Object reference not set to an instance of an object
  at PersistentMapClient.Helper.GetFactionName (PersistentMapAPI.Domain.StarSystem system, System.String faction) [0x0001b] in <8efdb6cff32447598d55d3b291e2bab5>:0 
2024-09-15T22:30:58 - GetFactionName exception on system [PersistentMapAPI.Domain.StarSystem] faction [1010]
2024-09-15T22:30:58 - System.NullReferenceException: Object reference not set to an instance of an object
  at PersistentMapClient.Helper.GetFactionName (PersistentMapAPI.Domain.StarSystem system, System.String faction) [0x0001b] in <8efdb6cff32447598d55d3b291e2bab5>:0 
2024-09-15T22:30:58 - GetFactionName exception on system [PersistentMapAPI.Domain.StarSystem] faction [1010]
2024-09-15T22:30:58 - System.NullReferenceException: Object reference not set to an instance of an object
  at PersistentMapClient.Helper.GetFactionName (PersistentMapAPI.Domain.StarSystem system, System.String faction) [0x0001b] in <8efdb6cff32447598d55d3b291e2bab5>:0 
2024-09-15T22:30:58 - GetFactionName exception on system [PersistentMapAPI.Domain.StarSystem] faction [1029]
2024-09-15T22:30:58 - System.NullReferenceException: Object reference not set to an instance of an object
  at PersistentMapClient.Helper.GetFactionName (PersistentMapAPI.Domain.StarSystem system, System.String faction) [0x0001b] in <8efdb6cff32447598d55d3b291e2bab5>:0 
2024-09-15T22:30:58 - GetFactionName exception on system [PersistentMapAPI.Domain.StarSystem] faction [1003]
2024-09-15T22:30:58 - System.NullReferenceException: Object reference not set to an instance of an object
  at PersistentMapClient.Helper.GetFactionName (PersistentMapAPI.Domain.StarSystem system, System.String faction) [0x0001b] in <8efdb6cff32447598d55d3b291e2bab5>:0 
2024-09-15T22:30:58 - GetFactionName exception on system [PersistentMapAPI.Domain.StarSystem] faction [1003]
2024-09-15T22:30:58 - System.NullReferenceException: Object reference not set to an instance of an object
  at PersistentMapClient.Helper.GetFactionName (PersistentMapAPI.Domain.StarSystem system, System.String faction) [0x0001b] in <8efdb6cff32447598d55d3b291e2bab5>:0 
2024-09-15T22:30:58 - GetFactionName exception on system [PersistentMapAPI.Domain.StarSystem] faction [1003]
2024-09-15T22:30:58 - System.NullReferenceException: Object reference not set to an instance of an object
  at PersistentMapClient.Helper.GetFactionName (PersistentMapAPI.Domain.StarSystem system, System.String faction) [0x0001b] in <8efdb6cff32447598d55d3b291e2bab5>:0 
2024-09-15T22:30:58 - GetFactionName exception on system [PersistentMapAPI.Domain.StarSystem] faction [1003]
2024-09-15T22:30:58 - System.NullReferenceException: Object reference not set to an instance of an object
  at PersistentMapClient.Helper.GetFactionName (PersistentMapAPI.Domain.StarSystem system, System.String faction) [0x0001b] in <8efdb6cff32447598d55d3b291e2bab5>:0 
2024-09-15T22:30:58 - GetFactionName exception on system [PersistentMapAPI.Domain.StarSystem] faction [1003]
2024-09-15T22:30:58 - System.NullReferenceException: Object reference not set to an instance of an object
  at PersistentMapClient.Helper.GetFactionName (PersistentMapAPI.Domain.StarSystem system, System.String faction) [0x0001b] in <8efdb6cff32447598d55d3b291e2bab5>:0 
2024-09-15T22:30:58 - GetFactionName exception on system [PersistentMapAPI.Domain.StarSystem] faction [1003]
2024-09-15T22:30:58 - System.NullReferenceException: Object reference not set to an instance of an object
  at PersistentMapClient.Helper.GetFactionName (PersistentMapAPI.Domain.StarSystem system, System.String faction) [0x0001b] in <8efdb6cff32447598d55d3b291e2bab5>:0 
2024-09-15T22:30:58 - GetFactionName exception on system [PersistentMapAPI.Domain.StarSystem] faction [1003]
2024-09-15T22:30:58 - System.NullReferenceException: Object reference not set to an instance of an object
  at PersistentMapClient.Helper.GetFactionName (PersistentMapAPI.Domain.StarSystem system, System.String faction) [0x0001b] in <8efdb6cff32447598d55d3b291e2bab5>:0 
2024-09-15T22:30:58 - GetFactionName exception on system [PersistentMapAPI.Domain.StarSystem] faction [1003]
2024-09-15T22:30:58 - System.NullReferenceException: Object reference not set to an instance of an object
  at PersistentMapClient.Helper.GetFactionName (PersistentMapAPI.Domain.StarSystem system, System.String faction) [0x0001b] in <8efdb6cff32447598d55d3b291e2bab5>:0 
2024-09-15T22:30:58 - GetFactionName exception on system [PersistentMapAPI.Domain.StarSystem] faction [1012]
2024-09-15T22:30:58 - System.NullReferenceException: Object reference not set to an instance of an object
  at PersistentMapClient.Helper.GetFactionName (PersistentMapAPI.Domain.StarSystem system, System.String faction) [0x0001b] in <8efdb6cff32447598d55d3b291e2bab5>:0 
2024-09-15T22:30:58 - GetFactionName exception on system [PersistentMapAPI.Domain.StarSystem] faction [1012]
2024-09-15T22:30:58 - System.NullReferenceException: Object reference not set to an instance of an object
  at PersistentMapClient.Helper.GetFactionName (PersistentMapAPI.Domain.StarSystem system, System.String faction) [0x0001b] in <8efdb6cff32447598d55d3b291e2bab5>:0 
2024-09-15T22:30:58 - GetFactionName exception on system [PersistentMapAPI.Domain.StarSystem] faction [1012]
2024-09-15T22:30:58 - System.NullReferenceException: Object reference not set to an instance of an object
  at PersistentMapClient.Helper.GetFactionName (PersistentMapAPI.Domain.StarSystem system, System.String faction) [0x0001b] in <8efdb6cff32447598d55d3b291e2bab5>:0 
2024-09-15T22:30:58 - GetFactionName exception on system [PersistentMapAPI.Domain.StarSystem] faction [1012]
2024-09-15T22:30:58 - System.NullReferenceException: Object reference not set to an instance of an object
  at PersistentMapClient.Helper.GetFactionName (PersistentMapAPI.Domain.StarSystem system, System.String faction) [0x0001b] in <8efdb6cff32447598d55d3b291e2bab5>:0 
2024-09-15T22:30:58 - GetFactionName exception on system [PersistentMapAPI.Domain.StarSystem] faction [1015]
2024-09-15T22:30:58 - System.NullReferenceException: Object reference not set to an instance of an object
  at PersistentMapClient.Helper.GetFactionName (PersistentMapAPI.Domain.StarSystem system, System.String faction) [0x0001b] in <8efdb6cff32447598d55d3b291e2bab5>:0 
2024-09-15T22:30:58 - GetFactionName exception on system [PersistentMapAPI.Domain.StarSystem] faction [1015]
2024-09-15T22:30:58 - System.NullReferenceException: Object reference not set to an instance of an object
  at PersistentMapClient.Helper.GetFactionName (PersistentMapAPI.Domain.StarSystem system, System.String faction) [0x0001b] in <8efdb6cff32447598d55d3b291e2bab5>:0 
2024-09-15T22:30:58 - GetFactionName exception on system [PersistentMapAPI.Domain.StarSystem] faction [1015]
2024-09-15T22:30:58 - System.NullReferenceException: Object reference not set to an instance of an object
  at PersistentMapClient.Helper.GetFactionName (PersistentMapAPI.Domain.StarSystem system, System.String faction) [0x0001b] in <8efdb6cff32447598d55d3b291e2bab5>:0 
2024-09-15T22:30:58 - GetFactionName exception on system [PersistentMapAPI.Domain.StarSystem] faction [1015]
2024-09-15T22:30:58 - System.NullReferenceException: Object reference not set to an instance of an object
  at PersistentMapClient.Helper.GetFactionName (PersistentMapAPI.Domain.StarSystem system, System.String faction) [0x0001b] in <8efdb6cff32447598d55d3b291e2bab5>:0 
2024-09-15T22:30:58 - GetFactionName exception on system [PersistentMapAPI.Domain.StarSystem] faction [1015]
2024-09-15T22:30:58 - System.NullReferenceException: Object reference not set to an instance of an object
  at PersistentMapClient.Helper.GetFactionName (PersistentMapAPI.Domain.StarSystem system, System.String faction) [0x0001b] in <8efdb6cff32447598d55d3b291e2bab5>:0 
2024-09-15T22:30:58 - GetFactionName exception on system [PersistentMapAPI.Domain.StarSystem] faction [1015]
2024-09-15T22:30:58 - System.NullReferenceException: Object reference not set to an instance of an object
  at PersistentMapClient.Helper.GetFactionName (PersistentMapAPI.Domain.StarSystem system, System.String faction) [0x0001b] in <8efdb6cff32447598d55d3b291e2bab5>:0 
2024-09-15T22:30:58 - GetFactionName exception on system [PersistentMapAPI.Domain.StarSystem] faction [1015]
2024-09-15T22:30:58 - System.NullReferenceException: Object reference not set to an instance of an object
  at PersistentMapClient.Helper.GetFactionName (PersistentMapAPI.Domain.StarSystem system, System.String faction) [0x0001b] in <8efdb6cff32447598d55d3b291e2bab5>:0 
2024-09-15T22:30:58 - GetFactionName exception on system [PersistentMapAPI.Domain.StarSystem] faction [1015]
2024-09-15T22:30:58 - System.NullReferenceException: Object reference not set to an instance of an object
  at PersistentMapClient.Helper.GetFactionName (PersistentMapAPI.Domain.StarSystem system, System.String faction) [0x0001b] in <8efdb6cff32447598d55d3b291e2bab5>:0 
2024-09-15T22:30:58 - GetFactionName exception on system [PersistentMapAPI.Domain.StarSystem] faction [1015]
2024-09-15T22:30:58 - System.NullReferenceException: Object reference not set to an instance of an object
  at PersistentMapClient.Helper.GetFactionName (PersistentMapAPI.Domain.StarSystem system, System.String faction) [0x0001b] in <8efdb6cff32447598d55d3b291e2bab5>:0 
2024-09-15T22:30:58 - GetFactionName exception on system [PersistentMapAPI.Domain.StarSystem] faction [1015]
2024-09-15T22:30:58 - System.NullReferenceException: Object reference not set to an instance of an object
  at PersistentMapClient.Helper.GetFactionName (PersistentMapAPI.Domain.StarSystem system, System.String faction) [0x0001b] in <8efdb6cff32447598d55d3b291e2bab5>:0 
2024-09-15T22:30:58 - GetFactionName exception on system [PersistentMapAPI.Domain.StarSystem] faction [1012]
2024-09-15T22:30:58 - System.NullReferenceException: Object reference not set to an instance of an object
  at PersistentMapClient.Helper.GetFactionName (PersistentMapAPI.Domain.StarSystem system, System.String faction) [0x0001b] in <8efdb6cff32447598d55d3b291e2bab5>:0 
2024-09-15T22:30:58 - GetFactionName exception on system [PersistentMapAPI.Domain.StarSystem] faction [1015]
2024-09-15T22:30:58 - System.NullReferenceException: Object reference not set to an instance of an object
  at PersistentMapClient.Helper.GetFactionName (PersistentMapAPI.Domain.StarSystem system, System.String faction) [0x0001b] in <8efdb6cff32447598d55d3b291e2bab5>:0 
2024-09-15T22:30:58 - GetFactionName exception on system [PersistentMapAPI.Domain.StarSystem] faction [1015]
2024-09-15T22:30:58 - System.NullReferenceException: Object reference not set to an instance of an object
  at PersistentMapClient.Helper.GetFactionName (PersistentMapAPI.Domain.StarSystem system, System.String faction) [0x0001b] in <8efdb6cff32447598d55d3b291e2bab5>:0 
2024-09-15T22:30:58 - GetFactionName exception on system [PersistentMapAPI.Domain.StarSystem] faction [1011]
2024-09-15T22:30:58 - System.NullReferenceException: Object reference not set to an instance of an object
  at PersistentMapClient.Helper.GetFactionName (PersistentMapAPI.Domain.StarSystem system, System.String faction) [0x0001b] in <8efdb6cff32447598d55d3b291e2bab5>:0 
2024-09-15T22:30:58 - GetFactionName exception on system [PersistentMapAPI.Domain.StarSystem] faction [1011]
2024-09-15T22:30:58 - System.NullReferenceException: Object reference not set to an instance of an object
  at PersistentMapClient.Helper.GetFactionName (PersistentMapAPI.Domain.StarSystem system, System.String faction) [0x0001b] in <8efdb6cff32447598d55d3b291e2bab5>:0 
2024-09-15T22:30:58 - GetFactionName exception on system [PersistentMapAPI.Domain.StarSystem] faction [1011]
2024-09-15T22:30:58 - System.NullReferenceException: Object reference not set to an instance of an object
  at PersistentMapClient.Helper.GetFactionName (PersistentMapAPI.Domain.StarSystem system, System.String faction) [0x0001b] in <8efdb6cff32447598d55d3b291e2bab5>:0 
2024-09-15T22:30:58 - GetFactionName exception on system [PersistentMapAPI.Domain.StarSystem] faction [1011]
2024-09-15T22:30:58 - System.NullReferenceException: Object reference not set to an instance of an object
  at PersistentMapClient.Helper.GetFactionName (PersistentMapAPI.Domain.StarSystem system, System.String faction) [0x0001b] in <8efdb6cff32447598d55d3b291e2bab5>:0 
2024-09-15T22:30:58 - GetFactionName exception on system [PersistentMapAPI.Domain.StarSystem] faction [1011]
2024-09-15T22:30:58 - System.NullReferenceException: Object reference not set to an instance of an object
  at PersistentMapClient.Helper.GetFactionName (PersistentMapAPI.Domain.StarSystem system, System.String faction) [0x0001b] in <8efdb6cff32447598d55d3b291e2bab5>:0 
2024-09-15T22:30:58 - GetFactionName exception on system [PersistentMapAPI.Domain.StarSystem] faction [1027]
2024-09-15T22:30:58 - System.NullReferenceException: Object reference not set to an instance of an object
  at PersistentMapClient.Helper.GetFactionName (PersistentMapAPI.Domain.StarSystem system, System.String faction) [0x0001b] in <8efdb6cff32447598d55d3b291e2bab5>:0 
2024-09-15T22:30:58 - GetFactionName exception on system [PersistentMapAPI.Domain.StarSystem] faction [1027]
2024-09-15T22:30:58 - System.NullReferenceException: Object reference not set to an instance of an object
  at PersistentMapClient.Helper.GetFactionName (PersistentMapAPI.Domain.StarSystem system, System.String faction) [0x0001b] in <8efdb6cff32447598d55d3b291e2bab5>:0 
2024-09-15T22:30:58 - GetFactionName exception on system [PersistentMapAPI.Domain.StarSystem] faction [1027]
2024-09-15T22:30:58 - System.NullReferenceException: Object reference not set to an instance of an object
  at PersistentMapClient.Helper.GetFactionName (PersistentMapAPI.Domain.StarSystem system, System.String faction) [0x0001b] in <8efdb6cff32447598d55d3b291e2bab5>:0 
2024-09-15T22:30:58 - GetFactionName exception on system [PersistentMapAPI.Domain.StarSystem] faction [1003]
2024-09-15T22:30:58 - System.NullReferenceException: Object reference not set to an instance of an object
  at PersistentMapClient.Helper.GetFactionName (PersistentMapAPI.Domain.StarSystem system, System.String faction) [0x0001b] in <8efdb6cff32447598d55d3b291e2bab5>:0 
2024-09-15T22:30:58 - GetFactionName exception on system [PersistentMapAPI.Domain.StarSystem] faction [1003]
2024-09-15T22:30:58 - System.NullReferenceException: Object reference not set to an instance of an object
  at PersistentMapClient.Helper.GetFactionName (PersistentMapAPI.Domain.StarSystem system, System.String faction) [0x0001b] in <8efdb6cff32447598d55d3b291e2bab5>:0 
2024-09-15T22:30:58 - GetFactionName exception on system [PersistentMapAPI.Domain.StarSystem] faction [1003]
2024-09-15T22:30:58 - System.NullReferenceException: Object reference not set to an instance of an object
  at PersistentMapClient.Helper.GetFactionName (PersistentMapAPI.Domain.StarSystem system, System.String faction) [0x0001b] in <8efdb6cff32447598d55d3b291e2bab5>:0 
2024-09-15T22:30:58 - GetFactionName exception on system [PersistentMapAPI.Domain.StarSystem] faction [1003]
2024-09-15T22:30:58 - System.NullReferenceException: Object reference not set to an instance of an object
  at PersistentMapClient.Helper.GetFactionName (PersistentMapAPI.Domain.StarSystem system, System.String faction) [0x0001b] in <8efdb6cff32447598d55d3b291e2bab5>:0 
2024-09-15T22:30:58 - GetFactionName exception on system [PersistentMapAPI.Domain.StarSystem] faction [1003]
2024-09-15T22:30:58 - System.NullReferenceException: Object reference not set to an instance of an object
  at PersistentMapClient.Helper.GetFactionName (PersistentMapAPI.Domain.StarSystem system, System.String faction) [0x0001b] in <8efdb6cff32447598d55d3b291e2bab5>:0 
2024-09-15T22:30:58 - GetFactionName exception on system [PersistentMapAPI.Domain.StarSystem] faction [1015]
2024-09-15T22:30:58 - System.NullReferenceException: Object reference not set to an instance of an object
  at PersistentMapClient.Helper.GetFactionName (PersistentMapAPI.Domain.StarSystem system, System.String faction) [0x0001b] in <8efdb6cff32447598d55d3b291e2bab5>:0 
2024-09-15T22:30:58 - GetFactionName exception on system [PersistentMapAPI.Domain.StarSystem] faction [1003]
2024-09-15T22:30:58 - System.NullReferenceException: Object reference not set to an instance of an object
  at PersistentMapClient.Helper.GetFactionName (PersistentMapAPI.Domain.StarSystem system, System.String faction) [0x0001b] in <8efdb6cff32447598d55d3b291e2bab5>:0 
2024-09-15T22:30:58 - GetFactionName exception on system [PersistentMapAPI.Domain.StarSystem] faction [1003]
2024-09-15T22:30:58 - System.NullReferenceException: Object reference not set to an instance of an object
  at PersistentMapClient.Helper.GetFactionName (PersistentMapAPI.Domain.StarSystem system, System.String faction) [0x0001b] in <8efdb6cff32447598d55d3b291e2bab5>:0 
2024-09-15T22:30:58 - GetFactionName exception on system [PersistentMapAPI.Domain.StarSystem] faction [1015]
2024-09-15T22:30:58 - System.NullReferenceException: Object reference not set to an instance of an object
  at PersistentMapClient.Helper.GetFactionName (PersistentMapAPI.Domain.StarSystem system, System.String faction) [0x0001b] in <8efdb6cff32447598d55d3b291e2bab5>:0 
2024-09-15T22:30:58 - GetFactionName exception on system [PersistentMapAPI.Domain.StarSystem] faction [1015]
2024-09-15T22:30:58 - System.NullReferenceException: Object reference not set to an instance of an object
  at PersistentMapClient.Helper.GetFactionName (PersistentMapAPI.Domain.StarSystem system, System.String faction) [0x0001b] in <8efdb6cff32447598d55d3b291e2bab5>:0 
2024-09-15T22:30:58 - GetFactionName exception on system [PersistentMapAPI.Domain.StarSystem] faction [1011]
2024-09-15T22:30:58 - System.NullReferenceException: Object reference not set to an instance of an object
  at PersistentMapClient.Helper.GetFactionName (PersistentMapAPI.Domain.StarSystem system, System.String faction) [0x0001b] in <8efdb6cff32447598d55d3b291e2bab5>:0 
2024-09-15T22:30:58 - GetFactionName exception on system [PersistentMapAPI.Domain.StarSystem] faction [1011]
2024-09-15T22:30:58 - System.NullReferenceException: Object reference not set to an instance of an object
  at PersistentMapClient.Helper.GetFactionName (PersistentMapAPI.Domain.StarSystem system, System.String faction) [0x0001b] in <8efdb6cff32447598d55d3b291e2bab5>:0 
2024-09-15T22:30:58 - GetFactionName exception on system [PersistentMapAPI.Domain.StarSystem] faction [1011]
2024-09-15T22:30:58 - System.NullReferenceException: Object reference not set to an instance of an object
  at PersistentMapClient.Helper.GetFactionName (PersistentMapAPI.Domain.StarSystem system, System.String faction) [0x0001b] in <8efdb6cff32447598d55d3b291e2bab5>:0 
2024-09-15T22:30:58 - GetFactionName exception on system [PersistentMapAPI.Domain.StarSystem] faction [1003]
2024-09-15T22:30:58 - System.NullReferenceException: Object reference not set to an instance of an object
  at PersistentMapClient.Helper.GetFactionName (PersistentMapAPI.Domain.StarSystem system, System.String faction) [0x0001b] in <8efdb6cff32447598d55d3b291e2bab5>:0 
2024-09-15T22:30:58 - GetFactionName exception on system [PersistentMapAPI.Domain.StarSystem] faction [1019]
2024-09-15T22:30:58 - System.NullReferenceException: Object reference not set to an instance of an object
  at PersistentMapClient.Helper.GetFactionName (PersistentMapAPI.Domain.StarSystem system, System.String faction) [0x0001b] in <8efdb6cff32447598d55d3b291e2bab5>:0 
2024-09-15T22:30:58 - GetFactionName exception on system [PersistentMapAPI.Domain.StarSystem] faction [1002]
2024-09-15T22:30:58 - System.NullReferenceException: Object reference not set to an instance of an object
  at PersistentMapClient.Helper.GetFactionName (PersistentMapAPI.Domain.StarSystem system, System.String faction) [0x0001b] in <8efdb6cff32447598d55d3b291e2bab5>:0 
2024-09-15T22:30:58 - GetFactionName exception on system [PersistentMapAPI.Domain.StarSystem] faction [1002]
2024-09-15T22:30:58 - System.NullReferenceException: Object reference not set to an instance of an object
  at PersistentMapClient.Helper.GetFactionName (PersistentMapAPI.Domain.StarSystem system, System.String faction) [0x0001b] in <8efdb6cff32447598d55d3b291e2bab5>:0 
2024-09-15T22:30:58 - GetFactionName exception on system [PersistentMapAPI.Domain.StarSystem] faction [1003]
2024-09-15T22:30:58 - System.NullReferenceException: Object reference not set to an instance of an object
  at PersistentMapClient.Helper.GetFactionName (PersistentMapAPI.Domain.StarSystem system, System.String faction) [0x0001b] in <8efdb6cff32447598d55d3b291e2bab5>:0 
2024-09-15T22:30:58 - GetFactionName exception on system [PersistentMapAPI.Domain.StarSystem] faction [1003]
2024-09-15T22:30:58 - System.NullReferenceException: Object reference not set to an instance of an object
  at PersistentMapClient.Helper.GetFactionName (PersistentMapAPI.Domain.StarSystem system, System.String faction) [0x0001b] in <8efdb6cff32447598d55d3b291e2bab5>:0 
2024-09-15T22:30:58 - GetFactionName exception on system [PersistentMapAPI.Domain.StarSystem] faction [1003]
2024-09-15T22:30:58 - System.NullReferenceException: Object reference not set to an instance of an object
  at PersistentMapClient.Helper.GetFactionName (PersistentMapAPI.Domain.StarSystem system, System.String faction) [0x0001b] in <8efdb6cff32447598d55d3b291e2bab5>:0 
2024-09-15T22:30:58 - GetFactionName exception on system [PersistentMapAPI.Domain.StarSystem] faction [1003]
2024-09-15T22:30:58 - System.NullReferenceException: Object reference not set to an instance of an object
  at PersistentMapClient.Helper.GetFactionName (PersistentMapAPI.Domain.StarSystem system, System.String faction) [0x0001b] in <8efdb6cff32447598d55d3b291e2bab5>:0 
2024-09-15T22:30:58 - GetFactionName exception on system [PersistentMapAPI.Domain.StarSystem] faction [1003]
2024-09-15T22:30:58 - System.NullReferenceException: Object reference not set to an instance of an object
  at PersistentMapClient.Helper.GetFactionName (PersistentMapAPI.Domain.StarSystem system, System.String faction) [0x0001b] in <8efdb6cff32447598d55d3b291e2bab5>:0 
2024-09-15T22:30:58 - GetFactionName exception on system [PersistentMapAPI.Domain.StarSystem] faction [1003]
2024-09-15T22:30:58 - System.NullReferenceException: Object reference not set to an instance of an object
  at PersistentMapClient.Helper.GetFactionName (PersistentMapAPI.Domain.StarSystem system, System.String faction) [0x0001b] in <8efdb6cff32447598d55d3b291e2bab5>:0 
2024-09-15T22:30:58 - GetFactionName exception on system [PersistentMapAPI.Domain.StarSystem] faction [1003]
2024-09-15T22:30:58 - System.NullReferenceException: Object reference not set to an instance of an object
  at PersistentMapClient.Helper.GetFactionName (PersistentMapAPI.Domain.StarSystem system, System.String faction) [0x0001b] in <8efdb6cff32447598d55d3b291e2bab5>:0 
2024-09-15T22:30:58 - GetFactionName exception on system [PersistentMapAPI.Domain.StarSystem] faction [1013]
2024-09-15T22:30:58 - System.NullReferenceException: Object reference not set to an instance of an object
  at PersistentMapClient.Helper.GetFactionName (PersistentMapAPI.Domain.StarSystem system, System.String faction) [0x0001b] in <8efdb6cff32447598d55d3b291e2bab5>:0 
2024-09-15T22:30:58 - GetFactionName exception on system [PersistentMapAPI.Domain.StarSystem] faction [1003]
2024-09-15T22:30:58 - System.NullReferenceException: Object reference not set to an instance of an object
  at PersistentMapClient.Helper.GetFactionName (PersistentMapAPI.Domain.StarSystem system, System.String faction) [0x0001b] in <8efdb6cff32447598d55d3b291e2bab5>:0 
2024-09-15T22:30:58 - GetFactionName exception on system [PersistentMapAPI.Domain.StarSystem] faction [1003]
2024-09-15T22:30:58 - System.NullReferenceException: Object reference not set to an instance of an object
  at PersistentMapClient.Helper.GetFactionName (PersistentMapAPI.Domain.StarSystem system, System.String faction) [0x0001b] in <8efdb6cff32447598d55d3b291e2bab5>:0 
2024-09-15T22:30:58 - GetFactionName exception on system [PersistentMapAPI.Domain.StarSystem] faction [1003]
2024-09-15T22:30:58 - System.NullReferenceException: Object reference not set to an instance of an object
  at PersistentMapClient.Helper.GetFactionName (PersistentMapAPI.Domain.StarSystem system, System.String faction) [0x0001b] in <8efdb6cff32447598d55d3b291e2bab5>:0 
2024-09-15T22:30:58 - GetFactionName exception on system [PersistentMapAPI.Domain.StarSystem] faction [1003]
2024-09-15T22:30:58 - System.NullReferenceException: Object reference not set to an instance of an object
  at PersistentMapClient.Helper.GetFactionName (PersistentMapAPI.Domain.StarSystem system, System.String faction) [0x0001b] in <8efdb6cff32447598d55d3b291e2bab5>:0 
2024-09-15T22:30:58 - GetFactionName exception on system [PersistentMapAPI.Domain.StarSystem] faction [1003]
2024-09-15T22:30:58 - System.NullReferenceException: Object reference not set to an instance of an object
  at PersistentMapClient.Helper.GetFactionName (PersistentMapAPI.Domain.StarSystem system, System.String faction) [0x0001b] in <8efdb6cff32447598d55d3b291e2bab5>:0 
2024-09-15T22:30:58 - GetFactionName exception on system [PersistentMapAPI.Domain.StarSystem] faction [1003]
2024-09-15T22:30:58 - System.NullReferenceException: Object reference not set to an instance of an object
  at PersistentMapClient.Helper.GetFactionName (PersistentMapAPI.Domain.StarSystem system, System.String faction) [0x0001b] in <8efdb6cff32447598d55d3b291e2bab5>:0 
2024-09-15T22:30:58 - GetFactionName exception on system [PersistentMapAPI.Domain.StarSystem] faction [1003]
2024-09-15T22:30:58 - System.NullReferenceException: Object reference not set to an instance of an object
  at PersistentMapClient.Helper.GetFactionName (PersistentMapAPI.Domain.StarSystem system, System.String faction) [0x0001b] in <8efdb6cff32447598d55d3b291e2bab5>:0 
2024-09-15T22:30:58 - GetFactionName exception on system [PersistentMapAPI.Domain.StarSystem] faction [1020]
2024-09-15T22:30:58 - System.NullReferenceException: Object reference not set to an instance of an object
  at PersistentMapClient.Helper.GetFactionName (PersistentMapAPI.Domain.StarSystem system, System.String faction) [0x0001b] in <8efdb6cff32447598d55d3b291e2bab5>:0 
2024-09-15T22:30:58 - GetFactionName exception on system [PersistentMapAPI.Domain.StarSystem] faction [1020]
2024-09-15T22:30:58 - System.NullReferenceException: Object reference not set to an instance of an object
  at PersistentMapClient.Helper.GetFactionName (PersistentMapAPI.Domain.StarSystem system, System.String faction) [0x0001b] in <8efdb6cff32447598d55d3b291e2bab5>:0 
2024-09-15T22:30:58 - GetFactionName exception on system [PersistentMapAPI.Domain.StarSystem] faction [1020]
2024-09-15T22:30:58 - System.NullReferenceException: Object reference not set to an instance of an object
  at PersistentMapClient.Helper.GetFactionName (PersistentMapAPI.Domain.StarSystem system, System.String faction) [0x0001b] in <8efdb6cff32447598d55d3b291e2bab5>:0 
2024-09-15T22:30:58 - GetFactionName exception on system [PersistentMapAPI.Domain.StarSystem] faction [1020]
2024-09-15T22:30:58 - System.NullReferenceException: Object reference not set to an instance of an object
  at PersistentMapClient.Helper.GetFactionName (PersistentMapAPI.Domain.StarSystem system, System.String faction) [0x0001b] in <8efdb6cff32447598d55d3b291e2bab5>:0 
2024-09-15T22:30:58 - GetFactionName exception on system [PersistentMapAPI.Domain.StarSystem] faction [1020]
2024-09-15T22:30:58 - System.NullReferenceException: Object reference not set to an instance of an object
  at PersistentMapClient.Helper.GetFactionName (PersistentMapAPI.Domain.StarSystem system, System.String faction) [0x0001b] in <8efdb6cff32447598d55d3b291e2bab5>:0 
2024-09-15T22:30:58 - GetFactionName exception on system [PersistentMapAPI.Domain.StarSystem] faction [1020]
2024-09-15T22:30:58 - System.NullReferenceException: Object reference not set to an instance of an object
  at PersistentMapClient.Helper.GetFactionName (PersistentMapAPI.Domain.StarSystem system, System.String faction) [0x0001b] in <8efdb6cff32447598d55d3b291e2bab5>:0 
2024-09-15T22:30:58 - GetFactionName exception on system [PersistentMapAPI.Domain.StarSystem] faction [1020]
2024-09-15T22:30:58 - System.NullReferenceException: Object reference not set to an instance of an object
  at PersistentMapClient.Helper.GetFactionName (PersistentMapAPI.Domain.StarSystem system, System.String faction) [0x0001b] in <8efdb6cff32447598d55d3b291e2bab5>:0 
2024-09-15T22:30:58 - GetFactionName exception on system [PersistentMapAPI.Domain.StarSystem] faction [1020]
2024-09-15T22:30:58 - System.NullReferenceException: Object reference not set to an instance of an object
  at PersistentMapClient.Helper.GetFactionName (PersistentMapAPI.Domain.StarSystem system, System.String faction) [0x0001b] in <8efdb6cff32447598d55d3b291e2bab5>:0 
2024-09-15T22:30:58 - GetFactionName exception on system [PersistentMapAPI.Domain.StarSystem] faction [1020]
2024-09-15T22:30:58 - System.NullReferenceException: Object reference not set to an instance of an object
  at PersistentMapClient.Helper.GetFactionName (PersistentMapAPI.Domain.StarSystem system, System.String faction) [0x0001b] in <8efdb6cff32447598d55d3b291e2bab5>:0 
2024-09-15T22:30:58 - GetFactionName exception on system [PersistentMapAPI.Domain.StarSystem] faction [1020]
2024-09-15T22:30:58 - System.NullReferenceException: Object reference not set to an instance of an object
  at PersistentMapClient.Helper.GetFactionName (PersistentMapAPI.Domain.StarSystem system, System.String faction) [0x0001b] in <8efdb6cff32447598d55d3b291e2bab5>:0 
2024-09-15T22:30:58 - GetFactionName exception on system [PersistentMapAPI.Domain.StarSystem] faction [1020]
2024-09-15T22:30:58 - System.NullReferenceException: Object reference not set to an instance of an object
  at PersistentMapClient.Helper.GetFactionName (PersistentMapAPI.Domain.StarSystem system, System.String faction) [0x0001b] in <8efdb6cff32447598d55d3b291e2bab5>:0 
2024-09-15T22:30:58 - GetFactionName exception on system [PersistentMapAPI.Domain.StarSystem] faction [1020]
2024-09-15T22:30:58 - System.NullReferenceException: Object reference not set to an instance of an object
  at PersistentMapClient.Helper.GetFactionName (PersistentMapAPI.Domain.StarSystem system, System.String faction) [0x0001b] in <8efdb6cff32447598d55d3b291e2bab5>:0 
2024-09-15T22:30:58 - GetFactionName exception on system [PersistentMapAPI.Domain.StarSystem] faction [1014]
2024-09-15T22:30:58 - System.NullReferenceException: Object reference not set to an instance of an object
  at PersistentMapClient.Helper.GetFactionName (PersistentMapAPI.Domain.StarSystem system, System.String faction) [0x0001b] in <8efdb6cff32447598d55d3b291e2bab5>:0 
2024-09-15T22:30:58 - GetFactionName exception on system [PersistentMapAPI.Domain.StarSystem] faction [1015]
2024-09-15T22:30:58 - System.NullReferenceException: Object reference not set to an instance of an object
  at PersistentMapClient.Helper.GetFactionName (PersistentMapAPI.Domain.StarSystem system, System.String faction) [0x0001b] in <8efdb6cff32447598d55d3b291e2bab5>:0 
2024-09-15T22:30:58 - GetFactionName exception on system [PersistentMapAPI.Domain.StarSystem] faction [1027]
2024-09-15T22:30:58 - System.NullReferenceException: Object reference not set to an instance of an object
  at PersistentMapClient.Helper.GetFactionName (PersistentMapAPI.Domain.StarSystem system, System.String faction) [0x0001b] in <8efdb6cff32447598d55d3b291e2bab5>:0 
2024-09-15T22:30:58 - GetFactionName exception on system [PersistentMapAPI.Domain.StarSystem] faction [1015]
2024-09-15T22:30:58 - System.NullReferenceException: Object reference not set to an instance of an object
  at PersistentMapClient.Helper.GetFactionName (PersistentMapAPI.Domain.StarSystem system, System.String faction) [0x0001b] in <8efdb6cff32447598d55d3b291e2bab5>:0 
2024-09-15T22:30:58 - GetFactionName exception on system [PersistentMapAPI.Domain.StarSystem] faction [1012]
2024-09-15T22:30:58 - System.NullReferenceException: Object reference not set to an instance of an object
  at PersistentMapClient.Helper.GetFactionName (PersistentMapAPI.Domain.StarSystem system, System.String faction) [0x0001b] in <8efdb6cff32447598d55d3b291e2bab5>:0 
2024-09-15T22:30:58 - GetFactionName exception on system [PersistentMapAPI.Domain.StarSystem] faction [1012]
2024-09-15T22:30:58 - System.NullReferenceException: Object reference not set to an instance of an object
  at PersistentMapClient.Helper.GetFactionName (PersistentMapAPI.Domain.StarSystem system, System.String faction) [0x0001b] in <8efdb6cff32447598d55d3b291e2bab5>:0 
2024-09-15T22:30:58 - GetFactionName exception on system [PersistentMapAPI.Domain.StarSystem] faction [1014]
2024-09-15T22:30:58 - System.NullReferenceException: Object reference not set to an instance of an object
  at PersistentMapClient.Helper.GetFactionName (PersistentMapAPI.Domain.StarSystem system, System.String faction) [0x0001b] in <8efdb6cff32447598d55d3b291e2bab5>:0 
2024-09-15T22:30:58 - GetFactionName exception on system [PersistentMapAPI.Domain.StarSystem] faction [1011]
2024-09-15T22:30:58 - System.NullReferenceException: Object reference not set to an instance of an object
  at PersistentMapClient.Helper.GetFactionName (PersistentMapAPI.Domain.StarSystem system, System.String faction) [0x0001b] in <8efdb6cff32447598d55d3b291e2bab5>:0 
2024-09-15T22:30:58 - GetFactionName exception on system [PersistentMapAPI.Domain.StarSystem] faction [1020]
2024-09-15T22:30:58 - System.NullReferenceException: Object reference not set to an instance of an object
  at PersistentMapClient.Helper.GetFactionName (PersistentMapAPI.Domain.StarSystem system, System.String faction) [0x0001b] in <8efdb6cff32447598d55d3b291e2bab5>:0 
2024-09-15T22:30:58 - GetFactionName exception on system [PersistentMapAPI.Domain.StarSystem] faction [1020]
2024-09-15T22:30:58 - System.NullReferenceException: Object reference not set to an instance of an object
  at PersistentMapClient.Helper.GetFactionName (PersistentMapAPI.Domain.StarSystem system, System.String faction) [0x0001b] in <8efdb6cff32447598d55d3b291e2bab5>:0 
2024-09-15T22:30:58 - GetFactionName exception on system [PersistentMapAPI.Domain.StarSystem] faction [1020]
2024-09-15T22:30:58 - System.NullReferenceException: Object reference not set to an instance of an object
  at PersistentMapClient.Helper.GetFactionName (PersistentMapAPI.Domain.StarSystem system, System.String faction) [0x0001b] in <8efdb6cff32447598d55d3b291e2bab5>:0 
2024-09-15T22:30:58 - GetFactionName exception on system [PersistentMapAPI.Domain.StarSystem] faction [1015]
2024-09-15T22:30:58 - System.NullReferenceException: Object reference not set to an instance of an object
  at PersistentMapClient.Helper.GetFactionName (PersistentMapAPI.Domain.StarSystem system, System.String faction) [0x0001b] in <8efdb6cff32447598d55d3b291e2bab5>:0 
2024-09-15T22:30:58 - GetFactionName exception on system [PersistentMapAPI.Domain.StarSystem] faction [1027]
2024-09-15T22:30:58 - System.NullReferenceException: Object reference not set to an instance of an object
  at PersistentMapClient.Helper.GetFactionName (PersistentMapAPI.Domain.StarSystem system, System.String faction) [0x0001b] in <8efdb6cff32447598d55d3b291e2bab5>:0 
2024-09-15T22:30:58 - GetFactionName exception on system [PersistentMapAPI.Domain.StarSystem] faction [1011]
2024-09-15T22:30:58 - System.NullReferenceException: Object reference not set to an instance of an object
  at PersistentMapClient.Helper.GetFactionName (PersistentMapAPI.Domain.StarSystem system, System.String faction) [0x0001b] in <8efdb6cff32447598d55d3b291e2bab5>:0 
2024-09-15T22:30:58 - GetFactionName exception on system [PersistentMapAPI.Domain.StarSystem] faction [1013]
2024-09-15T22:30:58 - System.NullReferenceException: Object reference not set to an instance of an object
  at PersistentMapClient.Helper.GetFactionName (PersistentMapAPI.Domain.StarSystem system, System.String faction) [0x0001b] in <8efdb6cff32447598d55d3b291e2bab5>:0 
2024-09-15T22:30:58 - GetFactionName exception on system [PersistentMapAPI.Domain.StarSystem] faction [1013]
2024-09-15T22:30:58 - System.NullReferenceException: Object reference not set to an instance of an object
  at PersistentMapClient.Helper.GetFactionName (PersistentMapAPI.Domain.StarSystem system, System.String faction) [0x0001b] in <8efdb6cff32447598d55d3b291e2bab5>:0 
2024-09-15T22:30:58 - GetFactionName exception on system [PersistentMapAPI.Domain.StarSystem] faction [1013]
2024-09-15T22:30:58 - System.NullReferenceException: Object reference not set to an instance of an object
  at PersistentMapClient.Helper.GetFactionName (PersistentMapAPI.Domain.StarSystem system, System.String faction) [0x0001b] in <8efdb6cff32447598d55d3b291e2bab5>:0 
2024-09-15T22:30:58 - GetFactionName exception on system [PersistentMapAPI.Domain.StarSystem] faction [1003]
2024-09-15T22:30:58 - System.NullReferenceException: Object reference not set to an instance of an object
  at PersistentMapClient.Helper.GetFactionName (PersistentMapAPI.Domain.StarSystem system, System.String faction) [0x0001b] in <8efdb6cff32447598d55d3b291e2bab5>:0 
2024-09-15T22:30:58 - GetFactionName exception on system [PersistentMapAPI.Domain.StarSystem] faction [1003]
2024-09-15T22:30:58 - System.NullReferenceException: Object reference not set to an instance of an object
  at PersistentMapClient.Helper.GetFactionName (PersistentMapAPI.Domain.StarSystem system, System.String faction) [0x0001b] in <8efdb6cff32447598d55d3b291e2bab5>:0 
2024-09-15T22:30:58 - GetFactionName exception on system [PersistentMapAPI.Domain.StarSystem] faction [1015]
2024-09-15T22:30:58 - System.NullReferenceException: Object reference not set to an instance of an object
  at PersistentMapClient.Helper.GetFactionName (PersistentMapAPI.Domain.StarSystem system, System.String faction) [0x0001b] in <8efdb6cff32447598d55d3b291e2bab5>:0 
2024-09-15T22:30:58 - GetFactionName exception on system [PersistentMapAPI.Domain.StarSystem] faction [1027]
2024-09-15T22:30:58 - System.NullReferenceException: Object reference not set to an instance of an object
  at PersistentMapClient.Helper.GetFactionName (PersistentMapAPI.Domain.StarSystem system, System.String faction) [0x0001b] in <8efdb6cff32447598d55d3b291e2bab5>:0 
2024-09-15T22:30:58 - GetFactionName exception on system [PersistentMapAPI.Domain.StarSystem] faction [1003]
2024-09-15T22:30:58 - System.NullReferenceException: Object reference not set to an instance of an object
  at PersistentMapClient.Helper.GetFactionName (PersistentMapAPI.Domain.StarSystem system, System.String faction) [0x0001b] in <8efdb6cff32447598d55d3b291e2bab5>:0 
2024-09-15T22:30:58 - GetFactionName exception on system [PersistentMapAPI.Domain.StarSystem] faction [1003]
2024-09-15T22:30:58 - System.NullReferenceException: Object reference not set to an instance of an object
  at PersistentMapClient.Helper.GetFactionName (PersistentMapAPI.Domain.StarSystem system, System.String faction) [0x0001b] in <8efdb6cff32447598d55d3b291e2bab5>:0 
2024-09-15T22:30:58 - GetFactionName exception on system [PersistentMapAPI.Domain.StarSystem] faction [1027]
2024-09-15T22:30:58 - System.NullReferenceException: Object reference not set to an instance of an object
  at PersistentMapClient.Helper.GetFactionName (PersistentMapAPI.Domain.StarSystem system, System.String faction) [0x0001b] in <8efdb6cff32447598d55d3b291e2bab5>:0 
2024-09-15T22:30:58 - GetFactionName exception on system [PersistentMapAPI.Domain.StarSystem] faction [1027]
2024-09-15T22:30:58 - System.NullReferenceException: Object reference not set to an instance of an object
  at PersistentMapClient.Helper.GetFactionName (PersistentMapAPI.Domain.StarSystem system, System.String faction) [0x0001b] in <8efdb6cff32447598d55d3b291e2bab5>:0 
2024-09-15T22:30:58 - GetFactionName exception on system [PersistentMapAPI.Domain.StarSystem] faction [1027]
2024-09-15T22:30:58 - System.NullReferenceException: Object reference not set to an instance of an object
  at PersistentMapClient.Helper.GetFactionName (PersistentMapAPI.Domain.StarSystem system, System.String faction) [0x0001b] in <8efdb6cff32447598d55d3b291e2bab5>:0 
2024-09-15T22:30:58 - GetFactionName exception on system [PersistentMapAPI.Domain.StarSystem] faction [1027]
2024-09-15T22:30:58 - System.NullReferenceException: Object reference not set to an instance of an object
  at PersistentMapClient.Helper.GetFactionName (PersistentMapAPI.Domain.StarSystem system, System.String faction) [0x0001b] in <8efdb6cff32447598d55d3b291e2bab5>:0 
2024-09-15T22:30:58 - GetFactionName exception on system [PersistentMapAPI.Domain.StarSystem] faction [1012]
2024-09-15T22:30:58 - System.NullReferenceException: Object reference not set to an instance of an object
  at PersistentMapClient.Helper.GetFactionName (PersistentMapAPI.Domain.StarSystem system, System.String faction) [0x0001b] in <8efdb6cff32447598d55d3b291e2bab5>:0 
2024-09-15T22:30:58 - GetFactionName exception on system [PersistentMapAPI.Domain.StarSystem] faction [1028]
2024-09-15T22:30:58 - System.NullReferenceException: Object reference not set to an instance of an object
  at PersistentMapClient.Helper.GetFactionName (PersistentMapAPI.Domain.StarSystem system, System.String faction) [0x0001b] in <8efdb6cff32447598d55d3b291e2bab5>:0 
2024-09-15T22:30:58 - GetFactionName exception on system [PersistentMapAPI.Domain.StarSystem] faction [1023]
2024-09-15T22:30:58 - System.NullReferenceException: Object reference not set to an instance of an object
  at PersistentMapClient.Helper.GetFactionName (PersistentMapAPI.Domain.StarSystem system, System.String faction) [0x0001b] in <8efdb6cff32447598d55d3b291e2bab5>:0 
2024-09-15T22:30:58 - GetFactionName exception on system [PersistentMapAPI.Domain.StarSystem] faction [1022]
2024-09-15T22:30:58 - System.NullReferenceException: Object reference not set to an instance of an object
  at PersistentMapClient.Helper.GetFactionName (PersistentMapAPI.Domain.StarSystem system, System.String faction) [0x0001b] in <8efdb6cff32447598d55d3b291e2bab5>:0 
2024-09-15T22:30:58 - GetFactionName exception on system [PersistentMapAPI.Domain.StarSystem] faction [1028]
2024-09-15T22:30:58 - System.NullReferenceException: Object reference not set to an instance of an object
  at PersistentMapClient.Helper.GetFactionName (PersistentMapAPI.Domain.StarSystem system, System.String faction) [0x0001b] in <8efdb6cff32447598d55d3b291e2bab5>:0 
2024-09-15T22:30:58 - GetFactionName exception on system [PersistentMapAPI.Domain.StarSystem] faction [1017]
2024-09-15T22:30:58 - System.NullReferenceException: Object reference not set to an instance of an object
  at PersistentMapClient.Helper.GetFactionName (PersistentMapAPI.Domain.StarSystem system, System.String faction) [0x0001b] in <8efdb6cff32447598d55d3b291e2bab5>:0 
2024-09-15T22:30:58 - GetFactionName exception on system [PersistentMapAPI.Domain.StarSystem] faction [1011]
2024-09-15T22:30:58 - System.NullReferenceException: Object reference not set to an instance of an object
  at PersistentMapClient.Helper.GetFactionName (PersistentMapAPI.Domain.StarSystem system, System.String faction) [0x0001b] in <8efdb6cff32447598d55d3b291e2bab5>:0 
2024-09-15T22:30:58 - GetFactionName exception on system [PersistentMapAPI.Domain.StarSystem] faction [1027]
2024-09-15T22:30:58 - System.NullReferenceException: Object reference not set to an instance of an object
  at PersistentMapClient.Helper.GetFactionName (PersistentMapAPI.Domain.StarSystem system, System.String faction) [0x0001b] in <8efdb6cff32447598d55d3b291e2bab5>:0 
2024-09-15T22:30:58 - GetFactionName exception on system [PersistentMapAPI.Domain.StarSystem] faction [1027]
2024-09-15T22:30:58 - System.NullReferenceException: Object reference not set to an instance of an object
  at PersistentMapClient.Helper.GetFactionName (PersistentMapAPI.Domain.StarSystem system, System.String faction) [0x0001b] in <8efdb6cff32447598d55d3b291e2bab5>:0 
2024-09-15T22:30:58 - GetFactionName exception on system [PersistentMapAPI.Domain.StarSystem] faction [1027]
2024-09-15T22:30:58 - System.NullReferenceException: Object reference not set to an instance of an object
  at PersistentMapClient.Helper.GetFactionName (PersistentMapAPI.Domain.StarSystem system, System.String faction) [0x0001b] in <8efdb6cff32447598d55d3b291e2bab5>:0 
2024-09-15T22:30:58 - GetFactionName exception on system [PersistentMapAPI.Domain.StarSystem] faction [1021]
2024-09-15T22:30:58 - System.NullReferenceException: Object reference not set to an instance of an object
  at PersistentMapClient.Helper.GetFactionName (PersistentMapAPI.Domain.StarSystem system, System.String faction) [0x0001b] in <8efdb6cff32447598d55d3b291e2bab5>:0 
2024-09-15T22:30:58 - GetFactionName exception on system [PersistentMapAPI.Domain.StarSystem] faction [1021]
2024-09-15T22:30:58 - System.NullReferenceException: Object reference not set to an instance of an object
  at PersistentMapClient.Helper.GetFactionName (PersistentMapAPI.Domain.StarSystem system, System.String faction) [0x0001b] in <8efdb6cff32447598d55d3b291e2bab5>:0 
2024-09-15T22:30:58 - GetFactionName exception on system [PersistentMapAPI.Domain.StarSystem] faction [1017]
2024-09-15T22:30:58 - System.NullReferenceException: Object reference not set to an instance of an object
  at PersistentMapClient.Helper.GetFactionName (PersistentMapAPI.Domain.StarSystem system, System.String faction) [0x0001b] in <8efdb6cff32447598d55d3b291e2bab5>:0 
2024-09-15T22:30:58 - GetFactionName exception on system [PersistentMapAPI.Domain.StarSystem] faction [1021]
2024-09-15T22:30:58 - System.NullReferenceException: Object reference not set to an instance of an object
  at PersistentMapClient.Helper.GetFactionName (PersistentMapAPI.Domain.StarSystem system, System.String faction) [0x0001b] in <8efdb6cff32447598d55d3b291e2bab5>:0 
2024-09-15T22:30:58 - GetFactionName exception on system [PersistentMapAPI.Domain.StarSystem] faction [1008]
2024-09-15T22:30:58 - System.NullReferenceException: Object reference not set to an instance of an object
  at PersistentMapClient.Helper.GetFactionName (PersistentMapAPI.Domain.StarSystem system, System.String faction) [0x0001b] in <8efdb6cff32447598d55d3b291e2bab5>:0 
2024-09-15T22:30:58 - GetFactionName exception on system [PersistentMapAPI.Domain.StarSystem] faction [1021]
2024-09-15T22:30:58 - System.NullReferenceException: Object reference not set to an instance of an object
  at PersistentMapClient.Helper.GetFactionName (PersistentMapAPI.Domain.StarSystem system, System.String faction) [0x0001b] in <8efdb6cff32447598d55d3b291e2bab5>:0 
2024-09-15T22:30:58 - GetFactionName exception on system [PersistentMapAPI.Domain.StarSystem] faction [1012]
2024-09-15T22:30:58 - System.NullReferenceException: Object reference not set to an instance of an object
  at PersistentMapClient.Helper.GetFactionName (PersistentMapAPI.Domain.StarSystem system, System.String faction) [0x0001b] in <8efdb6cff32447598d55d3b291e2bab5>:0 
2024-09-15T22:30:58 - GetFactionName exception on system [PersistentMapAPI.Domain.StarSystem] faction [1012]
2024-09-15T22:30:58 - System.NullReferenceException: Object reference not set to an instance of an object
  at PersistentMapClient.Helper.GetFactionName (PersistentMapAPI.Domain.StarSystem system, System.String faction) [0x0001b] in <8efdb6cff32447598d55d3b291e2bab5>:0 
2024-09-15T22:30:58 - GetFactionName exception on system [PersistentMapAPI.Domain.StarSystem] faction [1012]
2024-09-15T22:30:58 - System.NullReferenceException: Object reference not set to an instance of an object
  at PersistentMapClient.Helper.GetFactionName (PersistentMapAPI.Domain.StarSystem system, System.String faction) [0x0001b] in <8efdb6cff32447598d55d3b291e2bab5>:0 
2024-09-15T22:30:58 - GetFactionName exception on system [PersistentMapAPI.Domain.StarSystem] faction [1012]
2024-09-15T22:30:58 - System.NullReferenceException: Object reference not set to an instance of an object
  at PersistentMapClient.Helper.GetFactionName (PersistentMapAPI.Domain.StarSystem system, System.String faction) [0x0001b] in <8efdb6cff32447598d55d3b291e2bab5>:0 
2024-09-15T22:30:58 - GetFactionName exception on system [PersistentMapAPI.Domain.StarSystem] faction [1012]
2024-09-15T22:30:58 - System.NullReferenceException: Object reference not set to an instance of an object
  at PersistentMapClient.Helper.GetFactionName (PersistentMapAPI.Domain.StarSystem system, System.String faction) [0x0001b] in <8efdb6cff32447598d55d3b291e2bab5>:0 
2024-09-15T22:30:58 - GetFactionName exception on system [PersistentMapAPI.Domain.StarSystem] faction [1012]
2024-09-15T22:30:58 - System.NullReferenceException: Object reference not set to an instance of an object
  at PersistentMapClient.Helper.GetFactionName (PersistentMapAPI.Domain.StarSystem system, System.String faction) [0x0001b] in <8efdb6cff32447598d55d3b291e2bab5>:0 
2024-09-15T22:30:58 - GetFactionName exception on system [PersistentMapAPI.Domain.StarSystem] faction [1015]
2024-09-15T22:30:58 - System.NullReferenceException: Object reference not set to an instance of an object
  at PersistentMapClient.Helper.GetFactionName (PersistentMapAPI.Domain.StarSystem system, System.String faction) [0x0001b] in <8efdb6cff32447598d55d3b291e2bab5>:0 
2024-09-15T22:30:58 - GetFactionName exception on system [PersistentMapAPI.Domain.StarSystem] faction [1003]
2024-09-15T22:30:58 - System.NullReferenceException: Object reference not set to an instance of an object
  at PersistentMapClient.Helper.GetFactionName (PersistentMapAPI.Domain.StarSystem system, System.String faction) [0x0001b] in <8efdb6cff32447598d55d3b291e2bab5>:0 
2024-09-15T22:30:58 - GetFactionName exception on system [PersistentMapAPI.Domain.StarSystem] faction [1003]
2024-09-15T22:30:58 - System.NullReferenceException: Object reference not set to an instance of an object
  at PersistentMapClient.Helper.GetFactionName (PersistentMapAPI.Domain.StarSystem system, System.String faction) [0x0001b] in <8efdb6cff32447598d55d3b291e2bab5>:0 
2024-09-15T22:30:58 - GetFactionName exception on system [PersistentMapAPI.Domain.StarSystem] faction [1003]
2024-09-15T22:30:58 - System.NullReferenceException: Object reference not set to an instance of an object
  at PersistentMapClient.Helper.GetFactionName (PersistentMapAPI.Domain.StarSystem system, System.String faction) [0x0001b] in <8efdb6cff32447598d55d3b291e2bab5>:0 
2024-09-15T22:30:58 - GetFactionName exception on system [PersistentMapAPI.Domain.StarSystem] faction [1008]
2024-09-15T22:30:58 - System.NullReferenceException: Object reference not set to an instance of an object
  at PersistentMapClient.Helper.GetFactionName (PersistentMapAPI.Domain.StarSystem system, System.String faction) [0x0001b] in <8efdb6cff32447598d55d3b291e2bab5>:0 
2024-09-15T22:30:58 - GetFactionName exception on system [PersistentMapAPI.Domain.StarSystem] faction [1021]
2024-09-15T22:30:58 - System.NullReferenceException: Object reference not set to an instance of an object
  at PersistentMapClient.Helper.GetFactionName (PersistentMapAPI.Domain.StarSystem system, System.String faction) [0x0001b] in <8efdb6cff32447598d55d3b291e2bab5>:0 
2024-09-15T22:30:58 - GetFactionName exception on system [PersistentMapAPI.Domain.StarSystem] faction [1013]
2024-09-15T22:30:58 - System.NullReferenceException: Object reference not set to an instance of an object
  at PersistentMapClient.Helper.GetFactionName (PersistentMapAPI.Domain.StarSystem system, System.String faction) [0x0001b] in <8efdb6cff32447598d55d3b291e2bab5>:0 
2024-09-15T22:30:58 - GetFactionName exception on system [PersistentMapAPI.Domain.StarSystem] faction [1013]
2024-09-15T22:30:58 - System.NullReferenceException: Object reference not set to an instance of an object
  at PersistentMapClient.Helper.GetFactionName (PersistentMapAPI.Domain.StarSystem system, System.String faction) [0x0001b] in <8efdb6cff32447598d55d3b291e2bab5>:0 
2024-09-15T22:30:58 - GetFactionName exception on system [PersistentMapAPI.Domain.StarSystem] faction [1003]
2024-09-15T22:30:58 - System.NullReferenceException: Object reference not set to an instance of an object
  at PersistentMapClient.Helper.GetFactionName (PersistentMapAPI.Domain.StarSystem system, System.String faction) [0x0001b] in <8efdb6cff32447598d55d3b291e2bab5>:0 
2024-09-15T22:30:58 - GetFactionName exception on system [PersistentMapAPI.Domain.StarSystem] faction [1003]
2024-09-15T22:30:58 - System.NullReferenceException: Object reference not set to an instance of an object
  at PersistentMapClient.Helper.GetFactionName (PersistentMapAPI.Domain.StarSystem system, System.String faction) [0x0001b] in <8efdb6cff32447598d55d3b291e2bab5>:0 
2024-09-15T22:30:58 - GetFactionName exception on system [PersistentMapAPI.Domain.StarSystem] faction [1003]
2024-09-15T22:30:58 - System.NullReferenceException: Object reference not set to an instance of an object
  at PersistentMapClient.Helper.GetFactionName (PersistentMapAPI.Domain.StarSystem system, System.String faction) [0x0001b] in <8efdb6cff32447598d55d3b291e2bab5>:0 
2024-09-15T22:30:58 - GetFactionName exception on system [PersistentMapAPI.Domain.StarSystem] faction [1003]
2024-09-15T22:30:58 - System.NullReferenceException: Object reference not set to an instance of an object
  at PersistentMapClient.Helper.GetFactionName (PersistentMapAPI.Domain.StarSystem system, System.String faction) [0x0001b] in <8efdb6cff32447598d55d3b291e2bab5>:0 
2024-09-15T22:30:58 - GetFactionName exception on system [PersistentMapAPI.Domain.StarSystem] faction [1003]
2024-09-15T22:30:58 - System.NullReferenceException: Object reference not set to an instance of an object
  at PersistentMapClient.Helper.GetFactionName (PersistentMapAPI.Domain.StarSystem system, System.String faction) [0x0001b] in <8efdb6cff32447598d55d3b291e2bab5>:0 
2024-09-15T22:30:58 - GetFactionName exception on system [PersistentMapAPI.Domain.StarSystem] faction [1026]
2024-09-15T22:30:58 - System.NullReferenceException: Object reference not set to an instance of an object
  at PersistentMapClient.Helper.GetFactionName (PersistentMapAPI.Domain.StarSystem system, System.String faction) [0x0001b] in <8efdb6cff32447598d55d3b291e2bab5>:0 
2024-09-15T22:30:58 - GetFactionName exception on system [PersistentMapAPI.Domain.StarSystem] faction [1026]
2024-09-15T22:30:58 - System.NullReferenceException: Object reference not set to an instance of an object
  at PersistentMapClient.Helper.GetFactionName (PersistentMapAPI.Domain.StarSystem system, System.String faction) [0x0001b] in <8efdb6cff32447598d55d3b291e2bab5>:0 
2024-09-15T22:30:58 - GetFactionName exception on system [PersistentMapAPI.Domain.StarSystem] faction [1026]
2024-09-15T22:30:58 - System.NullReferenceException: Object reference not set to an instance of an object
  at PersistentMapClient.Helper.GetFactionName (PersistentMapAPI.Domain.StarSystem system, System.String faction) [0x0001b] in <8efdb6cff32447598d55d3b291e2bab5>:0 
2024-09-15T22:30:58 - GetFactionName exception on system [PersistentMapAPI.Domain.StarSystem] faction [1026]
2024-09-15T22:30:58 - System.NullReferenceException: Object reference not set to an instance of an object
  at PersistentMapClient.Helper.GetFactionName (PersistentMapAPI.Domain.StarSystem system, System.String faction) [0x0001b] in <8efdb6cff32447598d55d3b291e2bab5>:0 
2024-09-15T22:30:58 - GetFactionName exception on system [PersistentMapAPI.Domain.StarSystem] faction [1009]
2024-09-15T22:30:58 - System.NullReferenceException: Object reference not set to an instance of an object
  at PersistentMapClient.Helper.GetFactionName (PersistentMapAPI.Domain.StarSystem system, System.String faction) [0x0001b] in <8efdb6cff32447598d55d3b291e2bab5>:0 
2024-09-15T22:30:58 - GetFactionName exception on system [PersistentMapAPI.Domain.StarSystem] faction [1009]
2024-09-15T22:30:58 - System.NullReferenceException: Object reference not set to an instance of an object
  at PersistentMapClient.Helper.GetFactionName (PersistentMapAPI.Domain.StarSystem system, System.String faction) [0x0001b] in <8efdb6cff32447598d55d3b291e2bab5>:0 
2024-09-15T22:30:58 - GetFactionName exception on system [PersistentMapAPI.Domain.StarSystem] faction [1009]
2024-09-15T22:30:58 - System.NullReferenceException: Object reference not set to an instance of an object
  at PersistentMapClient.Helper.GetFactionName (PersistentMapAPI.Domain.StarSystem system, System.String faction) [0x0001b] in <8efdb6cff32447598d55d3b291e2bab5>:0 
2024-09-15T22:30:58 - GetFactionName exception on system [PersistentMapAPI.Domain.StarSystem] faction [1009]
2024-09-15T22:30:58 - System.NullReferenceException: Object reference not set to an instance of an object
  at PersistentMapClient.Helper.GetFactionName (PersistentMapAPI.Domain.StarSystem system, System.String faction) [0x0001b] in <8efdb6cff32447598d55d3b291e2bab5>:0 
2024-09-15T22:30:58 - GetFactionName exception on system [PersistentMapAPI.Domain.StarSystem] faction [1010]
2024-09-15T22:30:58 - System.NullReferenceException: Object reference not set to an instance of an object
  at PersistentMapClient.Helper.GetFactionName (PersistentMapAPI.Domain.StarSystem system, System.String faction) [0x0001b] in <8efdb6cff32447598d55d3b291e2bab5>:0 
2024-09-15T22:30:58 - GetFactionName exception on system [PersistentMapAPI.Domain.StarSystem] faction [1010]
2024-09-15T22:30:58 - System.NullReferenceException: Object reference not set to an instance of an object
  at PersistentMapClient.Helper.GetFactionName (PersistentMapAPI.Domain.StarSystem system, System.String faction) [0x0001b] in <8efdb6cff32447598d55d3b291e2bab5>:0 
2024-09-15T22:30:58 - GetFactionName exception on system [PersistentMapAPI.Domain.StarSystem] faction [1010]
2024-09-15T22:30:58 - System.NullReferenceException: Object reference not set to an instance of an object
  at PersistentMapClient.Helper.GetFactionName (PersistentMapAPI.Domain.StarSystem system, System.String faction) [0x0001b] in <8efdb6cff32447598d55d3b291e2bab5>:0 
2024-09-15T22:30:58 - GetFactionName exception on system [PersistentMapAPI.Domain.StarSystem] faction [1002]
2024-09-15T22:30:58 - System.NullReferenceException: Object reference not set to an instance of an object
  at PersistentMapClient.Helper.GetFactionName (PersistentMapAPI.Domain.StarSystem system, System.String faction) [0x0001b] in <8efdb6cff32447598d55d3b291e2bab5>:0 
2024-09-15T22:30:58 - GetFactionName exception on system [PersistentMapAPI.Domain.StarSystem] faction [1010]
2024-09-15T22:30:58 - System.NullReferenceException: Object reference not set to an instance of an object
  at PersistentMapClient.Helper.GetFactionName (PersistentMapAPI.Domain.StarSystem system, System.String faction) [0x0001b] in <8efdb6cff32447598d55d3b291e2bab5>:0 
2024-09-15T22:30:58 - GetFactionName exception on system [PersistentMapAPI.Domain.StarSystem] faction [1005]
2024-09-15T22:30:58 - System.NullReferenceException: Object reference not set to an instance of an object
  at PersistentMapClient.Helper.GetFactionName (PersistentMapAPI.Domain.StarSystem system, System.String faction) [0x0001b] in <8efdb6cff32447598d55d3b291e2bab5>:0 
2024-09-15T22:30:58 - GetFactionName exception on system [PersistentMapAPI.Domain.StarSystem] faction [1005]
2024-09-15T22:30:58 - System.NullReferenceException: Object reference not set to an instance of an object
  at PersistentMapClient.Helper.GetFactionName (PersistentMapAPI.Domain.StarSystem system, System.String faction) [0x0001b] in <8efdb6cff32447598d55d3b291e2bab5>:0 
2024-09-15T22:30:58 - GetFactionName exception on system [PersistentMapAPI.Domain.StarSystem] faction [1005]
2024-09-15T22:30:58 - System.NullReferenceException: Object reference not set to an instance of an object
  at PersistentMapClient.Helper.GetFactionName (PersistentMapAPI.Domain.StarSystem system, System.String faction) [0x0001b] in <8efdb6cff32447598d55d3b291e2bab5>:0 
2024-09-15T22:30:58 - GetFactionName exception on system [PersistentMapAPI.Domain.StarSystem] faction [1005]
2024-09-15T22:30:58 - System.NullReferenceException: Object reference not set to an instance of an object
  at PersistentMapClient.Helper.GetFactionName (PersistentMapAPI.Domain.StarSystem system, System.String faction) [0x0001b] in <8efdb6cff32447598d55d3b291e2bab5>:0 
2024-09-15T22:30:58 - GetFactionName exception on system [PersistentMapAPI.Domain.StarSystem] faction [1005]
2024-09-15T22:30:58 - System.NullReferenceException: Object reference not set to an instance of an object
  at PersistentMapClient.Helper.GetFactionName (PersistentMapAPI.Domain.StarSystem system, System.String faction) [0x0001b] in <8efdb6cff32447598d55d3b291e2bab5>:0 
2024-09-15T22:30:58 - GetFactionName exception on system [PersistentMapAPI.Domain.StarSystem] faction [1005]
2024-09-15T22:30:58 - System.NullReferenceException: Object reference not set to an instance of an object
  at PersistentMapClient.Helper.GetFactionName (PersistentMapAPI.Domain.StarSystem system, System.String faction) [0x0001b] in <8efdb6cff32447598d55d3b291e2bab5>:0 
2024-09-15T22:30:58 - GetFactionName exception on system [PersistentMapAPI.Domain.StarSystem] faction [1005]
2024-09-15T22:30:58 - System.NullReferenceException: Object reference not set to an instance of an object
  at PersistentMapClient.Helper.GetFactionName (PersistentMapAPI.Domain.StarSystem system, System.String faction) [0x0001b] in <8efdb6cff32447598d55d3b291e2bab5>:0 
2024-09-15T22:30:58 - GetFactionName exception on system [PersistentMapAPI.Domain.StarSystem] faction [1005]
2024-09-15T22:30:58 - System.NullReferenceException: Object reference not set to an instance of an object
  at PersistentMapClient.Helper.GetFactionName (PersistentMapAPI.Domain.StarSystem system, System.String faction) [0x0001b] in <8efdb6cff32447598d55d3b291e2bab5>:0 
2024-09-15T22:30:58 - GetFactionName exception on system [PersistentMapAPI.Domain.StarSystem] faction [1005]
2024-09-15T22:30:58 - System.NullReferenceException: Object reference not set to an instance of an object
  at PersistentMapClient.Helper.GetFactionName (PersistentMapAPI.Domain.StarSystem system, System.String faction) [0x0001b] in <8efdb6cff32447598d55d3b291e2bab5>:0 
2024-09-15T22:30:58 - GetFactionName exception on system [PersistentMapAPI.Domain.StarSystem] faction [1005]
2024-09-15T22:30:58 - System.NullReferenceException: Object reference not set to an instance of an object
  at PersistentMapClient.Helper.GetFactionName (PersistentMapAPI.Domain.StarSystem system, System.String faction) [0x0001b] in <8efdb6cff32447598d55d3b291e2bab5>:0 
2024-09-15T22:30:58 - GetFactionName exception on system [PersistentMapAPI.Domain.StarSystem] faction [1005]
2024-09-15T22:30:58 - System.NullReferenceException: Object reference not set to an instance of an object
  at PersistentMapClient.Helper.GetFactionName (PersistentMapAPI.Domain.StarSystem system, System.String faction) [0x0001b] in <8efdb6cff32447598d55d3b291e2bab5>:0 
2024-09-15T22:30:58 - GetFactionName exception on system [PersistentMapAPI.Domain.StarSystem] faction [1005]
2024-09-15T22:30:58 - System.NullReferenceException: Object reference not set to an instance of an object
  at PersistentMapClient.Helper.GetFactionName (PersistentMapAPI.Domain.StarSystem system, System.String faction) [0x0001b] in <8efdb6cff32447598d55d3b291e2bab5>:0 
2024-09-15T22:30:58 - GetFactionName exception on system [PersistentMapAPI.Domain.StarSystem] faction [1005]
2024-09-15T22:30:58 - System.NullReferenceException: Object reference not set to an instance of an object
  at PersistentMapClient.Helper.GetFactionName (PersistentMapAPI.Domain.StarSystem system, System.String faction) [0x0001b] in <8efdb6cff32447598d55d3b291e2bab5>:0 
2024-09-15T22:30:58 - GetFactionName exception on system [PersistentMapAPI.Domain.StarSystem] faction [1005]
2024-09-15T22:30:58 - System.NullReferenceException: Object reference not set to an instance of an object
  at PersistentMapClient.Helper.GetFactionName (PersistentMapAPI.Domain.StarSystem system, System.String faction) [0x0001b] in <8efdb6cff32447598d55d3b291e2bab5>:0 
2024-09-15T22:30:58 - GetFactionName exception on system [PersistentMapAPI.Domain.StarSystem] faction [1005]
2024-09-15T22:30:58 - System.NullReferenceException: Object reference not set to an instance of an object
  at PersistentMapClient.Helper.GetFactionName (PersistentMapAPI.Domain.StarSystem system, System.String faction) [0x0001b] in <8efdb6cff32447598d55d3b291e2bab5>:0 
2024-09-15T22:30:58 - GetFactionName exception on system [PersistentMapAPI.Domain.StarSystem] faction [1005]
2024-09-15T22:30:58 - System.NullReferenceException: Object reference not set to an instance of an object
  at PersistentMapClient.Helper.GetFactionName (PersistentMapAPI.Domain.StarSystem system, System.String faction) [0x0001b] in <8efdb6cff32447598d55d3b291e2bab5>:0 
2024-09-15T22:30:58 - GetFactionName exception on system [PersistentMapAPI.Domain.StarSystem] faction [1005]
2024-09-15T22:30:58 - System.NullReferenceException: Object reference not set to an instance of an object
  at PersistentMapClient.Helper.GetFactionName (PersistentMapAPI.Domain.StarSystem system, System.String faction) [0x0001b] in <8efdb6cff32447598d55d3b291e2bab5>:0 
2024-09-15T22:30:58 - GetFactionName exception on system [PersistentMapAPI.Domain.StarSystem] faction [1005]
2024-09-15T22:30:58 - System.NullReferenceException: Object reference not set to an instance of an object
  at PersistentMapClient.Helper.GetFactionName (PersistentMapAPI.Domain.StarSystem system, System.String faction) [0x0001b] in <8efdb6cff32447598d55d3b291e2bab5>:0 
2024-09-15T22:30:58 - GetFactionName exception on system [PersistentMapAPI.Domain.StarSystem] faction [1005]
2024-09-15T22:30:58 - System.NullReferenceException: Object reference not set to an instance of an object
  at PersistentMapClient.Helper.GetFactionName (PersistentMapAPI.Domain.StarSystem system, System.String faction) [0x0001b] in <8efdb6cff32447598d55d3b291e2bab5>:0 
2024-09-15T22:30:58 - GetFactionName exception on system [PersistentMapAPI.Domain.StarSystem] faction [1005]
2024-09-15T22:30:58 - System.NullReferenceException: Object reference not set to an instance of an object
  at PersistentMapClient.Helper.GetFactionName (PersistentMapAPI.Domain.StarSystem system, System.String faction) [0x0001b] in <8efdb6cff32447598d55d3b291e2bab5>:0 
2024-09-15T22:30:58 - GetFactionName exception on system [PersistentMapAPI.Domain.StarSystem] faction [1002]
2024-09-15T22:30:58 - System.NullReferenceException: Object reference not set to an instance of an object
  at PersistentMapClient.Helper.GetFactionName (PersistentMapAPI.Domain.StarSystem system, System.String faction) [0x0001b] in <8efdb6cff32447598d55d3b291e2bab5>:0 
2024-09-15T22:30:58 - GetFactionName exception on system [PersistentMapAPI.Domain.StarSystem] faction [1023]
2024-09-15T22:30:58 - System.NullReferenceException: Object reference not set to an instance of an object
  at PersistentMapClient.Helper.GetFactionName (PersistentMapAPI.Domain.StarSystem system, System.String faction) [0x0001b] in <8efdb6cff32447598d55d3b291e2bab5>:0 
2024-09-15T22:30:58 - GetFactionName exception on system [PersistentMapAPI.Domain.StarSystem] faction [1023]
2024-09-15T22:30:58 - System.NullReferenceException: Object reference not set to an instance of an object
  at PersistentMapClient.Helper.GetFactionName (PersistentMapAPI.Domain.StarSystem system, System.String faction) [0x0001b] in <8efdb6cff32447598d55d3b291e2bab5>:0 
2024-09-15T22:30:58 - GetFactionName exception on system [PersistentMapAPI.Domain.StarSystem] faction [1002]
2024-09-15T22:30:58 - System.NullReferenceException: Object reference not set to an instance of an object
  at PersistentMapClient.Helper.GetFactionName (PersistentMapAPI.Domain.StarSystem system, System.String faction) [0x0001b] in <8efdb6cff32447598d55d3b291e2bab5>:0 
2024-09-15T22:30:58 - GetFactionName exception on system [PersistentMapAPI.Domain.StarSystem] faction [1002]
2024-09-15T22:30:58 - System.NullReferenceException: Object reference not set to an instance of an object
  at PersistentMapClient.Helper.GetFactionName (PersistentMapAPI.Domain.StarSystem system, System.String faction) [0x0001b] in <8efdb6cff32447598d55d3b291e2bab5>:0 
2024-09-15T22:30:58 - GetFactionName exception on system [PersistentMapAPI.Domain.StarSystem] faction [1014]
2024-09-15T22:30:58 - System.NullReferenceException: Object reference not set to an instance of an object
  at PersistentMapClient.Helper.GetFactionName (PersistentMapAPI.Domain.StarSystem system, System.String faction) [0x0001b] in <8efdb6cff32447598d55d3b291e2bab5>:0 
2024-09-15T22:30:58 - GetFactionName exception on system [PersistentMapAPI.Domain.StarSystem] faction [1018]
2024-09-15T22:30:58 - System.NullReferenceException: Object reference not set to an instance of an object
  at PersistentMapClient.Helper.GetFactionName (PersistentMapAPI.Domain.StarSystem system, System.String faction) [0x0001b] in <8efdb6cff32447598d55d3b291e2bab5>:0 
2024-09-15T22:30:58 - GetFactionName exception on system [PersistentMapAPI.Domain.StarSystem] faction [1018]
2024-09-15T22:30:58 - System.NullReferenceException: Object reference not set to an instance of an object
  at PersistentMapClient.Helper.GetFactionName (PersistentMapAPI.Domain.StarSystem system, System.String faction) [0x0001b] in <8efdb6cff32447598d55d3b291e2bab5>:0 
2024-09-15T22:30:58 - GetFactionName exception on system [PersistentMapAPI.Domain.StarSystem] faction [1020]
2024-09-15T22:30:58 - System.NullReferenceException: Object reference not set to an instance of an object
  at PersistentMapClient.Helper.GetFactionName (PersistentMapAPI.Domain.StarSystem system, System.String faction) [0x0001b] in <8efdb6cff32447598d55d3b291e2bab5>:0 
2024-09-15T22:30:58 - GetFactionName exception on system [PersistentMapAPI.Domain.StarSystem] faction [1020]
2024-09-15T22:30:58 - System.NullReferenceException: Object reference not set to an instance of an object
  at PersistentMapClient.Helper.GetFactionName (PersistentMapAPI.Domain.StarSystem system, System.String faction) [0x0001b] in <8efdb6cff32447598d55d3b291e2bab5>:0 
2024-09-15T22:30:58 - GetFactionName exception on system [PersistentMapAPI.Domain.StarSystem] faction [1020]
2024-09-15T22:30:58 - System.NullReferenceException: Object reference not set to an instance of an object
  at PersistentMapClient.Helper.GetFactionName (PersistentMapAPI.Domain.StarSystem system, System.String faction) [0x0001b] in <8efdb6cff32447598d55d3b291e2bab5>:0 
2024-09-15T22:30:58 - GetFactionName exception on system [PersistentMapAPI.Domain.StarSystem] faction [1020]
2024-09-15T22:30:58 - System.NullReferenceException: Object reference not set to an instance of an object
  at PersistentMapClient.Helper.GetFactionName (PersistentMapAPI.Domain.StarSystem system, System.String faction) [0x0001b] in <8efdb6cff32447598d55d3b291e2bab5>:0 
2024-09-15T22:30:58 - GetFactionName exception on system [PersistentMapAPI.Domain.StarSystem] faction [1020]
2024-09-15T22:30:58 - System.NullReferenceException: Object reference not set to an instance of an object
  at PersistentMapClient.Helper.GetFactionName (PersistentMapAPI.Domain.StarSystem system, System.String faction) [0x0001b] in <8efdb6cff32447598d55d3b291e2bab5>:0 
2024-09-15T22:30:58 - GetFactionName exception on system [PersistentMapAPI.Domain.StarSystem] faction [1017]
2024-09-15T22:30:58 - System.NullReferenceException: Object reference not set to an instance of an object
  at PersistentMapClient.Helper.GetFactionName (PersistentMapAPI.Domain.StarSystem system, System.String faction) [0x0001b] in <8efdb6cff32447598d55d3b291e2bab5>:0 
2024-09-15T22:30:58 - GetFactionName exception on system [PersistentMapAPI.Domain.StarSystem] faction [1017]
2024-09-15T22:30:58 - System.NullReferenceException: Object reference not set to an instance of an object
  at PersistentMapClient.Helper.GetFactionName (PersistentMapAPI.Domain.StarSystem system, System.String faction) [0x0001b] in <8efdb6cff32447598d55d3b291e2bab5>:0 
2024-09-15T22:30:58 - GetFactionName exception on system [PersistentMapAPI.Domain.StarSystem] faction [1017]
2024-09-15T22:30:58 - System.NullReferenceException: Object reference not set to an instance of an object
  at PersistentMapClient.Helper.GetFactionName (PersistentMapAPI.Domain.StarSystem system, System.String faction) [0x0001b] in <8efdb6cff32447598d55d3b291e2bab5>:0 
2024-09-15T22:30:58 - GetFactionName exception on system [PersistentMapAPI.Domain.StarSystem] faction [1017]
2024-09-15T22:30:58 - System.NullReferenceException: Object reference not set to an instance of an object
  at PersistentMapClient.Helper.GetFactionName (PersistentMapAPI.Domain.StarSystem system, System.String faction) [0x0001b] in <8efdb6cff32447598d55d3b291e2bab5>:0 
2024-09-15T22:30:58 - GetFactionName exception on system [PersistentMapAPI.Domain.StarSystem] faction [1008]
2024-09-15T22:30:58 - System.NullReferenceException: Object reference not set to an instance of an object
  at PersistentMapClient.Helper.GetFactionName (PersistentMapAPI.Domain.StarSystem system, System.String faction) [0x0001b] in <8efdb6cff32447598d55d3b291e2bab5>:0 
2024-09-15T22:30:58 - GetFactionName exception on system [PersistentMapAPI.Domain.StarSystem] faction [1007]
2024-09-15T22:30:58 - System.NullReferenceException: Object reference not set to an instance of an object
  at PersistentMapClient.Helper.GetFactionName (PersistentMapAPI.Domain.StarSystem system, System.String faction) [0x0001b] in <8efdb6cff32447598d55d3b291e2bab5>:0 
2024-09-15T22:30:58 - GetFactionName exception on system [PersistentMapAPI.Domain.StarSystem] faction [1007]
2024-09-15T22:30:58 - System.NullReferenceException: Object reference not set to an instance of an object
  at PersistentMapClient.Helper.GetFactionName (PersistentMapAPI.Domain.StarSystem system, System.String faction) [0x0001b] in <8efdb6cff32447598d55d3b291e2bab5>:0 
2024-09-15T22:30:58 - GetFactionName exception on system [PersistentMapAPI.Domain.StarSystem] faction [1007]
2024-09-15T22:30:58 - System.NullReferenceException: Object reference not set to an instance of an object
  at PersistentMapClient.Helper.GetFactionName (PersistentMapAPI.Domain.StarSystem system, System.String faction) [0x0001b] in <8efdb6cff32447598d55d3b291e2bab5>:0 
2024-09-15T22:30:58 - GetFactionName exception on system [PersistentMapAPI.Domain.StarSystem] faction [1019]
2024-09-15T22:30:58 - System.NullReferenceException: Object reference not set to an instance of an object
  at PersistentMapClient.Helper.GetFactionName (PersistentMapAPI.Domain.StarSystem system, System.String faction) [0x0001b] in <8efdb6cff32447598d55d3b291e2bab5>:0 
2024-09-15T22:30:58 - GetFactionName exception on system [PersistentMapAPI.Domain.StarSystem] faction [1008]
2024-09-15T22:30:58 - System.NullReferenceException: Object reference not set to an instance of an object
  at PersistentMapClient.Helper.GetFactionName (PersistentMapAPI.Domain.StarSystem system, System.String faction) [0x0001b] in <8efdb6cff32447598d55d3b291e2bab5>:0 
2024-09-15T22:30:58 - GetFactionName exception on system [PersistentMapAPI.Domain.StarSystem] faction [1028]
2024-09-15T22:30:58 - System.NullReferenceException: Object reference not set to an instance of an object
  at PersistentMapClient.Helper.GetFactionName (PersistentMapAPI.Domain.StarSystem system, System.String faction) [0x0001b] in <8efdb6cff32447598d55d3b291e2bab5>:0 
2024-09-15T22:30:58 - GetFactionName exception on system [PersistentMapAPI.Domain.StarSystem] faction [1007]
2024-09-15T22:30:58 - System.NullReferenceException: Object reference not set to an instance of an object
  at PersistentMapClient.Helper.GetFactionName (PersistentMapAPI.Domain.StarSystem system, System.String faction) [0x0001b] in <8efdb6cff32447598d55d3b291e2bab5>:0 
2024-09-15T22:30:58 - GetFactionName exception on system [PersistentMapAPI.Domain.StarSystem] faction [1002]
2024-09-15T22:30:58 - System.NullReferenceException: Object reference not set to an instance of an object
  at PersistentMapClient.Helper.GetFactionName (PersistentMapAPI.Domain.StarSystem system, System.String faction) [0x0001b] in <8efdb6cff32447598d55d3b291e2bab5>:0 
2024-09-15T22:30:58 - GetFactionName exception on system [PersistentMapAPI.Domain.StarSystem] faction [1019]
2024-09-15T22:30:58 - System.NullReferenceException: Object reference not set to an instance of an object
  at PersistentMapClient.Helper.GetFactionName (PersistentMapAPI.Domain.StarSystem system, System.String faction) [0x0001b] in <8efdb6cff32447598d55d3b291e2bab5>:0 
2024-09-15T22:30:58 - GetFactionName exception on system [PersistentMapAPI.Domain.StarSystem] faction [1023]
2024-09-15T22:30:58 - System.NullReferenceException: Object reference not set to an instance of an object
  at PersistentMapClient.Helper.GetFactionName (PersistentMapAPI.Domain.StarSystem system, System.String faction) [0x0001b] in <8efdb6cff32447598d55d3b291e2bab5>:0 
2024-09-15T22:30:58 - GetFactionName exception on system [PersistentMapAPI.Domain.StarSystem] faction [1002]
2024-09-15T22:30:58 - System.NullReferenceException: Object reference not set to an instance of an object
  at PersistentMapClient.Helper.GetFactionName (PersistentMapAPI.Domain.StarSystem system, System.String faction) [0x0001b] in <8efdb6cff32447598d55d3b291e2bab5>:0 
2024-09-15T22:30:58 - GetFactionName exception on system [PersistentMapAPI.Domain.StarSystem] faction [1023]
2024-09-15T22:30:58 - System.NullReferenceException: Object reference not set to an instance of an object
  at PersistentMapClient.Helper.GetFactionName (PersistentMapAPI.Domain.StarSystem system, System.String faction) [0x0001b] in <8efdb6cff32447598d55d3b291e2bab5>:0 
2024-09-15T22:30:58 - GetFactionName exception on system [PersistentMapAPI.Domain.StarSystem] faction [1023]
2024-09-15T22:30:58 - System.NullReferenceException: Object reference not set to an instance of an object
  at PersistentMapClient.Helper.GetFactionName (PersistentMapAPI.Domain.StarSystem system, System.String faction) [0x0001b] in <8efdb6cff32447598d55d3b291e2bab5>:0 
2024-09-15T22:30:58 - GetFactionName exception on system [PersistentMapAPI.Domain.StarSystem] faction [1008]
2024-09-15T22:30:58 - System.NullReferenceException: Object reference not set to an instance of an object
  at PersistentMapClient.Helper.GetFactionName (PersistentMapAPI.Domain.StarSystem system, System.String faction) [0x0001b] in <8efdb6cff32447598d55d3b291e2bab5>:0 
2024-09-15T22:30:58 - GetFactionName exception on system [PersistentMapAPI.Domain.StarSystem] faction [1002]
2024-09-15T22:30:58 - System.NullReferenceException: Object reference not set to an instance of an object
  at PersistentMapClient.Helper.GetFactionName (PersistentMapAPI.Domain.StarSystem system, System.String faction) [0x0001b] in <8efdb6cff32447598d55d3b291e2bab5>:0 
2024-09-15T22:30:58 - GetFactionName exception on system [PersistentMapAPI.Domain.StarSystem] faction [1007]
2024-09-15T22:30:58 - System.NullReferenceException: Object reference not set to an instance of an object
  at PersistentMapClient.Helper.GetFactionName (PersistentMapAPI.Domain.StarSystem system, System.String faction) [0x0001b] in <8efdb6cff32447598d55d3b291e2bab5>:0 
2024-09-15T22:30:58 - GetFactionName exception on system [PersistentMapAPI.Domain.StarSystem] faction [1008]
2024-09-15T22:30:58 - System.NullReferenceException: Object reference not set to an instance of an object
  at PersistentMapClient.Helper.GetFactionName (PersistentMapAPI.Domain.StarSystem system, System.String faction) [0x0001b] in <8efdb6cff32447598d55d3b291e2bab5>:0 
2024-09-15T22:30:58 - GetFactionName exception on system [PersistentMapAPI.Domain.StarSystem] faction [1023]
2024-09-15T22:30:58 - System.NullReferenceException: Object reference not set to an instance of an object
  at PersistentMapClient.Helper.GetFactionName (PersistentMapAPI.Domain.StarSystem system, System.String faction) [0x0001b] in <8efdb6cff32447598d55d3b291e2bab5>:0 
2024-09-15T22:30:58 - GetFactionName exception on system [PersistentMapAPI.Domain.StarSystem] faction [1023]
2024-09-15T22:30:58 - System.NullReferenceException: Object reference not set to an instance of an object
  at PersistentMapClient.Helper.GetFactionName (PersistentMapAPI.Domain.StarSystem system, System.String faction) [0x0001b] in <8efdb6cff32447598d55d3b291e2bab5>:0 
2024-09-15T22:30:58 - GetFactionName exception on system [PersistentMapAPI.Domain.StarSystem] faction [1023]
2024-09-15T22:30:58 - System.NullReferenceException: Object reference not set to an instance of an object
  at PersistentMapClient.Helper.GetFactionName (PersistentMapAPI.Domain.StarSystem system, System.String faction) [0x0001b] in <8efdb6cff32447598d55d3b291e2bab5>:0 
2024-09-15T22:30:58 - GetFactionName exception on system [PersistentMapAPI.Domain.StarSystem] faction [1028]
2024-09-15T22:30:58 - System.NullReferenceException: Object reference not set to an instance of an object
  at PersistentMapClient.Helper.GetFactionName (PersistentMapAPI.Domain.StarSystem system, System.String faction) [0x0001b] in <8efdb6cff32447598d55d3b291e2bab5>:0 
2024-09-15T22:30:58 - GetFactionName exception on system [PersistentMapAPI.Domain.StarSystem] faction [1005]
2024-09-15T22:30:58 - System.NullReferenceException: Object reference not set to an instance of an object
  at PersistentMapClient.Helper.GetFactionName (PersistentMapAPI.Domain.StarSystem system, System.String faction) [0x0001b] in <8efdb6cff32447598d55d3b291e2bab5>:0 
2024-09-15T22:30:58 - GetFactionName exception on system [PersistentMapAPI.Domain.StarSystem] faction [1005]
2024-09-15T22:30:58 - System.NullReferenceException: Object reference not set to an instance of an object
  at PersistentMapClient.Helper.GetFactionName (PersistentMapAPI.Domain.StarSystem system, System.String faction) [0x0001b] in <8efdb6cff32447598d55d3b291e2bab5>:0 
2024-09-15T22:30:58 - GetFactionName exception on system [PersistentMapAPI.Domain.StarSystem] faction [1005]
2024-09-15T22:30:58 - System.NullReferenceException: Object reference not set to an instance of an object
  at PersistentMapClient.Helper.GetFactionName (PersistentMapAPI.Domain.StarSystem system, System.String faction) [0x0001b] in <8efdb6cff32447598d55d3b291e2bab5>:0 
2024-09-15T22:30:58 - GetFactionName exception on system [PersistentMapAPI.Domain.StarSystem] faction [1005]
2024-09-15T22:30:58 - System.NullReferenceException: Object reference not set to an instance of an object
  at PersistentMapClient.Helper.GetFactionName (PersistentMapAPI.Domain.StarSystem system, System.String faction) [0x0001b] in <8efdb6cff32447598d55d3b291e2bab5>:0 
2024-09-15T22:30:58 - GetFactionName exception on system [PersistentMapAPI.Domain.StarSystem] faction [1005]
2024-09-15T22:30:58 - System.NullReferenceException: Object reference not set to an instance of an object
  at PersistentMapClient.Helper.GetFactionName (PersistentMapAPI.Domain.StarSystem system, System.String faction) [0x0001b] in <8efdb6cff32447598d55d3b291e2bab5>:0 
2024-09-15T22:30:58 - GetFactionName exception on system [PersistentMapAPI.Domain.StarSystem] faction [1014]
2024-09-15T22:30:58 - System.NullReferenceException: Object reference not set to an instance of an object
  at PersistentMapClient.Helper.GetFactionName (PersistentMapAPI.Domain.StarSystem system, System.String faction) [0x0001b] in <8efdb6cff32447598d55d3b291e2bab5>:0 
2024-09-15T22:30:58 - GetFactionName exception on system [PersistentMapAPI.Domain.StarSystem] faction [1005]
2024-09-15T22:30:58 - System.NullReferenceException: Object reference not set to an instance of an object
  at PersistentMapClient.Helper.GetFactionName (PersistentMapAPI.Domain.StarSystem system, System.String faction) [0x0001b] in <8efdb6cff32447598d55d3b291e2bab5>:0 
2024-09-15T22:30:58 - GetFactionName exception on system [PersistentMapAPI.Domain.StarSystem] faction [1005]
2024-09-15T22:30:58 - System.NullReferenceException: Object reference not set to an instance of an object
  at PersistentMapClient.Helper.GetFactionName (PersistentMapAPI.Domain.StarSystem system, System.String faction) [0x0001b] in <8efdb6cff32447598d55d3b291e2bab5>:0 
2024-09-15T22:30:58 - GetFactionName exception on system [PersistentMapAPI.Domain.StarSystem] faction [1005]
2024-09-15T22:30:58 - System.NullReferenceException: Object reference not set to an instance of an object
  at PersistentMapClient.Helper.GetFactionName (PersistentMapAPI.Domain.StarSystem system, System.String faction) [0x0001b] in <8efdb6cff32447598d55d3b291e2bab5>:0 
2024-09-15T22:30:58 - GetFactionName exception on system [PersistentMapAPI.Domain.StarSystem] faction [1005]
2024-09-15T22:30:58 - System.NullReferenceException: Object reference not set to an instance of an object
  at PersistentMapClient.Helper.GetFactionName (PersistentMapAPI.Domain.StarSystem system, System.String faction) [0x0001b] in <8efdb6cff32447598d55d3b291e2bab5>:0 
2024-09-15T22:30:58 - GetFactionName exception on system [PersistentMapAPI.Domain.StarSystem] faction [1005]
2024-09-15T22:30:58 - System.NullReferenceException: Object reference not set to an instance of an object
  at PersistentMapClient.Helper.GetFactionName (PersistentMapAPI.Domain.StarSystem system, System.String faction) [0x0001b] in <8efdb6cff32447598d55d3b291e2bab5>:0 
2024-09-15T22:30:58 - GetFactionName exception on system [PersistentMapAPI.Domain.StarSystem] faction [1005]
2024-09-15T22:30:58 - System.NullReferenceException: Object reference not set to an instance of an object
  at PersistentMapClient.Helper.GetFactionName (PersistentMapAPI.Domain.StarSystem system, System.String faction) [0x0001b] in <8efdb6cff32447598d55d3b291e2bab5>:0 
2024-09-15T22:30:58 - GetFactionName exception on system [PersistentMapAPI.Domain.StarSystem] faction [1005]
2024-09-15T22:30:58 - System.NullReferenceException: Object reference not set to an instance of an object
  at PersistentMapClient.Helper.GetFactionName (PersistentMapAPI.Domain.StarSystem system, System.String faction) [0x0001b] in <8efdb6cff32447598d55d3b291e2bab5>:0 
2024-09-15T22:30:58 - GetFactionName exception on system [PersistentMapAPI.Domain.StarSystem] faction [1005]
2024-09-15T22:30:58 - System.NullReferenceException: Object reference not set to an instance of an object
  at PersistentMapClient.Helper.GetFactionName (PersistentMapAPI.Domain.StarSystem system, System.String faction) [0x0001b] in <8efdb6cff32447598d55d3b291e2bab5>:0 
2024-09-15T22:30:58 - GetFactionName exception on system [PersistentMapAPI.Domain.StarSystem] faction [1005]
2024-09-15T22:30:58 - System.NullReferenceException: Object reference not set to an instance of an object
  at PersistentMapClient.Helper.GetFactionName (PersistentMapAPI.Domain.StarSystem system, System.String faction) [0x0001b] in <8efdb6cff32447598d55d3b291e2bab5>:0 
2024-09-15T22:30:58 - GetFactionName exception on system [PersistentMapAPI.Domain.StarSystem] faction [1005]
2024-09-15T22:30:58 - System.NullReferenceException: Object reference not set to an instance of an object
  at PersistentMapClient.Helper.GetFactionName (PersistentMapAPI.Domain.StarSystem system, System.String faction) [0x0001b] in <8efdb6cff32447598d55d3b291e2bab5>:0 
2024-09-15T22:30:58 - GetFactionName exception on system [PersistentMapAPI.Domain.StarSystem] faction [1005]
2024-09-15T22:30:58 - System.NullReferenceException: Object reference not set to an instance of an object
  at PersistentMapClient.Helper.GetFactionName (PersistentMapAPI.Domain.StarSystem system, System.String faction) [0x0001b] in <8efdb6cff32447598d55d3b291e2bab5>:0 
2024-09-15T22:30:58 - GetFactionName exception on system [PersistentMapAPI.Domain.StarSystem] faction [1005]
2024-09-15T22:30:58 - System.NullReferenceException: Object reference not set to an instance of an object
  at PersistentMapClient.Helper.GetFactionName (PersistentMapAPI.Domain.StarSystem system, System.String faction) [0x0001b] in <8efdb6cff32447598d55d3b291e2bab5>:0 
2024-09-15T22:30:58 - GetFactionName exception on system [PersistentMapAPI.Domain.StarSystem] faction [1005]
2024-09-15T22:30:58 - System.NullReferenceException: Object reference not set to an instance of an object
  at PersistentMapClient.Helper.GetFactionName (PersistentMapAPI.Domain.StarSystem system, System.String faction) [0x0001b] in <8efdb6cff32447598d55d3b291e2bab5>:0 
2024-09-15T22:30:58 - GetFactionName exception on system [PersistentMapAPI.Domain.StarSystem] faction [1005]
2024-09-15T22:30:58 - System.NullReferenceException: Object reference not set to an instance of an object
  at PersistentMapClient.Helper.GetFactionName (PersistentMapAPI.Domain.StarSystem system, System.String faction) [0x0001b] in <8efdb6cff32447598d55d3b291e2bab5>:0 
2024-09-15T22:30:58 - GetFactionName exception on system [PersistentMapAPI.Domain.StarSystem] faction [1005]
2024-09-15T22:30:58 - System.NullReferenceException: Object reference not set to an instance of an object
  at PersistentMapClient.Helper.GetFactionName (PersistentMapAPI.Domain.StarSystem system, System.String faction) [0x0001b] in <8efdb6cff32447598d55d3b291e2bab5>:0 
2024-09-15T22:30:58 - GetFactionName exception on system [PersistentMapAPI.Domain.StarSystem] faction [1005]
2024-09-15T22:30:58 - System.NullReferenceException: Object reference not set to an instance of an object
  at PersistentMapClient.Helper.GetFactionName (PersistentMapAPI.Domain.StarSystem system, System.String faction) [0x0001b] in <8efdb6cff32447598d55d3b291e2bab5>:0 
2024-09-15T22:30:58 - GetFactionName exception on system [PersistentMapAPI.Domain.StarSystem] faction [1005]
2024-09-15T22:30:58 - System.NullReferenceException: Object reference not set to an instance of an object
  at PersistentMapClient.Helper.GetFactionName (PersistentMapAPI.Domain.StarSystem system, System.String faction) [0x0001b] in <8efdb6cff32447598d55d3b291e2bab5>:0 
2024-09-15T22:30:58 - GetFactionName exception on system [PersistentMapAPI.Domain.StarSystem] faction [1005]
2024-09-15T22:30:58 - System.NullReferenceException: Object reference not set to an instance of an object
  at PersistentMapClient.Helper.GetFactionName (PersistentMapAPI.Domain.StarSystem system, System.String faction) [0x0001b] in <8efdb6cff32447598d55d3b291e2bab5>:0 
2024-09-15T22:30:58 - GetFactionName exception on system [PersistentMapAPI.Domain.StarSystem] faction [1005]
2024-09-15T22:30:58 - System.NullReferenceException: Object reference not set to an instance of an object
  at PersistentMapClient.Helper.GetFactionName (PersistentMapAPI.Domain.StarSystem system, System.String faction) [0x0001b] in <8efdb6cff32447598d55d3b291e2bab5>:0 
2024-09-15T22:30:58 - GetFactionName exception on system [PersistentMapAPI.Domain.StarSystem] faction [1020]
2024-09-15T22:30:58 - System.NullReferenceException: Object reference not set to an instance of an object
  at PersistentMapClient.Helper.GetFactionName (PersistentMapAPI.Domain.StarSystem system, System.String faction) [0x0001b] in <8efdb6cff32447598d55d3b291e2bab5>:0 
2024-09-15T22:30:58 - GetFactionName exception on system [PersistentMapAPI.Domain.StarSystem] faction [1020]
2024-09-15T22:30:58 - System.NullReferenceException: Object reference not set to an instance of an object
  at PersistentMapClient.Helper.GetFactionName (PersistentMapAPI.Domain.StarSystem system, System.String faction) [0x0001b] in <8efdb6cff32447598d55d3b291e2bab5>:0 
2024-09-15T22:30:58 - GetFactionName exception on system [PersistentMapAPI.Domain.StarSystem] faction [1020]
2024-09-15T22:30:58 - System.NullReferenceException: Object reference not set to an instance of an object
  at PersistentMapClient.Helper.GetFactionName (PersistentMapAPI.Domain.StarSystem system, System.String faction) [0x0001b] in <8efdb6cff32447598d55d3b291e2bab5>:0 
2024-09-15T22:30:58 - GetFactionName exception on system [PersistentMapAPI.Domain.StarSystem] faction [1020]
2024-09-15T22:30:58 - System.NullReferenceException: Object reference not set to an instance of an object
  at PersistentMapClient.Helper.GetFactionName (PersistentMapAPI.Domain.StarSystem system, System.String faction) [0x0001b] in <8efdb6cff32447598d55d3b291e2bab5>:0 
2024-09-15T22:30:58 - GetFactionName exception on system [PersistentMapAPI.Domain.StarSystem] faction [1005]
2024-09-15T22:30:58 - System.NullReferenceException: Object reference not set to an instance of an object
  at PersistentMapClient.Helper.GetFactionName (PersistentMapAPI.Domain.StarSystem system, System.String faction) [0x0001b] in <8efdb6cff32447598d55d3b291e2bab5>:0 
2024-09-15T22:30:58 - GetFactionName exception on system [PersistentMapAPI.Domain.StarSystem] faction [1030]
2024-09-15T22:30:58 - System.NullReferenceException: Object reference not set to an instance of an object
  at PersistentMapClient.Helper.GetFactionName (PersistentMapAPI.Domain.StarSystem system, System.String faction) [0x0001b] in <8efdb6cff32447598d55d3b291e2bab5>:0 
2024-09-15T22:30:58 - GetFactionName exception on system [PersistentMapAPI.Domain.StarSystem] faction [1030]
2024-09-15T22:30:58 - System.NullReferenceException: Object reference not set to an instance of an object
  at PersistentMapClient.Helper.GetFactionName (PersistentMapAPI.Domain.StarSystem system, System.String faction) [0x0001b] in <8efdb6cff32447598d55d3b291e2bab5>:0 
2024-09-15T22:30:58 - GetFactionName exception on system [PersistentMapAPI.Domain.StarSystem] faction [1030]
2024-09-15T22:30:58 - System.NullReferenceException: Object reference not set to an instance of an object
  at PersistentMapClient.Helper.GetFactionName (PersistentMapAPI.Domain.StarSystem system, System.String faction) [0x0001b] in <8efdb6cff32447598d55d3b291e2bab5>:0 
2024-09-15T22:30:58 - GetFactionName exception on system [PersistentMapAPI.Domain.StarSystem] faction [1022]
2024-09-15T22:30:58 - System.NullReferenceException: Object reference not set to an instance of an object
  at PersistentMapClient.Helper.GetFactionName (PersistentMapAPI.Domain.StarSystem system, System.String faction) [0x0001b] in <8efdb6cff32447598d55d3b291e2bab5>:0 
2024-09-15T22:30:58 - GetFactionName exception on system [PersistentMapAPI.Domain.StarSystem] faction [1022]
2024-09-15T22:30:58 - System.NullReferenceException: Object reference not set to an instance of an object
  at PersistentMapClient.Helper.GetFactionName (PersistentMapAPI.Domain.StarSystem system, System.String faction) [0x0001b] in <8efdb6cff32447598d55d3b291e2bab5>:0 
2024-09-15T22:30:58 - GetFactionName exception on system [PersistentMapAPI.Domain.StarSystem] faction [1022]
2024-09-15T22:30:58 - System.NullReferenceException: Object reference not set to an instance of an object
  at PersistentMapClient.Helper.GetFactionName (PersistentMapAPI.Domain.StarSystem system, System.String faction) [0x0001b] in <8efdb6cff32447598d55d3b291e2bab5>:0 
2024-09-15T22:30:58 - GetFactionName exception on system [PersistentMapAPI.Domain.StarSystem] faction [1028]
2024-09-15T22:30:58 - System.NullReferenceException: Object reference not set to an instance of an object
  at PersistentMapClient.Helper.GetFactionName (PersistentMapAPI.Domain.StarSystem system, System.String faction) [0x0001b] in <8efdb6cff32447598d55d3b291e2bab5>:0 
2024-09-15T22:30:58 - GetFactionName exception on system [PersistentMapAPI.Domain.StarSystem] faction [1022]
2024-09-15T22:30:58 - System.NullReferenceException: Object reference not set to an instance of an object
  at PersistentMapClient.Helper.GetFactionName (PersistentMapAPI.Domain.StarSystem system, System.String faction) [0x0001b] in <8efdb6cff32447598d55d3b291e2bab5>:0 
2024-09-15T22:30:58 - GetFactionName exception on system [PersistentMapAPI.Domain.StarSystem] faction [1028]
2024-09-15T22:30:58 - System.NullReferenceException: Object reference not set to an instance of an object
  at PersistentMapClient.Helper.GetFactionName (PersistentMapAPI.Domain.StarSystem system, System.String faction) [0x0001b] in <8efdb6cff32447598d55d3b291e2bab5>:0 
2024-09-15T22:30:58 - GetFactionName exception on system [PersistentMapAPI.Domain.StarSystem] faction [1022]
2024-09-15T22:30:58 - System.NullReferenceException: Object reference not set to an instance of an object
  at PersistentMapClient.Helper.GetFactionName (PersistentMapAPI.Domain.StarSystem system, System.String faction) [0x0001b] in <8efdb6cff32447598d55d3b291e2bab5>:0 
2024-09-15T22:30:58 - GetFactionName exception on system [PersistentMapAPI.Domain.StarSystem] faction [1030]
2024-09-15T22:30:58 - System.NullReferenceException: Object reference not set to an instance of an object
  at PersistentMapClient.Helper.GetFactionName (PersistentMapAPI.Domain.StarSystem system, System.String faction) [0x0001b] in <8efdb6cff32447598d55d3b291e2bab5>:0 
2024-09-15T22:30:58 - GetFactionName exception on system [PersistentMapAPI.Domain.StarSystem] faction [1022]
2024-09-15T22:30:58 - System.NullReferenceException: Object reference not set to an instance of an object
  at PersistentMapClient.Helper.GetFactionName (PersistentMapAPI.Domain.StarSystem system, System.String faction) [0x0001b] in <8efdb6cff32447598d55d3b291e2bab5>:0 
2024-09-15T22:30:58 - GetFactionName exception on system [PersistentMapAPI.Domain.StarSystem] faction [1008]
2024-09-15T22:30:58 - System.NullReferenceException: Object reference not set to an instance of an object
  at PersistentMapClient.Helper.GetFactionName (PersistentMapAPI.Domain.StarSystem system, System.String faction) [0x0001b] in <8efdb6cff32447598d55d3b291e2bab5>:0 
2024-09-15T22:30:58 - GetFactionName exception on system [PersistentMapAPI.Domain.StarSystem] faction [1019]
2024-09-15T22:30:58 - System.NullReferenceException: Object reference not set to an instance of an object
  at PersistentMapClient.Helper.GetFactionName (PersistentMapAPI.Domain.StarSystem system, System.String faction) [0x0001b] in <8efdb6cff32447598d55d3b291e2bab5>:0 
2024-09-15T22:30:58 - GetFactionName exception on system [PersistentMapAPI.Domain.StarSystem] faction [1008]
2024-09-15T22:30:58 - System.NullReferenceException: Object reference not set to an instance of an object
  at PersistentMapClient.Helper.GetFactionName (PersistentMapAPI.Domain.StarSystem system, System.String faction) [0x0001b] in <8efdb6cff32447598d55d3b291e2bab5>:0 
2024-09-15T22:30:58 - GetFactionName exception on system [PersistentMapAPI.Domain.StarSystem] faction [1010]
2024-09-15T22:30:58 - System.NullReferenceException: Object reference not set to an instance of an object
  at PersistentMapClient.Helper.GetFactionName (PersistentMapAPI.Domain.StarSystem system, System.String faction) [0x0001b] in <8efdb6cff32447598d55d3b291e2bab5>:0 
2024-09-15T22:30:58 - GetFactionName exception on system [PersistentMapAPI.Domain.StarSystem] faction [1010]
2024-09-15T22:30:58 - System.NullReferenceException: Object reference not set to an instance of an object
  at PersistentMapClient.Helper.GetFactionName (PersistentMapAPI.Domain.StarSystem system, System.String faction) [0x0001b] in <8efdb6cff32447598d55d3b291e2bab5>:0 
2024-09-15T22:30:58 - GetFactionName exception on system [PersistentMapAPI.Domain.StarSystem] faction [1010]
2024-09-15T22:30:58 - System.NullReferenceException: Object reference not set to an instance of an object
  at PersistentMapClient.Helper.GetFactionName (PersistentMapAPI.Domain.StarSystem system, System.String faction) [0x0001b] in <8efdb6cff32447598d55d3b291e2bab5>:0 
2024-09-15T22:30:58 - GetFactionName exception on system [PersistentMapAPI.Domain.StarSystem] faction [1005]
2024-09-15T22:30:58 - System.NullReferenceException: Object reference not set to an instance of an object
  at PersistentMapClient.Helper.GetFactionName (PersistentMapAPI.Domain.StarSystem system, System.String faction) [0x0001b] in <8efdb6cff32447598d55d3b291e2bab5>:0 
2024-09-15T22:30:58 - GetFactionName exception on system [PersistentMapAPI.Domain.StarSystem] faction [1005]
2024-09-15T22:30:58 - System.NullReferenceException: Object reference not set to an instance of an object
  at PersistentMapClient.Helper.GetFactionName (PersistentMapAPI.Domain.StarSystem system, System.String faction) [0x0001b] in <8efdb6cff32447598d55d3b291e2bab5>:0 
2024-09-15T22:30:58 - GetFactionName exception on system [PersistentMapAPI.Domain.StarSystem] faction [1005]
2024-09-15T22:30:58 - System.NullReferenceException: Object reference not set to an instance of an object
  at PersistentMapClient.Helper.GetFactionName (PersistentMapAPI.Domain.StarSystem system, System.String faction) [0x0001b] in <8efdb6cff32447598d55d3b291e2bab5>:0 
2024-09-15T22:30:58 - GetFactionName exception on system [PersistentMapAPI.Domain.StarSystem] faction [1005]
2024-09-15T22:30:58 - System.NullReferenceException: Object reference not set to an instance of an object
  at PersistentMapClient.Helper.GetFactionName (PersistentMapAPI.Domain.StarSystem system, System.String faction) [0x0001b] in <8efdb6cff32447598d55d3b291e2bab5>:0 
2024-09-15T22:30:58 - GetFactionName exception on system [PersistentMapAPI.Domain.StarSystem] faction [1005]
2024-09-15T22:30:58 - System.NullReferenceException: Object reference not set to an instance of an object
  at PersistentMapClient.Helper.GetFactionName (PersistentMapAPI.Domain.StarSystem system, System.String faction) [0x0001b] in <8efdb6cff32447598d55d3b291e2bab5>:0 
2024-09-15T22:30:58 - GetFactionName exception on system [PersistentMapAPI.Domain.StarSystem] faction [1026]
2024-09-15T22:30:58 - System.NullReferenceException: Object reference not set to an instance of an object
  at PersistentMapClient.Helper.GetFactionName (PersistentMapAPI.Domain.StarSystem system, System.String faction) [0x0001b] in <8efdb6cff32447598d55d3b291e2bab5>:0 
2024-09-15T22:30:58 - GetFactionName exception on system [PersistentMapAPI.Domain.StarSystem] faction [1026]
2024-09-15T22:30:58 - System.NullReferenceException: Object reference not set to an instance of an object
  at PersistentMapClient.Helper.GetFactionName (PersistentMapAPI.Domain.StarSystem system, System.String faction) [0x0001b] in <8efdb6cff32447598d55d3b291e2bab5>:0 
2024-09-15T22:30:58 - GetFactionName exception on system [PersistentMapAPI.Domain.StarSystem] faction [1026]
2024-09-15T22:30:58 - System.NullReferenceException: Object reference not set to an instance of an object
  at PersistentMapClient.Helper.GetFactionName (PersistentMapAPI.Domain.StarSystem system, System.String faction) [0x0001b] in <8efdb6cff32447598d55d3b291e2bab5>:0 
2024-09-15T22:30:58 - GetFactionName exception on system [PersistentMapAPI.Domain.StarSystem] faction [1026]
2024-09-15T22:30:58 - System.NullReferenceException: Object reference not set to an instance of an object
  at PersistentMapClient.Helper.GetFactionName (PersistentMapAPI.Domain.StarSystem system, System.String faction) [0x0001b] in <8efdb6cff32447598d55d3b291e2bab5>:0 
2024-09-15T22:30:58 - GetFactionName exception on system [PersistentMapAPI.Domain.StarSystem] faction [1020]
2024-09-15T22:30:58 - System.NullReferenceException: Object reference not set to an instance of an object
  at PersistentMapClient.Helper.GetFactionName (PersistentMapAPI.Domain.StarSystem system, System.String faction) [0x0001b] in <8efdb6cff32447598d55d3b291e2bab5>:0 
2024-09-15T22:30:58 - GetFactionName exception on system [PersistentMapAPI.Domain.StarSystem] faction [1001]
2024-09-15T22:30:58 - System.NullReferenceException: Object reference not set to an instance of an object
  at PersistentMapClient.Helper.GetFactionName (PersistentMapAPI.Domain.StarSystem system, System.String faction) [0x0001b] in <8efdb6cff32447598d55d3b291e2bab5>:0 
2024-09-15T22:30:58 - GetFactionName exception on system [PersistentMapAPI.Domain.StarSystem] faction [1001]
2024-09-15T22:30:58 - System.NullReferenceException: Object reference not set to an instance of an object
  at PersistentMapClient.Helper.GetFactionName (PersistentMapAPI.Domain.StarSystem system, System.String faction) [0x0001b] in <8efdb6cff32447598d55d3b291e2bab5>:0 
2024-09-15T22:30:58 - GetFactionName exception on system [PersistentMapAPI.Domain.StarSystem] faction [1026]
2024-09-15T22:30:58 - System.NullReferenceException: Object reference not set to an instance of an object
  at PersistentMapClient.Helper.GetFactionName (PersistentMapAPI.Domain.StarSystem system, System.String faction) [0x0001b] in <8efdb6cff32447598d55d3b291e2bab5>:0 
2024-09-15T22:30:58 - GetFactionName exception on system [PersistentMapAPI.Domain.StarSystem] faction [1026]
2024-09-15T22:30:58 - System.NullReferenceException: Object reference not set to an instance of an object
  at PersistentMapClient.Helper.GetFactionName (PersistentMapAPI.Domain.StarSystem system, System.String faction) [0x0001b] in <8efdb6cff32447598d55d3b291e2bab5>:0 
2024-09-15T22:30:58 - GetFactionName exception on system [PersistentMapAPI.Domain.StarSystem] faction [1003]
2024-09-15T22:30:58 - System.NullReferenceException: Object reference not set to an instance of an object
  at PersistentMapClient.Helper.GetFactionName (PersistentMapAPI.Domain.StarSystem system, System.String faction) [0x0001b] in <8efdb6cff32447598d55d3b291e2bab5>:0 
2024-09-15T22:30:58 - GetFactionName exception on system [PersistentMapAPI.Domain.StarSystem] faction [1003]
2024-09-15T22:30:58 - System.NullReferenceException: Object reference not set to an instance of an object
  at PersistentMapClient.Helper.GetFactionName (PersistentMapAPI.Domain.StarSystem system, System.String faction) [0x0001b] in <8efdb6cff32447598d55d3b291e2bab5>:0 
2024-09-15T22:30:58 - GetFactionName exception on system [PersistentMapAPI.Domain.StarSystem] faction [1003]
2024-09-15T22:30:58 - System.NullReferenceException: Object reference not set to an instance of an object
  at PersistentMapClient.Helper.GetFactionName (PersistentMapAPI.Domain.StarSystem system, System.String faction) [0x0001b] in <8efdb6cff32447598d55d3b291e2bab5>:0 
2024-09-15T22:30:58 - GetFactionName exception on system [PersistentMapAPI.Domain.StarSystem] faction [1027]
2024-09-15T22:30:58 - System.NullReferenceException: Object reference not set to an instance of an object
  at PersistentMapClient.Helper.GetFactionName (PersistentMapAPI.Domain.StarSystem system, System.String faction) [0x0001b] in <8efdb6cff32447598d55d3b291e2bab5>:0 
2024-09-15T22:30:58 - GetFactionName exception on system [PersistentMapAPI.Domain.StarSystem] faction [1003]
2024-09-15T22:30:58 - System.NullReferenceException: Object reference not set to an instance of an object
  at PersistentMapClient.Helper.GetFactionName (PersistentMapAPI.Domain.StarSystem system, System.String faction) [0x0001b] in <8efdb6cff32447598d55d3b291e2bab5>:0 
2024-09-15T22:30:58 - GetFactionName exception on system [PersistentMapAPI.Domain.StarSystem] faction [1015]
2024-09-15T22:30:58 - System.NullReferenceException: Object reference not set to an instance of an object
  at PersistentMapClient.Helper.GetFactionName (PersistentMapAPI.Domain.StarSystem system, System.String faction) [0x0001b] in <8efdb6cff32447598d55d3b291e2bab5>:0 
2024-09-15T22:30:58 - GetFactionName exception on system [PersistentMapAPI.Domain.StarSystem] faction [1015]
2024-09-15T22:30:58 - System.NullReferenceException: Object reference not set to an instance of an object
  at PersistentMapClient.Helper.GetFactionName (PersistentMapAPI.Domain.StarSystem system, System.String faction) [0x0001b] in <8efdb6cff32447598d55d3b291e2bab5>:0 
2024-09-15T22:30:58 - GetFactionName exception on system [PersistentMapAPI.Domain.StarSystem] faction [1003]
2024-09-15T22:30:58 - System.NullReferenceException: Object reference not set to an instance of an object
  at PersistentMapClient.Helper.GetFactionName (PersistentMapAPI.Domain.StarSystem system, System.String faction) [0x0001b] in <8efdb6cff32447598d55d3b291e2bab5>:0 
2024-09-15T22:30:58 - GetFactionName exception on system [PersistentMapAPI.Domain.StarSystem] faction [1003]
2024-09-15T22:30:58 - System.NullReferenceException: Object reference not set to an instance of an object
  at PersistentMapClient.Helper.GetFactionName (PersistentMapAPI.Domain.StarSystem system, System.String faction) [0x0001b] in <8efdb6cff32447598d55d3b291e2bab5>:0 
2024-09-15T22:30:58 - GetFactionName exception on system [PersistentMapAPI.Domain.StarSystem] faction [1003]
2024-09-15T22:30:58 - System.NullReferenceException: Object reference not set to an instance of an object
  at PersistentMapClient.Helper.GetFactionName (PersistentMapAPI.Domain.StarSystem system, System.String faction) [0x0001b] in <8efdb6cff32447598d55d3b291e2bab5>:0 
2024-09-15T22:30:58 - GetFactionName exception on system [PersistentMapAPI.Domain.StarSystem] faction [1003]
2024-09-15T22:30:58 - System.NullReferenceException: Object reference not set to an instance of an object
  at PersistentMapClient.Helper.GetFactionName (PersistentMapAPI.Domain.StarSystem system, System.String faction) [0x0001b] in <8efdb6cff32447598d55d3b291e2bab5>:0 
2024-09-15T22:30:58 - GetFactionName exception on system [PersistentMapAPI.Domain.StarSystem] faction [1003]
2024-09-15T22:30:58 - System.NullReferenceException: Object reference not set to an instance of an object
  at PersistentMapClient.Helper.GetFactionName (PersistentMapAPI.Domain.StarSystem system, System.String faction) [0x0001b] in <8efdb6cff32447598d55d3b291e2bab5>:0 
2024-09-15T22:30:58 - GetFactionName exception on system [PersistentMapAPI.Domain.StarSystem] faction [1003]
2024-09-15T22:30:58 - System.NullReferenceException: Object reference not set to an instance of an object
  at PersistentMapClient.Helper.GetFactionName (PersistentMapAPI.Domain.StarSystem system, System.String faction) [0x0001b] in <8efdb6cff32447598d55d3b291e2bab5>:0 
2024-09-15T22:30:58 - GetFactionName exception on system [PersistentMapAPI.Domain.StarSystem] faction [1027]
2024-09-15T22:30:58 - System.NullReferenceException: Object reference not set to an instance of an object
  at PersistentMapClient.Helper.GetFactionName (PersistentMapAPI.Domain.StarSystem system, System.String faction) [0x0001b] in <8efdb6cff32447598d55d3b291e2bab5>:0 
2024-09-15T22:30:58 - GetFactionName exception on system [PersistentMapAPI.Domain.StarSystem] faction [1027]
2024-09-15T22:30:58 - System.NullReferenceException: Object reference not set to an instance of an object
  at PersistentMapClient.Helper.GetFactionName (PersistentMapAPI.Domain.StarSystem system, System.String faction) [0x0001b] in <8efdb6cff32447598d55d3b291e2bab5>:0 
2024-09-15T22:30:58 - GetFactionName exception on system [PersistentMapAPI.Domain.StarSystem] faction [1020]
2024-09-15T22:30:58 - System.NullReferenceException: Object reference not set to an instance of an object
  at PersistentMapClient.Helper.GetFactionName (PersistentMapAPI.Domain.StarSystem system, System.String faction) [0x0001b] in <8efdb6cff32447598d55d3b291e2bab5>:0 
2024-09-15T22:30:58 - GetFactionName exception on system [PersistentMapAPI.Domain.StarSystem] faction [1027]
2024-09-15T22:30:58 - System.NullReferenceException: Object reference not set to an instance of an object
  at PersistentMapClient.Helper.GetFactionName (PersistentMapAPI.Domain.StarSystem system, System.String faction) [0x0001b] in <8efdb6cff32447598d55d3b291e2bab5>:0 
2024-09-15T22:30:58 - GetFactionName exception on system [PersistentMapAPI.Domain.StarSystem] faction [1003]
2024-09-15T22:30:58 - System.NullReferenceException: Object reference not set to an instance of an object
  at PersistentMapClient.Helper.GetFactionName (PersistentMapAPI.Domain.StarSystem system, System.String faction) [0x0001b] in <8efdb6cff32447598d55d3b291e2bab5>:0 
2024-09-15T22:30:58 - GetFactionName exception on system [PersistentMapAPI.Domain.StarSystem] faction [1011]
2024-09-15T22:30:58 - System.NullReferenceException: Object reference not set to an instance of an object
  at PersistentMapClient.Helper.GetFactionName (PersistentMapAPI.Domain.StarSystem system, System.String faction) [0x0001b] in <8efdb6cff32447598d55d3b291e2bab5>:0 
2024-09-15T22:30:58 - GetFactionName exception on system [PersistentMapAPI.Domain.StarSystem] faction [1015]
2024-09-15T22:30:58 - System.NullReferenceException: Object reference not set to an instance of an object
  at PersistentMapClient.Helper.GetFactionName (PersistentMapAPI.Domain.StarSystem system, System.String faction) [0x0001b] in <8efdb6cff32447598d55d3b291e2bab5>:0 
2024-09-15T22:30:58 - GetFactionName exception on system [PersistentMapAPI.Domain.StarSystem] faction [1013]
2024-09-15T22:30:58 - System.NullReferenceException: Object reference not set to an instance of an object
  at PersistentMapClient.Helper.GetFactionName (PersistentMapAPI.Domain.StarSystem system, System.String faction) [0x0001b] in <8efdb6cff32447598d55d3b291e2bab5>:0 
2024-09-15T22:30:58 - GetFactionName exception on system [PersistentMapAPI.Domain.StarSystem] faction [1003]
2024-09-15T22:30:58 - System.NullReferenceException: Object reference not set to an instance of an object
  at PersistentMapClient.Helper.GetFactionName (PersistentMapAPI.Domain.StarSystem system, System.String faction) [0x0001b] in <8efdb6cff32447598d55d3b291e2bab5>:0 
2024-09-15T22:30:58 - GetFactionName exception on system [PersistentMapAPI.Domain.StarSystem] faction [1027]
2024-09-15T22:30:58 - System.NullReferenceException: Object reference not set to an instance of an object
  at PersistentMapClient.Helper.GetFactionName (PersistentMapAPI.Domain.StarSystem system, System.String faction) [0x0001b] in <8efdb6cff32447598d55d3b291e2bab5>:0 
2024-09-15T22:30:58 - GetFactionName exception on system [PersistentMapAPI.Domain.StarSystem] faction [1001]
2024-09-15T22:30:58 - System.NullReferenceException: Object reference not set to an instance of an object
  at PersistentMapClient.Helper.GetFactionName (PersistentMapAPI.Domain.StarSystem system, System.String faction) [0x0001b] in <8efdb6cff32447598d55d3b291e2bab5>:0 
2024-09-15T22:30:58 - GetFactionName exception on system [PersistentMapAPI.Domain.StarSystem] faction [1018]
2024-09-15T22:30:58 - System.NullReferenceException: Object reference not set to an instance of an object
  at PersistentMapClient.Helper.GetFactionName (PersistentMapAPI.Domain.StarSystem system, System.String faction) [0x0001b] in <8efdb6cff32447598d55d3b291e2bab5>:0 
2024-09-15T22:30:58 - GetFactionName exception on system [PersistentMapAPI.Domain.StarSystem] faction [1012]
2024-09-15T22:30:58 - System.NullReferenceException: Object reference not set to an instance of an object
  at PersistentMapClient.Helper.GetFactionName (PersistentMapAPI.Domain.StarSystem system, System.String faction) [0x0001b] in <8efdb6cff32447598d55d3b291e2bab5>:0 
2024-09-15T22:30:58 - GetFactionName exception on system [PersistentMapAPI.Domain.StarSystem] faction [1003]
2024-09-15T22:30:58 - System.NullReferenceException: Object reference not set to an instance of an object
  at PersistentMapClient.Helper.GetFactionName (PersistentMapAPI.Domain.StarSystem system, System.String faction) [0x0001b] in <8efdb6cff32447598d55d3b291e2bab5>:0 
2024-09-15T22:30:58 - GetFactionName exception on system [PersistentMapAPI.Domain.StarSystem] faction [1015]
2024-09-15T22:30:58 - System.NullReferenceException: Object reference not set to an instance of an object
  at PersistentMapClient.Helper.GetFactionName (PersistentMapAPI.Domain.StarSystem system, System.String faction) [0x0001b] in <8efdb6cff32447598d55d3b291e2bab5>:0 
2024-09-15T22:30:58 - GetFactionName exception on system [PersistentMapAPI.Domain.StarSystem] faction [1003]
2024-09-15T22:30:58 - System.NullReferenceException: Object reference not set to an instance of an object
  at PersistentMapClient.Helper.GetFactionName (PersistentMapAPI.Domain.StarSystem system, System.String faction) [0x0001b] in <8efdb6cff32447598d55d3b291e2bab5>:0 
2024-09-15T22:30:58 - GetFactionName exception on system [PersistentMapAPI.Domain.StarSystem] faction [1003]
2024-09-15T22:30:58 - System.NullReferenceException: Object reference not set to an instance of an object
  at PersistentMapClient.Helper.GetFactionName (PersistentMapAPI.Domain.StarSystem system, System.String faction) [0x0001b] in <8efdb6cff32447598d55d3b291e2bab5>:0 
2024-09-15T22:30:58 - GetFactionName exception on system [PersistentMapAPI.Domain.StarSystem] faction [1003]
2024-09-15T22:30:58 - System.NullReferenceException: Object reference not set to an instance of an object
  at PersistentMapClient.Helper.GetFactionName (PersistentMapAPI.Domain.StarSystem system, System.String faction) [0x0001b] in <8efdb6cff32447598d55d3b291e2bab5>:0 
2024-09-15T22:30:58 - GetFactionName exception on system [PersistentMapAPI.Domain.StarSystem] faction [1003]
2024-09-15T22:30:58 - System.NullReferenceException: Object reference not set to an instance of an object
  at PersistentMapClient.Helper.GetFactionName (PersistentMapAPI.Domain.StarSystem system, System.String faction) [0x0001b] in <8efdb6cff32447598d55d3b291e2bab5>:0 
2024-09-15T22:30:58 - GetFactionName exception on system [PersistentMapAPI.Domain.StarSystem] faction [1013]
2024-09-15T22:30:58 - System.NullReferenceException: Object reference not set to an instance of an object
  at PersistentMapClient.Helper.GetFactionName (PersistentMapAPI.Domain.StarSystem system, System.String faction) [0x0001b] in <8efdb6cff32447598d55d3b291e2bab5>:0 
2024-09-15T22:30:58 - GetFactionName exception on system [PersistentMapAPI.Domain.StarSystem] faction [1013]
2024-09-15T22:30:58 - System.NullReferenceException: Object reference not set to an instance of an object
  at PersistentMapClient.Helper.GetFactionName (PersistentMapAPI.Domain.StarSystem system, System.String faction) [0x0001b] in <8efdb6cff32447598d55d3b291e2bab5>:0 
2024-09-15T22:30:58 - GetFactionName exception on system [PersistentMapAPI.Domain.StarSystem] faction [1015]
2024-09-15T22:30:58 - System.NullReferenceException: Object reference not set to an instance of an object
  at PersistentMapClient.Helper.GetFactionName (PersistentMapAPI.Domain.StarSystem system, System.String faction) [0x0001b] in <8efdb6cff32447598d55d3b291e2bab5>:0 
2024-09-15T22:30:58 - GetFactionName exception on system [PersistentMapAPI.Domain.StarSystem] faction [1015]
2024-09-15T22:30:58 - System.NullReferenceException: Object reference not set to an instance of an object
  at PersistentMapClient.Helper.GetFactionName (PersistentMapAPI.Domain.StarSystem system, System.String faction) [0x0001b] in <8efdb6cff32447598d55d3b291e2bab5>:0 
2024-09-15T22:30:58 - GetFactionName exception on system [PersistentMapAPI.Domain.StarSystem] faction [1012]
2024-09-15T22:30:58 - System.NullReferenceException: Object reference not set to an instance of an object
  at PersistentMapClient.Helper.GetFactionName (PersistentMapAPI.Domain.StarSystem system, System.String faction) [0x0001b] in <8efdb6cff32447598d55d3b291e2bab5>:0 
2024-09-15T22:30:58 - GetFactionName exception on system [PersistentMapAPI.Domain.StarSystem] faction [1015]
2024-09-15T22:30:58 - System.NullReferenceException: Object reference not set to an instance of an object
  at PersistentMapClient.Helper.GetFactionName (PersistentMapAPI.Domain.StarSystem system, System.String faction) [0x0001b] in <8efdb6cff32447598d55d3b291e2bab5>:0 
2024-09-15T22:30:58 - GetFactionName exception on system [PersistentMapAPI.Domain.StarSystem] faction [1029]
2024-09-15T22:30:58 - System.NullReferenceException: Object reference not set to an instance of an object
  at PersistentMapClient.Helper.GetFactionName (PersistentMapAPI.Domain.StarSystem system, System.String faction) [0x0001b] in <8efdb6cff32447598d55d3b291e2bab5>:0 
2024-09-15T22:30:58 - GetFactionName exception on system [PersistentMapAPI.Domain.StarSystem] faction [1003]
2024-09-15T22:30:58 - System.NullReferenceException: Object reference not set to an instance of an object
  at PersistentMapClient.Helper.GetFactionName (PersistentMapAPI.Domain.StarSystem system, System.String faction) [0x0001b] in <8efdb6cff32447598d55d3b291e2bab5>:0 
2024-09-15T22:30:58 - GetFactionName exception on system [PersistentMapAPI.Domain.StarSystem] faction [1012]
2024-09-15T22:30:58 - System.NullReferenceException: Object reference not set to an instance of an object
  at PersistentMapClient.Helper.GetFactionName (PersistentMapAPI.Domain.StarSystem system, System.String faction) [0x0001b] in <8efdb6cff32447598d55d3b291e2bab5>:0 
2024-09-15T22:30:58 - GetFactionName exception on system [PersistentMapAPI.Domain.StarSystem] faction [1012]
2024-09-15T22:30:58 - System.NullReferenceException: Object reference not set to an instance of an object
  at PersistentMapClient.Helper.GetFactionName (PersistentMapAPI.Domain.StarSystem system, System.String faction) [0x0001b] in <8efdb6cff32447598d55d3b291e2bab5>:0 
2024-09-15T22:30:58 - GetFactionName exception on system [PersistentMapAPI.Domain.StarSystem] faction [1015]
2024-09-15T22:30:58 - System.NullReferenceException: Object reference not set to an instance of an object
  at PersistentMapClient.Helper.GetFactionName (PersistentMapAPI.Domain.StarSystem system, System.String faction) [0x0001b] in <8efdb6cff32447598d55d3b291e2bab5>:0 
2024-09-15T22:30:58 - GetFactionName exception on system [PersistentMapAPI.Domain.StarSystem] faction [1001]
2024-09-15T22:30:58 - System.NullReferenceException: Object reference not set to an instance of an object
  at PersistentMapClient.Helper.GetFactionName (PersistentMapAPI.Domain.StarSystem system, System.String faction) [0x0001b] in <8efdb6cff32447598d55d3b291e2bab5>:0 
2024-09-15T22:30:58 - GetFactionName exception on system [PersistentMapAPI.Domain.StarSystem] faction [1019]
2024-09-15T22:30:58 - System.NullReferenceException: Object reference not set to an instance of an object
  at PersistentMapClient.Helper.GetFactionName (PersistentMapAPI.Domain.StarSystem system, System.String faction) [0x0001b] in <8efdb6cff32447598d55d3b291e2bab5>:0 
2024-09-15T22:30:58 - GetFactionName exception on system [PersistentMapAPI.Domain.StarSystem] faction [1013]
2024-09-15T22:30:58 - System.NullReferenceException: Object reference not set to an instance of an object
  at PersistentMapClient.Helper.GetFactionName (PersistentMapAPI.Domain.StarSystem system, System.String faction) [0x0001b] in <8efdb6cff32447598d55d3b291e2bab5>:0 
2024-09-15T22:30:58 - GetFactionName exception on system [PersistentMapAPI.Domain.StarSystem] faction [1013]
2024-09-15T22:30:58 - System.NullReferenceException: Object reference not set to an instance of an object
  at PersistentMapClient.Helper.GetFactionName (PersistentMapAPI.Domain.StarSystem system, System.String faction) [0x0001b] in <8efdb6cff32447598d55d3b291e2bab5>:0 
2024-09-15T22:30:58 - GetFactionName exception on system [PersistentMapAPI.Domain.StarSystem] faction [1003]
2024-09-15T22:30:58 - System.NullReferenceException: Object reference not set to an instance of an object
  at PersistentMapClient.Helper.GetFactionName (PersistentMapAPI.Domain.StarSystem system, System.String faction) [0x0001b] in <8efdb6cff32447598d55d3b291e2bab5>:0 
2024-09-15T22:30:58 - GetFactionName exception on system [PersistentMapAPI.Domain.StarSystem] faction [1003]
2024-09-15T22:30:58 - System.NullReferenceException: Object reference not set to an instance of an object
  at PersistentMapClient.Helper.GetFactionName (PersistentMapAPI.Domain.StarSystem system, System.String faction) [0x0001b] in <8efdb6cff32447598d55d3b291e2bab5>:0 
2024-09-15T22:30:58 - GetFactionName exception on system [PersistentMapAPI.Domain.StarSystem] faction [1003]
2024-09-15T22:30:58 - System.NullReferenceException: Object reference not set to an instance of an object
  at PersistentMapClient.Helper.GetFactionName (PersistentMapAPI.Domain.StarSystem system, System.String faction) [0x0001b] in <8efdb6cff32447598d55d3b291e2bab5>:0 
2024-09-15T22:30:58 - GetFactionName exception on system [PersistentMapAPI.Domain.StarSystem] faction [1025]
2024-09-15T22:30:58 - System.NullReferenceException: Object reference not set to an instance of an object
  at PersistentMapClient.Helper.GetFactionName (PersistentMapAPI.Domain.StarSystem system, System.String faction) [0x0001b] in <8efdb6cff32447598d55d3b291e2bab5>:0 
2024-09-15T22:30:58 - GetFactionName exception on system [PersistentMapAPI.Domain.StarSystem] faction [1013]
2024-09-15T22:30:58 - System.NullReferenceException: Object reference not set to an instance of an object
  at PersistentMapClient.Helper.GetFactionName (PersistentMapAPI.Domain.StarSystem system, System.String faction) [0x0001b] in <8efdb6cff32447598d55d3b291e2bab5>:0 
2024-09-15T22:30:58 - GetFactionName exception on system [PersistentMapAPI.Domain.StarSystem] faction [1009]
2024-09-15T22:30:58 - System.NullReferenceException: Object reference not set to an instance of an object
  at PersistentMapClient.Helper.GetFactionName (PersistentMapAPI.Domain.StarSystem system, System.String faction) [0x0001b] in <8efdb6cff32447598d55d3b291e2bab5>:0 
2024-09-15T22:30:58 - GetFactionName exception on system [PersistentMapAPI.Domain.StarSystem] faction [1003]
2024-09-15T22:30:58 - ----Refreshing client settings from server-------
2024-09-15T22:30:58 - http://www.gnwars.net:8000/warServices/Util/ServerSettings/
2024-09-15T22:30:58 - Newtonsoft.Json.JsonSerializationException: Cannot deserialize the current JSON array (e.g. [1,2,3]) into type 'System.Collections.Generic.Dictionary`2[System.String,System.Int32]' because the type requires a JSON object (e.g. {"name":"value"}) to deserialize correctly.
To fix this error either change the JSON to a JSON object (e.g. {"name":"value"}) or change the deserialized type to an array or a type that implements a collection interface (e.g. ICollection, IList) like List<T> that can be deserialized from a JSON array. JsonArrayAttribute can also be added to the type to force it to deserialize from a JSON array.
Path 'PlanetSlotsByClimate', line 1, position 192.
  at Newtonsoft.Json.Serialization.JsonSerializerInternalReader.EnsureArrayContract (Newtonsoft.Json.JsonReader reader, System.Type objectType, Newtonsoft.Json.Serialization.JsonContract contract) [0x00058] in <bcfe3779d9974effb214d2a48329f488>:0 
  at Newtonsoft.Json.Serialization.JsonSerializerInternalReader.CreateList (Newtonsoft.Json.JsonReader reader, System.Type objectType, Newtonsoft.Json.Serialization.JsonContract contract, Newtonsoft.Json.Serialization.JsonProperty member, System.Object existingValue, System.String id) [0x00012] in <bcfe3779d9974effb214d2a48329f488>:0 
  at Newtonsoft.Json.Serialization.JsonSerializerInternalReader.CreateValueInternal (Newtonsoft.Json.JsonReader reader, System.Type objectType, Newtonsoft.Json.Serialization.JsonContract contract, Newtonsoft.Json.Serialization.JsonProperty member, Newtonsoft.Json.Serialization.JsonContainerContract containerContract, Newtonsoft.Json.Serialization.JsonProperty containerMember, System.Object existingValue) [0x0007f] in <bcfe3779d9974effb214d2a48329f488>:0 
  at Newtonsoft.Json.Serialization.JsonSerializerInternalReader.SetPropertyValue (Newtonsoft.Json.Serialization.JsonProperty property, Newtonsoft.Json.JsonConverter propertyConverter, Newtonsoft.Json.Serialization.JsonContainerContract containerContract, Newtonsoft.Json.Serialization.JsonProperty containerProperty, Newtonsoft.Json.JsonReader reader, System.Object target) [0x00061] in <bcfe3779d9974effb214d2a48329f488>:0 
  at Newtonsoft.Json.Serialization.JsonSerializerInternalReader.PopulateObject (System.Object newObject, Newtonsoft.Json.JsonReader reader, Newtonsoft.Json.Serialization.JsonObjectContract contract, Newtonsoft.Json.Serialization.JsonProperty member, System.String id) [0x00268] in <bcfe3779d9974effb214d2a48329f488>:0 
  at Newtonsoft.Json.Serialization.JsonSerializerInternalReader.CreateObject (Newtonsoft.Json.JsonReader reader, System.Type objectType, Newtonsoft.Json.Serialization.JsonContract contract, Newtonsoft.Json.Serialization.JsonProperty member, Newtonsoft.Json.Serialization.JsonContainerContract containerContract, Newtonsoft.Json.Serialization.JsonProperty containerMember, System.Object existingValue) [0x0015c] in <bcfe3779d9974effb214d2a48329f488>:0 
  at Newtonsoft.Json.Serialization.JsonSerializerInternalReader.CreateValueInternal (Newtonsoft.Json.JsonReader reader, System.Type objectType, Newtonsoft.Json.Serialization.JsonContract contract, Newtonsoft.Json.Serialization.JsonProperty member, Newtonsoft.Json.Serialization.JsonContainerContract containerContract, Newtonsoft.Json.Serialization.JsonProperty containerMember, System.Object existingValue) [0x0006d] in <bcfe3779d9974effb214d2a48329f488>:0 
  at Newtonsoft.Json.Serialization.JsonSerializerInternalReader.Deserialize (Newtonsoft.Json.JsonReader reader, System.Type objectType, System.Boolean checkAdditionalContent) [0x000db] in <bcfe3779d9974effb214d2a48329f488>:0 
  at Newtonsoft.Json.JsonSerializer.DeserializeInternal (Newtonsoft.Json.JsonReader reader, System.Type objectType) [0x00053] in <bcfe3779d9974effb214d2a48329f488>:0 
  at Newtonsoft.Json.JsonSerializer.Deserialize (Newtonsoft.Json.JsonReader reader, System.Type objectType) [0x00000] in <bcfe3779d9974effb214d2a48329f488>:0 
  at Newtonsoft.Json.JsonConvert.DeserializeObject (System.String value, System.Type type, Newtonsoft.Json.JsonSerializerSettings settings) [0x0002d] in <bcfe3779d9974effb214d2a48329f488>:0 
  at Newtonsoft.Json.JsonConvert.DeserializeObject (System.String value, System.Type type) [0x00000] in <bcfe3779d9974effb214d2a48329f488>:0 
  at PersistentMapClient.Web.RefreshServerSettings (System.Boolean force) [0x00062] in <8efdb6cff32447598d55d3b291e2bab5>:0 
2024-09-15T22:30:58 - ----Refreshing client settings from server-------
2024-09-15T22:30:58 - http://www.gnwars.net:8000/warServices/Util/ServerSettings/
2024-09-15T22:30:58 - Newtonsoft.Json.JsonSerializationException: Cannot deserialize the current JSON array (e.g. [1,2,3]) into type 'System.Collections.Generic.Dictionary`2[System.String,System.Int32]' because the type requires a JSON object (e.g. {"name":"value"}) to deserialize correctly.
To fix this error either change the JSON to a JSON object (e.g. {"name":"value"}) or change the deserialized type to an array or a type that implements a collection interface (e.g. ICollection, IList) like List<T> that can be deserialized from a JSON array. JsonArrayAttribute can also be added to the type to force it to deserialize from a JSON array.
Path 'PlanetSlotsByClimate', line 1, position 192.
  at Newtonsoft.Json.Serialization.JsonSerializerInternalReader.EnsureArrayContract (Newtonsoft.Json.JsonReader reader, System.Type objectType, Newtonsoft.Json.Serialization.JsonContract contract) [0x00058] in <bcfe3779d9974effb214d2a48329f488>:0 
  at Newtonsoft.Json.Serialization.JsonSerializerInternalReader.CreateList (Newtonsoft.Json.JsonReader reader, System.Type objectType, Newtonsoft.Json.Serialization.JsonContract contract, Newtonsoft.Json.Serialization.JsonProperty member, System.Object existingValue, System.String id) [0x00012] in <bcfe3779d9974effb214d2a48329f488>:0 
  at Newtonsoft.Json.Serialization.JsonSerializerInternalReader.CreateValueInternal (Newtonsoft.Json.JsonReader reader, System.Type objectType, Newtonsoft.Json.Serialization.JsonContract contract, Newtonsoft.Json.Serialization.JsonProperty member, Newtonsoft.Json.Serialization.JsonContainerContract containerContract, Newtonsoft.Json.Serialization.JsonProperty containerMember, System.Object existingValue) [0x0007f] in <bcfe3779d9974effb214d2a48329f488>:0 
  at Newtonsoft.Json.Serialization.JsonSerializerInternalReader.SetPropertyValue (Newtonsoft.Json.Serialization.JsonProperty property, Newtonsoft.Json.JsonConverter propertyConverter, Newtonsoft.Json.Serialization.JsonContainerContract containerContract, Newtonsoft.Json.Serialization.JsonProperty containerProperty, Newtonsoft.Json.JsonReader reader, System.Object target) [0x00061] in <bcfe3779d9974effb214d2a48329f488>:0 
  at Newtonsoft.Json.Serialization.JsonSerializerInternalReader.PopulateObject (System.Object newObject, Newtonsoft.Json.JsonReader reader, Newtonsoft.Json.Serialization.JsonObjectContract contract, Newtonsoft.Json.Serialization.JsonProperty member, System.String id) [0x00268] in <bcfe3779d9974effb214d2a48329f488>:0 
  at Newtonsoft.Json.Serialization.JsonSerializerInternalReader.CreateObject (Newtonsoft.Json.JsonReader reader, System.Type objectType, Newtonsoft.Json.Serialization.JsonContract contract, Newtonsoft.Json.Serialization.JsonProperty member, Newtonsoft.Json.Serialization.JsonContainerContract containerContract, Newtonsoft.Json.Serialization.JsonProperty containerMember, System.Object existingValue) [0x0015c] in <bcfe3779d9974effb214d2a48329f488>:0 
  at Newtonsoft.Json.Serialization.JsonSerializerInternalReader.CreateValueInternal (Newtonsoft.Json.JsonReader reader, System.Type objectType, Newtonsoft.Json.Serialization.JsonContract contract, Newtonsoft.Json.Serialization.JsonProperty member, Newtonsoft.Json.Serialization.JsonContainerContract containerContract, Newtonsoft.Json.Serialization.JsonProperty containerMember, System.Object existingValue) [0x0006d] in <bcfe3779d9974effb214d2a48329f488>:0 
  at Newtonsoft.Json.Serialization.JsonSerializerInternalReader.Deserialize (Newtonsoft.Json.JsonReader reader, System.Type objectType, System.Boolean checkAdditionalContent) [0x000db] in <bcfe3779d9974effb214d2a48329f488>:0 
  at Newtonsoft.Json.JsonSerializer.DeserializeInternal (Newtonsoft.Json.JsonReader reader, System.Type objectType) [0x00053] in <bcfe3779d9974effb214d2a48329f488>:0 
  at Newtonsoft.Json.JsonSerializer.Deserialize (Newtonsoft.Json.JsonReader reader, System.Type objectType) [0x00000] in <bcfe3779d9974effb214d2a48329f488>:0 
  at Newtonsoft.Json.JsonConvert.DeserializeObject (System.String value, System.Type type, Newtonsoft.Json.JsonSerializerSettings settings) [0x0002d] in <bcfe3779d9974effb214d2a48329f488>:0 
  at Newtonsoft.Json.JsonConvert.DeserializeObject (System.String value, System.Type type) [0x00000] in <bcfe3779d9974effb214d2a48329f488>:0 
  at PersistentMapClient.Web.RefreshServerSettings (System.Boolean force) [0x00062] in <8efdb6cff32447598d55d3b291e2bab5>:0 
2024-09-15T22:31:00 - ----Refreshing client settings from server-------
2024-09-15T22:31:00 - http://www.gnwars.net:8000/warServices/Util/ServerSettings/
2024-09-15T22:31:00 - Newtonsoft.Json.JsonSerializationException: Cannot deserialize the current JSON array (e.g. [1,2,3]) into type 'System.Collections.Generic.Dictionary`2[System.String,System.Int32]' because the type requires a JSON object (e.g. {"name":"value"}) to deserialize correctly.
To fix this error either change the JSON to a JSON object (e.g. {"name":"value"}) or change the deserialized type to an array or a type that implements a collection interface (e.g. ICollection, IList) like List<T> that can be deserialized from a JSON array. JsonArrayAttribute can also be added to the type to force it to deserialize from a JSON array.
Path 'PlanetSlotsByClimate', line 1, position 192.
  at Newtonsoft.Json.Serialization.JsonSerializerInternalReader.EnsureArrayContract (Newtonsoft.Json.JsonReader reader, System.Type objectType, Newtonsoft.Json.Serialization.JsonContract contract) [0x00058] in <bcfe3779d9974effb214d2a48329f488>:0 
  at Newtonsoft.Json.Serialization.JsonSerializerInternalReader.CreateList (Newtonsoft.Json.JsonReader reader, System.Type objectType, Newtonsoft.Json.Serialization.JsonContract contract, Newtonsoft.Json.Serialization.JsonProperty member, System.Object existingValue, System.String id) [0x00012] in <bcfe3779d9974effb214d2a48329f488>:0 
  at Newtonsoft.Json.Serialization.JsonSerializerInternalReader.CreateValueInternal (Newtonsoft.Json.JsonReader reader, System.Type objectType, Newtonsoft.Json.Serialization.JsonContract contract, Newtonsoft.Json.Serialization.JsonProperty member, Newtonsoft.Json.Serialization.JsonContainerContract containerContract, Newtonsoft.Json.Serialization.JsonProperty containerMember, System.Object existingValue) [0x0007f] in <bcfe3779d9974effb214d2a48329f488>:0 
  at Newtonsoft.Json.Serialization.JsonSerializerInternalReader.SetPropertyValue (Newtonsoft.Json.Serialization.JsonProperty property, Newtonsoft.Json.JsonConverter propertyConverter, Newtonsoft.Json.Serialization.JsonContainerContract containerContract, Newtonsoft.Json.Serialization.JsonProperty containerProperty, Newtonsoft.Json.JsonReader reader, System.Object target) [0x00061] in <bcfe3779d9974effb214d2a48329f488>:0 
  at Newtonsoft.Json.Serialization.JsonSerializerInternalReader.PopulateObject (System.Object newObject, Newtonsoft.Json.JsonReader reader, Newtonsoft.Json.Serialization.JsonObjectContract contract, Newtonsoft.Json.Serialization.JsonProperty member, System.String id) [0x00268] in <bcfe3779d9974effb214d2a48329f488>:0 
  at Newtonsoft.Json.Serialization.JsonSerializerInternalReader.CreateObject (Newtonsoft.Json.JsonReader reader, System.Type objectType, Newtonsoft.Json.Serialization.JsonContract contract, Newtonsoft.Json.Serialization.JsonProperty member, Newtonsoft.Json.Serialization.JsonContainerContract containerContract, Newtonsoft.Json.Serialization.JsonProperty containerMember, System.Object existingValue) [0x0015c] in <bcfe3779d9974effb214d2a48329f488>:0 
  at Newtonsoft.Json.Serialization.JsonSerializerInternalReader.CreateValueInternal (Newtonsoft.Json.JsonReader reader, System.Type objectType, Newtonsoft.Json.Serialization.JsonContract contract, Newtonsoft.Json.Serialization.JsonProperty member, Newtonsoft.Json.Serialization.JsonContainerContract containerContract, Newtonsoft.Json.Serialization.JsonProperty containerMember, System.Object existingValue) [0x0006d] in <bcfe3779d9974effb214d2a48329f488>:0 
  at Newtonsoft.Json.Serialization.JsonSerializerInternalReader.Deserialize (Newtonsoft.Json.JsonReader reader, System.Type objectType, System.Boolean checkAdditionalContent) [0x000db] in <bcfe3779d9974effb214d2a48329f488>:0 
  at Newtonsoft.Json.JsonSerializer.DeserializeInternal (Newtonsoft.Json.JsonReader reader, System.Type objectType) [0x00053] in <bcfe3779d9974effb214d2a48329f488>:0 
  at Newtonsoft.Json.JsonSerializer.Deserialize (Newtonsoft.Json.JsonReader reader, System.Type objectType) [0x00000] in <bcfe3779d9974effb214d2a48329f488>:0 
  at Newtonsoft.Json.JsonConvert.DeserializeObject (System.String value, System.Type type, Newtonsoft.Json.JsonSerializerSettings settings) [0x0002d] in <bcfe3779d9974effb214d2a48329f488>:0 
  at Newtonsoft.Json.JsonConvert.DeserializeObject (System.String value, System.Type type) [0x00000] in <bcfe3779d9974effb214d2a48329f488>:0 
  at PersistentMapClient.Web.RefreshServerSettings (System.Boolean force) [0x00062] in <8efdb6cff32447598d55d3b291e2bab5>:0 
2024-09-15T22:31:09 - Getting active companies
2024-09-15T22:31:29 - Getting active companies
2024-09-15T22:31:35 - Getting active companies
2024-09-15T22:31:36 - Getting active companies
2024-09-15T22:31:38 - Getting active companies
2024-09-15T22:31:41 - Getting active companies
2024-09-15T22:31:42 - Getting active companies
2024-09-15T22:31:49 - Getting active companies
2024-09-15T22:31:59 - Getting active companies
2024-09-15T22:32:01 - Getting active companies
2024-09-15T22:32:07 - Getting active companies
2024-09-15T22:32:13 - Getting active companies
2024-09-15T22:32:16 - Getting active companies
2024-09-15T22:32:18 - Getting active companies
2024-09-15T22:32:21 - Getting active companies
2024-09-15T22:32:22 - Getting active companies
2024-09-15T22:32:25 - Getting active companies
2024-09-15T22:32:26 - Getting active companies
2024-09-15T22:32:29 - Getting active companies
2024-09-15T22:32:30 - Getting active companies
2024-09-15T22:32:32 - Getting active companies
2024-09-15T22:32:33 - Getting active companies
2024-09-15T22:32:34 - Getting active companies
2024-09-15T22:32:36 - Getting active companies
2024-09-15T22:32:38 - Getting active companies
2024-09-15T22:32:43 - Getting active companies
2024-09-15T22:32:44 - Getting active companies
