[18:28:52.982]Initing... E:\SteamLibrary\steamapps\common\BATTLETECH\Mods\CustomBundle\CustomUnits version: 0.0.0.7
[18:29:38.510]shaders:0
[18:29:43.215]LoadRequest.TryCreateAndAddLoadRequest failed Ammunition_LAC2 AmmunitionDef
 manifest entry is null
   at System.Environment.get_StackTrace () [0x00000] in <d7ac571ca2d04b2f981d0d886fa067cf>:0 
  at CustomDeploy.LoadRequest_TryCreateAndAddLoadRequest.Postfix (BattleTech.Data.LoadRequest __instance, BattleTech.BattleTechResourceType resourceType, System.String resourceId, System.Boolean __result) [0x00000] in <cbe91c7f71cc4a868c01fe350e6ef8c2>:0 
  at BattleTech.Data.LoadRequest.DMD<BattleTech.Data.LoadRequest::TryCreateAndAddLoadRequest> (BattleTech.Data.LoadRequest , BattleTech.Data.LoadTracker& , BattleTech.BattleTechResourceType , System.String , System.Nullable`1[T] ) [0x00000] in <4184af8dbeb44635831353f4d349631c>:0 
  at BattleTech.Data.LoadRequest.AddBlindLoadRequestInternal (BattleTech.BattleTechResourceType resourceType, System.String resourceId, System.Boolean allowDuplicateInstantiation, System.Nullable`1[T] filterByOwnerShip) [0x00000] in <4184af8dbeb44635831353f4d349631c>:0 
  at BattleTech.Data.LoadRequest.AddBlindLoadRequest (BattleTech.BattleTechResourceType resourceType, System.String resourceId, System.Nullable`1[T] filterByOwnership) [0x00000] in <4184af8dbeb44635831353f4d349631c>:0 
  at BattleTech.Data.DataManager+DependencyLoadRequest.DMD<BattleTech.Data.DataManager+DependencyLoadRequest::RequestResource> (BattleTech.Data.DataManager+DependencyLoadRequest , BattleTech.BattleTechResourceType , System.String ) [0x00000] in <4184af8dbeb44635831353f4d349631c>:0 
  at CustAmmoCategoriesPatches.WeaponDef_GatherDependencies.Prefix (System.Boolean& __runOriginal, BattleTech.WeaponDef __instance, BattleTech.Data.DataManager dataManager, BattleTech.Data.DataManager+DependencyLoadRequest dependencyLoad, System.UInt32 activeRequestWeight) [0x00000] in <f38a3581bc004818a5b10e9dc473864f>:0 
  at BattleTech.WeaponDef.DMD<BattleTech.WeaponDef::GatherDependencies> (BattleTech.WeaponDef , BattleTech.Data.DataManager , BattleTech.Data.DataManager+DependencyLoadRequest , System.UInt32 ) [0x00000] in <4184af8dbeb44635831353f4d349631c>:0 
  at BattleTech.Data.DataManager.RequestDependencies (BattleTech.Data.DataManager+FileLoadRequest loadRequest) [0x00000] in <4184af8dbeb44635831353f4d349631c>:0 
  at BattleTech.Data.DataManager+FileLoadRequest.TryLoadDependencies (BattleTech.Data.DataManager+ILoadDependencies dependencyLoader) [0x00000] in <4184af8dbeb44635831353f4d349631c>:0 
  at BattleTech.Data.DataManager+JsonLoadRequest`1[T].OnLoadedWithJSON (System.String json) [0x00000] in <4184af8dbeb44635831353f4d349631c>:0 
  at BattleTech.Data.DataManager+StringDataLoadRequest`1[T].DMD<BattleTech.Data.DataManager+StringDataLoadRequest`1[[BattleTech.WeaponDef, Assembly-CSharp, Version=0.0.0.0, Culture=neutral, PublicKeyToken=null]]::OnLoadedWithText> (BattleTech.Data.DataManager+StringDataLoadRequest`1[T] , System.String ) [0x00000] in <4184af8dbeb44635831353f4d349631c>:0 
  at HBS.Data.DataLoader+<>c__DisplayClass12_0.<LoadResource>b__0 (System.String _path, System.IO.Stream _stream) [0x00000] in <4184af8dbeb44635831353f4d349631c>:0 
  at HBS.Data.DataLoader.DMD<HBS.Data.DataLoader::CallHandler> (HBS.Data.DataLoader , System.String , System.Action`2[T1,T2] ) [0x00000] in <4184af8dbeb44635831353f4d349631c>:0 
  at HBS.Data.DataLoader.LoadResource (System.String path, System.Action`2[T1,T2] handler, System.Boolean monitor) [0x00000] in <4184af8dbeb44635831353f4d349631c>:0 
  at HBS.Data.DataLoader.LoadResource (System.String path, System.Action`1[T] handler, System.Boolean monitor) [0x00000] in <4184af8dbeb44635831353f4d349631c>:0 
  at HBS.Data.DataLoader.LoadResource (System.String path, System.Action`1[T] handler) [0x00000] in <4184af8dbeb44635831353f4d349631c>:0 
  at BattleTech.Data.DataManager+StringDataLoadRequest`1[T].Load () [0x00000] in <4184af8dbeb44635831353f4d349631c>:0 
  at CustomDeploy.DataManager_UpdateRequests.Prefix (BattleTech.Data.DataManager __instance) [0x00000] in <cbe91c7f71cc4a868c01fe350e6ef8c2>:0 
  at BattleTech.Data.DataManager.DMD<BattleTech.Data.DataManager::UpdateRequests> (BattleTech.Data.DataManager ) [0x00000] in <4184af8dbeb44635831353f4d349631c>:0 
  at BattleTech.Data.DataManager.Update (System.Single deltaTime) [0x00000] in <4184af8dbeb44635831353f4d349631c>:0 
  at BattleTech.GameInstance.Update (System.Single deltaTime) [0x00000] in <4184af8dbeb44635831353f4d349631c>:0 
  at BattleTech.UnityGameInstance.DMD<BattleTech.UnityGameInstance::Update> (BattleTech.UnityGameInstance ) [0x00000] in <4184af8dbeb44635831353f4d349631c>:0 
[18:29:43.218]LoadRequest.TryCreateAndAddLoadRequest failed Ammunition_LAC5 AmmunitionDef
 manifest entry is null
   at System.Environment.get_StackTrace () [0x00000] in <d7ac571ca2d04b2f981d0d886fa067cf>:0 
  at CustomDeploy.LoadRequest_TryCreateAndAddLoadRequest.Postfix (BattleTech.Data.LoadRequest __instance, BattleTech.BattleTechResourceType resourceType, System.String resourceId, System.Boolean __result) [0x00000] in <cbe91c7f71cc4a868c01fe350e6ef8c2>:0 
  at BattleTech.Data.LoadRequest.DMD<BattleTech.Data.LoadRequest::TryCreateAndAddLoadRequest> (BattleTech.Data.LoadRequest , BattleTech.Data.LoadTracker& , BattleTech.BattleTechResourceType , System.String , System.Nullable`1[T] ) [0x00000] in <4184af8dbeb44635831353f4d349631c>:0 
  at BattleTech.Data.LoadRequest.AddBlindLoadRequestInternal (BattleTech.BattleTechResourceType resourceType, System.String resourceId, System.Boolean allowDuplicateInstantiation, System.Nullable`1[T] filterByOwnerShip) [0x00000] in <4184af8dbeb44635831353f4d349631c>:0 
  at BattleTech.Data.LoadRequest.AddBlindLoadRequest (BattleTech.BattleTechResourceType resourceType, System.String resourceId, System.Nullable`1[T] filterByOwnership) [0x00000] in <4184af8dbeb44635831353f4d349631c>:0 
  at BattleTech.Data.DataManager+DependencyLoadRequest.DMD<BattleTech.Data.DataManager+DependencyLoadRequest::RequestResource> (BattleTech.Data.DataManager+DependencyLoadRequest , BattleTech.BattleTechResourceType , System.String ) [0x00000] in <4184af8dbeb44635831353f4d349631c>:0 
  at CustAmmoCategoriesPatches.WeaponDef_GatherDependencies.Prefix (System.Boolean& __runOriginal, BattleTech.WeaponDef __instance, BattleTech.Data.DataManager dataManager, BattleTech.Data.DataManager+DependencyLoadRequest dependencyLoad, System.UInt32 activeRequestWeight) [0x00000] in <f38a3581bc004818a5b10e9dc473864f>:0 
  at BattleTech.WeaponDef.DMD<BattleTech.WeaponDef::GatherDependencies> (BattleTech.WeaponDef , BattleTech.Data.DataManager , BattleTech.Data.DataManager+DependencyLoadRequest , System.UInt32 ) [0x00000] in <4184af8dbeb44635831353f4d349631c>:0 
  at BattleTech.Data.DataManager.RequestDependencies (BattleTech.Data.DataManager+FileLoadRequest loadRequest) [0x00000] in <4184af8dbeb44635831353f4d349631c>:0 
  at BattleTech.Data.DataManager+FileLoadRequest.TryLoadDependencies (BattleTech.Data.DataManager+ILoadDependencies dependencyLoader) [0x00000] in <4184af8dbeb44635831353f4d349631c>:0 
  at BattleTech.Data.DataManager+JsonLoadRequest`1[T].OnLoadedWithJSON (System.String json) [0x00000] in <4184af8dbeb44635831353f4d349631c>:0 
  at BattleTech.Data.DataManager+StringDataLoadRequest`1[T].DMD<BattleTech.Data.DataManager+StringDataLoadRequest`1[[BattleTech.WeaponDef, Assembly-CSharp, Version=0.0.0.0, Culture=neutral, PublicKeyToken=null]]::OnLoadedWithText> (BattleTech.Data.DataManager+StringDataLoadRequest`1[T] , System.String ) [0x00000] in <4184af8dbeb44635831353f4d349631c>:0 
  at HBS.Data.DataLoader+<>c__DisplayClass12_0.<LoadResource>b__0 (System.String _path, System.IO.Stream _stream) [0x00000] in <4184af8dbeb44635831353f4d349631c>:0 
  at HBS.Data.DataLoader.DMD<HBS.Data.DataLoader::CallHandler> (HBS.Data.DataLoader , System.String , System.Action`2[T1,T2] ) [0x00000] in <4184af8dbeb44635831353f4d349631c>:0 
  at HBS.Data.DataLoader.LoadResource (System.String path, System.Action`2[T1,T2] handler, System.Boolean monitor) [0x00000] in <4184af8dbeb44635831353f4d349631c>:0 
  at HBS.Data.DataLoader.LoadResource (System.String path, System.Action`1[T] handler, System.Boolean monitor) [0x00000] in <4184af8dbeb44635831353f4d349631c>:0 
  at HBS.Data.DataLoader.LoadResource (System.String path, System.Action`1[T] handler) [0x00000] in <4184af8dbeb44635831353f4d349631c>:0 
  at BattleTech.Data.DataManager+StringDataLoadRequest`1[T].Load () [0x00000] in <4184af8dbeb44635831353f4d349631c>:0 
  at CustomDeploy.DataManager_UpdateRequests.Prefix (BattleTech.Data.DataManager __instance) [0x00000] in <cbe91c7f71cc4a868c01fe350e6ef8c2>:0 
  at BattleTech.Data.DataManager.DMD<BattleTech.Data.DataManager::UpdateRequests> (BattleTech.Data.DataManager ) [0x00000] in <4184af8dbeb44635831353f4d349631c>:0 
  at BattleTech.Data.DataManager.Update (System.Single deltaTime) [0x00000] in <4184af8dbeb44635831353f4d349631c>:0 
  at BattleTech.GameInstance.Update (System.Single deltaTime) [0x00000] in <4184af8dbeb44635831353f4d349631c>:0 
  at BattleTech.UnityGameInstance.DMD<BattleTech.UnityGameInstance::Update> (BattleTech.UnityGameInstance ) [0x00000] in <4184af8dbeb44635831353f4d349631c>:0 
[18:29:43.235]LoadRequest.TryCreateAndAddLoadRequest failed Ammunition_Gauss(C) AmmunitionDef
 manifest entry is null
   at System.Environment.get_StackTrace () [0x00000] in <d7ac571ca2d04b2f981d0d886fa067cf>:0 
  at CustomDeploy.LoadRequest_TryCreateAndAddLoadRequest.Postfix (BattleTech.Data.LoadRequest __instance, BattleTech.BattleTechResourceType resourceType, System.String resourceId, System.Boolean __result) [0x00000] in <cbe91c7f71cc4a868c01fe350e6ef8c2>:0 
  at BattleTech.Data.LoadRequest.DMD<BattleTech.Data.LoadRequest::TryCreateAndAddLoadRequest> (BattleTech.Data.LoadRequest , BattleTech.Data.LoadTracker& , BattleTech.BattleTechResourceType , System.String , System.Nullable`1[T] ) [0x00000] in <4184af8dbeb44635831353f4d349631c>:0 
  at BattleTech.Data.LoadRequest.AddBlindLoadRequestInternal (BattleTech.BattleTechResourceType resourceType, System.String resourceId, System.Boolean allowDuplicateInstantiation, System.Nullable`1[T] filterByOwnerShip) [0x00000] in <4184af8dbeb44635831353f4d349631c>:0 
  at BattleTech.Data.LoadRequest.AddBlindLoadRequest (BattleTech.BattleTechResourceType resourceType, System.String resourceId, System.Nullable`1[T] filterByOwnership) [0x00000] in <4184af8dbeb44635831353f4d349631c>:0 
  at BattleTech.Data.DataManager+DependencyLoadRequest.DMD<BattleTech.Data.DataManager+DependencyLoadRequest::RequestResource> (BattleTech.Data.DataManager+DependencyLoadRequest , BattleTech.BattleTechResourceType , System.String ) [0x00000] in <4184af8dbeb44635831353f4d349631c>:0 
  at CustAmmoCategoriesPatches.WeaponDef_GatherDependencies.Prefix (System.Boolean& __runOriginal, BattleTech.WeaponDef __instance, BattleTech.Data.DataManager dataManager, BattleTech.Data.DataManager+DependencyLoadRequest dependencyLoad, System.UInt32 activeRequestWeight) [0x00000] in <f38a3581bc004818a5b10e9dc473864f>:0 
  at BattleTech.WeaponDef.DMD<BattleTech.WeaponDef::GatherDependencies> (BattleTech.WeaponDef , BattleTech.Data.DataManager , BattleTech.Data.DataManager+DependencyLoadRequest , System.UInt32 ) [0x00000] in <4184af8dbeb44635831353f4d349631c>:0 
  at BattleTech.Data.DataManager.RequestDependencies (BattleTech.Data.DataManager+FileLoadRequest loadRequest) [0x00000] in <4184af8dbeb44635831353f4d349631c>:0 
  at BattleTech.Data.DataManager+FileLoadRequest.TryLoadDependencies (BattleTech.Data.DataManager+ILoadDependencies dependencyLoader) [0x00000] in <4184af8dbeb44635831353f4d349631c>:0 
  at BattleTech.Data.DataManager+JsonLoadRequest`1[T].OnLoadedWithJSON (System.String json) [0x00000] in <4184af8dbeb44635831353f4d349631c>:0 
  at BattleTech.Data.DataManager+StringDataLoadRequest`1[T].DMD<BattleTech.Data.DataManager+StringDataLoadRequest`1[[BattleTech.WeaponDef, Assembly-CSharp, Version=0.0.0.0, Culture=neutral, PublicKeyToken=null]]::OnLoadedWithText> (BattleTech.Data.DataManager+StringDataLoadRequest`1[T] , System.String ) [0x00000] in <4184af8dbeb44635831353f4d349631c>:0 
  at HBS.Data.DataLoader+<>c__DisplayClass12_0.<LoadResource>b__0 (System.String _path, System.IO.Stream _stream) [0x00000] in <4184af8dbeb44635831353f4d349631c>:0 
  at HBS.Data.DataLoader.DMD<HBS.Data.DataLoader::CallHandler> (HBS.Data.DataLoader , System.String , System.Action`2[T1,T2] ) [0x00000] in <4184af8dbeb44635831353f4d349631c>:0 
  at HBS.Data.DataLoader.LoadResource (System.String path, System.Action`2[T1,T2] handler, System.Boolean monitor) [0x00000] in <4184af8dbeb44635831353f4d349631c>:0 
  at HBS.Data.DataLoader.LoadResource (System.String path, System.Action`1[T] handler, System.Boolean monitor) [0x00000] in <4184af8dbeb44635831353f4d349631c>:0 
  at HBS.Data.DataLoader.LoadResource (System.String path, System.Action`1[T] handler) [0x00000] in <4184af8dbeb44635831353f4d349631c>:0 
  at BattleTech.Data.DataManager+StringDataLoadRequest`1[T].Load () [0x00000] in <4184af8dbeb44635831353f4d349631c>:0 
  at CustomDeploy.DataManager_UpdateRequests.Prefix (BattleTech.Data.DataManager __instance) [0x00000] in <cbe91c7f71cc4a868c01fe350e6ef8c2>:0 
  at BattleTech.Data.DataManager.DMD<BattleTech.Data.DataManager::UpdateRequests> (BattleTech.Data.DataManager ) [0x00000] in <4184af8dbeb44635831353f4d349631c>:0 
  at BattleTech.Data.DataManager.Update (System.Single deltaTime) [0x00000] in <4184af8dbeb44635831353f4d349631c>:0 
  at BattleTech.GameInstance.Update (System.Single deltaTime) [0x00000] in <4184af8dbeb44635831353f4d349631c>:0 
  at BattleTech.UnityGameInstance.DMD<BattleTech.UnityGameInstance::Update> (BattleTech.UnityGameInstance ) [0x00000] in <4184af8dbeb44635831353f4d349631c>:0 
[18:29:43.294]LoadRequest.TryCreateAndAddLoadRequest failed Ammunition_ATM AmmunitionDef
 manifest entry is null
   at System.Environment.get_StackTrace () [0x00000] in <d7ac571ca2d04b2f981d0d886fa067cf>:0 
  at CustomDeploy.LoadRequest_TryCreateAndAddLoadRequest.Postfix (BattleTech.Data.LoadRequest __instance, BattleTech.BattleTechResourceType resourceType, System.String resourceId, System.Boolean __result) [0x00000] in <cbe91c7f71cc4a868c01fe350e6ef8c2>:0 
  at BattleTech.Data.LoadRequest.DMD<BattleTech.Data.LoadRequest::TryCreateAndAddLoadRequest> (BattleTech.Data.LoadRequest , BattleTech.Data.LoadTracker& , BattleTech.BattleTechResourceType , System.String , System.Nullable`1[T] ) [0x00000] in <4184af8dbeb44635831353f4d349631c>:0 
  at BattleTech.Data.LoadRequest.AddBlindLoadRequestInternal (BattleTech.BattleTechResourceType resourceType, System.String resourceId, System.Boolean allowDuplicateInstantiation, System.Nullable`1[T] filterByOwnerShip) [0x00000] in <4184af8dbeb44635831353f4d349631c>:0 
  at BattleTech.Data.LoadRequest.AddBlindLoadRequest (BattleTech.BattleTechResourceType resourceType, System.String resourceId, System.Nullable`1[T] filterByOwnership) [0x00000] in <4184af8dbeb44635831353f4d349631c>:0 
  at BattleTech.Data.DataManager+DependencyLoadRequest.DMD<BattleTech.Data.DataManager+DependencyLoadRequest::RequestResource> (BattleTech.Data.DataManager+DependencyLoadRequest , BattleTech.BattleTechResourceType , System.String ) [0x00000] in <4184af8dbeb44635831353f4d349631c>:0 
  at CustAmmoCategoriesPatches.WeaponDef_GatherDependencies.Prefix (System.Boolean& __runOriginal, BattleTech.WeaponDef __instance, BattleTech.Data.DataManager dataManager, BattleTech.Data.DataManager+DependencyLoadRequest dependencyLoad, System.UInt32 activeRequestWeight) [0x00000] in <f38a3581bc004818a5b10e9dc473864f>:0 
  at BattleTech.WeaponDef.DMD<BattleTech.WeaponDef::GatherDependencies> (BattleTech.WeaponDef , BattleTech.Data.DataManager , BattleTech.Data.DataManager+DependencyLoadRequest , System.UInt32 ) [0x00000] in <4184af8dbeb44635831353f4d349631c>:0 
  at BattleTech.Data.DataManager.RequestDependencies (BattleTech.Data.DataManager+FileLoadRequest loadRequest) [0x00000] in <4184af8dbeb44635831353f4d349631c>:0 
  at BattleTech.Data.DataManager+FileLoadRequest.TryLoadDependencies (BattleTech.Data.DataManager+ILoadDependencies dependencyLoader) [0x00000] in <4184af8dbeb44635831353f4d349631c>:0 
  at BattleTech.Data.DataManager+JsonLoadRequest`1[T].OnLoadedWithJSON (System.String json) [0x00000] in <4184af8dbeb44635831353f4d349631c>:0 
  at BattleTech.Data.DataManager+StringDataLoadRequest`1[T].DMD<BattleTech.Data.DataManager+StringDataLoadRequest`1[[BattleTech.WeaponDef, Assembly-CSharp, Version=0.0.0.0, Culture=neutral, PublicKeyToken=null]]::OnLoadedWithText> (BattleTech.Data.DataManager+StringDataLoadRequest`1[T] , System.String ) [0x00000] in <4184af8dbeb44635831353f4d349631c>:0 
  at HBS.Data.DataLoader+<>c__DisplayClass12_0.<LoadResource>b__0 (System.String _path, System.IO.Stream _stream) [0x00000] in <4184af8dbeb44635831353f4d349631c>:0 
  at HBS.Data.DataLoader.DMD<HBS.Data.DataLoader::CallHandler> (HBS.Data.DataLoader , System.String , System.Action`2[T1,T2] ) [0x00000] in <4184af8dbeb44635831353f4d349631c>:0 
  at HBS.Data.DataLoader.LoadResource (System.String path, System.Action`2[T1,T2] handler, System.Boolean monitor) [0x00000] in <4184af8dbeb44635831353f4d349631c>:0 
  at HBS.Data.DataLoader.LoadResource (System.String path, System.Action`1[T] handler, System.Boolean monitor) [0x00000] in <4184af8dbeb44635831353f4d349631c>:0 
  at HBS.Data.DataLoader.LoadResource (System.String path, System.Action`1[T] handler) [0x00000] in <4184af8dbeb44635831353f4d349631c>:0 
  at BattleTech.Data.DataManager+StringDataLoadRequest`1[T].Load () [0x00000] in <4184af8dbeb44635831353f4d349631c>:0 
  at CustomDeploy.DataManager_UpdateRequests.Prefix (BattleTech.Data.DataManager __instance) [0x00000] in <cbe91c7f71cc4a868c01fe350e6ef8c2>:0 
  at BattleTech.Data.DataManager.DMD<BattleTech.Data.DataManager::UpdateRequests> (BattleTech.Data.DataManager ) [0x00000] in <4184af8dbeb44635831353f4d349631c>:0 
  at BattleTech.Data.DataManager.Update (System.Single deltaTime) [0x00000] in <4184af8dbeb44635831353f4d349631c>:0 
  at BattleTech.GameInstance.Update (System.Single deltaTime) [0x00000] in <4184af8dbeb44635831353f4d349631c>:0 
  at BattleTech.UnityGameInstance.DMD<BattleTech.UnityGameInstance::Update> (BattleTech.UnityGameInstance ) [0x00000] in <4184af8dbeb44635831353f4d349631c>:0 
[18:29:43.298]LoadRequest.TryCreateAndAddLoadRequest failed Ammunition_ATM AmmunitionDef
 manifest entry is null
   at System.Environment.get_StackTrace () [0x00000] in <d7ac571ca2d04b2f981d0d886fa067cf>:0 
  at CustomDeploy.LoadRequest_TryCreateAndAddLoadRequest.Postfix (BattleTech.Data.LoadRequest __instance, BattleTech.BattleTechResourceType resourceType, System.String resourceId, System.Boolean __result) [0x00000] in <cbe91c7f71cc4a868c01fe350e6ef8c2>:0 
  at BattleTech.Data.LoadRequest.DMD<BattleTech.Data.LoadRequest::TryCreateAndAddLoadRequest> (BattleTech.Data.LoadRequest , BattleTech.Data.LoadTracker& , BattleTech.BattleTechResourceType , System.String , System.Nullable`1[T] ) [0x00000] in <4184af8dbeb44635831353f4d349631c>:0 
  at BattleTech.Data.LoadRequest.AddBlindLoadRequestInternal (BattleTech.BattleTechResourceType resourceType, System.String resourceId, System.Boolean allowDuplicateInstantiation, System.Nullable`1[T] filterByOwnerShip) [0x00000] in <4184af8dbeb44635831353f4d349631c>:0 
  at BattleTech.Data.LoadRequest.AddBlindLoadRequest (BattleTech.BattleTechResourceType resourceType, System.String resourceId, System.Nullable`1[T] filterByOwnership) [0x00000] in <4184af8dbeb44635831353f4d349631c>:0 
  at BattleTech.Data.DataManager+DependencyLoadRequest.DMD<BattleTech.Data.DataManager+DependencyLoadRequest::RequestResource> (BattleTech.Data.DataManager+DependencyLoadRequest , BattleTech.BattleTechResourceType , System.String ) [0x00000] in <4184af8dbeb44635831353f4d349631c>:0 
  at CustAmmoCategoriesPatches.WeaponDef_GatherDependencies.Prefix (System.Boolean& __runOriginal, BattleTech.WeaponDef __instance, BattleTech.Data.DataManager dataManager, BattleTech.Data.DataManager+DependencyLoadRequest dependencyLoad, System.UInt32 activeRequestWeight) [0x00000] in <f38a3581bc004818a5b10e9dc473864f>:0 
  at BattleTech.WeaponDef.DMD<BattleTech.WeaponDef::GatherDependencies> (BattleTech.WeaponDef , BattleTech.Data.DataManager , BattleTech.Data.DataManager+DependencyLoadRequest , System.UInt32 ) [0x00000] in <4184af8dbeb44635831353f4d349631c>:0 
  at BattleTech.Data.DataManager.RequestDependencies (BattleTech.Data.DataManager+FileLoadRequest loadRequest) [0x00000] in <4184af8dbeb44635831353f4d349631c>:0 
  at BattleTech.Data.DataManager+FileLoadRequest.TryLoadDependencies (BattleTech.Data.DataManager+ILoadDependencies dependencyLoader) [0x00000] in <4184af8dbeb44635831353f4d349631c>:0 
  at BattleTech.Data.DataManager+JsonLoadRequest`1[T].OnLoadedWithJSON (System.String json) [0x00000] in <4184af8dbeb44635831353f4d349631c>:0 
  at BattleTech.Data.DataManager+StringDataLoadRequest`1[T].DMD<BattleTech.Data.DataManager+StringDataLoadRequest`1[[BattleTech.WeaponDef, Assembly-CSharp, Version=0.0.0.0, Culture=neutral, PublicKeyToken=null]]::OnLoadedWithText> (BattleTech.Data.DataManager+StringDataLoadRequest`1[T] , System.String ) [0x00000] in <4184af8dbeb44635831353f4d349631c>:0 
  at HBS.Data.DataLoader+<>c__DisplayClass12_0.<LoadResource>b__0 (System.String _path, System.IO.Stream _stream) [0x00000] in <4184af8dbeb44635831353f4d349631c>:0 
  at HBS.Data.DataLoader.DMD<HBS.Data.DataLoader::CallHandler> (HBS.Data.DataLoader , System.String , System.Action`2[T1,T2] ) [0x00000] in <4184af8dbeb44635831353f4d349631c>:0 
  at HBS.Data.DataLoader.LoadResource (System.String path, System.Action`2[T1,T2] handler, System.Boolean monitor) [0x00000] in <4184af8dbeb44635831353f4d349631c>:0 
  at HBS.Data.DataLoader.LoadResource (System.String path, System.Action`1[T] handler, System.Boolean monitor) [0x00000] in <4184af8dbeb44635831353f4d349631c>:0 
  at HBS.Data.DataLoader.LoadResource (System.String path, System.Action`1[T] handler) [0x00000] in <4184af8dbeb44635831353f4d349631c>:0 
  at BattleTech.Data.DataManager+StringDataLoadRequest`1[T].Load () [0x00000] in <4184af8dbeb44635831353f4d349631c>:0 
  at CustomDeploy.DataManager_UpdateRequests.Prefix (BattleTech.Data.DataManager __instance) [0x00000] in <cbe91c7f71cc4a868c01fe350e6ef8c2>:0 
  at BattleTech.Data.DataManager.DMD<BattleTech.Data.DataManager::UpdateRequests> (BattleTech.Data.DataManager ) [0x00000] in <4184af8dbeb44635831353f4d349631c>:0 
  at BattleTech.Data.DataManager.Update (System.Single deltaTime) [0x00000] in <4184af8dbeb44635831353f4d349631c>:0 
  at BattleTech.GameInstance.Update (System.Single deltaTime) [0x00000] in <4184af8dbeb44635831353f4d349631c>:0 
  at BattleTech.UnityGameInstance.DMD<BattleTech.UnityGameInstance::Update> (BattleTech.UnityGameInstance ) [0x00000] in <4184af8dbeb44635831353f4d349631c>:0 
[18:29:43.301]LoadRequest.TryCreateAndAddLoadRequest failed Ammunition_ATM AmmunitionDef
 manifest entry is null
   at System.Environment.get_StackTrace () [0x00000] in <d7ac571ca2d04b2f981d0d886fa067cf>:0 
  at CustomDeploy.LoadRequest_TryCreateAndAddLoadRequest.Postfix (BattleTech.Data.LoadRequest __instance, BattleTech.BattleTechResourceType resourceType, System.String resourceId, System.Boolean __result) [0x00000] in <cbe91c7f71cc4a868c01fe350e6ef8c2>:0 
  at BattleTech.Data.LoadRequest.DMD<BattleTech.Data.LoadRequest::TryCreateAndAddLoadRequest> (BattleTech.Data.LoadRequest , BattleTech.Data.LoadTracker& , BattleTech.BattleTechResourceType , System.String , System.Nullable`1[T] ) [0x00000] in <4184af8dbeb44635831353f4d349631c>:0 
  at BattleTech.Data.LoadRequest.AddBlindLoadRequestInternal (BattleTech.BattleTechResourceType resourceType, System.String resourceId, System.Boolean allowDuplicateInstantiation, System.Nullable`1[T] filterByOwnerShip) [0x00000] in <4184af8dbeb44635831353f4d349631c>:0 
  at BattleTech.Data.LoadRequest.AddBlindLoadRequest (BattleTech.BattleTechResourceType resourceType, System.String resourceId, System.Nullable`1[T] filterByOwnership) [0x00000] in <4184af8dbeb44635831353f4d349631c>:0 
  at BattleTech.Data.DataManager+DependencyLoadRequest.DMD<BattleTech.Data.DataManager+DependencyLoadRequest::RequestResource> (BattleTech.Data.DataManager+DependencyLoadRequest , BattleTech.BattleTechResourceType , System.String ) [0x00000] in <4184af8dbeb44635831353f4d349631c>:0 
  at CustAmmoCategoriesPatches.WeaponDef_GatherDependencies.Prefix (System.Boolean& __runOriginal, BattleTech.WeaponDef __instance, BattleTech.Data.DataManager dataManager, BattleTech.Data.DataManager+DependencyLoadRequest dependencyLoad, System.UInt32 activeRequestWeight) [0x00000] in <f38a3581bc004818a5b10e9dc473864f>:0 
  at BattleTech.WeaponDef.DMD<BattleTech.WeaponDef::GatherDependencies> (BattleTech.WeaponDef , BattleTech.Data.DataManager , BattleTech.Data.DataManager+DependencyLoadRequest , System.UInt32 ) [0x00000] in <4184af8dbeb44635831353f4d349631c>:0 
  at BattleTech.Data.DataManager.RequestDependencies (BattleTech.Data.DataManager+FileLoadRequest loadRequest) [0x00000] in <4184af8dbeb44635831353f4d349631c>:0 
  at BattleTech.Data.DataManager+FileLoadRequest.TryLoadDependencies (BattleTech.Data.DataManager+ILoadDependencies dependencyLoader) [0x00000] in <4184af8dbeb44635831353f4d349631c>:0 
  at BattleTech.Data.DataManager+JsonLoadRequest`1[T].OnLoadedWithJSON (System.String json) [0x00000] in <4184af8dbeb44635831353f4d349631c>:0 
  at BattleTech.Data.DataManager+StringDataLoadRequest`1[T].DMD<BattleTech.Data.DataManager+StringDataLoadRequest`1[[BattleTech.WeaponDef, Assembly-CSharp, Version=0.0.0.0, Culture=neutral, PublicKeyToken=null]]::OnLoadedWithText> (BattleTech.Data.DataManager+StringDataLoadRequest`1[T] , System.String ) [0x00000] in <4184af8dbeb44635831353f4d349631c>:0 
  at HBS.Data.DataLoader+<>c__DisplayClass12_0.<LoadResource>b__0 (System.String _path, System.IO.Stream _stream) [0x00000] in <4184af8dbeb44635831353f4d349631c>:0 
  at HBS.Data.DataLoader.DMD<HBS.Data.DataLoader::CallHandler> (HBS.Data.DataLoader , System.String , System.Action`2[T1,T2] ) [0x00000] in <4184af8dbeb44635831353f4d349631c>:0 
  at HBS.Data.DataLoader.LoadResource (System.String path, System.Action`2[T1,T2] handler, System.Boolean monitor) [0x00000] in <4184af8dbeb44635831353f4d349631c>:0 
  at HBS.Data.DataLoader.LoadResource (System.String path, System.Action`1[T] handler, System.Boolean monitor) [0x00000] in <4184af8dbeb44635831353f4d349631c>:0 
  at HBS.Data.DataLoader.LoadResource (System.String path, System.Action`1[T] handler) [0x00000] in <4184af8dbeb44635831353f4d349631c>:0 
  at BattleTech.Data.DataManager+StringDataLoadRequest`1[T].Load () [0x00000] in <4184af8dbeb44635831353f4d349631c>:0 
  at CustomDeploy.DataManager_UpdateRequests.Prefix (BattleTech.Data.DataManager __instance) [0x00000] in <cbe91c7f71cc4a868c01fe350e6ef8c2>:0 
  at BattleTech.Data.DataManager.DMD<BattleTech.Data.DataManager::UpdateRequests> (BattleTech.Data.DataManager ) [0x00000] in <4184af8dbeb44635831353f4d349631c>:0 
  at BattleTech.Data.DataManager.Update (System.Single deltaTime) [0x00000] in <4184af8dbeb44635831353f4d349631c>:0 
  at BattleTech.GameInstance.Update (System.Single deltaTime) [0x00000] in <4184af8dbeb44635831353f4d349631c>:0 
  at BattleTech.UnityGameInstance.DMD<BattleTech.UnityGameInstance::Update> (BattleTech.UnityGameInstance ) [0x00000] in <4184af8dbeb44635831353f4d349631c>:0 
[18:29:43.304]LoadRequest.TryCreateAndAddLoadRequest failed Ammunition_ATM AmmunitionDef
 manifest entry is null
   at System.Environment.get_StackTrace () [0x00000] in <d7ac571ca2d04b2f981d0d886fa067cf>:0 
  at CustomDeploy.LoadRequest_TryCreateAndAddLoadRequest.Postfix (BattleTech.Data.LoadRequest __instance, BattleTech.BattleTechResourceType resourceType, System.String resourceId, System.Boolean __result) [0x00000] in <cbe91c7f71cc4a868c01fe350e6ef8c2>:0 
  at BattleTech.Data.LoadRequest.DMD<BattleTech.Data.LoadRequest::TryCreateAndAddLoadRequest> (BattleTech.Data.LoadRequest , BattleTech.Data.LoadTracker& , BattleTech.BattleTechResourceType , System.String , System.Nullable`1[T] ) [0x00000] in <4184af8dbeb44635831353f4d349631c>:0 
  at BattleTech.Data.LoadRequest.AddBlindLoadRequestInternal (BattleTech.BattleTechResourceType resourceType, System.String resourceId, System.Boolean allowDuplicateInstantiation, System.Nullable`1[T] filterByOwnerShip) [0x00000] in <4184af8dbeb44635831353f4d349631c>:0 
  at BattleTech.Data.LoadRequest.AddBlindLoadRequest (BattleTech.BattleTechResourceType resourceType, System.String resourceId, System.Nullable`1[T] filterByOwnership) [0x00000] in <4184af8dbeb44635831353f4d349631c>:0 
  at BattleTech.Data.DataManager+DependencyLoadRequest.DMD<BattleTech.Data.DataManager+DependencyLoadRequest::RequestResource> (BattleTech.Data.DataManager+DependencyLoadRequest , BattleTech.BattleTechResourceType , System.String ) [0x00000] in <4184af8dbeb44635831353f4d349631c>:0 
  at CustAmmoCategoriesPatches.WeaponDef_GatherDependencies.Prefix (System.Boolean& __runOriginal, BattleTech.WeaponDef __instance, BattleTech.Data.DataManager dataManager, BattleTech.Data.DataManager+DependencyLoadRequest dependencyLoad, System.UInt32 activeRequestWeight) [0x00000] in <f38a3581bc004818a5b10e9dc473864f>:0 
  at BattleTech.WeaponDef.DMD<BattleTech.WeaponDef::GatherDependencies> (BattleTech.WeaponDef , BattleTech.Data.DataManager , BattleTech.Data.DataManager+DependencyLoadRequest , System.UInt32 ) [0x00000] in <4184af8dbeb44635831353f4d349631c>:0 
  at BattleTech.Data.DataManager.RequestDependencies (BattleTech.Data.DataManager+FileLoadRequest loadRequest) [0x00000] in <4184af8dbeb44635831353f4d349631c>:0 
  at BattleTech.Data.DataManager+FileLoadRequest.TryLoadDependencies (BattleTech.Data.DataManager+ILoadDependencies dependencyLoader) [0x00000] in <4184af8dbeb44635831353f4d349631c>:0 
  at BattleTech.Data.DataManager+JsonLoadRequest`1[T].OnLoadedWithJSON (System.String json) [0x00000] in <4184af8dbeb44635831353f4d349631c>:0 
  at BattleTech.Data.DataManager+StringDataLoadRequest`1[T].DMD<BattleTech.Data.DataManager+StringDataLoadRequest`1[[BattleTech.WeaponDef, Assembly-CSharp, Version=0.0.0.0, Culture=neutral, PublicKeyToken=null]]::OnLoadedWithText> (BattleTech.Data.DataManager+StringDataLoadRequest`1[T] , System.String ) [0x00000] in <4184af8dbeb44635831353f4d349631c>:0 
  at HBS.Data.DataLoader+<>c__DisplayClass12_0.<LoadResource>b__0 (System.String _path, System.IO.Stream _stream) [0x00000] in <4184af8dbeb44635831353f4d349631c>:0 
  at HBS.Data.DataLoader.DMD<HBS.Data.DataLoader::CallHandler> (HBS.Data.DataLoader , System.String , System.Action`2[T1,T2] ) [0x00000] in <4184af8dbeb44635831353f4d349631c>:0 
  at HBS.Data.DataLoader.LoadResource (System.String path, System.Action`2[T1,T2] handler, System.Boolean monitor) [0x00000] in <4184af8dbeb44635831353f4d349631c>:0 
  at HBS.Data.DataLoader.LoadResource (System.String path, System.Action`1[T] handler, System.Boolean monitor) [0x00000] in <4184af8dbeb44635831353f4d349631c>:0 
  at HBS.Data.DataLoader.LoadResource (System.String path, System.Action`1[T] handler) [0x00000] in <4184af8dbeb44635831353f4d349631c>:0 
  at BattleTech.Data.DataManager+StringDataLoadRequest`1[T].Load () [0x00000] in <4184af8dbeb44635831353f4d349631c>:0 
  at CustomDeploy.DataManager_UpdateRequests.Prefix (BattleTech.Data.DataManager __instance) [0x00000] in <cbe91c7f71cc4a868c01fe350e6ef8c2>:0 
  at BattleTech.Data.DataManager.DMD<BattleTech.Data.DataManager::UpdateRequests> (BattleTech.Data.DataManager ) [0x00000] in <4184af8dbeb44635831353f4d349631c>:0 
  at BattleTech.Data.DataManager.Update (System.Single deltaTime) [0x00000] in <4184af8dbeb44635831353f4d349631c>:0 
  at BattleTech.GameInstance.Update (System.Single deltaTime) [0x00000] in <4184af8dbeb44635831353f4d349631c>:0 
  at BattleTech.UnityGameInstance.DMD<BattleTech.UnityGameInstance::Update> (BattleTech.UnityGameInstance ) [0x00000] in <4184af8dbeb44635831353f4d349631c>:0 
[18:29:43.308]LoadRequest.TryCreateAndAddLoadRequest failed Ammunition_ELRM AmmunitionDef
 manifest entry is null
   at System.Environment.get_StackTrace () [0x00000] in <d7ac571ca2d04b2f981d0d886fa067cf>:0 
  at CustomDeploy.LoadRequest_TryCreateAndAddLoadRequest.Postfix (BattleTech.Data.LoadRequest __instance, BattleTech.BattleTechResourceType resourceType, System.String resourceId, System.Boolean __result) [0x00000] in <cbe91c7f71cc4a868c01fe350e6ef8c2>:0 
  at BattleTech.Data.LoadRequest.DMD<BattleTech.Data.LoadRequest::TryCreateAndAddLoadRequest> (BattleTech.Data.LoadRequest , BattleTech.Data.LoadTracker& , BattleTech.BattleTechResourceType , System.String , System.Nullable`1[T] ) [0x00000] in <4184af8dbeb44635831353f4d349631c>:0 
  at BattleTech.Data.LoadRequest.AddBlindLoadRequestInternal (BattleTech.BattleTechResourceType resourceType, System.String resourceId, System.Boolean allowDuplicateInstantiation, System.Nullable`1[T] filterByOwnerShip) [0x00000] in <4184af8dbeb44635831353f4d349631c>:0 
  at BattleTech.Data.LoadRequest.AddBlindLoadRequest (BattleTech.BattleTechResourceType resourceType, System.String resourceId, System.Nullable`1[T] filterByOwnership) [0x00000] in <4184af8dbeb44635831353f4d349631c>:0 
  at BattleTech.Data.DataManager+DependencyLoadRequest.DMD<BattleTech.Data.DataManager+DependencyLoadRequest::RequestResource> (BattleTech.Data.DataManager+DependencyLoadRequest , BattleTech.BattleTechResourceType , System.String ) [0x00000] in <4184af8dbeb44635831353f4d349631c>:0 
  at CustAmmoCategoriesPatches.WeaponDef_GatherDependencies.Prefix (System.Boolean& __runOriginal, BattleTech.WeaponDef __instance, BattleTech.Data.DataManager dataManager, BattleTech.Data.DataManager+DependencyLoadRequest dependencyLoad, System.UInt32 activeRequestWeight) [0x00000] in <f38a3581bc004818a5b10e9dc473864f>:0 
  at BattleTech.WeaponDef.DMD<BattleTech.WeaponDef::GatherDependencies> (BattleTech.WeaponDef , BattleTech.Data.DataManager , BattleTech.Data.DataManager+DependencyLoadRequest , System.UInt32 ) [0x00000] in <4184af8dbeb44635831353f4d349631c>:0 
  at BattleTech.Data.DataManager.RequestDependencies (BattleTech.Data.DataManager+FileLoadRequest loadRequest) [0x00000] in <4184af8dbeb44635831353f4d349631c>:0 
  at BattleTech.Data.DataManager+FileLoadRequest.TryLoadDependencies (BattleTech.Data.DataManager+ILoadDependencies dependencyLoader) [0x00000] in <4184af8dbeb44635831353f4d349631c>:0 
  at BattleTech.Data.DataManager+JsonLoadRequest`1[T].OnLoadedWithJSON (System.String json) [0x00000] in <4184af8dbeb44635831353f4d349631c>:0 
  at BattleTech.Data.DataManager+StringDataLoadRequest`1[T].DMD<BattleTech.Data.DataManager+StringDataLoadRequest`1[[BattleTech.WeaponDef, Assembly-CSharp, Version=0.0.0.0, Culture=neutral, PublicKeyToken=null]]::OnLoadedWithText> (BattleTech.Data.DataManager+StringDataLoadRequest`1[T] , System.String ) [0x00000] in <4184af8dbeb44635831353f4d349631c>:0 
  at HBS.Data.DataLoader+<>c__DisplayClass12_0.<LoadResource>b__0 (System.String _path, System.IO.Stream _stream) [0x00000] in <4184af8dbeb44635831353f4d349631c>:0 
  at HBS.Data.DataLoader.DMD<HBS.Data.DataLoader::CallHandler> (HBS.Data.DataLoader , System.String , System.Action`2[T1,T2] ) [0x00000] in <4184af8dbeb44635831353f4d349631c>:0 
  at HBS.Data.DataLoader.LoadResource (System.String path, System.Action`2[T1,T2] handler, System.Boolean monitor) [0x00000] in <4184af8dbeb44635831353f4d349631c>:0 
  at HBS.Data.DataLoader.LoadResource (System.String path, System.Action`1[T] handler, System.Boolean monitor) [0x00000] in <4184af8dbeb44635831353f4d349631c>:0 
  at HBS.Data.DataLoader.LoadResource (System.String path, System.Action`1[T] handler) [0x00000] in <4184af8dbeb44635831353f4d349631c>:0 
  at BattleTech.Data.DataManager+StringDataLoadRequest`1[T].Load () [0x00000] in <4184af8dbeb44635831353f4d349631c>:0 
  at CustomDeploy.DataManager_UpdateRequests.Prefix (BattleTech.Data.DataManager __instance) [0x00000] in <cbe91c7f71cc4a868c01fe350e6ef8c2>:0 
  at BattleTech.Data.DataManager.DMD<BattleTech.Data.DataManager::UpdateRequests> (BattleTech.Data.DataManager ) [0x00000] in <4184af8dbeb44635831353f4d349631c>:0 
  at BattleTech.Data.DataManager.Update (System.Single deltaTime) [0x00000] in <4184af8dbeb44635831353f4d349631c>:0 
  at BattleTech.GameInstance.Update (System.Single deltaTime) [0x00000] in <4184af8dbeb44635831353f4d349631c>:0 
  at BattleTech.UnityGameInstance.DMD<BattleTech.UnityGameInstance::Update> (BattleTech.UnityGameInstance ) [0x00000] in <4184af8dbeb44635831353f4d349631c>:0 
[18:29:43.519]LoadRequest.TryCreateAndAddLoadRequest failed Ammunition_Fluid AmmunitionDef
 manifest entry is null
   at System.Environment.get_StackTrace () [0x00000] in <d7ac571ca2d04b2f981d0d886fa067cf>:0 
  at CustomDeploy.LoadRequest_TryCreateAndAddLoadRequest.Postfix (BattleTech.Data.LoadRequest __instance, BattleTech.BattleTechResourceType resourceType, System.String resourceId, System.Boolean __result) [0x00000] in <cbe91c7f71cc4a868c01fe350e6ef8c2>:0 
  at BattleTech.Data.LoadRequest.DMD<BattleTech.Data.LoadRequest::TryCreateAndAddLoadRequest> (BattleTech.Data.LoadRequest , BattleTech.Data.LoadTracker& , BattleTech.BattleTechResourceType , System.String , System.Nullable`1[T] ) [0x00000] in <4184af8dbeb44635831353f4d349631c>:0 
  at BattleTech.Data.LoadRequest.AddBlindLoadRequestInternal (BattleTech.BattleTechResourceType resourceType, System.String resourceId, System.Boolean allowDuplicateInstantiation, System.Nullable`1[T] filterByOwnerShip) [0x00000] in <4184af8dbeb44635831353f4d349631c>:0 
  at BattleTech.Data.LoadRequest.AddBlindLoadRequest (BattleTech.BattleTechResourceType resourceType, System.String resourceId, System.Nullable`1[T] filterByOwnership) [0x00000] in <4184af8dbeb44635831353f4d349631c>:0 
  at BattleTech.Data.DataManager+DependencyLoadRequest.DMD<BattleTech.Data.DataManager+DependencyLoadRequest::RequestResource> (BattleTech.Data.DataManager+DependencyLoadRequest , BattleTech.BattleTechResourceType , System.String ) [0x00000] in <4184af8dbeb44635831353f4d349631c>:0 
  at CustAmmoCategoriesPatches.WeaponDef_GatherDependencies.Prefix (System.Boolean& __runOriginal, BattleTech.WeaponDef __instance, BattleTech.Data.DataManager dataManager, BattleTech.Data.DataManager+DependencyLoadRequest dependencyLoad, System.UInt32 activeRequestWeight) [0x00000] in <f38a3581bc004818a5b10e9dc473864f>:0 
  at BattleTech.WeaponDef.DMD<BattleTech.WeaponDef::GatherDependencies> (BattleTech.WeaponDef , BattleTech.Data.DataManager , BattleTech.Data.DataManager+DependencyLoadRequest , System.UInt32 ) [0x00000] in <4184af8dbeb44635831353f4d349631c>:0 
  at BattleTech.Data.DataManager.RequestDependencies (BattleTech.Data.DataManager+FileLoadRequest loadRequest) [0x00000] in <4184af8dbeb44635831353f4d349631c>:0 
  at BattleTech.Data.DataManager+FileLoadRequest.TryLoadDependencies (BattleTech.Data.DataManager+ILoadDependencies dependencyLoader) [0x00000] in <4184af8dbeb44635831353f4d349631c>:0 
  at BattleTech.Data.DataManager+JsonLoadRequest`1[T].OnLoadedWithJSON (System.String json) [0x00000] in <4184af8dbeb44635831353f4d349631c>:0 
  at BattleTech.Data.DataManager+StringDataLoadRequest`1[T].DMD<BattleTech.Data.DataManager+StringDataLoadRequest`1[[BattleTech.WeaponDef, Assembly-CSharp, Version=0.0.0.0, Culture=neutral, PublicKeyToken=null]]::OnLoadedWithText> (BattleTech.Data.DataManager+StringDataLoadRequest`1[T] , System.String ) [0x00000] in <4184af8dbeb44635831353f4d349631c>:0 
  at HBS.Data.DataLoader+<>c__DisplayClass12_0.<LoadResource>b__0 (System.String _path, System.IO.Stream _stream) [0x00000] in <4184af8dbeb44635831353f4d349631c>:0 
  at HBS.Data.DataLoader.DMD<HBS.Data.DataLoader::CallHandler> (HBS.Data.DataLoader , System.String , System.Action`2[T1,T2] ) [0x00000] in <4184af8dbeb44635831353f4d349631c>:0 
  at HBS.Data.DataLoader.LoadResource (System.String path, System.Action`2[T1,T2] handler, System.Boolean monitor) [0x00000] in <4184af8dbeb44635831353f4d349631c>:0 
  at HBS.Data.DataLoader.LoadResource (System.String path, System.Action`1[T] handler, System.Boolean monitor) [0x00000] in <4184af8dbeb44635831353f4d349631c>:0 
  at HBS.Data.DataLoader.LoadResource (System.String path, System.Action`1[T] handler) [0x00000] in <4184af8dbeb44635831353f4d349631c>:0 
  at BattleTech.Data.DataManager+StringDataLoadRequest`1[T].Load () [0x00000] in <4184af8dbeb44635831353f4d349631c>:0 
  at CustomDeploy.DataManager_UpdateRequests.Prefix (BattleTech.Data.DataManager __instance) [0x00000] in <cbe91c7f71cc4a868c01fe350e6ef8c2>:0 
  at BattleTech.Data.DataManager.DMD<BattleTech.Data.DataManager::UpdateRequests> (BattleTech.Data.DataManager ) [0x00000] in <4184af8dbeb44635831353f4d349631c>:0 
  at BattleTech.Data.DataManager.Update (System.Single deltaTime) [0x00000] in <4184af8dbeb44635831353f4d349631c>:0 
  at BattleTech.GameInstance.Update (System.Single deltaTime) [0x00000] in <4184af8dbeb44635831353f4d349631c>:0 
  at BattleTech.UnityGameInstance.DMD<BattleTech.UnityGameInstance::Update> (BattleTech.UnityGameInstance ) [0x00000] in <4184af8dbeb44635831353f4d349631c>:0 
[18:29:43.523]LoadRequest.TryCreateAndAddLoadRequest failed Ammunition_Taser AmmunitionDef
 manifest entry is null
   at System.Environment.get_StackTrace () [0x00000] in <d7ac571ca2d04b2f981d0d886fa067cf>:0 
  at CustomDeploy.LoadRequest_TryCreateAndAddLoadRequest.Postfix (BattleTech.Data.LoadRequest __instance, BattleTech.BattleTechResourceType resourceType, System.String resourceId, System.Boolean __result) [0x00000] in <cbe91c7f71cc4a868c01fe350e6ef8c2>:0 
  at BattleTech.Data.LoadRequest.DMD<BattleTech.Data.LoadRequest::TryCreateAndAddLoadRequest> (BattleTech.Data.LoadRequest , BattleTech.Data.LoadTracker& , BattleTech.BattleTechResourceType , System.String , System.Nullable`1[T] ) [0x00000] in <4184af8dbeb44635831353f4d349631c>:0 
  at BattleTech.Data.LoadRequest.AddBlindLoadRequestInternal (BattleTech.BattleTechResourceType resourceType, System.String resourceId, System.Boolean allowDuplicateInstantiation, System.Nullable`1[T] filterByOwnerShip) [0x00000] in <4184af8dbeb44635831353f4d349631c>:0 
  at BattleTech.Data.LoadRequest.AddBlindLoadRequest (BattleTech.BattleTechResourceType resourceType, System.String resourceId, System.Nullable`1[T] filterByOwnership) [0x00000] in <4184af8dbeb44635831353f4d349631c>:0 
  at BattleTech.Data.DataManager+DependencyLoadRequest.DMD<BattleTech.Data.DataManager+DependencyLoadRequest::RequestResource> (BattleTech.Data.DataManager+DependencyLoadRequest , BattleTech.BattleTechResourceType , System.String ) [0x00000] in <4184af8dbeb44635831353f4d349631c>:0 
  at CustAmmoCategoriesPatches.WeaponDef_GatherDependencies.Prefix (System.Boolean& __runOriginal, BattleTech.WeaponDef __instance, BattleTech.Data.DataManager dataManager, BattleTech.Data.DataManager+DependencyLoadRequest dependencyLoad, System.UInt32 activeRequestWeight) [0x00000] in <f38a3581bc004818a5b10e9dc473864f>:0 
  at BattleTech.WeaponDef.DMD<BattleTech.WeaponDef::GatherDependencies> (BattleTech.WeaponDef , BattleTech.Data.DataManager , BattleTech.Data.DataManager+DependencyLoadRequest , System.UInt32 ) [0x00000] in <4184af8dbeb44635831353f4d349631c>:0 
  at BattleTech.Data.DataManager.RequestDependencies (BattleTech.Data.DataManager+FileLoadRequest loadRequest) [0x00000] in <4184af8dbeb44635831353f4d349631c>:0 
  at BattleTech.Data.DataManager+FileLoadRequest.TryLoadDependencies (BattleTech.Data.DataManager+ILoadDependencies dependencyLoader) [0x00000] in <4184af8dbeb44635831353f4d349631c>:0 
  at BattleTech.Data.DataManager+JsonLoadRequest`1[T].OnLoadedWithJSON (System.String json) [0x00000] in <4184af8dbeb44635831353f4d349631c>:0 
  at BattleTech.Data.DataManager+StringDataLoadRequest`1[T].DMD<BattleTech.Data.DataManager+StringDataLoadRequest`1[[BattleTech.WeaponDef, Assembly-CSharp, Version=0.0.0.0, Culture=neutral, PublicKeyToken=null]]::OnLoadedWithText> (BattleTech.Data.DataManager+StringDataLoadRequest`1[T] , System.String ) [0x00000] in <4184af8dbeb44635831353f4d349631c>:0 
  at HBS.Data.DataLoader+<>c__DisplayClass12_0.<LoadResource>b__0 (System.String _path, System.IO.Stream _stream) [0x00000] in <4184af8dbeb44635831353f4d349631c>:0 
  at HBS.Data.DataLoader.DMD<HBS.Data.DataLoader::CallHandler> (HBS.Data.DataLoader , System.String , System.Action`2[T1,T2] ) [0x00000] in <4184af8dbeb44635831353f4d349631c>:0 
  at HBS.Data.DataLoader.LoadResource (System.String path, System.Action`2[T1,T2] handler, System.Boolean monitor) [0x00000] in <4184af8dbeb44635831353f4d349631c>:0 
  at HBS.Data.DataLoader.LoadResource (System.String path, System.Action`1[T] handler, System.Boolean monitor) [0x00000] in <4184af8dbeb44635831353f4d349631c>:0 
  at HBS.Data.DataLoader.LoadResource (System.String path, System.Action`1[T] handler) [0x00000] in <4184af8dbeb44635831353f4d349631c>:0 
  at BattleTech.Data.DataManager+StringDataLoadRequest`1[T].Load () [0x00000] in <4184af8dbeb44635831353f4d349631c>:0 
  at CustomDeploy.DataManager_UpdateRequests.Prefix (BattleTech.Data.DataManager __instance) [0x00000] in <cbe91c7f71cc4a868c01fe350e6ef8c2>:0 
  at BattleTech.Data.DataManager.DMD<BattleTech.Data.DataManager::UpdateRequests> (BattleTech.Data.DataManager ) [0x00000] in <4184af8dbeb44635831353f4d349631c>:0 
  at BattleTech.Data.DataManager.Update (System.Single deltaTime) [0x00000] in <4184af8dbeb44635831353f4d349631c>:0 
  at BattleTech.GameInstance.Update (System.Single deltaTime) [0x00000] in <4184af8dbeb44635831353f4d349631c>:0 
  at BattleTech.UnityGameInstance.DMD<BattleTech.UnityGameInstance::Update> (BattleTech.UnityGameInstance ) [0x00000] in <4184af8dbeb44635831353f4d349631c>:0 
[18:30:24.869]LoadRequest.TryCreateAndAddLoadRequest failed Icon SVGAsset
 manifest entry is null
   at System.Environment.get_StackTrace () [0x00000] in <d7ac571ca2d04b2f981d0d886fa067cf>:0 
  at CustomDeploy.LoadRequest_TryCreateAndAddLoadRequest.Postfix (BattleTech.Data.LoadRequest __instance, BattleTech.BattleTechResourceType resourceType, System.String resourceId, System.Boolean __result) [0x00000] in <cbe91c7f71cc4a868c01fe350e6ef8c2>:0 
  at BattleTech.Data.LoadRequest.DMD<BattleTech.Data.LoadRequest::TryCreateAndAddLoadRequest> (BattleTech.Data.LoadRequest , BattleTech.Data.LoadTracker& , BattleTech.BattleTechResourceType , System.String , System.Nullable`1[T] ) [0x00000] in <4184af8dbeb44635831353f4d349631c>:0 
  at BattleTech.Data.LoadRequest.AddBlindLoadRequestInternal (BattleTech.BattleTechResourceType resourceType, System.String resourceId, System.Boolean allowDuplicateInstantiation, System.Nullable`1[T] filterByOwnerShip) [0x00000] in <4184af8dbeb44635831353f4d349631c>:0 
  at BattleTech.Data.LoadRequest.AddBlindLoadRequest (BattleTech.BattleTechResourceType resourceType, System.String resourceId, System.Nullable`1[T] filterByOwnership) [0x00000] in <4184af8dbeb44635831353f4d349631c>:0 
  at BattleTech.Data.DataManager+DependencyLoadRequest.DMD<BattleTech.Data.DataManager+DependencyLoadRequest::RequestResource> (BattleTech.Data.DataManager+DependencyLoadRequest , BattleTech.BattleTechResourceType , System.String ) [0x00000] in <4184af8dbeb44635831353f4d349631c>:0 
  at BattleTech.MechComponentDef.DMD<BattleTech.MechComponentDef::GatherDependencies> (BattleTech.MechComponentDef , BattleTech.Data.DataManager , BattleTech.Data.DataManager+DependencyLoadRequest , System.UInt32 ) [0x00000] in <4184af8dbeb44635831353f4d349631c>:0 
  at BattleTech.Data.DataManager.RequestDependencies (BattleTech.Data.DataManager+FileLoadRequest loadRequest) [0x00000] in <4184af8dbeb44635831353f4d349631c>:0 
  at BattleTech.Data.DataManager+FileLoadRequest.TryLoadDependencies (BattleTech.Data.DataManager+ILoadDependencies dependencyLoader) [0x00000] in <4184af8dbeb44635831353f4d349631c>:0 
  at BattleTech.Data.DataManager+JsonLoadRequest`1[T].OnLoadedWithJSON (System.String json) [0x00000] in <4184af8dbeb44635831353f4d349631c>:0 
  at BattleTech.Data.DataManager+StringDataLoadRequest`1[T].DMD<BattleTech.Data.DataManager+StringDataLoadRequest`1[[BattleTech.WeaponDef, Assembly-CSharp, Version=0.0.0.0, Culture=neutral, PublicKeyToken=null]]::OnLoadedWithText> (BattleTech.Data.DataManager+StringDataLoadRequest`1[T] , System.String ) [0x00000] in <4184af8dbeb44635831353f4d349631c>:0 
  at HBS.Data.DataLoader+<>c__DisplayClass12_0.<LoadResource>b__0 (System.String _path, System.IO.Stream _stream) [0x00000] in <4184af8dbeb44635831353f4d349631c>:0 
  at HBS.Data.DataLoader.DMD<HBS.Data.DataLoader::CallHandler> (HBS.Data.DataLoader , System.String , System.Action`2[T1,T2] ) [0x00000] in <4184af8dbeb44635831353f4d349631c>:0 
  at HBS.Data.DataLoader.LoadResource (System.String path, System.Action`2[T1,T2] handler, System.Boolean monitor) [0x00000] in <4184af8dbeb44635831353f4d349631c>:0 
  at HBS.Data.DataLoader.LoadResource (System.String path, System.Action`1[T] handler, System.Boolean monitor) [0x00000] in <4184af8dbeb44635831353f4d349631c>:0 
  at HBS.Data.DataLoader.LoadResource (System.String path, System.Action`1[T] handler) [0x00000] in <4184af8dbeb44635831353f4d349631c>:0 
  at BattleTech.Data.DataManager+StringDataLoadRequest`1[T].Load () [0x00000] in <4184af8dbeb44635831353f4d349631c>:0 
  at CustomDeploy.DataManager_UpdateRequests.Prefix (BattleTech.Data.DataManager __instance) [0x00000] in <cbe91c7f71cc4a868c01fe350e6ef8c2>:0 
  at BattleTech.Data.DataManager.DMD<BattleTech.Data.DataManager::UpdateRequests> (BattleTech.Data.DataManager ) [0x00000] in <4184af8dbeb44635831353f4d349631c>:0 
  at BattleTech.Data.DataManager.Update (System.Single deltaTime) [0x00000] in <4184af8dbeb44635831353f4d349631c>:0 
  at BattleTech.GameInstance.Update (System.Single deltaTime) [0x00000] in <4184af8dbeb44635831353f4d349631c>:0 
  at BattleTech.UnityGameInstance.DMD<BattleTech.UnityGameInstance::Update> (BattleTech.UnityGameInstance ) [0x00000] in <4184af8dbeb44635831353f4d349631c>:0 
[18:30:24.871]LoadRequest.TryCreateAndAddLoadRequest failed Icon SVGAsset
 manifest entry is null
   at System.Environment.get_StackTrace () [0x00000] in <d7ac571ca2d04b2f981d0d886fa067cf>:0 
  at CustomDeploy.LoadRequest_TryCreateAndAddLoadRequest.Postfix (BattleTech.Data.LoadRequest __instance, BattleTech.BattleTechResourceType resourceType, System.String resourceId, System.Boolean __result) [0x00000] in <cbe91c7f71cc4a868c01fe350e6ef8c2>:0 
  at BattleTech.Data.LoadRequest.DMD<BattleTech.Data.LoadRequest::TryCreateAndAddLoadRequest> (BattleTech.Data.LoadRequest , BattleTech.Data.LoadTracker& , BattleTech.BattleTechResourceType , System.String , System.Nullable`1[T] ) [0x00000] in <4184af8dbeb44635831353f4d349631c>:0 
  at BattleTech.Data.LoadRequest.AddBlindLoadRequestInternal (BattleTech.BattleTechResourceType resourceType, System.String resourceId, System.Boolean allowDuplicateInstantiation, System.Nullable`1[T] filterByOwnerShip) [0x00000] in <4184af8dbeb44635831353f4d349631c>:0 
  at BattleTech.Data.LoadRequest.AddBlindLoadRequest (BattleTech.BattleTechResourceType resourceType, System.String resourceId, System.Nullable`1[T] filterByOwnership) [0x00000] in <4184af8dbeb44635831353f4d349631c>:0 
  at BattleTech.Data.DataManager+DependencyLoadRequest.DMD<BattleTech.Data.DataManager+DependencyLoadRequest::RequestResource> (BattleTech.Data.DataManager+DependencyLoadRequest , BattleTech.BattleTechResourceType , System.String ) [0x00000] in <4184af8dbeb44635831353f4d349631c>:0 
  at BattleTech.MechComponentDef.DMD<BattleTech.MechComponentDef::GatherDependencies> (BattleTech.MechComponentDef , BattleTech.Data.DataManager , BattleTech.Data.DataManager+DependencyLoadRequest , System.UInt32 ) [0x00000] in <4184af8dbeb44635831353f4d349631c>:0 
  at BattleTech.Data.DataManager.RequestDependencies (BattleTech.Data.DataManager+FileLoadRequest loadRequest) [0x00000] in <4184af8dbeb44635831353f4d349631c>:0 
  at BattleTech.Data.DataManager+FileLoadRequest.TryLoadDependencies (BattleTech.Data.DataManager+ILoadDependencies dependencyLoader) [0x00000] in <4184af8dbeb44635831353f4d349631c>:0 
  at BattleTech.Data.DataManager+JsonLoadRequest`1[T].OnLoadedWithJSON (System.String json) [0x00000] in <4184af8dbeb44635831353f4d349631c>:0 
  at BattleTech.Data.DataManager+StringDataLoadRequest`1[T].DMD<BattleTech.Data.DataManager+StringDataLoadRequest`1[[BattleTech.WeaponDef, Assembly-CSharp, Version=0.0.0.0, Culture=neutral, PublicKeyToken=null]]::OnLoadedWithText> (BattleTech.Data.DataManager+StringDataLoadRequest`1[T] , System.String ) [0x00000] in <4184af8dbeb44635831353f4d349631c>:0 
  at HBS.Data.DataLoader+<>c__DisplayClass12_0.<LoadResource>b__0 (System.String _path, System.IO.Stream _stream) [0x00000] in <4184af8dbeb44635831353f4d349631c>:0 
  at HBS.Data.DataLoader.DMD<HBS.Data.DataLoader::CallHandler> (HBS.Data.DataLoader , System.String , System.Action`2[T1,T2] ) [0x00000] in <4184af8dbeb44635831353f4d349631c>:0 
  at HBS.Data.DataLoader.LoadResource (System.String path, System.Action`2[T1,T2] handler, System.Boolean monitor) [0x00000] in <4184af8dbeb44635831353f4d349631c>:0 
  at HBS.Data.DataLoader.LoadResource (System.String path, System.Action`1[T] handler, System.Boolean monitor) [0x00000] in <4184af8dbeb44635831353f4d349631c>:0 
  at HBS.Data.DataLoader.LoadResource (System.String path, System.Action`1[T] handler) [0x00000] in <4184af8dbeb44635831353f4d349631c>:0 
  at BattleTech.Data.DataManager+StringDataLoadRequest`1[T].Load () [0x00000] in <4184af8dbeb44635831353f4d349631c>:0 
  at CustomDeploy.DataManager_UpdateRequests.Prefix (BattleTech.Data.DataManager __instance) [0x00000] in <cbe91c7f71cc4a868c01fe350e6ef8c2>:0 
  at BattleTech.Data.DataManager.DMD<BattleTech.Data.DataManager::UpdateRequests> (BattleTech.Data.DataManager ) [0x00000] in <4184af8dbeb44635831353f4d349631c>:0 
  at BattleTech.Data.DataManager.Update (System.Single deltaTime) [0x00000] in <4184af8dbeb44635831353f4d349631c>:0 
  at BattleTech.GameInstance.Update (System.Single deltaTime) [0x00000] in <4184af8dbeb44635831353f4d349631c>:0 
  at BattleTech.UnityGameInstance.DMD<BattleTech.UnityGameInstance::Update> (BattleTech.UnityGameInstance ) [0x00000] in <4184af8dbeb44635831353f4d349631c>:0 
[18:30:24.873]LoadRequest.TryCreateAndAddLoadRequest failed Icon SVGAsset
 manifest entry is null
   at System.Environment.get_StackTrace () [0x00000] in <d7ac571ca2d04b2f981d0d886fa067cf>:0 
  at CustomDeploy.LoadRequest_TryCreateAndAddLoadRequest.Postfix (BattleTech.Data.LoadRequest __instance, BattleTech.BattleTechResourceType resourceType, System.String resourceId, System.Boolean __result) [0x00000] in <cbe91c7f71cc4a868c01fe350e6ef8c2>:0 
  at BattleTech.Data.LoadRequest.DMD<BattleTech.Data.LoadRequest::TryCreateAndAddLoadRequest> (BattleTech.Data.LoadRequest , BattleTech.Data.LoadTracker& , BattleTech.BattleTechResourceType , System.String , System.Nullable`1[T] ) [0x00000] in <4184af8dbeb44635831353f4d349631c>:0 
  at BattleTech.Data.LoadRequest.AddBlindLoadRequestInternal (BattleTech.BattleTechResourceType resourceType, System.String resourceId, System.Boolean allowDuplicateInstantiation, System.Nullable`1[T] filterByOwnerShip) [0x00000] in <4184af8dbeb44635831353f4d349631c>:0 
  at BattleTech.Data.LoadRequest.AddBlindLoadRequest (BattleTech.BattleTechResourceType resourceType, System.String resourceId, System.Nullable`1[T] filterByOwnership) [0x00000] in <4184af8dbeb44635831353f4d349631c>:0 
  at BattleTech.Data.DataManager+DependencyLoadRequest.DMD<BattleTech.Data.DataManager+DependencyLoadRequest::RequestResource> (BattleTech.Data.DataManager+DependencyLoadRequest , BattleTech.BattleTechResourceType , System.String ) [0x00000] in <4184af8dbeb44635831353f4d349631c>:0 
  at BattleTech.MechComponentDef.DMD<BattleTech.MechComponentDef::GatherDependencies> (BattleTech.MechComponentDef , BattleTech.Data.DataManager , BattleTech.Data.DataManager+DependencyLoadRequest , System.UInt32 ) [0x00000] in <4184af8dbeb44635831353f4d349631c>:0 
  at BattleTech.Data.DataManager.RequestDependencies (BattleTech.Data.DataManager+FileLoadRequest loadRequest) [0x00000] in <4184af8dbeb44635831353f4d349631c>:0 
  at BattleTech.Data.DataManager+FileLoadRequest.TryLoadDependencies (BattleTech.Data.DataManager+ILoadDependencies dependencyLoader) [0x00000] in <4184af8dbeb44635831353f4d349631c>:0 
  at BattleTech.Data.DataManager+JsonLoadRequest`1[T].OnLoadedWithJSON (System.String json) [0x00000] in <4184af8dbeb44635831353f4d349631c>:0 
  at BattleTech.Data.DataManager+StringDataLoadRequest`1[T].DMD<BattleTech.Data.DataManager+StringDataLoadRequest`1[[BattleTech.WeaponDef, Assembly-CSharp, Version=0.0.0.0, Culture=neutral, PublicKeyToken=null]]::OnLoadedWithText> (BattleTech.Data.DataManager+StringDataLoadRequest`1[T] , System.String ) [0x00000] in <4184af8dbeb44635831353f4d349631c>:0 
  at HBS.Data.DataLoader+<>c__DisplayClass12_0.<LoadResource>b__0 (System.String _path, System.IO.Stream _stream) [0x00000] in <4184af8dbeb44635831353f4d349631c>:0 
  at HBS.Data.DataLoader.DMD<HBS.Data.DataLoader::CallHandler> (HBS.Data.DataLoader , System.String , System.Action`2[T1,T2] ) [0x00000] in <4184af8dbeb44635831353f4d349631c>:0 
  at HBS.Data.DataLoader.LoadResource (System.String path, System.Action`2[T1,T2] handler, System.Boolean monitor) [0x00000] in <4184af8dbeb44635831353f4d349631c>:0 
  at HBS.Data.DataLoader.LoadResource (System.String path, System.Action`1[T] handler, System.Boolean monitor) [0x00000] in <4184af8dbeb44635831353f4d349631c>:0 
  at HBS.Data.DataLoader.LoadResource (System.String path, System.Action`1[T] handler) [0x00000] in <4184af8dbeb44635831353f4d349631c>:0 
  at BattleTech.Data.DataManager+StringDataLoadRequest`1[T].Load () [0x00000] in <4184af8dbeb44635831353f4d349631c>:0 
  at CustomDeploy.DataManager_UpdateRequests.Prefix (BattleTech.Data.DataManager __instance) [0x00000] in <cbe91c7f71cc4a868c01fe350e6ef8c2>:0 
  at BattleTech.Data.DataManager.DMD<BattleTech.Data.DataManager::UpdateRequests> (BattleTech.Data.DataManager ) [0x00000] in <4184af8dbeb44635831353f4d349631c>:0 
  at BattleTech.Data.DataManager.Update (System.Single deltaTime) [0x00000] in <4184af8dbeb44635831353f4d349631c>:0 
  at BattleTech.GameInstance.Update (System.Single deltaTime) [0x00000] in <4184af8dbeb44635831353f4d349631c>:0 
  at BattleTech.UnityGameInstance.DMD<BattleTech.UnityGameInstance::Update> (BattleTech.UnityGameInstance ) [0x00000] in <4184af8dbeb44635831353f4d349631c>:0 
[18:30:24.875]LoadRequest.TryCreateAndAddLoadRequest failed Icon SVGAsset
 manifest entry is null
   at System.Environment.get_StackTrace () [0x00000] in <d7ac571ca2d04b2f981d0d886fa067cf>:0 
  at CustomDeploy.LoadRequest_TryCreateAndAddLoadRequest.Postfix (BattleTech.Data.LoadRequest __instance, BattleTech.BattleTechResourceType resourceType, System.String resourceId, System.Boolean __result) [0x00000] in <cbe91c7f71cc4a868c01fe350e6ef8c2>:0 
  at BattleTech.Data.LoadRequest.DMD<BattleTech.Data.LoadRequest::TryCreateAndAddLoadRequest> (BattleTech.Data.LoadRequest , BattleTech.Data.LoadTracker& , BattleTech.BattleTechResourceType , System.String , System.Nullable`1[T] ) [0x00000] in <4184af8dbeb44635831353f4d349631c>:0 
  at BattleTech.Data.LoadRequest.AddBlindLoadRequestInternal (BattleTech.BattleTechResourceType resourceType, System.String resourceId, System.Boolean allowDuplicateInstantiation, System.Nullable`1[T] filterByOwnerShip) [0x00000] in <4184af8dbeb44635831353f4d349631c>:0 
  at BattleTech.Data.LoadRequest.AddBlindLoadRequest (BattleTech.BattleTechResourceType resourceType, System.String resourceId, System.Nullable`1[T] filterByOwnership) [0x00000] in <4184af8dbeb44635831353f4d349631c>:0 
  at BattleTech.Data.DataManager+DependencyLoadRequest.DMD<BattleTech.Data.DataManager+DependencyLoadRequest::RequestResource> (BattleTech.Data.DataManager+DependencyLoadRequest , BattleTech.BattleTechResourceType , System.String ) [0x00000] in <4184af8dbeb44635831353f4d349631c>:0 
  at BattleTech.MechComponentDef.DMD<BattleTech.MechComponentDef::GatherDependencies> (BattleTech.MechComponentDef , BattleTech.Data.DataManager , BattleTech.Data.DataManager+DependencyLoadRequest , System.UInt32 ) [0x00000] in <4184af8dbeb44635831353f4d349631c>:0 
  at BattleTech.Data.DataManager.RequestDependencies (BattleTech.Data.DataManager+FileLoadRequest loadRequest) [0x00000] in <4184af8dbeb44635831353f4d349631c>:0 
  at BattleTech.Data.DataManager+FileLoadRequest.TryLoadDependencies (BattleTech.Data.DataManager+ILoadDependencies dependencyLoader) [0x00000] in <4184af8dbeb44635831353f4d349631c>:0 
  at BattleTech.Data.DataManager+JsonLoadRequest`1[T].OnLoadedWithJSON (System.String json) [0x00000] in <4184af8dbeb44635831353f4d349631c>:0 
  at BattleTech.Data.DataManager+StringDataLoadRequest`1[T].DMD<BattleTech.Data.DataManager+StringDataLoadRequest`1[[BattleTech.WeaponDef, Assembly-CSharp, Version=0.0.0.0, Culture=neutral, PublicKeyToken=null]]::OnLoadedWithText> (BattleTech.Data.DataManager+StringDataLoadRequest`1[T] , System.String ) [0x00000] in <4184af8dbeb44635831353f4d349631c>:0 
  at HBS.Data.DataLoader+<>c__DisplayClass12_0.<LoadResource>b__0 (System.String _path, System.IO.Stream _stream) [0x00000] in <4184af8dbeb44635831353f4d349631c>:0 
  at HBS.Data.DataLoader.DMD<HBS.Data.DataLoader::CallHandler> (HBS.Data.DataLoader , System.String , System.Action`2[T1,T2] ) [0x00000] in <4184af8dbeb44635831353f4d349631c>:0 
  at HBS.Data.DataLoader.LoadResource (System.String path, System.Action`2[T1,T2] handler, System.Boolean monitor) [0x00000] in <4184af8dbeb44635831353f4d349631c>:0 
  at HBS.Data.DataLoader.LoadResource (System.String path, System.Action`1[T] handler, System.Boolean monitor) [0x00000] in <4184af8dbeb44635831353f4d349631c>:0 
  at HBS.Data.DataLoader.LoadResource (System.String path, System.Action`1[T] handler) [0x00000] in <4184af8dbeb44635831353f4d349631c>:0 
  at BattleTech.Data.DataManager+StringDataLoadRequest`1[T].Load () [0x00000] in <4184af8dbeb44635831353f4d349631c>:0 
  at CustomDeploy.DataManager_UpdateRequests.Prefix (BattleTech.Data.DataManager __instance) [0x00000] in <cbe91c7f71cc4a868c01fe350e6ef8c2>:0 
  at BattleTech.Data.DataManager.DMD<BattleTech.Data.DataManager::UpdateRequests> (BattleTech.Data.DataManager ) [0x00000] in <4184af8dbeb44635831353f4d349631c>:0 
  at BattleTech.Data.DataManager.Update (System.Single deltaTime) [0x00000] in <4184af8dbeb44635831353f4d349631c>:0 
  at BattleTech.GameInstance.Update (System.Single deltaTime) [0x00000] in <4184af8dbeb44635831353f4d349631c>:0 
  at BattleTech.UnityGameInstance.DMD<BattleTech.UnityGameInstance::Update> (BattleTech.UnityGameInstance ) [0x00000] in <4184af8dbeb44635831353f4d349631c>:0 
[18:30:24.877]LoadRequest.TryCreateAndAddLoadRequest failed Icon SVGAsset
 manifest entry is null
   at System.Environment.get_StackTrace () [0x00000] in <d7ac571ca2d04b2f981d0d886fa067cf>:0 
  at CustomDeploy.LoadRequest_TryCreateAndAddLoadRequest.Postfix (BattleTech.Data.LoadRequest __instance, BattleTech.BattleTechResourceType resourceType, System.String resourceId, System.Boolean __result) [0x00000] in <cbe91c7f71cc4a868c01fe350e6ef8c2>:0 
  at BattleTech.Data.LoadRequest.DMD<BattleTech.Data.LoadRequest::TryCreateAndAddLoadRequest> (BattleTech.Data.LoadRequest , BattleTech.Data.LoadTracker& , BattleTech.BattleTechResourceType , System.String , System.Nullable`1[T] ) [0x00000] in <4184af8dbeb44635831353f4d349631c>:0 
  at BattleTech.Data.LoadRequest.AddBlindLoadRequestInternal (BattleTech.BattleTechResourceType resourceType, System.String resourceId, System.Boolean allowDuplicateInstantiation, System.Nullable`1[T] filterByOwnerShip) [0x00000] in <4184af8dbeb44635831353f4d349631c>:0 
  at BattleTech.Data.LoadRequest.AddBlindLoadRequest (BattleTech.BattleTechResourceType resourceType, System.String resourceId, System.Nullable`1[T] filterByOwnership) [0x00000] in <4184af8dbeb44635831353f4d349631c>:0 
  at BattleTech.Data.DataManager+DependencyLoadRequest.DMD<BattleTech.Data.DataManager+DependencyLoadRequest::RequestResource> (BattleTech.Data.DataManager+DependencyLoadRequest , BattleTech.BattleTechResourceType , System.String ) [0x00000] in <4184af8dbeb44635831353f4d349631c>:0 
  at BattleTech.MechComponentDef.DMD<BattleTech.MechComponentDef::GatherDependencies> (BattleTech.MechComponentDef , BattleTech.Data.DataManager , BattleTech.Data.DataManager+DependencyLoadRequest , System.UInt32 ) [0x00000] in <4184af8dbeb44635831353f4d349631c>:0 
  at BattleTech.Data.DataManager.RequestDependencies (BattleTech.Data.DataManager+FileLoadRequest loadRequest) [0x00000] in <4184af8dbeb44635831353f4d349631c>:0 
  at BattleTech.Data.DataManager+FileLoadRequest.TryLoadDependencies (BattleTech.Data.DataManager+ILoadDependencies dependencyLoader) [0x00000] in <4184af8dbeb44635831353f4d349631c>:0 
  at BattleTech.Data.DataManager+JsonLoadRequest`1[T].OnLoadedWithJSON (System.String json) [0x00000] in <4184af8dbeb44635831353f4d349631c>:0 
  at BattleTech.Data.DataManager+StringDataLoadRequest`1[T].DMD<BattleTech.Data.DataManager+StringDataLoadRequest`1[[BattleTech.WeaponDef, Assembly-CSharp, Version=0.0.0.0, Culture=neutral, PublicKeyToken=null]]::OnLoadedWithText> (BattleTech.Data.DataManager+StringDataLoadRequest`1[T] , System.String ) [0x00000] in <4184af8dbeb44635831353f4d349631c>:0 
  at HBS.Data.DataLoader+<>c__DisplayClass12_0.<LoadResource>b__0 (System.String _path, System.IO.Stream _stream) [0x00000] in <4184af8dbeb44635831353f4d349631c>:0 
  at HBS.Data.DataLoader.DMD<HBS.Data.DataLoader::CallHandler> (HBS.Data.DataLoader , System.String , System.Action`2[T1,T2] ) [0x00000] in <4184af8dbeb44635831353f4d349631c>:0 
  at HBS.Data.DataLoader.LoadResource (System.String path, System.Action`2[T1,T2] handler, System.Boolean monitor) [0x00000] in <4184af8dbeb44635831353f4d349631c>:0 
  at HBS.Data.DataLoader.LoadResource (System.String path, System.Action`1[T] handler, System.Boolean monitor) [0x00000] in <4184af8dbeb44635831353f4d349631c>:0 
  at HBS.Data.DataLoader.LoadResource (System.String path, System.Action`1[T] handler) [0x00000] in <4184af8dbeb44635831353f4d349631c>:0 
  at BattleTech.Data.DataManager+StringDataLoadRequest`1[T].Load () [0x00000] in <4184af8dbeb44635831353f4d349631c>:0 
  at CustomDeploy.DataManager_UpdateRequests.Prefix (BattleTech.Data.DataManager __instance) [0x00000] in <cbe91c7f71cc4a868c01fe350e6ef8c2>:0 
  at BattleTech.Data.DataManager.DMD<BattleTech.Data.DataManager::UpdateRequests> (BattleTech.Data.DataManager ) [0x00000] in <4184af8dbeb44635831353f4d349631c>:0 
  at BattleTech.Data.DataManager.Update (System.Single deltaTime) [0x00000] in <4184af8dbeb44635831353f4d349631c>:0 
  at BattleTech.GameInstance.Update (System.Single deltaTime) [0x00000] in <4184af8dbeb44635831353f4d349631c>:0 
  at BattleTech.UnityGameInstance.DMD<BattleTech.UnityGameInstance::Update> (BattleTech.UnityGameInstance ) [0x00000] in <4184af8dbeb44635831353f4d349631c>:0 
[18:30:24.926]LoadRequest.TryCreateAndAddLoadRequest failed Icon SVGAsset
 manifest entry is null
   at System.Environment.get_StackTrace () [0x00000] in <d7ac571ca2d04b2f981d0d886fa067cf>:0 
  at CustomDeploy.LoadRequest_TryCreateAndAddLoadRequest.Postfix (BattleTech.Data.LoadRequest __instance, BattleTech.BattleTechResourceType resourceType, System.String resourceId, System.Boolean __result) [0x00000] in <cbe91c7f71cc4a868c01fe350e6ef8c2>:0 
  at BattleTech.Data.LoadRequest.DMD<BattleTech.Data.LoadRequest::TryCreateAndAddLoadRequest> (BattleTech.Data.LoadRequest , BattleTech.Data.LoadTracker& , BattleTech.BattleTechResourceType , System.String , System.Nullable`1[T] ) [0x00000] in <4184af8dbeb44635831353f4d349631c>:0 
  at BattleTech.Data.LoadRequest.AddBlindLoadRequestInternal (BattleTech.BattleTechResourceType resourceType, System.String resourceId, System.Boolean allowDuplicateInstantiation, System.Nullable`1[T] filterByOwnerShip) [0x00000] in <4184af8dbeb44635831353f4d349631c>:0 
  at BattleTech.Data.LoadRequest.AddBlindLoadRequest (BattleTech.BattleTechResourceType resourceType, System.String resourceId, System.Nullable`1[T] filterByOwnership) [0x00000] in <4184af8dbeb44635831353f4d349631c>:0 
  at BattleTech.Data.DataManager+DependencyLoadRequest.DMD<BattleTech.Data.DataManager+DependencyLoadRequest::RequestResource> (BattleTech.Data.DataManager+DependencyLoadRequest , BattleTech.BattleTechResourceType , System.String ) [0x00000] in <4184af8dbeb44635831353f4d349631c>:0 
  at BattleTech.MechComponentDef.DMD<BattleTech.MechComponentDef::GatherDependencies> (BattleTech.MechComponentDef , BattleTech.Data.DataManager , BattleTech.Data.DataManager+DependencyLoadRequest , System.UInt32 ) [0x00000] in <4184af8dbeb44635831353f4d349631c>:0 
  at BattleTech.Data.DataManager.RequestDependencies (BattleTech.Data.DataManager+FileLoadRequest loadRequest) [0x00000] in <4184af8dbeb44635831353f4d349631c>:0 
  at BattleTech.Data.DataManager+FileLoadRequest.TryLoadDependencies (BattleTech.Data.DataManager+ILoadDependencies dependencyLoader) [0x00000] in <4184af8dbeb44635831353f4d349631c>:0 
  at BattleTech.Data.DataManager+JsonLoadRequest`1[T].OnLoadedWithJSON (System.String json) [0x00000] in <4184af8dbeb44635831353f4d349631c>:0 
  at BattleTech.Data.DataManager+StringDataLoadRequest`1[T].DMD<BattleTech.Data.DataManager+StringDataLoadRequest`1[[BattleTech.WeaponDef, Assembly-CSharp, Version=0.0.0.0, Culture=neutral, PublicKeyToken=null]]::OnLoadedWithText> (BattleTech.Data.DataManager+StringDataLoadRequest`1[T] , System.String ) [0x00000] in <4184af8dbeb44635831353f4d349631c>:0 
  at HBS.Data.DataLoader+<>c__DisplayClass12_0.<LoadResource>b__0 (System.String _path, System.IO.Stream _stream) [0x00000] in <4184af8dbeb44635831353f4d349631c>:0 
  at HBS.Data.DataLoader.DMD<HBS.Data.DataLoader::CallHandler> (HBS.Data.DataLoader , System.String , System.Action`2[T1,T2] ) [0x00000] in <4184af8dbeb44635831353f4d349631c>:0 
  at HBS.Data.DataLoader.LoadResource (System.String path, System.Action`2[T1,T2] handler, System.Boolean monitor) [0x00000] in <4184af8dbeb44635831353f4d349631c>:0 
  at HBS.Data.DataLoader.LoadResource (System.String path, System.Action`1[T] handler, System.Boolean monitor) [0x00000] in <4184af8dbeb44635831353f4d349631c>:0 
  at HBS.Data.DataLoader.LoadResource (System.String path, System.Action`1[T] handler) [0x00000] in <4184af8dbeb44635831353f4d349631c>:0 
  at BattleTech.Data.DataManager+StringDataLoadRequest`1[T].Load () [0x00000] in <4184af8dbeb44635831353f4d349631c>:0 
  at CustomDeploy.DataManager_UpdateRequests.Prefix (BattleTech.Data.DataManager __instance) [0x00000] in <cbe91c7f71cc4a868c01fe350e6ef8c2>:0 
  at BattleTech.Data.DataManager.DMD<BattleTech.Data.DataManager::UpdateRequests> (BattleTech.Data.DataManager ) [0x00000] in <4184af8dbeb44635831353f4d349631c>:0 
  at BattleTech.Data.DataManager.Update (System.Single deltaTime) [0x00000] in <4184af8dbeb44635831353f4d349631c>:0 
  at BattleTech.GameInstance.Update (System.Single deltaTime) [0x00000] in <4184af8dbeb44635831353f4d349631c>:0 
  at BattleTech.UnityGameInstance.DMD<BattleTech.UnityGameInstance::Update> (BattleTech.UnityGameInstance ) [0x00000] in <4184af8dbeb44635831353f4d349631c>:0 
[18:30:24.928]LoadRequest.TryCreateAndAddLoadRequest failed Icon SVGAsset
 manifest entry is null
   at System.Environment.get_StackTrace () [0x00000] in <d7ac571ca2d04b2f981d0d886fa067cf>:0 
  at CustomDeploy.LoadRequest_TryCreateAndAddLoadRequest.Postfix (BattleTech.Data.LoadRequest __instance, BattleTech.BattleTechResourceType resourceType, System.String resourceId, System.Boolean __result) [0x00000] in <cbe91c7f71cc4a868c01fe350e6ef8c2>:0 
  at BattleTech.Data.LoadRequest.DMD<BattleTech.Data.LoadRequest::TryCreateAndAddLoadRequest> (BattleTech.Data.LoadRequest , BattleTech.Data.LoadTracker& , BattleTech.BattleTechResourceType , System.String , System.Nullable`1[T] ) [0x00000] in <4184af8dbeb44635831353f4d349631c>:0 
  at BattleTech.Data.LoadRequest.AddBlindLoadRequestInternal (BattleTech.BattleTechResourceType resourceType, System.String resourceId, System.Boolean allowDuplicateInstantiation, System.Nullable`1[T] filterByOwnerShip) [0x00000] in <4184af8dbeb44635831353f4d349631c>:0 
  at BattleTech.Data.LoadRequest.AddBlindLoadRequest (BattleTech.BattleTechResourceType resourceType, System.String resourceId, System.Nullable`1[T] filterByOwnership) [0x00000] in <4184af8dbeb44635831353f4d349631c>:0 
  at BattleTech.Data.DataManager+DependencyLoadRequest.DMD<BattleTech.Data.DataManager+DependencyLoadRequest::RequestResource> (BattleTech.Data.DataManager+DependencyLoadRequest , BattleTech.BattleTechResourceType , System.String ) [0x00000] in <4184af8dbeb44635831353f4d349631c>:0 
  at BattleTech.MechComponentDef.DMD<BattleTech.MechComponentDef::GatherDependencies> (BattleTech.MechComponentDef , BattleTech.Data.DataManager , BattleTech.Data.DataManager+DependencyLoadRequest , System.UInt32 ) [0x00000] in <4184af8dbeb44635831353f4d349631c>:0 
  at BattleTech.Data.DataManager.RequestDependencies (BattleTech.Data.DataManager+FileLoadRequest loadRequest) [0x00000] in <4184af8dbeb44635831353f4d349631c>:0 
  at BattleTech.Data.DataManager+FileLoadRequest.TryLoadDependencies (BattleTech.Data.DataManager+ILoadDependencies dependencyLoader) [0x00000] in <4184af8dbeb44635831353f4d349631c>:0 
  at BattleTech.Data.DataManager+JsonLoadRequest`1[T].OnLoadedWithJSON (System.String json) [0x00000] in <4184af8dbeb44635831353f4d349631c>:0 
  at BattleTech.Data.DataManager+StringDataLoadRequest`1[T].DMD<BattleTech.Data.DataManager+StringDataLoadRequest`1[[BattleTech.WeaponDef, Assembly-CSharp, Version=0.0.0.0, Culture=neutral, PublicKeyToken=null]]::OnLoadedWithText> (BattleTech.Data.DataManager+StringDataLoadRequest`1[T] , System.String ) [0x00000] in <4184af8dbeb44635831353f4d349631c>:0 
  at HBS.Data.DataLoader+<>c__DisplayClass12_0.<LoadResource>b__0 (System.String _path, System.IO.Stream _stream) [0x00000] in <4184af8dbeb44635831353f4d349631c>:0 
  at HBS.Data.DataLoader.DMD<HBS.Data.DataLoader::CallHandler> (HBS.Data.DataLoader , System.String , System.Action`2[T1,T2] ) [0x00000] in <4184af8dbeb44635831353f4d349631c>:0 
  at HBS.Data.DataLoader.LoadResource (System.String path, System.Action`2[T1,T2] handler, System.Boolean monitor) [0x00000] in <4184af8dbeb44635831353f4d349631c>:0 
  at HBS.Data.DataLoader.LoadResource (System.String path, System.Action`1[T] handler, System.Boolean monitor) [0x00000] in <4184af8dbeb44635831353f4d349631c>:0 
  at HBS.Data.DataLoader.LoadResource (System.String path, System.Action`1[T] handler) [0x00000] in <4184af8dbeb44635831353f4d349631c>:0 
  at BattleTech.Data.DataManager+StringDataLoadRequest`1[T].Load () [0x00000] in <4184af8dbeb44635831353f4d349631c>:0 
  at CustomDeploy.DataManager_UpdateRequests.Prefix (BattleTech.Data.DataManager __instance) [0x00000] in <cbe91c7f71cc4a868c01fe350e6ef8c2>:0 
  at BattleTech.Data.DataManager.DMD<BattleTech.Data.DataManager::UpdateRequests> (BattleTech.Data.DataManager ) [0x00000] in <4184af8dbeb44635831353f4d349631c>:0 
  at BattleTech.Data.DataManager.Update (System.Single deltaTime) [0x00000] in <4184af8dbeb44635831353f4d349631c>:0 
  at BattleTech.GameInstance.Update (System.Single deltaTime) [0x00000] in <4184af8dbeb44635831353f4d349631c>:0 
  at BattleTech.UnityGameInstance.DMD<BattleTech.UnityGameInstance::Update> (BattleTech.UnityGameInstance ) [0x00000] in <4184af8dbeb44635831353f4d349631c>:0 
[18:30:24.930]LoadRequest.TryCreateAndAddLoadRequest failed Icon SVGAsset
 manifest entry is null
   at System.Environment.get_StackTrace () [0x00000] in <d7ac571ca2d04b2f981d0d886fa067cf>:0 
  at CustomDeploy.LoadRequest_TryCreateAndAddLoadRequest.Postfix (BattleTech.Data.LoadRequest __instance, BattleTech.BattleTechResourceType resourceType, System.String resourceId, System.Boolean __result) [0x00000] in <cbe91c7f71cc4a868c01fe350e6ef8c2>:0 
  at BattleTech.Data.LoadRequest.DMD<BattleTech.Data.LoadRequest::TryCreateAndAddLoadRequest> (BattleTech.Data.LoadRequest , BattleTech.Data.LoadTracker& , BattleTech.BattleTechResourceType , System.String , System.Nullable`1[T] ) [0x00000] in <4184af8dbeb44635831353f4d349631c>:0 
  at BattleTech.Data.LoadRequest.AddBlindLoadRequestInternal (BattleTech.BattleTechResourceType resourceType, System.String resourceId, System.Boolean allowDuplicateInstantiation, System.Nullable`1[T] filterByOwnerShip) [0x00000] in <4184af8dbeb44635831353f4d349631c>:0 
  at BattleTech.Data.LoadRequest.AddBlindLoadRequest (BattleTech.BattleTechResourceType resourceType, System.String resourceId, System.Nullable`1[T] filterByOwnership) [0x00000] in <4184af8dbeb44635831353f4d349631c>:0 
  at BattleTech.Data.DataManager+DependencyLoadRequest.DMD<BattleTech.Data.DataManager+DependencyLoadRequest::RequestResource> (BattleTech.Data.DataManager+DependencyLoadRequest , BattleTech.BattleTechResourceType , System.String ) [0x00000] in <4184af8dbeb44635831353f4d349631c>:0 
  at BattleTech.MechComponentDef.DMD<BattleTech.MechComponentDef::GatherDependencies> (BattleTech.MechComponentDef , BattleTech.Data.DataManager , BattleTech.Data.DataManager+DependencyLoadRequest , System.UInt32 ) [0x00000] in <4184af8dbeb44635831353f4d349631c>:0 
  at BattleTech.Data.DataManager.RequestDependencies (BattleTech.Data.DataManager+FileLoadRequest loadRequest) [0x00000] in <4184af8dbeb44635831353f4d349631c>:0 
  at BattleTech.Data.DataManager+FileLoadRequest.TryLoadDependencies (BattleTech.Data.DataManager+ILoadDependencies dependencyLoader) [0x00000] in <4184af8dbeb44635831353f4d349631c>:0 
  at BattleTech.Data.DataManager+JsonLoadRequest`1[T].OnLoadedWithJSON (System.String json) [0x00000] in <4184af8dbeb44635831353f4d349631c>:0 
  at BattleTech.Data.DataManager+StringDataLoadRequest`1[T].DMD<BattleTech.Data.DataManager+StringDataLoadRequest`1[[BattleTech.WeaponDef, Assembly-CSharp, Version=0.0.0.0, Culture=neutral, PublicKeyToken=null]]::OnLoadedWithText> (BattleTech.Data.DataManager+StringDataLoadRequest`1[T] , System.String ) [0x00000] in <4184af8dbeb44635831353f4d349631c>:0 
  at HBS.Data.DataLoader+<>c__DisplayClass12_0.<LoadResource>b__0 (System.String _path, System.IO.Stream _stream) [0x00000] in <4184af8dbeb44635831353f4d349631c>:0 
  at HBS.Data.DataLoader.DMD<HBS.Data.DataLoader::CallHandler> (HBS.Data.DataLoader , System.String , System.Action`2[T1,T2] ) [0x00000] in <4184af8dbeb44635831353f4d349631c>:0 
  at HBS.Data.DataLoader.LoadResource (System.String path, System.Action`2[T1,T2] handler, System.Boolean monitor) [0x00000] in <4184af8dbeb44635831353f4d349631c>:0 
  at HBS.Data.DataLoader.LoadResource (System.String path, System.Action`1[T] handler, System.Boolean monitor) [0x00000] in <4184af8dbeb44635831353f4d349631c>:0 
  at HBS.Data.DataLoader.LoadResource (System.String path, System.Action`1[T] handler) [0x00000] in <4184af8dbeb44635831353f4d349631c>:0 
  at BattleTech.Data.DataManager+StringDataLoadRequest`1[T].Load () [0x00000] in <4184af8dbeb44635831353f4d349631c>:0 
  at CustomDeploy.DataManager_UpdateRequests.Prefix (BattleTech.Data.DataManager __instance) [0x00000] in <cbe91c7f71cc4a868c01fe350e6ef8c2>:0 
  at BattleTech.Data.DataManager.DMD<BattleTech.Data.DataManager::UpdateRequests> (BattleTech.Data.DataManager ) [0x00000] in <4184af8dbeb44635831353f4d349631c>:0 
  at BattleTech.Data.DataManager.Update (System.Single deltaTime) [0x00000] in <4184af8dbeb44635831353f4d349631c>:0 
  at BattleTech.GameInstance.Update (System.Single deltaTime) [0x00000] in <4184af8dbeb44635831353f4d349631c>:0 
  at BattleTech.UnityGameInstance.DMD<BattleTech.UnityGameInstance::Update> (BattleTech.UnityGameInstance ) [0x00000] in <4184af8dbeb44635831353f4d349631c>:0 
[18:30:24.978]LoadRequest.TryCreateAndAddLoadRequest failed AbilityDef_EWS_Ping AbilityDef
 manifest entry is null
   at System.Environment.get_StackTrace () [0x00000] in <d7ac571ca2d04b2f981d0d886fa067cf>:0 
  at CustomDeploy.LoadRequest_TryCreateAndAddLoadRequest.Postfix (BattleTech.Data.LoadRequest __instance, BattleTech.BattleTechResourceType resourceType, System.String resourceId, System.Boolean __result) [0x00000] in <cbe91c7f71cc4a868c01fe350e6ef8c2>:0 
  at BattleTech.Data.LoadRequest.DMD<BattleTech.Data.LoadRequest::TryCreateAndAddLoadRequest> (BattleTech.Data.LoadRequest , BattleTech.Data.LoadTracker& , BattleTech.BattleTechResourceType , System.String , System.Nullable`1[T] ) [0x00000] in <4184af8dbeb44635831353f4d349631c>:0 
  at BattleTech.Data.LoadRequest.AddBlindLoadRequestInternal (BattleTech.BattleTechResourceType resourceType, System.String resourceId, System.Boolean allowDuplicateInstantiation, System.Nullable`1[T] filterByOwnerShip) [0x00000] in <4184af8dbeb44635831353f4d349631c>:0 
  at BattleTech.Data.LoadRequest.AddBlindLoadRequest (BattleTech.BattleTechResourceType resourceType, System.String resourceId, System.Nullable`1[T] filterByOwnership) [0x00000] in <4184af8dbeb44635831353f4d349631c>:0 
  at BattleTech.Data.DataManager+DependencyLoadRequest.DMD<BattleTech.Data.DataManager+DependencyLoadRequest::RequestResource> (BattleTech.Data.DataManager+DependencyLoadRequest , BattleTech.BattleTechResourceType , System.String ) [0x00000] in <4184af8dbeb44635831353f4d349631c>:0 
  at BattleTech.MechComponentDef.DMD<BattleTech.MechComponentDef::GatherDependencies> (BattleTech.MechComponentDef , BattleTech.Data.DataManager , BattleTech.Data.DataManager+DependencyLoadRequest , System.UInt32 ) [0x00000] in <4184af8dbeb44635831353f4d349631c>:0 
  at BattleTech.Data.DataManager.RequestDependencies (BattleTech.Data.DataManager+FileLoadRequest loadRequest) [0x00000] in <4184af8dbeb44635831353f4d349631c>:0 
  at BattleTech.Data.DataManager+FileLoadRequest.TryLoadDependencies (BattleTech.Data.DataManager+ILoadDependencies dependencyLoader) [0x00000] in <4184af8dbeb44635831353f4d349631c>:0 
  at BattleTech.Data.DataManager+JsonLoadRequest`1[T].OnLoadedWithJSON (System.String json) [0x00000] in <4184af8dbeb44635831353f4d349631c>:0 
  at BattleTech.Data.DataManager+StringDataLoadRequest`1[T].DMD<BattleTech.Data.DataManager+StringDataLoadRequest`1[[BattleTech.WeaponDef, Assembly-CSharp, Version=0.0.0.0, Culture=neutral, PublicKeyToken=null]]::OnLoadedWithText> (BattleTech.Data.DataManager+StringDataLoadRequest`1[T] , System.String ) [0x00000] in <4184af8dbeb44635831353f4d349631c>:0 
  at HBS.Data.DataLoader+<>c__DisplayClass12_0.<LoadResource>b__0 (System.String _path, System.IO.Stream _stream) [0x00000] in <4184af8dbeb44635831353f4d349631c>:0 
  at HBS.Data.DataLoader.DMD<HBS.Data.DataLoader::CallHandler> (HBS.Data.DataLoader , System.String , System.Action`2[T1,T2] ) [0x00000] in <4184af8dbeb44635831353f4d349631c>:0 
  at HBS.Data.DataLoader.LoadResource (System.String path, System.Action`2[T1,T2] handler, System.Boolean monitor) [0x00000] in <4184af8dbeb44635831353f4d349631c>:0 
  at HBS.Data.DataLoader.LoadResource (System.String path, System.Action`1[T] handler, System.Boolean monitor) [0x00000] in <4184af8dbeb44635831353f4d349631c>:0 
  at HBS.Data.DataLoader.LoadResource (System.String path, System.Action`1[T] handler) [0x00000] in <4184af8dbeb44635831353f4d349631c>:0 
  at BattleTech.Data.DataManager+StringDataLoadRequest`1[T].Load () [0x00000] in <4184af8dbeb44635831353f4d349631c>:0 
  at CustomDeploy.DataManager_UpdateRequests.Prefix (BattleTech.Data.DataManager __instance) [0x00000] in <cbe91c7f71cc4a868c01fe350e6ef8c2>:0 
  at BattleTech.Data.DataManager.DMD<BattleTech.Data.DataManager::UpdateRequests> (BattleTech.Data.DataManager ) [0x00000] in <4184af8dbeb44635831353f4d349631c>:0 
  at BattleTech.Data.DataManager.Update (System.Single deltaTime) [0x00000] in <4184af8dbeb44635831353f4d349631c>:0 
  at BattleTech.GameInstance.Update (System.Single deltaTime) [0x00000] in <4184af8dbeb44635831353f4d349631c>:0 
  at BattleTech.UnityGameInstance.DMD<BattleTech.UnityGameInstance::Update> (BattleTech.UnityGameInstance ) [0x00000] in <4184af8dbeb44635831353f4d349631c>:0 
[18:30:25.078]LoadRequest.TryCreateAndAddLoadRequest failed broadsword SVGAsset
 manifest entry is null
   at System.Environment.get_StackTrace () [0x00000] in <d7ac571ca2d04b2f981d0d886fa067cf>:0 
  at CustomDeploy.LoadRequest_TryCreateAndAddLoadRequest.Postfix (BattleTech.Data.LoadRequest __instance, BattleTech.BattleTechResourceType resourceType, System.String resourceId, System.Boolean __result) [0x00000] in <cbe91c7f71cc4a868c01fe350e6ef8c2>:0 
  at BattleTech.Data.LoadRequest.DMD<BattleTech.Data.LoadRequest::TryCreateAndAddLoadRequest> (BattleTech.Data.LoadRequest , BattleTech.Data.LoadTracker& , BattleTech.BattleTechResourceType , System.String , System.Nullable`1[T] ) [0x00000] in <4184af8dbeb44635831353f4d349631c>:0 
  at BattleTech.Data.LoadRequest.AddBlindLoadRequestInternal (BattleTech.BattleTechResourceType resourceType, System.String resourceId, System.Boolean allowDuplicateInstantiation, System.Nullable`1[T] filterByOwnerShip) [0x00000] in <4184af8dbeb44635831353f4d349631c>:0 
  at BattleTech.Data.LoadRequest.AddBlindLoadRequest (BattleTech.BattleTechResourceType resourceType, System.String resourceId, System.Nullable`1[T] filterByOwnership) [0x00000] in <4184af8dbeb44635831353f4d349631c>:0 
  at BattleTech.Data.DataManager+DependencyLoadRequest.DMD<BattleTech.Data.DataManager+DependencyLoadRequest::RequestResource> (BattleTech.Data.DataManager+DependencyLoadRequest , BattleTech.BattleTechResourceType , System.String ) [0x00000] in <4184af8dbeb44635831353f4d349631c>:0 
  at BattleTech.MechComponentDef.DMD<BattleTech.MechComponentDef::GatherDependencies> (BattleTech.MechComponentDef , BattleTech.Data.DataManager , BattleTech.Data.DataManager+DependencyLoadRequest , System.UInt32 ) [0x00000] in <4184af8dbeb44635831353f4d349631c>:0 
  at BattleTech.Data.DataManager.RequestDependencies (BattleTech.Data.DataManager+FileLoadRequest loadRequest) [0x00000] in <4184af8dbeb44635831353f4d349631c>:0 
  at BattleTech.Data.DataManager+FileLoadRequest.TryLoadDependencies (BattleTech.Data.DataManager+ILoadDependencies dependencyLoader) [0x00000] in <4184af8dbeb44635831353f4d349631c>:0 
  at BattleTech.Data.DataManager+JsonLoadRequest`1[T].OnLoadedWithJSON (System.String json) [0x00000] in <4184af8dbeb44635831353f4d349631c>:0 
  at BattleTech.Data.DataManager+StringDataLoadRequest`1[T].DMD<BattleTech.Data.DataManager+StringDataLoadRequest`1[[BattleTech.WeaponDef, Assembly-CSharp, Version=0.0.0.0, Culture=neutral, PublicKeyToken=null]]::OnLoadedWithText> (BattleTech.Data.DataManager+StringDataLoadRequest`1[T] , System.String ) [0x00000] in <4184af8dbeb44635831353f4d349631c>:0 
  at HBS.Data.DataLoader+<>c__DisplayClass12_0.<LoadResource>b__0 (System.String _path, System.IO.Stream _stream) [0x00000] in <4184af8dbeb44635831353f4d349631c>:0 
  at HBS.Data.DataLoader.DMD<HBS.Data.DataLoader::CallHandler> (HBS.Data.DataLoader , System.String , System.Action`2[T1,T2] ) [0x00000] in <4184af8dbeb44635831353f4d349631c>:0 
  at HBS.Data.DataLoader.LoadResource (System.String path, System.Action`2[T1,T2] handler, System.Boolean monitor) [0x00000] in <4184af8dbeb44635831353f4d349631c>:0 
  at HBS.Data.DataLoader.LoadResource (System.String path, System.Action`1[T] handler, System.Boolean monitor) [0x00000] in <4184af8dbeb44635831353f4d349631c>:0 
  at HBS.Data.DataLoader.LoadResource (System.String path, System.Action`1[T] handler) [0x00000] in <4184af8dbeb44635831353f4d349631c>:0 
  at BattleTech.Data.DataManager+StringDataLoadRequest`1[T].Load () [0x00000] in <4184af8dbeb44635831353f4d349631c>:0 
  at CustomDeploy.DataManager_UpdateRequests.Prefix (BattleTech.Data.DataManager __instance) [0x00000] in <cbe91c7f71cc4a868c01fe350e6ef8c2>:0 
  at BattleTech.Data.DataManager.DMD<BattleTech.Data.DataManager::UpdateRequests> (BattleTech.Data.DataManager ) [0x00000] in <4184af8dbeb44635831353f4d349631c>:0 
  at BattleTech.Data.DataManager.Update (System.Single deltaTime) [0x00000] in <4184af8dbeb44635831353f4d349631c>:0 
  at BattleTech.GameInstance.Update (System.Single deltaTime) [0x00000] in <4184af8dbeb44635831353f4d349631c>:0 
  at BattleTech.UnityGameInstance.DMD<BattleTech.UnityGameInstance::Update> (BattleTech.UnityGameInstance ) [0x00000] in <4184af8dbeb44635831353f4d349631c>:0 
[18:30:25.079]LoadRequest.TryCreateAndAddLoadRequest failed broadsword SVGAsset
 manifest entry is null
   at System.Environment.get_StackTrace () [0x00000] in <d7ac571ca2d04b2f981d0d886fa067cf>:0 
  at CustomDeploy.LoadRequest_TryCreateAndAddLoadRequest.Postfix (BattleTech.Data.LoadRequest __instance, BattleTech.BattleTechResourceType resourceType, System.String resourceId, System.Boolean __result) [0x00000] in <cbe91c7f71cc4a868c01fe350e6ef8c2>:0 
  at BattleTech.Data.LoadRequest.DMD<BattleTech.Data.LoadRequest::TryCreateAndAddLoadRequest> (BattleTech.Data.LoadRequest , BattleTech.Data.LoadTracker& , BattleTech.BattleTechResourceType , System.String , System.Nullable`1[T] ) [0x00000] in <4184af8dbeb44635831353f4d349631c>:0 
  at BattleTech.Data.LoadRequest.AddBlindLoadRequestInternal (BattleTech.BattleTechResourceType resourceType, System.String resourceId, System.Boolean allowDuplicateInstantiation, System.Nullable`1[T] filterByOwnerShip) [0x00000] in <4184af8dbeb44635831353f4d349631c>:0 
  at BattleTech.Data.LoadRequest.AddBlindLoadRequest (BattleTech.BattleTechResourceType resourceType, System.String resourceId, System.Nullable`1[T] filterByOwnership) [0x00000] in <4184af8dbeb44635831353f4d349631c>:0 
  at BattleTech.Data.DataManager+DependencyLoadRequest.DMD<BattleTech.Data.DataManager+DependencyLoadRequest::RequestResource> (BattleTech.Data.DataManager+DependencyLoadRequest , BattleTech.BattleTechResourceType , System.String ) [0x00000] in <4184af8dbeb44635831353f4d349631c>:0 
  at BattleTech.MechComponentDef.DMD<BattleTech.MechComponentDef::GatherDependencies> (BattleTech.MechComponentDef , BattleTech.Data.DataManager , BattleTech.Data.DataManager+DependencyLoadRequest , System.UInt32 ) [0x00000] in <4184af8dbeb44635831353f4d349631c>:0 
  at BattleTech.Data.DataManager.RequestDependencies (BattleTech.Data.DataManager+FileLoadRequest loadRequest) [0x00000] in <4184af8dbeb44635831353f4d349631c>:0 
  at BattleTech.Data.DataManager+FileLoadRequest.TryLoadDependencies (BattleTech.Data.DataManager+ILoadDependencies dependencyLoader) [0x00000] in <4184af8dbeb44635831353f4d349631c>:0 
  at BattleTech.Data.DataManager+JsonLoadRequest`1[T].OnLoadedWithJSON (System.String json) [0x00000] in <4184af8dbeb44635831353f4d349631c>:0 
  at BattleTech.Data.DataManager+StringDataLoadRequest`1[T].DMD<BattleTech.Data.DataManager+StringDataLoadRequest`1[[BattleTech.WeaponDef, Assembly-CSharp, Version=0.0.0.0, Culture=neutral, PublicKeyToken=null]]::OnLoadedWithText> (BattleTech.Data.DataManager+StringDataLoadRequest`1[T] , System.String ) [0x00000] in <4184af8dbeb44635831353f4d349631c>:0 
  at HBS.Data.DataLoader+<>c__DisplayClass12_0.<LoadResource>b__0 (System.String _path, System.IO.Stream _stream) [0x00000] in <4184af8dbeb44635831353f4d349631c>:0 
  at HBS.Data.DataLoader.DMD<HBS.Data.DataLoader::CallHandler> (HBS.Data.DataLoader , System.String , System.Action`2[T1,T2] ) [0x00000] in <4184af8dbeb44635831353f4d349631c>:0 
  at HBS.Data.DataLoader.LoadResource (System.String path, System.Action`2[T1,T2] handler, System.Boolean monitor) [0x00000] in <4184af8dbeb44635831353f4d349631c>:0 
  at HBS.Data.DataLoader.LoadResource (System.String path, System.Action`1[T] handler, System.Boolean monitor) [0x00000] in <4184af8dbeb44635831353f4d349631c>:0 
  at HBS.Data.DataLoader.LoadResource (System.String path, System.Action`1[T] handler) [0x00000] in <4184af8dbeb44635831353f4d349631c>:0 
  at BattleTech.Data.DataManager+StringDataLoadRequest`1[T].Load () [0x00000] in <4184af8dbeb44635831353f4d349631c>:0 
  at CustomDeploy.DataManager_UpdateRequests.Prefix (BattleTech.Data.DataManager __instance) [0x00000] in <cbe91c7f71cc4a868c01fe350e6ef8c2>:0 
  at BattleTech.Data.DataManager.DMD<BattleTech.Data.DataManager::UpdateRequests> (BattleTech.Data.DataManager ) [0x00000] in <4184af8dbeb44635831353f4d349631c>:0 
  at BattleTech.Data.DataManager.Update (System.Single deltaTime) [0x00000] in <4184af8dbeb44635831353f4d349631c>:0 
  at BattleTech.GameInstance.Update (System.Single deltaTime) [0x00000] in <4184af8dbeb44635831353f4d349631c>:0 
  at BattleTech.UnityGameInstance.DMD<BattleTech.UnityGameInstance::Update> (BattleTech.UnityGameInstance ) [0x00000] in <4184af8dbeb44635831353f4d349631c>:0 
[18:30:25.434]LoadRequest.TryCreateAndAddLoadRequest failed Ammunition_LAC2 AmmunitionDef
 manifest entry is null
   at System.Environment.get_StackTrace () [0x00000] in <d7ac571ca2d04b2f981d0d886fa067cf>:0 
  at CustomDeploy.LoadRequest_TryCreateAndAddLoadRequest.Postfix (BattleTech.Data.LoadRequest __instance, BattleTech.BattleTechResourceType resourceType, System.String resourceId, System.Boolean __result) [0x00000] in <cbe91c7f71cc4a868c01fe350e6ef8c2>:0 
  at BattleTech.Data.LoadRequest.DMD<BattleTech.Data.LoadRequest::TryCreateAndAddLoadRequest> (BattleTech.Data.LoadRequest , BattleTech.Data.LoadTracker& , BattleTech.BattleTechResourceType , System.String , System.Nullable`1[T] ) [0x00000] in <4184af8dbeb44635831353f4d349631c>:0 
  at BattleTech.Data.LoadRequest.AddBlindLoadRequestInternal (BattleTech.BattleTechResourceType resourceType, System.String resourceId, System.Boolean allowDuplicateInstantiation, System.Nullable`1[T] filterByOwnerShip) [0x00000] in <4184af8dbeb44635831353f4d349631c>:0 
  at BattleTech.Data.LoadRequest.AddBlindLoadRequest (BattleTech.BattleTechResourceType resourceType, System.String resourceId, System.Nullable`1[T] filterByOwnership) [0x00000] in <4184af8dbeb44635831353f4d349631c>:0 
  at BattleTech.Data.DataManager+DependencyLoadRequest.DMD<BattleTech.Data.DataManager+DependencyLoadRequest::RequestResource> (BattleTech.Data.DataManager+DependencyLoadRequest , BattleTech.BattleTechResourceType , System.String ) [0x00000] in <4184af8dbeb44635831353f4d349631c>:0 
  at CustAmmoCategoriesPatches.WeaponDef_GatherDependencies.Prefix (System.Boolean& __runOriginal, BattleTech.WeaponDef __instance, BattleTech.Data.DataManager dataManager, BattleTech.Data.DataManager+DependencyLoadRequest dependencyLoad, System.UInt32 activeRequestWeight) [0x00000] in <f38a3581bc004818a5b10e9dc473864f>:0 
  at BattleTech.WeaponDef.DMD<BattleTech.WeaponDef::GatherDependencies> (BattleTech.WeaponDef , BattleTech.Data.DataManager , BattleTech.Data.DataManager+DependencyLoadRequest , System.UInt32 ) [0x00000] in <4184af8dbeb44635831353f4d349631c>:0 
  at BattleTech.Data.DataManager.RequestDependencies (BattleTech.Data.DataManager+FileLoadRequest loadRequest) [0x00000] in <4184af8dbeb44635831353f4d349631c>:0 
  at BattleTech.Data.DataManager+FileLoadRequest.TryLoadDependencies (BattleTech.Data.DataManager+ILoadDependencies dependencyLoader) [0x00000] in <4184af8dbeb44635831353f4d349631c>:0 
  at BattleTech.Data.DataManager+ResourceLoadRequest`1[T].DMD<BattleTech.Data.DataManager+ResourceLoadRequest`1[[SVGImporter.SVGAsset, Assembly-CSharp-firstpass, Version=0.0.0.0, Culture=neutral, PublicKeyToken=null]]::Load> (BattleTech.Data.DataManager+ResourceLoadRequest`1[T] ) [0x00000] in <4184af8dbeb44635831353f4d349631c>:0 
  at BattleTech.Data.DataManager+StringDataLoadRequest`1[T].Load () [0x00000] in <4184af8dbeb44635831353f4d349631c>:0 
  at CustomDeploy.DataManager_UpdateRequests.Prefix (BattleTech.Data.DataManager __instance) [0x00000] in <cbe91c7f71cc4a868c01fe350e6ef8c2>:0 
  at BattleTech.Data.DataManager.DMD<BattleTech.Data.DataManager::UpdateRequests> (BattleTech.Data.DataManager ) [0x00000] in <4184af8dbeb44635831353f4d349631c>:0 
  at BattleTech.Data.DataManager.Update (System.Single deltaTime) [0x00000] in <4184af8dbeb44635831353f4d349631c>:0 
  at BattleTech.GameInstance.Update (System.Single deltaTime) [0x00000] in <4184af8dbeb44635831353f4d349631c>:0 
  at BattleTech.UnityGameInstance.DMD<BattleTech.UnityGameInstance::Update> (BattleTech.UnityGameInstance ) [0x00000] in <4184af8dbeb44635831353f4d349631c>:0 
[18:30:25.435]LoadRequest.TryCreateAndAddLoadRequest failed Ammunition_LAC5 AmmunitionDef
 manifest entry is null
   at System.Environment.get_StackTrace () [0x00000] in <d7ac571ca2d04b2f981d0d886fa067cf>:0 
  at CustomDeploy.LoadRequest_TryCreateAndAddLoadRequest.Postfix (BattleTech.Data.LoadRequest __instance, BattleTech.BattleTechResourceType resourceType, System.String resourceId, System.Boolean __result) [0x00000] in <cbe91c7f71cc4a868c01fe350e6ef8c2>:0 
  at BattleTech.Data.LoadRequest.DMD<BattleTech.Data.LoadRequest::TryCreateAndAddLoadRequest> (BattleTech.Data.LoadRequest , BattleTech.Data.LoadTracker& , BattleTech.BattleTechResourceType , System.String , System.Nullable`1[T] ) [0x00000] in <4184af8dbeb44635831353f4d349631c>:0 
  at BattleTech.Data.LoadRequest.AddBlindLoadRequestInternal (BattleTech.BattleTechResourceType resourceType, System.String resourceId, System.Boolean allowDuplicateInstantiation, System.Nullable`1[T] filterByOwnerShip) [0x00000] in <4184af8dbeb44635831353f4d349631c>:0 
  at BattleTech.Data.LoadRequest.AddBlindLoadRequest (BattleTech.BattleTechResourceType resourceType, System.String resourceId, System.Nullable`1[T] filterByOwnership) [0x00000] in <4184af8dbeb44635831353f4d349631c>:0 
  at BattleTech.Data.DataManager+DependencyLoadRequest.DMD<BattleTech.Data.DataManager+DependencyLoadRequest::RequestResource> (BattleTech.Data.DataManager+DependencyLoadRequest , BattleTech.BattleTechResourceType , System.String ) [0x00000] in <4184af8dbeb44635831353f4d349631c>:0 
  at CustAmmoCategoriesPatches.WeaponDef_GatherDependencies.Prefix (System.Boolean& __runOriginal, BattleTech.WeaponDef __instance, BattleTech.Data.DataManager dataManager, BattleTech.Data.DataManager+DependencyLoadRequest dependencyLoad, System.UInt32 activeRequestWeight) [0x00000] in <f38a3581bc004818a5b10e9dc473864f>:0 
  at BattleTech.WeaponDef.DMD<BattleTech.WeaponDef::GatherDependencies> (BattleTech.WeaponDef , BattleTech.Data.DataManager , BattleTech.Data.DataManager+DependencyLoadRequest , System.UInt32 ) [0x00000] in <4184af8dbeb44635831353f4d349631c>:0 
  at BattleTech.Data.DataManager.RequestDependencies (BattleTech.Data.DataManager+FileLoadRequest loadRequest) [0x00000] in <4184af8dbeb44635831353f4d349631c>:0 
  at BattleTech.Data.DataManager+FileLoadRequest.TryLoadDependencies (BattleTech.Data.DataManager+ILoadDependencies dependencyLoader) [0x00000] in <4184af8dbeb44635831353f4d349631c>:0 
  at BattleTech.Data.DataManager+ResourceLoadRequest`1[T].DMD<BattleTech.Data.DataManager+ResourceLoadRequest`1[[SVGImporter.SVGAsset, Assembly-CSharp-firstpass, Version=0.0.0.0, Culture=neutral, PublicKeyToken=null]]::Load> (BattleTech.Data.DataManager+ResourceLoadRequest`1[T] ) [0x00000] in <4184af8dbeb44635831353f4d349631c>:0 
  at BattleTech.Data.DataManager+StringDataLoadRequest`1[T].Load () [0x00000] in <4184af8dbeb44635831353f4d349631c>:0 
  at CustomDeploy.DataManager_UpdateRequests.Prefix (BattleTech.Data.DataManager __instance) [0x00000] in <cbe91c7f71cc4a868c01fe350e6ef8c2>:0 
  at BattleTech.Data.DataManager.DMD<BattleTech.Data.DataManager::UpdateRequests> (BattleTech.Data.DataManager ) [0x00000] in <4184af8dbeb44635831353f4d349631c>:0 
  at BattleTech.Data.DataManager.Update (System.Single deltaTime) [0x00000] in <4184af8dbeb44635831353f4d349631c>:0 
  at BattleTech.GameInstance.Update (System.Single deltaTime) [0x00000] in <4184af8dbeb44635831353f4d349631c>:0 
  at BattleTech.UnityGameInstance.DMD<BattleTech.UnityGameInstance::Update> (BattleTech.UnityGameInstance ) [0x00000] in <4184af8dbeb44635831353f4d349631c>:0 
[18:30:25.437]LoadRequest.TryCreateAndAddLoadRequest failed Ammunition_Gauss(C) AmmunitionDef
 manifest entry is null
   at System.Environment.get_StackTrace () [0x00000] in <d7ac571ca2d04b2f981d0d886fa067cf>:0 
  at CustomDeploy.LoadRequest_TryCreateAndAddLoadRequest.Postfix (BattleTech.Data.LoadRequest __instance, BattleTech.BattleTechResourceType resourceType, System.String resourceId, System.Boolean __result) [0x00000] in <cbe91c7f71cc4a868c01fe350e6ef8c2>:0 
  at BattleTech.Data.LoadRequest.DMD<BattleTech.Data.LoadRequest::TryCreateAndAddLoadRequest> (BattleTech.Data.LoadRequest , BattleTech.Data.LoadTracker& , BattleTech.BattleTechResourceType , System.String , System.Nullable`1[T] ) [0x00000] in <4184af8dbeb44635831353f4d349631c>:0 
  at BattleTech.Data.LoadRequest.AddBlindLoadRequestInternal (BattleTech.BattleTechResourceType resourceType, System.String resourceId, System.Boolean allowDuplicateInstantiation, System.Nullable`1[T] filterByOwnerShip) [0x00000] in <4184af8dbeb44635831353f4d349631c>:0 
  at BattleTech.Data.LoadRequest.AddBlindLoadRequest (BattleTech.BattleTechResourceType resourceType, System.String resourceId, System.Nullable`1[T] filterByOwnership) [0x00000] in <4184af8dbeb44635831353f4d349631c>:0 
  at BattleTech.Data.DataManager+DependencyLoadRequest.DMD<BattleTech.Data.DataManager+DependencyLoadRequest::RequestResource> (BattleTech.Data.DataManager+DependencyLoadRequest , BattleTech.BattleTechResourceType , System.String ) [0x00000] in <4184af8dbeb44635831353f4d349631c>:0 
  at CustAmmoCategoriesPatches.WeaponDef_GatherDependencies.Prefix (System.Boolean& __runOriginal, BattleTech.WeaponDef __instance, BattleTech.Data.DataManager dataManager, BattleTech.Data.DataManager+DependencyLoadRequest dependencyLoad, System.UInt32 activeRequestWeight) [0x00000] in <f38a3581bc004818a5b10e9dc473864f>:0 
  at BattleTech.WeaponDef.DMD<BattleTech.WeaponDef::GatherDependencies> (BattleTech.WeaponDef , BattleTech.Data.DataManager , BattleTech.Data.DataManager+DependencyLoadRequest , System.UInt32 ) [0x00000] in <4184af8dbeb44635831353f4d349631c>:0 
  at BattleTech.Data.DataManager.RequestDependencies (BattleTech.Data.DataManager+FileLoadRequest loadRequest) [0x00000] in <4184af8dbeb44635831353f4d349631c>:0 
  at BattleTech.Data.DataManager+FileLoadRequest.TryLoadDependencies (BattleTech.Data.DataManager+ILoadDependencies dependencyLoader) [0x00000] in <4184af8dbeb44635831353f4d349631c>:0 
  at BattleTech.Data.DataManager+ResourceLoadRequest`1[T].DMD<BattleTech.Data.DataManager+ResourceLoadRequest`1[[SVGImporter.SVGAsset, Assembly-CSharp-firstpass, Version=0.0.0.0, Culture=neutral, PublicKeyToken=null]]::Load> (BattleTech.Data.DataManager+ResourceLoadRequest`1[T] ) [0x00000] in <4184af8dbeb44635831353f4d349631c>:0 
  at BattleTech.Data.DataManager+StringDataLoadRequest`1[T].Load () [0x00000] in <4184af8dbeb44635831353f4d349631c>:0 
  at CustomDeploy.DataManager_UpdateRequests.Prefix (BattleTech.Data.DataManager __instance) [0x00000] in <cbe91c7f71cc4a868c01fe350e6ef8c2>:0 
  at BattleTech.Data.DataManager.DMD<BattleTech.Data.DataManager::UpdateRequests> (BattleTech.Data.DataManager ) [0x00000] in <4184af8dbeb44635831353f4d349631c>:0 
  at BattleTech.Data.DataManager.Update (System.Single deltaTime) [0x00000] in <4184af8dbeb44635831353f4d349631c>:0 
  at BattleTech.GameInstance.Update (System.Single deltaTime) [0x00000] in <4184af8dbeb44635831353f4d349631c>:0 
  at BattleTech.UnityGameInstance.DMD<BattleTech.UnityGameInstance::Update> (BattleTech.UnityGameInstance ) [0x00000] in <4184af8dbeb44635831353f4d349631c>:0 
[18:30:25.443]LoadRequest.TryCreateAndAddLoadRequest failed Ammunition_ATM AmmunitionDef
 manifest entry is null
   at System.Environment.get_StackTrace () [0x00000] in <d7ac571ca2d04b2f981d0d886fa067cf>:0 
  at CustomDeploy.LoadRequest_TryCreateAndAddLoadRequest.Postfix (BattleTech.Data.LoadRequest __instance, BattleTech.BattleTechResourceType resourceType, System.String resourceId, System.Boolean __result) [0x00000] in <cbe91c7f71cc4a868c01fe350e6ef8c2>:0 
  at BattleTech.Data.LoadRequest.DMD<BattleTech.Data.LoadRequest::TryCreateAndAddLoadRequest> (BattleTech.Data.LoadRequest , BattleTech.Data.LoadTracker& , BattleTech.BattleTechResourceType , System.String , System.Nullable`1[T] ) [0x00000] in <4184af8dbeb44635831353f4d349631c>:0 
  at BattleTech.Data.LoadRequest.AddBlindLoadRequestInternal (BattleTech.BattleTechResourceType resourceType, System.String resourceId, System.Boolean allowDuplicateInstantiation, System.Nullable`1[T] filterByOwnerShip) [0x00000] in <4184af8dbeb44635831353f4d349631c>:0 
  at BattleTech.Data.LoadRequest.AddBlindLoadRequest (BattleTech.BattleTechResourceType resourceType, System.String resourceId, System.Nullable`1[T] filterByOwnership) [0x00000] in <4184af8dbeb44635831353f4d349631c>:0 
  at BattleTech.Data.DataManager+DependencyLoadRequest.DMD<BattleTech.Data.DataManager+DependencyLoadRequest::RequestResource> (BattleTech.Data.DataManager+DependencyLoadRequest , BattleTech.BattleTechResourceType , System.String ) [0x00000] in <4184af8dbeb44635831353f4d349631c>:0 
  at CustAmmoCategoriesPatches.WeaponDef_GatherDependencies.Prefix (System.Boolean& __runOriginal, BattleTech.WeaponDef __instance, BattleTech.Data.DataManager dataManager, BattleTech.Data.DataManager+DependencyLoadRequest dependencyLoad, System.UInt32 activeRequestWeight) [0x00000] in <f38a3581bc004818a5b10e9dc473864f>:0 
  at BattleTech.WeaponDef.DMD<BattleTech.WeaponDef::GatherDependencies> (BattleTech.WeaponDef , BattleTech.Data.DataManager , BattleTech.Data.DataManager+DependencyLoadRequest , System.UInt32 ) [0x00000] in <4184af8dbeb44635831353f4d349631c>:0 
  at BattleTech.Data.DataManager.RequestDependencies (BattleTech.Data.DataManager+FileLoadRequest loadRequest) [0x00000] in <4184af8dbeb44635831353f4d349631c>:0 
  at BattleTech.Data.DataManager+FileLoadRequest.TryLoadDependencies (BattleTech.Data.DataManager+ILoadDependencies dependencyLoader) [0x00000] in <4184af8dbeb44635831353f4d349631c>:0 
  at BattleTech.Data.DataManager+ResourceLoadRequest`1[T].DMD<BattleTech.Data.DataManager+ResourceLoadRequest`1[[SVGImporter.SVGAsset, Assembly-CSharp-firstpass, Version=0.0.0.0, Culture=neutral, PublicKeyToken=null]]::Load> (BattleTech.Data.DataManager+ResourceLoadRequest`1[T] ) [0x00000] in <4184af8dbeb44635831353f4d349631c>:0 
  at BattleTech.Data.DataManager+StringDataLoadRequest`1[T].Load () [0x00000] in <4184af8dbeb44635831353f4d349631c>:0 
  at CustomDeploy.DataManager_UpdateRequests.Prefix (BattleTech.Data.DataManager __instance) [0x00000] in <cbe91c7f71cc4a868c01fe350e6ef8c2>:0 
  at BattleTech.Data.DataManager.DMD<BattleTech.Data.DataManager::UpdateRequests> (BattleTech.Data.DataManager ) [0x00000] in <4184af8dbeb44635831353f4d349631c>:0 
  at BattleTech.Data.DataManager.Update (System.Single deltaTime) [0x00000] in <4184af8dbeb44635831353f4d349631c>:0 
  at BattleTech.GameInstance.Update (System.Single deltaTime) [0x00000] in <4184af8dbeb44635831353f4d349631c>:0 
  at BattleTech.UnityGameInstance.DMD<BattleTech.UnityGameInstance::Update> (BattleTech.UnityGameInstance ) [0x00000] in <4184af8dbeb44635831353f4d349631c>:0 
[18:30:25.444]LoadRequest.TryCreateAndAddLoadRequest failed Ammunition_ATM AmmunitionDef
 manifest entry is null
   at System.Environment.get_StackTrace () [0x00000] in <d7ac571ca2d04b2f981d0d886fa067cf>:0 
  at CustomDeploy.LoadRequest_TryCreateAndAddLoadRequest.Postfix (BattleTech.Data.LoadRequest __instance, BattleTech.BattleTechResourceType resourceType, System.String resourceId, System.Boolean __result) [0x00000] in <cbe91c7f71cc4a868c01fe350e6ef8c2>:0 
  at BattleTech.Data.LoadRequest.DMD<BattleTech.Data.LoadRequest::TryCreateAndAddLoadRequest> (BattleTech.Data.LoadRequest , BattleTech.Data.LoadTracker& , BattleTech.BattleTechResourceType , System.String , System.Nullable`1[T] ) [0x00000] in <4184af8dbeb44635831353f4d349631c>:0 
  at BattleTech.Data.LoadRequest.AddBlindLoadRequestInternal (BattleTech.BattleTechResourceType resourceType, System.String resourceId, System.Boolean allowDuplicateInstantiation, System.Nullable`1[T] filterByOwnerShip) [0x00000] in <4184af8dbeb44635831353f4d349631c>:0 
  at BattleTech.Data.LoadRequest.AddBlindLoadRequest (BattleTech.BattleTechResourceType resourceType, System.String resourceId, System.Nullable`1[T] filterByOwnership) [0x00000] in <4184af8dbeb44635831353f4d349631c>:0 
  at BattleTech.Data.DataManager+DependencyLoadRequest.DMD<BattleTech.Data.DataManager+DependencyLoadRequest::RequestResource> (BattleTech.Data.DataManager+DependencyLoadRequest , BattleTech.BattleTechResourceType , System.String ) [0x00000] in <4184af8dbeb44635831353f4d349631c>:0 
  at CustAmmoCategoriesPatches.WeaponDef_GatherDependencies.Prefix (System.Boolean& __runOriginal, BattleTech.WeaponDef __instance, BattleTech.Data.DataManager dataManager, BattleTech.Data.DataManager+DependencyLoadRequest dependencyLoad, System.UInt32 activeRequestWeight) [0x00000] in <f38a3581bc004818a5b10e9dc473864f>:0 
  at BattleTech.WeaponDef.DMD<BattleTech.WeaponDef::GatherDependencies> (BattleTech.WeaponDef , BattleTech.Data.DataManager , BattleTech.Data.DataManager+DependencyLoadRequest , System.UInt32 ) [0x00000] in <4184af8dbeb44635831353f4d349631c>:0 
  at BattleTech.Data.DataManager.RequestDependencies (BattleTech.Data.DataManager+FileLoadRequest loadRequest) [0x00000] in <4184af8dbeb44635831353f4d349631c>:0 
  at BattleTech.Data.DataManager+FileLoadRequest.TryLoadDependencies (BattleTech.Data.DataManager+ILoadDependencies dependencyLoader) [0x00000] in <4184af8dbeb44635831353f4d349631c>:0 
  at BattleTech.Data.DataManager+ResourceLoadRequest`1[T].DMD<BattleTech.Data.DataManager+ResourceLoadRequest`1[[SVGImporter.SVGAsset, Assembly-CSharp-firstpass, Version=0.0.0.0, Culture=neutral, PublicKeyToken=null]]::Load> (BattleTech.Data.DataManager+ResourceLoadRequest`1[T] ) [0x00000] in <4184af8dbeb44635831353f4d349631c>:0 
  at BattleTech.Data.DataManager+StringDataLoadRequest`1[T].Load () [0x00000] in <4184af8dbeb44635831353f4d349631c>:0 
  at CustomDeploy.DataManager_UpdateRequests.Prefix (BattleTech.Data.DataManager __instance) [0x00000] in <cbe91c7f71cc4a868c01fe350e6ef8c2>:0 
  at BattleTech.Data.DataManager.DMD<BattleTech.Data.DataManager::UpdateRequests> (BattleTech.Data.DataManager ) [0x00000] in <4184af8dbeb44635831353f4d349631c>:0 
  at BattleTech.Data.DataManager.Update (System.Single deltaTime) [0x00000] in <4184af8dbeb44635831353f4d349631c>:0 
  at BattleTech.GameInstance.Update (System.Single deltaTime) [0x00000] in <4184af8dbeb44635831353f4d349631c>:0 
  at BattleTech.UnityGameInstance.DMD<BattleTech.UnityGameInstance::Update> (BattleTech.UnityGameInstance ) [0x00000] in <4184af8dbeb44635831353f4d349631c>:0 
[18:30:25.445]LoadRequest.TryCreateAndAddLoadRequest failed Ammunition_ATM AmmunitionDef
 manifest entry is null
   at System.Environment.get_StackTrace () [0x00000] in <d7ac571ca2d04b2f981d0d886fa067cf>:0 
  at CustomDeploy.LoadRequest_TryCreateAndAddLoadRequest.Postfix (BattleTech.Data.LoadRequest __instance, BattleTech.BattleTechResourceType resourceType, System.String resourceId, System.Boolean __result) [0x00000] in <cbe91c7f71cc4a868c01fe350e6ef8c2>:0 
  at BattleTech.Data.LoadRequest.DMD<BattleTech.Data.LoadRequest::TryCreateAndAddLoadRequest> (BattleTech.Data.LoadRequest , BattleTech.Data.LoadTracker& , BattleTech.BattleTechResourceType , System.String , System.Nullable`1[T] ) [0x00000] in <4184af8dbeb44635831353f4d349631c>:0 
  at BattleTech.Data.LoadRequest.AddBlindLoadRequestInternal (BattleTech.BattleTechResourceType resourceType, System.String resourceId, System.Boolean allowDuplicateInstantiation, System.Nullable`1[T] filterByOwnerShip) [0x00000] in <4184af8dbeb44635831353f4d349631c>:0 
  at BattleTech.Data.LoadRequest.AddBlindLoadRequest (BattleTech.BattleTechResourceType resourceType, System.String resourceId, System.Nullable`1[T] filterByOwnership) [0x00000] in <4184af8dbeb44635831353f4d349631c>:0 
  at BattleTech.Data.DataManager+DependencyLoadRequest.DMD<BattleTech.Data.DataManager+DependencyLoadRequest::RequestResource> (BattleTech.Data.DataManager+DependencyLoadRequest , BattleTech.BattleTechResourceType , System.String ) [0x00000] in <4184af8dbeb44635831353f4d349631c>:0 
  at CustAmmoCategoriesPatches.WeaponDef_GatherDependencies.Prefix (System.Boolean& __runOriginal, BattleTech.WeaponDef __instance, BattleTech.Data.DataManager dataManager, BattleTech.Data.DataManager+DependencyLoadRequest dependencyLoad, System.UInt32 activeRequestWeight) [0x00000] in <f38a3581bc004818a5b10e9dc473864f>:0 
  at BattleTech.WeaponDef.DMD<BattleTech.WeaponDef::GatherDependencies> (BattleTech.WeaponDef , BattleTech.Data.DataManager , BattleTech.Data.DataManager+DependencyLoadRequest , System.UInt32 ) [0x00000] in <4184af8dbeb44635831353f4d349631c>:0 
  at BattleTech.Data.DataManager.RequestDependencies (BattleTech.Data.DataManager+FileLoadRequest loadRequest) [0x00000] in <4184af8dbeb44635831353f4d349631c>:0 
  at BattleTech.Data.DataManager+FileLoadRequest.TryLoadDependencies (BattleTech.Data.DataManager+ILoadDependencies dependencyLoader) [0x00000] in <4184af8dbeb44635831353f4d349631c>:0 
  at BattleTech.Data.DataManager+ResourceLoadRequest`1[T].DMD<BattleTech.Data.DataManager+ResourceLoadRequest`1[[SVGImporter.SVGAsset, Assembly-CSharp-firstpass, Version=0.0.0.0, Culture=neutral, PublicKeyToken=null]]::Load> (BattleTech.Data.DataManager+ResourceLoadRequest`1[T] ) [0x00000] in <4184af8dbeb44635831353f4d349631c>:0 
  at BattleTech.Data.DataManager+StringDataLoadRequest`1[T].Load () [0x00000] in <4184af8dbeb44635831353f4d349631c>:0 
  at CustomDeploy.DataManager_UpdateRequests.Prefix (BattleTech.Data.DataManager __instance) [0x00000] in <cbe91c7f71cc4a868c01fe350e6ef8c2>:0 
  at BattleTech.Data.DataManager.DMD<BattleTech.Data.DataManager::UpdateRequests> (BattleTech.Data.DataManager ) [0x00000] in <4184af8dbeb44635831353f4d349631c>:0 
  at BattleTech.Data.DataManager.Update (System.Single deltaTime) [0x00000] in <4184af8dbeb44635831353f4d349631c>:0 
  at BattleTech.GameInstance.Update (System.Single deltaTime) [0x00000] in <4184af8dbeb44635831353f4d349631c>:0 
  at BattleTech.UnityGameInstance.DMD<BattleTech.UnityGameInstance::Update> (BattleTech.UnityGameInstance ) [0x00000] in <4184af8dbeb44635831353f4d349631c>:0 
[18:30:25.446]LoadRequest.TryCreateAndAddLoadRequest failed Ammunition_ATM AmmunitionDef
 manifest entry is null
   at System.Environment.get_StackTrace () [0x00000] in <d7ac571ca2d04b2f981d0d886fa067cf>:0 
  at CustomDeploy.LoadRequest_TryCreateAndAddLoadRequest.Postfix (BattleTech.Data.LoadRequest __instance, BattleTech.BattleTechResourceType resourceType, System.String resourceId, System.Boolean __result) [0x00000] in <cbe91c7f71cc4a868c01fe350e6ef8c2>:0 
  at BattleTech.Data.LoadRequest.DMD<BattleTech.Data.LoadRequest::TryCreateAndAddLoadRequest> (BattleTech.Data.LoadRequest , BattleTech.Data.LoadTracker& , BattleTech.BattleTechResourceType , System.String , System.Nullable`1[T] ) [0x00000] in <4184af8dbeb44635831353f4d349631c>:0 
  at BattleTech.Data.LoadRequest.AddBlindLoadRequestInternal (BattleTech.BattleTechResourceType resourceType, System.String resourceId, System.Boolean allowDuplicateInstantiation, System.Nullable`1[T] filterByOwnerShip) [0x00000] in <4184af8dbeb44635831353f4d349631c>:0 
  at BattleTech.Data.LoadRequest.AddBlindLoadRequest (BattleTech.BattleTechResourceType resourceType, System.String resourceId, System.Nullable`1[T] filterByOwnership) [0x00000] in <4184af8dbeb44635831353f4d349631c>:0 
  at BattleTech.Data.DataManager+DependencyLoadRequest.DMD<BattleTech.Data.DataManager+DependencyLoadRequest::RequestResource> (BattleTech.Data.DataManager+DependencyLoadRequest , BattleTech.BattleTechResourceType , System.String ) [0x00000] in <4184af8dbeb44635831353f4d349631c>:0 
  at CustAmmoCategoriesPatches.WeaponDef_GatherDependencies.Prefix (System.Boolean& __runOriginal, BattleTech.WeaponDef __instance, BattleTech.Data.DataManager dataManager, BattleTech.Data.DataManager+DependencyLoadRequest dependencyLoad, System.UInt32 activeRequestWeight) [0x00000] in <f38a3581bc004818a5b10e9dc473864f>:0 
  at BattleTech.WeaponDef.DMD<BattleTech.WeaponDef::GatherDependencies> (BattleTech.WeaponDef , BattleTech.Data.DataManager , BattleTech.Data.DataManager+DependencyLoadRequest , System.UInt32 ) [0x00000] in <4184af8dbeb44635831353f4d349631c>:0 
  at BattleTech.Data.DataManager.RequestDependencies (BattleTech.Data.DataManager+FileLoadRequest loadRequest) [0x00000] in <4184af8dbeb44635831353f4d349631c>:0 
  at BattleTech.Data.DataManager+FileLoadRequest.TryLoadDependencies (BattleTech.Data.DataManager+ILoadDependencies dependencyLoader) [0x00000] in <4184af8dbeb44635831353f4d349631c>:0 
  at BattleTech.Data.DataManager+ResourceLoadRequest`1[T].DMD<BattleTech.Data.DataManager+ResourceLoadRequest`1[[SVGImporter.SVGAsset, Assembly-CSharp-firstpass, Version=0.0.0.0, Culture=neutral, PublicKeyToken=null]]::Load> (BattleTech.Data.DataManager+ResourceLoadRequest`1[T] ) [0x00000] in <4184af8dbeb44635831353f4d349631c>:0 
  at BattleTech.Data.DataManager+StringDataLoadRequest`1[T].Load () [0x00000] in <4184af8dbeb44635831353f4d349631c>:0 
  at CustomDeploy.DataManager_UpdateRequests.Prefix (BattleTech.Data.DataManager __instance) [0x00000] in <cbe91c7f71cc4a868c01fe350e6ef8c2>:0 
  at BattleTech.Data.DataManager.DMD<BattleTech.Data.DataManager::UpdateRequests> (BattleTech.Data.DataManager ) [0x00000] in <4184af8dbeb44635831353f4d349631c>:0 
  at BattleTech.Data.DataManager.Update (System.Single deltaTime) [0x00000] in <4184af8dbeb44635831353f4d349631c>:0 
  at BattleTech.GameInstance.Update (System.Single deltaTime) [0x00000] in <4184af8dbeb44635831353f4d349631c>:0 
  at BattleTech.UnityGameInstance.DMD<BattleTech.UnityGameInstance::Update> (BattleTech.UnityGameInstance ) [0x00000] in <4184af8dbeb44635831353f4d349631c>:0 
[18:30:25.447]LoadRequest.TryCreateAndAddLoadRequest failed Ammunition_ELRM AmmunitionDef
 manifest entry is null
   at System.Environment.get_StackTrace () [0x00000] in <d7ac571ca2d04b2f981d0d886fa067cf>:0 
  at CustomDeploy.LoadRequest_TryCreateAndAddLoadRequest.Postfix (BattleTech.Data.LoadRequest __instance, BattleTech.BattleTechResourceType resourceType, System.String resourceId, System.Boolean __result) [0x00000] in <cbe91c7f71cc4a868c01fe350e6ef8c2>:0 
  at BattleTech.Data.LoadRequest.DMD<BattleTech.Data.LoadRequest::TryCreateAndAddLoadRequest> (BattleTech.Data.LoadRequest , BattleTech.Data.LoadTracker& , BattleTech.BattleTechResourceType , System.String , System.Nullable`1[T] ) [0x00000] in <4184af8dbeb44635831353f4d349631c>:0 
  at BattleTech.Data.LoadRequest.AddBlindLoadRequestInternal (BattleTech.BattleTechResourceType resourceType, System.String resourceId, System.Boolean allowDuplicateInstantiation, System.Nullable`1[T] filterByOwnerShip) [0x00000] in <4184af8dbeb44635831353f4d349631c>:0 
  at BattleTech.Data.LoadRequest.AddBlindLoadRequest (BattleTech.BattleTechResourceType resourceType, System.String resourceId, System.Nullable`1[T] filterByOwnership) [0x00000] in <4184af8dbeb44635831353f4d349631c>:0 
  at BattleTech.Data.DataManager+DependencyLoadRequest.DMD<BattleTech.Data.DataManager+DependencyLoadRequest::RequestResource> (BattleTech.Data.DataManager+DependencyLoadRequest , BattleTech.BattleTechResourceType , System.String ) [0x00000] in <4184af8dbeb44635831353f4d349631c>:0 
  at CustAmmoCategoriesPatches.WeaponDef_GatherDependencies.Prefix (System.Boolean& __runOriginal, BattleTech.WeaponDef __instance, BattleTech.Data.DataManager dataManager, BattleTech.Data.DataManager+DependencyLoadRequest dependencyLoad, System.UInt32 activeRequestWeight) [0x00000] in <f38a3581bc004818a5b10e9dc473864f>:0 
  at BattleTech.WeaponDef.DMD<BattleTech.WeaponDef::GatherDependencies> (BattleTech.WeaponDef , BattleTech.Data.DataManager , BattleTech.Data.DataManager+DependencyLoadRequest , System.UInt32 ) [0x00000] in <4184af8dbeb44635831353f4d349631c>:0 
  at BattleTech.Data.DataManager.RequestDependencies (BattleTech.Data.DataManager+FileLoadRequest loadRequest) [0x00000] in <4184af8dbeb44635831353f4d349631c>:0 
  at BattleTech.Data.DataManager+FileLoadRequest.TryLoadDependencies (BattleTech.Data.DataManager+ILoadDependencies dependencyLoader) [0x00000] in <4184af8dbeb44635831353f4d349631c>:0 
  at BattleTech.Data.DataManager+ResourceLoadRequest`1[T].DMD<BattleTech.Data.DataManager+ResourceLoadRequest`1[[SVGImporter.SVGAsset, Assembly-CSharp-firstpass, Version=0.0.0.0, Culture=neutral, PublicKeyToken=null]]::Load> (BattleTech.Data.DataManager+ResourceLoadRequest`1[T] ) [0x00000] in <4184af8dbeb44635831353f4d349631c>:0 
  at BattleTech.Data.DataManager+StringDataLoadRequest`1[T].Load () [0x00000] in <4184af8dbeb44635831353f4d349631c>:0 
  at CustomDeploy.DataManager_UpdateRequests.Prefix (BattleTech.Data.DataManager __instance) [0x00000] in <cbe91c7f71cc4a868c01fe350e6ef8c2>:0 
  at BattleTech.Data.DataManager.DMD<BattleTech.Data.DataManager::UpdateRequests> (BattleTech.Data.DataManager ) [0x00000] in <4184af8dbeb44635831353f4d349631c>:0 
  at BattleTech.Data.DataManager.Update (System.Single deltaTime) [0x00000] in <4184af8dbeb44635831353f4d349631c>:0 
  at BattleTech.GameInstance.Update (System.Single deltaTime) [0x00000] in <4184af8dbeb44635831353f4d349631c>:0 
  at BattleTech.UnityGameInstance.DMD<BattleTech.UnityGameInstance::Update> (BattleTech.UnityGameInstance ) [0x00000] in <4184af8dbeb44635831353f4d349631c>:0 
[18:30:25.458]LoadRequest.TryCreateAndAddLoadRequest failed Ammunition_Fluid AmmunitionDef
 manifest entry is null
   at System.Environment.get_StackTrace () [0x00000] in <d7ac571ca2d04b2f981d0d886fa067cf>:0 
  at CustomDeploy.LoadRequest_TryCreateAndAddLoadRequest.Postfix (BattleTech.Data.LoadRequest __instance, BattleTech.BattleTechResourceType resourceType, System.String resourceId, System.Boolean __result) [0x00000] in <cbe91c7f71cc4a868c01fe350e6ef8c2>:0 
  at BattleTech.Data.LoadRequest.DMD<BattleTech.Data.LoadRequest::TryCreateAndAddLoadRequest> (BattleTech.Data.LoadRequest , BattleTech.Data.LoadTracker& , BattleTech.BattleTechResourceType , System.String , System.Nullable`1[T] ) [0x00000] in <4184af8dbeb44635831353f4d349631c>:0 
  at BattleTech.Data.LoadRequest.AddBlindLoadRequestInternal (BattleTech.BattleTechResourceType resourceType, System.String resourceId, System.Boolean allowDuplicateInstantiation, System.Nullable`1[T] filterByOwnerShip) [0x00000] in <4184af8dbeb44635831353f4d349631c>:0 
  at BattleTech.Data.LoadRequest.AddBlindLoadRequest (BattleTech.BattleTechResourceType resourceType, System.String resourceId, System.Nullable`1[T] filterByOwnership) [0x00000] in <4184af8dbeb44635831353f4d349631c>:0 
  at BattleTech.Data.DataManager+DependencyLoadRequest.DMD<BattleTech.Data.DataManager+DependencyLoadRequest::RequestResource> (BattleTech.Data.DataManager+DependencyLoadRequest , BattleTech.BattleTechResourceType , System.String ) [0x00000] in <4184af8dbeb44635831353f4d349631c>:0 
  at CustAmmoCategoriesPatches.WeaponDef_GatherDependencies.Prefix (System.Boolean& __runOriginal, BattleTech.WeaponDef __instance, BattleTech.Data.DataManager dataManager, BattleTech.Data.DataManager+DependencyLoadRequest dependencyLoad, System.UInt32 activeRequestWeight) [0x00000] in <f38a3581bc004818a5b10e9dc473864f>:0 
  at BattleTech.WeaponDef.DMD<BattleTech.WeaponDef::GatherDependencies> (BattleTech.WeaponDef , BattleTech.Data.DataManager , BattleTech.Data.DataManager+DependencyLoadRequest , System.UInt32 ) [0x00000] in <4184af8dbeb44635831353f4d349631c>:0 
  at BattleTech.Data.DataManager.RequestDependencies (BattleTech.Data.DataManager+FileLoadRequest loadRequest) [0x00000] in <4184af8dbeb44635831353f4d349631c>:0 
  at BattleTech.Data.DataManager+FileLoadRequest.TryLoadDependencies (BattleTech.Data.DataManager+ILoadDependencies dependencyLoader) [0x00000] in <4184af8dbeb44635831353f4d349631c>:0 
  at BattleTech.Data.DataManager+ResourceLoadRequest`1[T].DMD<BattleTech.Data.DataManager+ResourceLoadRequest`1[[SVGImporter.SVGAsset, Assembly-CSharp-firstpass, Version=0.0.0.0, Culture=neutral, PublicKeyToken=null]]::Load> (BattleTech.Data.DataManager+ResourceLoadRequest`1[T] ) [0x00000] in <4184af8dbeb44635831353f4d349631c>:0 
  at BattleTech.Data.DataManager+StringDataLoadRequest`1[T].Load () [0x00000] in <4184af8dbeb44635831353f4d349631c>:0 
  at CustomDeploy.DataManager_UpdateRequests.Prefix (BattleTech.Data.DataManager __instance) [0x00000] in <cbe91c7f71cc4a868c01fe350e6ef8c2>:0 
  at BattleTech.Data.DataManager.DMD<BattleTech.Data.DataManager::UpdateRequests> (BattleTech.Data.DataManager ) [0x00000] in <4184af8dbeb44635831353f4d349631c>:0 
  at BattleTech.Data.DataManager.Update (System.Single deltaTime) [0x00000] in <4184af8dbeb44635831353f4d349631c>:0 
  at BattleTech.GameInstance.Update (System.Single deltaTime) [0x00000] in <4184af8dbeb44635831353f4d349631c>:0 
  at BattleTech.UnityGameInstance.DMD<BattleTech.UnityGameInstance::Update> (BattleTech.UnityGameInstance ) [0x00000] in <4184af8dbeb44635831353f4d349631c>:0 
[18:30:25.459]LoadRequest.TryCreateAndAddLoadRequest failed Ammunition_Taser AmmunitionDef
 manifest entry is null
   at System.Environment.get_StackTrace () [0x00000] in <d7ac571ca2d04b2f981d0d886fa067cf>:0 
  at CustomDeploy.LoadRequest_TryCreateAndAddLoadRequest.Postfix (BattleTech.Data.LoadRequest __instance, BattleTech.BattleTechResourceType resourceType, System.String resourceId, System.Boolean __result) [0x00000] in <cbe91c7f71cc4a868c01fe350e6ef8c2>:0 
  at BattleTech.Data.LoadRequest.DMD<BattleTech.Data.LoadRequest::TryCreateAndAddLoadRequest> (BattleTech.Data.LoadRequest , BattleTech.Data.LoadTracker& , BattleTech.BattleTechResourceType , System.String , System.Nullable`1[T] ) [0x00000] in <4184af8dbeb44635831353f4d349631c>:0 
  at BattleTech.Data.LoadRequest.AddBlindLoadRequestInternal (BattleTech.BattleTechResourceType resourceType, System.String resourceId, System.Boolean allowDuplicateInstantiation, System.Nullable`1[T] filterByOwnerShip) [0x00000] in <4184af8dbeb44635831353f4d349631c>:0 
  at BattleTech.Data.LoadRequest.AddBlindLoadRequest (BattleTech.BattleTechResourceType resourceType, System.String resourceId, System.Nullable`1[T] filterByOwnership) [0x00000] in <4184af8dbeb44635831353f4d349631c>:0 
  at BattleTech.Data.DataManager+DependencyLoadRequest.DMD<BattleTech.Data.DataManager+DependencyLoadRequest::RequestResource> (BattleTech.Data.DataManager+DependencyLoadRequest , BattleTech.BattleTechResourceType , System.String ) [0x00000] in <4184af8dbeb44635831353f4d349631c>:0 
  at CustAmmoCategoriesPatches.WeaponDef_GatherDependencies.Prefix (System.Boolean& __runOriginal, BattleTech.WeaponDef __instance, BattleTech.Data.DataManager dataManager, BattleTech.Data.DataManager+DependencyLoadRequest dependencyLoad, System.UInt32 activeRequestWeight) [0x00000] in <f38a3581bc004818a5b10e9dc473864f>:0 
  at BattleTech.WeaponDef.DMD<BattleTech.WeaponDef::GatherDependencies> (BattleTech.WeaponDef , BattleTech.Data.DataManager , BattleTech.Data.DataManager+DependencyLoadRequest , System.UInt32 ) [0x00000] in <4184af8dbeb44635831353f4d349631c>:0 
  at BattleTech.Data.DataManager.RequestDependencies (BattleTech.Data.DataManager+FileLoadRequest loadRequest) [0x00000] in <4184af8dbeb44635831353f4d349631c>:0 
  at BattleTech.Data.DataManager+FileLoadRequest.TryLoadDependencies (BattleTech.Data.DataManager+ILoadDependencies dependencyLoader) [0x00000] in <4184af8dbeb44635831353f4d349631c>:0 
  at BattleTech.Data.DataManager+ResourceLoadRequest`1[T].DMD<BattleTech.Data.DataManager+ResourceLoadRequest`1[[SVGImporter.SVGAsset, Assembly-CSharp-firstpass, Version=0.0.0.0, Culture=neutral, PublicKeyToken=null]]::Load> (BattleTech.Data.DataManager+ResourceLoadRequest`1[T] ) [0x00000] in <4184af8dbeb44635831353f4d349631c>:0 
  at BattleTech.Data.DataManager+StringDataLoadRequest`1[T].Load () [0x00000] in <4184af8dbeb44635831353f4d349631c>:0 
  at CustomDeploy.DataManager_UpdateRequests.Prefix (BattleTech.Data.DataManager __instance) [0x00000] in <cbe91c7f71cc4a868c01fe350e6ef8c2>:0 
  at BattleTech.Data.DataManager.DMD<BattleTech.Data.DataManager::UpdateRequests> (BattleTech.Data.DataManager ) [0x00000] in <4184af8dbeb44635831353f4d349631c>:0 
  at BattleTech.Data.DataManager.Update (System.Single deltaTime) [0x00000] in <4184af8dbeb44635831353f4d349631c>:0 
  at BattleTech.GameInstance.Update (System.Single deltaTime) [0x00000] in <4184af8dbeb44635831353f4d349631c>:0 
  at BattleTech.UnityGameInstance.DMD<BattleTech.UnityGameInstance::Update> (BattleTech.UnityGameInstance ) [0x00000] in <4184af8dbeb44635831353f4d349631c>:0 
[18:30:35.623]LoadRequest GMShield of type SVGAsset load exception
System.ArgumentNullException: Value cannot be null.
Parameter name: THIS IS !NOT! I REPEAT, !NOT! MODTEK ERROR. YOUR SVG FILE FAIL TO LOAD! More info in ModTek_runtime_log.txt
  at ModTek.Features.CustomSVGAssets.Patches.SVGAssetLoadRequest_Load.Prefix (BattleTech.Data.DataManager+ResourceLoadRequest`1[T] __instance) [0x0015b] in <a257af5559bb4beb84c863e08094d5ba>:0 
  at (wrapper dynamic-method) BattleTech.Data.DataManager+SVGAssetLoadRequest.DMD<BattleTech.Data.DataManager+SVGAssetLoadRequest::Load>(BattleTech.Data.DataManager/SVGAssetLoadRequest)
  at CustomDeploy.DataManager_UpdateRequests.Prefix (BattleTech.Data.DataManager __instance) [0x0012e] in <cbe91c7f71cc4a868c01fe350e6ef8c2>:0 
[18:30:39.007]LoadRequest.TryCreateAndAddLoadRequest failed STRIKER Sprite
 manifest entry is null
   at System.Environment.get_StackTrace () [0x00000] in <d7ac571ca2d04b2f981d0d886fa067cf>:0 
  at CustomDeploy.LoadRequest_TryCreateAndAddLoadRequest.Postfix (BattleTech.Data.LoadRequest __instance, BattleTech.BattleTechResourceType resourceType, System.String resourceId, System.Boolean __result) [0x00000] in <cbe91c7f71cc4a868c01fe350e6ef8c2>:0 
  at BattleTech.Data.LoadRequest.DMD<BattleTech.Data.LoadRequest::TryCreateAndAddLoadRequest> (BattleTech.Data.LoadRequest , BattleTech.Data.LoadTracker& , BattleTech.BattleTechResourceType , System.String , System.Nullable`1[T] ) [0x00000] in <4184af8dbeb44635831353f4d349631c>:0 
  at BattleTech.Data.LoadRequest.AddBlindLoadRequestInternal (BattleTech.BattleTechResourceType resourceType, System.String resourceId, System.Boolean allowDuplicateInstantiation, System.Nullable`1[T] filterByOwnerShip) [0x00000] in <4184af8dbeb44635831353f4d349631c>:0 
  at BattleTech.Data.LoadRequest.AddBlindLoadRequest (BattleTech.BattleTechResourceType resourceType, System.String resourceId, System.Nullable`1[T] filterByOwnership) [0x00000] in <4184af8dbeb44635831353f4d349631c>:0 
  at BattleTech.Data.DataManager+DependencyLoadRequest.DMD<BattleTech.Data.DataManager+DependencyLoadRequest::RequestResource> (BattleTech.Data.DataManager+DependencyLoadRequest , BattleTech.BattleTechResourceType , System.String ) [0x00000] in <4184af8dbeb44635831353f4d349631c>:0 
  at BattleTech.ChassisDef.DMD<BattleTech.ChassisDef::GatherDependencies> (BattleTech.ChassisDef , BattleTech.Data.DataManager , BattleTech.Data.DataManager+DependencyLoadRequest , System.UInt32 ) [0x00000] in <4184af8dbeb44635831353f4d349631c>:0 
  at BattleTech.Data.DataManager.RequestDependencies (BattleTech.Data.DataManager+FileLoadRequest loadRequest) [0x00000] in <4184af8dbeb44635831353f4d349631c>:0 
  at BattleTech.Data.DataManager+FileLoadRequest.TryLoadDependencies (BattleTech.Data.DataManager+ILoadDependencies dependencyLoader) [0x00000] in <4184af8dbeb44635831353f4d349631c>:0 
  at BattleTech.Data.DataManager+JsonLoadRequest`1[T].OnLoadedWithJSON (System.String json) [0x00000] in <4184af8dbeb44635831353f4d349631c>:0 
  at BattleTech.Data.DataManager+StringDataLoadRequest`1[T].DMD<BattleTech.Data.DataManager+StringDataLoadRequest`1[[BattleTech.WeaponDef, Assembly-CSharp, Version=0.0.0.0, Culture=neutral, PublicKeyToken=null]]::OnLoadedWithText> (BattleTech.Data.DataManager+StringDataLoadRequest`1[T] , System.String ) [0x00000] in <4184af8dbeb44635831353f4d349631c>:0 
  at HBS.Data.DataLoader+<>c__DisplayClass12_0.<LoadResource>b__0 (System.String _path, System.IO.Stream _stream) [0x00000] in <4184af8dbeb44635831353f4d349631c>:0 
  at HBS.Data.DataLoader.DMD<HBS.Data.DataLoader::CallHandler> (HBS.Data.DataLoader , System.String , System.Action`2[T1,T2] ) [0x00000] in <4184af8dbeb44635831353f4d349631c>:0 
  at HBS.Data.DataLoader.LoadResource (System.String path, System.Action`2[T1,T2] handler, System.Boolean monitor) [0x00000] in <4184af8dbeb44635831353f4d349631c>:0 
  at HBS.Data.DataLoader.LoadResource (System.String path, System.Action`1[T] handler, System.Boolean monitor) [0x00000] in <4184af8dbeb44635831353f4d349631c>:0 
  at HBS.Data.DataLoader.LoadResource (System.String path, System.Action`1[T] handler) [0x00000] in <4184af8dbeb44635831353f4d349631c>:0 
  at BattleTech.Data.DataManager+StringDataLoadRequest`1[T].Load () [0x00000] in <4184af8dbeb44635831353f4d349631c>:0 
  at CustomDeploy.DataManager_UpdateRequests.Prefix (BattleTech.Data.DataManager __instance) [0x00000] in <cbe91c7f71cc4a868c01fe350e6ef8c2>:0 
  at BattleTech.Data.DataManager.DMD<BattleTech.Data.DataManager::UpdateRequests> (BattleTech.Data.DataManager ) [0x00000] in <4184af8dbeb44635831353f4d349631c>:0 
  at BattleTech.Data.DataManager.Update (System.Single deltaTime) [0x00000] in <4184af8dbeb44635831353f4d349631c>:0 
  at BattleTech.GameInstance.Update (System.Single deltaTime) [0x00000] in <4184af8dbeb44635831353f4d349631c>:0 
  at BattleTech.UnityGameInstance.DMD<BattleTech.UnityGameInstance::Update> (BattleTech.UnityGameInstance ) [0x00000] in <4184af8dbeb44635831353f4d349631c>:0 
[18:30:39.010]LoadRequest.TryCreateAndAddLoadRequest failed STRIKER Sprite
 manifest entry is null
   at System.Environment.get_StackTrace () [0x00000] in <d7ac571ca2d04b2f981d0d886fa067cf>:0 
  at CustomDeploy.LoadRequest_TryCreateAndAddLoadRequest.Postfix (BattleTech.Data.LoadRequest __instance, BattleTech.BattleTechResourceType resourceType, System.String resourceId, System.Boolean __result) [0x00000] in <cbe91c7f71cc4a868c01fe350e6ef8c2>:0 
  at BattleTech.Data.LoadRequest.DMD<BattleTech.Data.LoadRequest::TryCreateAndAddLoadRequest> (BattleTech.Data.LoadRequest , BattleTech.Data.LoadTracker& , BattleTech.BattleTechResourceType , System.String , System.Nullable`1[T] ) [0x00000] in <4184af8dbeb44635831353f4d349631c>:0 
  at BattleTech.Data.LoadRequest.AddBlindLoadRequestInternal (BattleTech.BattleTechResourceType resourceType, System.String resourceId, System.Boolean allowDuplicateInstantiation, System.Nullable`1[T] filterByOwnerShip) [0x00000] in <4184af8dbeb44635831353f4d349631c>:0 
  at BattleTech.Data.LoadRequest.AddBlindLoadRequest (BattleTech.BattleTechResourceType resourceType, System.String resourceId, System.Nullable`1[T] filterByOwnership) [0x00000] in <4184af8dbeb44635831353f4d349631c>:0 
  at BattleTech.Data.DataManager+DependencyLoadRequest.DMD<BattleTech.Data.DataManager+DependencyLoadRequest::RequestResource> (BattleTech.Data.DataManager+DependencyLoadRequest , BattleTech.BattleTechResourceType , System.String ) [0x00000] in <4184af8dbeb44635831353f4d349631c>:0 
  at BattleTech.ChassisDef.DMD<BattleTech.ChassisDef::GatherDependencies> (BattleTech.ChassisDef , BattleTech.Data.DataManager , BattleTech.Data.DataManager+DependencyLoadRequest , System.UInt32 ) [0x00000] in <4184af8dbeb44635831353f4d349631c>:0 
  at BattleTech.Data.DataManager.RequestDependencies (BattleTech.Data.DataManager+FileLoadRequest loadRequest) [0x00000] in <4184af8dbeb44635831353f4d349631c>:0 
  at BattleTech.Data.DataManager+FileLoadRequest.TryLoadDependencies (BattleTech.Data.DataManager+ILoadDependencies dependencyLoader) [0x00000] in <4184af8dbeb44635831353f4d349631c>:0 
  at BattleTech.Data.DataManager+JsonLoadRequest`1[T].OnLoadedWithJSON (System.String json) [0x00000] in <4184af8dbeb44635831353f4d349631c>:0 
  at BattleTech.Data.DataManager+StringDataLoadRequest`1[T].DMD<BattleTech.Data.DataManager+StringDataLoadRequest`1[[BattleTech.WeaponDef, Assembly-CSharp, Version=0.0.0.0, Culture=neutral, PublicKeyToken=null]]::OnLoadedWithText> (BattleTech.Data.DataManager+StringDataLoadRequest`1[T] , System.String ) [0x00000] in <4184af8dbeb44635831353f4d349631c>:0 
  at HBS.Data.DataLoader+<>c__DisplayClass12_0.<LoadResource>b__0 (System.String _path, System.IO.Stream _stream) [0x00000] in <4184af8dbeb44635831353f4d349631c>:0 
  at HBS.Data.DataLoader.DMD<HBS.Data.DataLoader::CallHandler> (HBS.Data.DataLoader , System.String , System.Action`2[T1,T2] ) [0x00000] in <4184af8dbeb44635831353f4d349631c>:0 
  at HBS.Data.DataLoader.LoadResource (System.String path, System.Action`2[T1,T2] handler, System.Boolean monitor) [0x00000] in <4184af8dbeb44635831353f4d349631c>:0 
  at HBS.Data.DataLoader.LoadResource (System.String path, System.Action`1[T] handler, System.Boolean monitor) [0x00000] in <4184af8dbeb44635831353f4d349631c>:0 
  at HBS.Data.DataLoader.LoadResource (System.String path, System.Action`1[T] handler) [0x00000] in <4184af8dbeb44635831353f4d349631c>:0 
  at BattleTech.Data.DataManager+StringDataLoadRequest`1[T].Load () [0x00000] in <4184af8dbeb44635831353f4d349631c>:0 
  at CustomDeploy.DataManager_UpdateRequests.Prefix (BattleTech.Data.DataManager __instance) [0x00000] in <cbe91c7f71cc4a868c01fe350e6ef8c2>:0 
  at BattleTech.Data.DataManager.DMD<BattleTech.Data.DataManager::UpdateRequests> (BattleTech.Data.DataManager ) [0x00000] in <4184af8dbeb44635831353f4d349631c>:0 
  at BattleTech.Data.DataManager.Update (System.Single deltaTime) [0x00000] in <4184af8dbeb44635831353f4d349631c>:0 
  at BattleTech.GameInstance.Update (System.Single deltaTime) [0x00000] in <4184af8dbeb44635831353f4d349631c>:0 
  at BattleTech.UnityGameInstance.DMD<BattleTech.UnityGameInstance::Update> (BattleTech.UnityGameInstance ) [0x00000] in <4184af8dbeb44635831353f4d349631c>:0 
[18:30:39.012]LoadRequest.TryCreateAndAddLoadRequest failed STRIKER Sprite
 manifest entry is null
   at System.Environment.get_StackTrace () [0x00000] in <d7ac571ca2d04b2f981d0d886fa067cf>:0 
  at CustomDeploy.LoadRequest_TryCreateAndAddLoadRequest.Postfix (BattleTech.Data.LoadRequest __instance, BattleTech.BattleTechResourceType resourceType, System.String resourceId, System.Boolean __result) [0x00000] in <cbe91c7f71cc4a868c01fe350e6ef8c2>:0 
  at BattleTech.Data.LoadRequest.DMD<BattleTech.Data.LoadRequest::TryCreateAndAddLoadRequest> (BattleTech.Data.LoadRequest , BattleTech.Data.LoadTracker& , BattleTech.BattleTechResourceType , System.String , System.Nullable`1[T] ) [0x00000] in <4184af8dbeb44635831353f4d349631c>:0 
  at BattleTech.Data.LoadRequest.AddBlindLoadRequestInternal (BattleTech.BattleTechResourceType resourceType, System.String resourceId, System.Boolean allowDuplicateInstantiation, System.Nullable`1[T] filterByOwnerShip) [0x00000] in <4184af8dbeb44635831353f4d349631c>:0 
  at BattleTech.Data.LoadRequest.AddBlindLoadRequest (BattleTech.BattleTechResourceType resourceType, System.String resourceId, System.Nullable`1[T] filterByOwnership) [0x00000] in <4184af8dbeb44635831353f4d349631c>:0 
  at BattleTech.Data.DataManager+DependencyLoadRequest.DMD<BattleTech.Data.DataManager+DependencyLoadRequest::RequestResource> (BattleTech.Data.DataManager+DependencyLoadRequest , BattleTech.BattleTechResourceType , System.String ) [0x00000] in <4184af8dbeb44635831353f4d349631c>:0 
  at BattleTech.ChassisDef.DMD<BattleTech.ChassisDef::GatherDependencies> (BattleTech.ChassisDef , BattleTech.Data.DataManager , BattleTech.Data.DataManager+DependencyLoadRequest , System.UInt32 ) [0x00000] in <4184af8dbeb44635831353f4d349631c>:0 
  at BattleTech.Data.DataManager.RequestDependencies (BattleTech.Data.DataManager+FileLoadRequest loadRequest) [0x00000] in <4184af8dbeb44635831353f4d349631c>:0 
  at BattleTech.Data.DataManager+FileLoadRequest.TryLoadDependencies (BattleTech.Data.DataManager+ILoadDependencies dependencyLoader) [0x00000] in <4184af8dbeb44635831353f4d349631c>:0 
  at BattleTech.Data.DataManager+JsonLoadRequest`1[T].OnLoadedWithJSON (System.String json) [0x00000] in <4184af8dbeb44635831353f4d349631c>:0 
  at BattleTech.Data.DataManager+StringDataLoadRequest`1[T].DMD<BattleTech.Data.DataManager+StringDataLoadRequest`1[[BattleTech.WeaponDef, Assembly-CSharp, Version=0.0.0.0, Culture=neutral, PublicKeyToken=null]]::OnLoadedWithText> (BattleTech.Data.DataManager+StringDataLoadRequest`1[T] , System.String ) [0x00000] in <4184af8dbeb44635831353f4d349631c>:0 
  at HBS.Data.DataLoader+<>c__DisplayClass12_0.<LoadResource>b__0 (System.String _path, System.IO.Stream _stream) [0x00000] in <4184af8dbeb44635831353f4d349631c>:0 
  at HBS.Data.DataLoader.DMD<HBS.Data.DataLoader::CallHandler> (HBS.Data.DataLoader , System.String , System.Action`2[T1,T2] ) [0x00000] in <4184af8dbeb44635831353f4d349631c>:0 
  at HBS.Data.DataLoader.LoadResource (System.String path, System.Action`2[T1,T2] handler, System.Boolean monitor) [0x00000] in <4184af8dbeb44635831353f4d349631c>:0 
  at HBS.Data.DataLoader.LoadResource (System.String path, System.Action`1[T] handler, System.Boolean monitor) [0x00000] in <4184af8dbeb44635831353f4d349631c>:0 
  at HBS.Data.DataLoader.LoadResource (System.String path, System.Action`1[T] handler) [0x00000] in <4184af8dbeb44635831353f4d349631c>:0 
  at BattleTech.Data.DataManager+StringDataLoadRequest`1[T].Load () [0x00000] in <4184af8dbeb44635831353f4d349631c>:0 
  at CustomDeploy.DataManager_UpdateRequests.Prefix (BattleTech.Data.DataManager __instance) [0x00000] in <cbe91c7f71cc4a868c01fe350e6ef8c2>:0 
  at BattleTech.Data.DataManager.DMD<BattleTech.Data.DataManager::UpdateRequests> (BattleTech.Data.DataManager ) [0x00000] in <4184af8dbeb44635831353f4d349631c>:0 
  at BattleTech.Data.DataManager.Update (System.Single deltaTime) [0x00000] in <4184af8dbeb44635831353f4d349631c>:0 
  at BattleTech.GameInstance.Update (System.Single deltaTime) [0x00000] in <4184af8dbeb44635831353f4d349631c>:0 
  at BattleTech.UnityGameInstance.DMD<BattleTech.UnityGameInstance::Update> (BattleTech.UnityGameInstance ) [0x00000] in <4184af8dbeb44635831353f4d349631c>:0 
[18:30:39.014]LoadRequest.TryCreateAndAddLoadRequest failed MANTICORE Sprite
 manifest entry is null
   at System.Environment.get_StackTrace () [0x00000] in <d7ac571ca2d04b2f981d0d886fa067cf>:0 
  at CustomDeploy.LoadRequest_TryCreateAndAddLoadRequest.Postfix (BattleTech.Data.LoadRequest __instance, BattleTech.BattleTechResourceType resourceType, System.String resourceId, System.Boolean __result) [0x00000] in <cbe91c7f71cc4a868c01fe350e6ef8c2>:0 
  at BattleTech.Data.LoadRequest.DMD<BattleTech.Data.LoadRequest::TryCreateAndAddLoadRequest> (BattleTech.Data.LoadRequest , BattleTech.Data.LoadTracker& , BattleTech.BattleTechResourceType , System.String , System.Nullable`1[T] ) [0x00000] in <4184af8dbeb44635831353f4d349631c>:0 
  at BattleTech.Data.LoadRequest.AddBlindLoadRequestInternal (BattleTech.BattleTechResourceType resourceType, System.String resourceId, System.Boolean allowDuplicateInstantiation, System.Nullable`1[T] filterByOwnerShip) [0x00000] in <4184af8dbeb44635831353f4d349631c>:0 
  at BattleTech.Data.LoadRequest.AddBlindLoadRequest (BattleTech.BattleTechResourceType resourceType, System.String resourceId, System.Nullable`1[T] filterByOwnership) [0x00000] in <4184af8dbeb44635831353f4d349631c>:0 
  at BattleTech.Data.DataManager+DependencyLoadRequest.DMD<BattleTech.Data.DataManager+DependencyLoadRequest::RequestResource> (BattleTech.Data.DataManager+DependencyLoadRequest , BattleTech.BattleTechResourceType , System.String ) [0x00000] in <4184af8dbeb44635831353f4d349631c>:0 
  at BattleTech.ChassisDef.DMD<BattleTech.ChassisDef::GatherDependencies> (BattleTech.ChassisDef , BattleTech.Data.DataManager , BattleTech.Data.DataManager+DependencyLoadRequest , System.UInt32 ) [0x00000] in <4184af8dbeb44635831353f4d349631c>:0 
  at BattleTech.Data.DataManager.RequestDependencies (BattleTech.Data.DataManager+FileLoadRequest loadRequest) [0x00000] in <4184af8dbeb44635831353f4d349631c>:0 
  at BattleTech.Data.DataManager+FileLoadRequest.TryLoadDependencies (BattleTech.Data.DataManager+ILoadDependencies dependencyLoader) [0x00000] in <4184af8dbeb44635831353f4d349631c>:0 
  at BattleTech.Data.DataManager+JsonLoadRequest`1[T].OnLoadedWithJSON (System.String json) [0x00000] in <4184af8dbeb44635831353f4d349631c>:0 
  at BattleTech.Data.DataManager+StringDataLoadRequest`1[T].DMD<BattleTech.Data.DataManager+StringDataLoadRequest`1[[BattleTech.WeaponDef, Assembly-CSharp, Version=0.0.0.0, Culture=neutral, PublicKeyToken=null]]::OnLoadedWithText> (BattleTech.Data.DataManager+StringDataLoadRequest`1[T] , System.String ) [0x00000] in <4184af8dbeb44635831353f4d349631c>:0 
  at HBS.Data.DataLoader+<>c__DisplayClass12_0.<LoadResource>b__0 (System.String _path, System.IO.Stream _stream) [0x00000] in <4184af8dbeb44635831353f4d349631c>:0 
  at HBS.Data.DataLoader.DMD<HBS.Data.DataLoader::CallHandler> (HBS.Data.DataLoader , System.String , System.Action`2[T1,T2] ) [0x00000] in <4184af8dbeb44635831353f4d349631c>:0 
  at HBS.Data.DataLoader.LoadResource (System.String path, System.Action`2[T1,T2] handler, System.Boolean monitor) [0x00000] in <4184af8dbeb44635831353f4d349631c>:0 
  at HBS.Data.DataLoader.LoadResource (System.String path, System.Action`1[T] handler, System.Boolean monitor) [0x00000] in <4184af8dbeb44635831353f4d349631c>:0 
  at HBS.Data.DataLoader.LoadResource (System.String path, System.Action`1[T] handler) [0x00000] in <4184af8dbeb44635831353f4d349631c>:0 
  at BattleTech.Data.DataManager+StringDataLoadRequest`1[T].Load () [0x00000] in <4184af8dbeb44635831353f4d349631c>:0 
  at CustomDeploy.DataManager_UpdateRequests.Prefix (BattleTech.Data.DataManager __instance) [0x00000] in <cbe91c7f71cc4a868c01fe350e6ef8c2>:0 
  at BattleTech.Data.DataManager.DMD<BattleTech.Data.DataManager::UpdateRequests> (BattleTech.Data.DataManager ) [0x00000] in <4184af8dbeb44635831353f4d349631c>:0 
  at BattleTech.Data.DataManager.Update (System.Single deltaTime) [0x00000] in <4184af8dbeb44635831353f4d349631c>:0 
  at BattleTech.GameInstance.Update (System.Single deltaTime) [0x00000] in <4184af8dbeb44635831353f4d349631c>:0 
  at BattleTech.UnityGameInstance.DMD<BattleTech.UnityGameInstance::Update> (BattleTech.UnityGameInstance ) [0x00000] in <4184af8dbeb44635831353f4d349631c>:0 
[18:30:39.016]LoadRequest.TryCreateAndAddLoadRequest failed MANTICORE Sprite
 manifest entry is null
   at System.Environment.get_StackTrace () [0x00000] in <d7ac571ca2d04b2f981d0d886fa067cf>:0 
  at CustomDeploy.LoadRequest_TryCreateAndAddLoadRequest.Postfix (BattleTech.Data.LoadRequest __instance, BattleTech.BattleTechResourceType resourceType, System.String resourceId, System.Boolean __result) [0x00000] in <cbe91c7f71cc4a868c01fe350e6ef8c2>:0 
  at BattleTech.Data.LoadRequest.DMD<BattleTech.Data.LoadRequest::TryCreateAndAddLoadRequest> (BattleTech.Data.LoadRequest , BattleTech.Data.LoadTracker& , BattleTech.BattleTechResourceType , System.String , System.Nullable`1[T] ) [0x00000] in <4184af8dbeb44635831353f4d349631c>:0 
  at BattleTech.Data.LoadRequest.AddBlindLoadRequestInternal (BattleTech.BattleTechResourceType resourceType, System.String resourceId, System.Boolean allowDuplicateInstantiation, System.Nullable`1[T] filterByOwnerShip) [0x00000] in <4184af8dbeb44635831353f4d349631c>:0 
  at BattleTech.Data.LoadRequest.AddBlindLoadRequest (BattleTech.BattleTechResourceType resourceType, System.String resourceId, System.Nullable`1[T] filterByOwnership) [0x00000] in <4184af8dbeb44635831353f4d349631c>:0 
  at BattleTech.Data.DataManager+DependencyLoadRequest.DMD<BattleTech.Data.DataManager+DependencyLoadRequest::RequestResource> (BattleTech.Data.DataManager+DependencyLoadRequest , BattleTech.BattleTechResourceType , System.String ) [0x00000] in <4184af8dbeb44635831353f4d349631c>:0 
  at BattleTech.ChassisDef.DMD<BattleTech.ChassisDef::GatherDependencies> (BattleTech.ChassisDef , BattleTech.Data.DataManager , BattleTech.Data.DataManager+DependencyLoadRequest , System.UInt32 ) [0x00000] in <4184af8dbeb44635831353f4d349631c>:0 
  at BattleTech.Data.DataManager.RequestDependencies (BattleTech.Data.DataManager+FileLoadRequest loadRequest) [0x00000] in <4184af8dbeb44635831353f4d349631c>:0 
  at BattleTech.Data.DataManager+FileLoadRequest.TryLoadDependencies (BattleTech.Data.DataManager+ILoadDependencies dependencyLoader) [0x00000] in <4184af8dbeb44635831353f4d349631c>:0 
  at BattleTech.Data.DataManager+JsonLoadRequest`1[T].OnLoadedWithJSON (System.String json) [0x00000] in <4184af8dbeb44635831353f4d349631c>:0 
  at BattleTech.Data.DataManager+StringDataLoadRequest`1[T].DMD<BattleTech.Data.DataManager+StringDataLoadRequest`1[[BattleTech.WeaponDef, Assembly-CSharp, Version=0.0.0.0, Culture=neutral, PublicKeyToken=null]]::OnLoadedWithText> (BattleTech.Data.DataManager+StringDataLoadRequest`1[T] , System.String ) [0x00000] in <4184af8dbeb44635831353f4d349631c>:0 
  at HBS.Data.DataLoader+<>c__DisplayClass12_0.<LoadResource>b__0 (System.String _path, System.IO.Stream _stream) [0x00000] in <4184af8dbeb44635831353f4d349631c>:0 
  at HBS.Data.DataLoader.DMD<HBS.Data.DataLoader::CallHandler> (HBS.Data.DataLoader , System.String , System.Action`2[T1,T2] ) [0x00000] in <4184af8dbeb44635831353f4d349631c>:0 
  at HBS.Data.DataLoader.LoadResource (System.String path, System.Action`2[T1,T2] handler, System.Boolean monitor) [0x00000] in <4184af8dbeb44635831353f4d349631c>:0 
  at HBS.Data.DataLoader.LoadResource (System.String path, System.Action`1[T] handler, System.Boolean monitor) [0x00000] in <4184af8dbeb44635831353f4d349631c>:0 
  at HBS.Data.DataLoader.LoadResource (System.String path, System.Action`1[T] handler) [0x00000] in <4184af8dbeb44635831353f4d349631c>:0 
  at BattleTech.Data.DataManager+StringDataLoadRequest`1[T].Load () [0x00000] in <4184af8dbeb44635831353f4d349631c>:0 
  at CustomDeploy.DataManager_UpdateRequests.Prefix (BattleTech.Data.DataManager __instance) [0x00000] in <cbe91c7f71cc4a868c01fe350e6ef8c2>:0 
  at BattleTech.Data.DataManager.DMD<BattleTech.Data.DataManager::UpdateRequests> (BattleTech.Data.DataManager ) [0x00000] in <4184af8dbeb44635831353f4d349631c>:0 
  at BattleTech.Data.DataManager.Update (System.Single deltaTime) [0x00000] in <4184af8dbeb44635831353f4d349631c>:0 
  at BattleTech.GameInstance.Update (System.Single deltaTime) [0x00000] in <4184af8dbeb44635831353f4d349631c>:0 
  at BattleTech.UnityGameInstance.DMD<BattleTech.UnityGameInstance::Update> (BattleTech.UnityGameInstance ) [0x00000] in <4184af8dbeb44635831353f4d349631c>:0 
[18:30:39.018]LoadRequest.TryCreateAndAddLoadRequest failed MANTICORE Sprite
 manifest entry is null
   at System.Environment.get_StackTrace () [0x00000] in <d7ac571ca2d04b2f981d0d886fa067cf>:0 
  at CustomDeploy.LoadRequest_TryCreateAndAddLoadRequest.Postfix (BattleTech.Data.LoadRequest __instance, BattleTech.BattleTechResourceType resourceType, System.String resourceId, System.Boolean __result) [0x00000] in <cbe91c7f71cc4a868c01fe350e6ef8c2>:0 
  at BattleTech.Data.LoadRequest.DMD<BattleTech.Data.LoadRequest::TryCreateAndAddLoadRequest> (BattleTech.Data.LoadRequest , BattleTech.Data.LoadTracker& , BattleTech.BattleTechResourceType , System.String , System.Nullable`1[T] ) [0x00000] in <4184af8dbeb44635831353f4d349631c>:0 
  at BattleTech.Data.LoadRequest.AddBlindLoadRequestInternal (BattleTech.BattleTechResourceType resourceType, System.String resourceId, System.Boolean allowDuplicateInstantiation, System.Nullable`1[T] filterByOwnerShip) [0x00000] in <4184af8dbeb44635831353f4d349631c>:0 
  at BattleTech.Data.LoadRequest.AddBlindLoadRequest (BattleTech.BattleTechResourceType resourceType, System.String resourceId, System.Nullable`1[T] filterByOwnership) [0x00000] in <4184af8dbeb44635831353f4d349631c>:0 
  at BattleTech.Data.DataManager+DependencyLoadRequest.DMD<BattleTech.Data.DataManager+DependencyLoadRequest::RequestResource> (BattleTech.Data.DataManager+DependencyLoadRequest , BattleTech.BattleTechResourceType , System.String ) [0x00000] in <4184af8dbeb44635831353f4d349631c>:0 
  at BattleTech.ChassisDef.DMD<BattleTech.ChassisDef::GatherDependencies> (BattleTech.ChassisDef , BattleTech.Data.DataManager , BattleTech.Data.DataManager+DependencyLoadRequest , System.UInt32 ) [0x00000] in <4184af8dbeb44635831353f4d349631c>:0 
  at BattleTech.Data.DataManager.RequestDependencies (BattleTech.Data.DataManager+FileLoadRequest loadRequest) [0x00000] in <4184af8dbeb44635831353f4d349631c>:0 
  at BattleTech.Data.DataManager+FileLoadRequest.TryLoadDependencies (BattleTech.Data.DataManager+ILoadDependencies dependencyLoader) [0x00000] in <4184af8dbeb44635831353f4d349631c>:0 
  at BattleTech.Data.DataManager+JsonLoadRequest`1[T].OnLoadedWithJSON (System.String json) [0x00000] in <4184af8dbeb44635831353f4d349631c>:0 
  at BattleTech.Data.DataManager+StringDataLoadRequest`1[T].DMD<BattleTech.Data.DataManager+StringDataLoadRequest`1[[BattleTech.WeaponDef, Assembly-CSharp, Version=0.0.0.0, Culture=neutral, PublicKeyToken=null]]::OnLoadedWithText> (BattleTech.Data.DataManager+StringDataLoadRequest`1[T] , System.String ) [0x00000] in <4184af8dbeb44635831353f4d349631c>:0 
  at HBS.Data.DataLoader+<>c__DisplayClass12_0.<LoadResource>b__0 (System.String _path, System.IO.Stream _stream) [0x00000] in <4184af8dbeb44635831353f4d349631c>:0 
  at HBS.Data.DataLoader.DMD<HBS.Data.DataLoader::CallHandler> (HBS.Data.DataLoader , System.String , System.Action`2[T1,T2] ) [0x00000] in <4184af8dbeb44635831353f4d349631c>:0 
  at HBS.Data.DataLoader.LoadResource (System.String path, System.Action`2[T1,T2] handler, System.Boolean monitor) [0x00000] in <4184af8dbeb44635831353f4d349631c>:0 
  at HBS.Data.DataLoader.LoadResource (System.String path, System.Action`1[T] handler, System.Boolean monitor) [0x00000] in <4184af8dbeb44635831353f4d349631c>:0 
  at HBS.Data.DataLoader.LoadResource (System.String path, System.Action`1[T] handler) [0x00000] in <4184af8dbeb44635831353f4d349631c>:0 
  at BattleTech.Data.DataManager+StringDataLoadRequest`1[T].Load () [0x00000] in <4184af8dbeb44635831353f4d349631c>:0 
  at CustomDeploy.DataManager_UpdateRequests.Prefix (BattleTech.Data.DataManager __instance) [0x00000] in <cbe91c7f71cc4a868c01fe350e6ef8c2>:0 
  at BattleTech.Data.DataManager.DMD<BattleTech.Data.DataManager::UpdateRequests> (BattleTech.Data.DataManager ) [0x00000] in <4184af8dbeb44635831353f4d349631c>:0 
  at BattleTech.Data.DataManager.Update (System.Single deltaTime) [0x00000] in <4184af8dbeb44635831353f4d349631c>:0 
  at BattleTech.GameInstance.Update (System.Single deltaTime) [0x00000] in <4184af8dbeb44635831353f4d349631c>:0 
  at BattleTech.UnityGameInstance.DMD<BattleTech.UnityGameInstance::Update> (BattleTech.UnityGameInstance ) [0x00000] in <4184af8dbeb44635831353f4d349631c>:0 
[18:30:39.021]LoadRequest.TryCreateAndAddLoadRequest failed MANTICORE Sprite
 manifest entry is null
   at System.Environment.get_StackTrace () [0x00000] in <d7ac571ca2d04b2f981d0d886fa067cf>:0 
  at CustomDeploy.LoadRequest_TryCreateAndAddLoadRequest.Postfix (BattleTech.Data.LoadRequest __instance, BattleTech.BattleTechResourceType resourceType, System.String resourceId, System.Boolean __result) [0x00000] in <cbe91c7f71cc4a868c01fe350e6ef8c2>:0 
  at BattleTech.Data.LoadRequest.DMD<BattleTech.Data.LoadRequest::TryCreateAndAddLoadRequest> (BattleTech.Data.LoadRequest , BattleTech.Data.LoadTracker& , BattleTech.BattleTechResourceType , System.String , System.Nullable`1[T] ) [0x00000] in <4184af8dbeb44635831353f4d349631c>:0 
  at BattleTech.Data.LoadRequest.AddBlindLoadRequestInternal (BattleTech.BattleTechResourceType resourceType, System.String resourceId, System.Boolean allowDuplicateInstantiation, System.Nullable`1[T] filterByOwnerShip) [0x00000] in <4184af8dbeb44635831353f4d349631c>:0 
  at BattleTech.Data.LoadRequest.AddBlindLoadRequest (BattleTech.BattleTechResourceType resourceType, System.String resourceId, System.Nullable`1[T] filterByOwnership) [0x00000] in <4184af8dbeb44635831353f4d349631c>:0 
  at BattleTech.Data.DataManager+DependencyLoadRequest.DMD<BattleTech.Data.DataManager+DependencyLoadRequest::RequestResource> (BattleTech.Data.DataManager+DependencyLoadRequest , BattleTech.BattleTechResourceType , System.String ) [0x00000] in <4184af8dbeb44635831353f4d349631c>:0 
  at BattleTech.ChassisDef.DMD<BattleTech.ChassisDef::GatherDependencies> (BattleTech.ChassisDef , BattleTech.Data.DataManager , BattleTech.Data.DataManager+DependencyLoadRequest , System.UInt32 ) [0x00000] in <4184af8dbeb44635831353f4d349631c>:0 
  at BattleTech.Data.DataManager.RequestDependencies (BattleTech.Data.DataManager+FileLoadRequest loadRequest) [0x00000] in <4184af8dbeb44635831353f4d349631c>:0 
  at BattleTech.Data.DataManager+FileLoadRequest.TryLoadDependencies (BattleTech.Data.DataManager+ILoadDependencies dependencyLoader) [0x00000] in <4184af8dbeb44635831353f4d349631c>:0 
  at BattleTech.Data.DataManager+JsonLoadRequest`1[T].OnLoadedWithJSON (System.String json) [0x00000] in <4184af8dbeb44635831353f4d349631c>:0 
  at BattleTech.Data.DataManager+StringDataLoadRequest`1[T].DMD<BattleTech.Data.DataManager+StringDataLoadRequest`1[[BattleTech.WeaponDef, Assembly-CSharp, Version=0.0.0.0, Culture=neutral, PublicKeyToken=null]]::OnLoadedWithText> (BattleTech.Data.DataManager+StringDataLoadRequest`1[T] , System.String ) [0x00000] in <4184af8dbeb44635831353f4d349631c>:0 
  at HBS.Data.DataLoader+<>c__DisplayClass12_0.<LoadResource>b__0 (System.String _path, System.IO.Stream _stream) [0x00000] in <4184af8dbeb44635831353f4d349631c>:0 
  at HBS.Data.DataLoader.DMD<HBS.Data.DataLoader::CallHandler> (HBS.Data.DataLoader , System.String , System.Action`2[T1,T2] ) [0x00000] in <4184af8dbeb44635831353f4d349631c>:0 
  at HBS.Data.DataLoader.LoadResource (System.String path, System.Action`2[T1,T2] handler, System.Boolean monitor) [0x00000] in <4184af8dbeb44635831353f4d349631c>:0 
  at HBS.Data.DataLoader.LoadResource (System.String path, System.Action`1[T] handler, System.Boolean monitor) [0x00000] in <4184af8dbeb44635831353f4d349631c>:0 
  at HBS.Data.DataLoader.LoadResource (System.String path, System.Action`1[T] handler) [0x00000] in <4184af8dbeb44635831353f4d349631c>:0 
  at BattleTech.Data.DataManager+StringDataLoadRequest`1[T].Load () [0x00000] in <4184af8dbeb44635831353f4d349631c>:0 
  at CustomDeploy.DataManager_UpdateRequests.Prefix (BattleTech.Data.DataManager __instance) [0x00000] in <cbe91c7f71cc4a868c01fe350e6ef8c2>:0 
  at BattleTech.Data.DataManager.DMD<BattleTech.Data.DataManager::UpdateRequests> (BattleTech.Data.DataManager ) [0x00000] in <4184af8dbeb44635831353f4d349631c>:0 
  at BattleTech.Data.DataManager.Update (System.Single deltaTime) [0x00000] in <4184af8dbeb44635831353f4d349631c>:0 
  at BattleTech.GameInstance.Update (System.Single deltaTime) [0x00000] in <4184af8dbeb44635831353f4d349631c>:0 
  at BattleTech.UnityGameInstance.DMD<BattleTech.UnityGameInstance::Update> (BattleTech.UnityGameInstance ) [0x00000] in <4184af8dbeb44635831353f4d349631c>:0 
[18:30:39.023]LoadRequest.TryCreateAndAddLoadRequest failed STRIKER Sprite
 manifest entry is null
   at System.Environment.get_StackTrace () [0x00000] in <d7ac571ca2d04b2f981d0d886fa067cf>:0 
  at CustomDeploy.LoadRequest_TryCreateAndAddLoadRequest.Postfix (BattleTech.Data.LoadRequest __instance, BattleTech.BattleTechResourceType resourceType, System.String resourceId, System.Boolean __result) [0x00000] in <cbe91c7f71cc4a868c01fe350e6ef8c2>:0 
  at BattleTech.Data.LoadRequest.DMD<BattleTech.Data.LoadRequest::TryCreateAndAddLoadRequest> (BattleTech.Data.LoadRequest , BattleTech.Data.LoadTracker& , BattleTech.BattleTechResourceType , System.String , System.Nullable`1[T] ) [0x00000] in <4184af8dbeb44635831353f4d349631c>:0 
  at BattleTech.Data.LoadRequest.AddBlindLoadRequestInternal (BattleTech.BattleTechResourceType resourceType, System.String resourceId, System.Boolean allowDuplicateInstantiation, System.Nullable`1[T] filterByOwnerShip) [0x00000] in <4184af8dbeb44635831353f4d349631c>:0 
  at BattleTech.Data.LoadRequest.AddBlindLoadRequest (BattleTech.BattleTechResourceType resourceType, System.String resourceId, System.Nullable`1[T] filterByOwnership) [0x00000] in <4184af8dbeb44635831353f4d349631c>:0 
  at BattleTech.Data.DataManager+DependencyLoadRequest.DMD<BattleTech.Data.DataManager+DependencyLoadRequest::RequestResource> (BattleTech.Data.DataManager+DependencyLoadRequest , BattleTech.BattleTechResourceType , System.String ) [0x00000] in <4184af8dbeb44635831353f4d349631c>:0 
  at BattleTech.ChassisDef.DMD<BattleTech.ChassisDef::GatherDependencies> (BattleTech.ChassisDef , BattleTech.Data.DataManager , BattleTech.Data.DataManager+DependencyLoadRequest , System.UInt32 ) [0x00000] in <4184af8dbeb44635831353f4d349631c>:0 
  at BattleTech.Data.DataManager.RequestDependencies (BattleTech.Data.DataManager+FileLoadRequest loadRequest) [0x00000] in <4184af8dbeb44635831353f4d349631c>:0 
  at BattleTech.Data.DataManager+FileLoadRequest.TryLoadDependencies (BattleTech.Data.DataManager+ILoadDependencies dependencyLoader) [0x00000] in <4184af8dbeb44635831353f4d349631c>:0 
  at BattleTech.Data.DataManager+JsonLoadRequest`1[T].OnLoadedWithJSON (System.String json) [0x00000] in <4184af8dbeb44635831353f4d349631c>:0 
  at BattleTech.Data.DataManager+StringDataLoadRequest`1[T].DMD<BattleTech.Data.DataManager+StringDataLoadRequest`1[[BattleTech.WeaponDef, Assembly-CSharp, Version=0.0.0.0, Culture=neutral, PublicKeyToken=null]]::OnLoadedWithText> (BattleTech.Data.DataManager+StringDataLoadRequest`1[T] , System.String ) [0x00000] in <4184af8dbeb44635831353f4d349631c>:0 
  at HBS.Data.DataLoader+<>c__DisplayClass12_0.<LoadResource>b__0 (System.String _path, System.IO.Stream _stream) [0x00000] in <4184af8dbeb44635831353f4d349631c>:0 
  at HBS.Data.DataLoader.DMD<HBS.Data.DataLoader::CallHandler> (HBS.Data.DataLoader , System.String , System.Action`2[T1,T2] ) [0x00000] in <4184af8dbeb44635831353f4d349631c>:0 
  at HBS.Data.DataLoader.LoadResource (System.String path, System.Action`2[T1,T2] handler, System.Boolean monitor) [0x00000] in <4184af8dbeb44635831353f4d349631c>:0 
  at HBS.Data.DataLoader.LoadResource (System.String path, System.Action`1[T] handler, System.Boolean monitor) [0x00000] in <4184af8dbeb44635831353f4d349631c>:0 
  at HBS.Data.DataLoader.LoadResource (System.String path, System.Action`1[T] handler) [0x00000] in <4184af8dbeb44635831353f4d349631c>:0 
  at BattleTech.Data.DataManager+StringDataLoadRequest`1[T].Load () [0x00000] in <4184af8dbeb44635831353f4d349631c>:0 
  at CustomDeploy.DataManager_UpdateRequests.Prefix (BattleTech.Data.DataManager __instance) [0x00000] in <cbe91c7f71cc4a868c01fe350e6ef8c2>:0 
  at BattleTech.Data.DataManager.DMD<BattleTech.Data.DataManager::UpdateRequests> (BattleTech.Data.DataManager ) [0x00000] in <4184af8dbeb44635831353f4d349631c>:0 
  at BattleTech.Data.DataManager.Update (System.Single deltaTime) [0x00000] in <4184af8dbeb44635831353f4d349631c>:0 
  at BattleTech.GameInstance.Update (System.Single deltaTime) [0x00000] in <4184af8dbeb44635831353f4d349631c>:0 
  at BattleTech.UnityGameInstance.DMD<BattleTech.UnityGameInstance::Update> (BattleTech.UnityGameInstance ) [0x00000] in <4184af8dbeb44635831353f4d349631c>:0 
[18:30:39.028]LoadRequest.TryCreateAndAddLoadRequest failed MANTICORE Sprite
 manifest entry is null
   at System.Environment.get_StackTrace () [0x00000] in <d7ac571ca2d04b2f981d0d886fa067cf>:0 
  at CustomDeploy.LoadRequest_TryCreateAndAddLoadRequest.Postfix (BattleTech.Data.LoadRequest __instance, BattleTech.BattleTechResourceType resourceType, System.String resourceId, System.Boolean __result) [0x00000] in <cbe91c7f71cc4a868c01fe350e6ef8c2>:0 
  at BattleTech.Data.LoadRequest.DMD<BattleTech.Data.LoadRequest::TryCreateAndAddLoadRequest> (BattleTech.Data.LoadRequest , BattleTech.Data.LoadTracker& , BattleTech.BattleTechResourceType , System.String , System.Nullable`1[T] ) [0x00000] in <4184af8dbeb44635831353f4d349631c>:0 
  at BattleTech.Data.LoadRequest.AddBlindLoadRequestInternal (BattleTech.BattleTechResourceType resourceType, System.String resourceId, System.Boolean allowDuplicateInstantiation, System.Nullable`1[T] filterByOwnerShip) [0x00000] in <4184af8dbeb44635831353f4d349631c>:0 
  at BattleTech.Data.LoadRequest.AddBlindLoadRequest (BattleTech.BattleTechResourceType resourceType, System.String resourceId, System.Nullable`1[T] filterByOwnership) [0x00000] in <4184af8dbeb44635831353f4d349631c>:0 
  at BattleTech.Data.DataManager+DependencyLoadRequest.DMD<BattleTech.Data.DataManager+DependencyLoadRequest::RequestResource> (BattleTech.Data.DataManager+DependencyLoadRequest , BattleTech.BattleTechResourceType , System.String ) [0x00000] in <4184af8dbeb44635831353f4d349631c>:0 
  at BattleTech.ChassisDef.DMD<BattleTech.ChassisDef::GatherDependencies> (BattleTech.ChassisDef , BattleTech.Data.DataManager , BattleTech.Data.DataManager+DependencyLoadRequest , System.UInt32 ) [0x00000] in <4184af8dbeb44635831353f4d349631c>:0 
  at BattleTech.Data.DataManager.RequestDependencies (BattleTech.Data.DataManager+FileLoadRequest loadRequest) [0x00000] in <4184af8dbeb44635831353f4d349631c>:0 
  at BattleTech.Data.DataManager+FileLoadRequest.TryLoadDependencies (BattleTech.Data.DataManager+ILoadDependencies dependencyLoader) [0x00000] in <4184af8dbeb44635831353f4d349631c>:0 
  at BattleTech.Data.DataManager+JsonLoadRequest`1[T].OnLoadedWithJSON (System.String json) [0x00000] in <4184af8dbeb44635831353f4d349631c>:0 
  at BattleTech.Data.DataManager+StringDataLoadRequest`1[T].DMD<BattleTech.Data.DataManager+StringDataLoadRequest`1[[BattleTech.WeaponDef, Assembly-CSharp, Version=0.0.0.0, Culture=neutral, PublicKeyToken=null]]::OnLoadedWithText> (BattleTech.Data.DataManager+StringDataLoadRequest`1[T] , System.String ) [0x00000] in <4184af8dbeb44635831353f4d349631c>:0 
  at HBS.Data.DataLoader+<>c__DisplayClass12_0.<LoadResource>b__0 (System.String _path, System.IO.Stream _stream) [0x00000] in <4184af8dbeb44635831353f4d349631c>:0 
  at HBS.Data.DataLoader.DMD<HBS.Data.DataLoader::CallHandler> (HBS.Data.DataLoader , System.String , System.Action`2[T1,T2] ) [0x00000] in <4184af8dbeb44635831353f4d349631c>:0 
  at HBS.Data.DataLoader.LoadResource (System.String path, System.Action`2[T1,T2] handler, System.Boolean monitor) [0x00000] in <4184af8dbeb44635831353f4d349631c>:0 
  at HBS.Data.DataLoader.LoadResource (System.String path, System.Action`1[T] handler, System.Boolean monitor) [0x00000] in <4184af8dbeb44635831353f4d349631c>:0 
  at HBS.Data.DataLoader.LoadResource (System.String path, System.Action`1[T] handler) [0x00000] in <4184af8dbeb44635831353f4d349631c>:0 
  at BattleTech.Data.DataManager+StringDataLoadRequest`1[T].Load () [0x00000] in <4184af8dbeb44635831353f4d349631c>:0 
  at CustomDeploy.DataManager_UpdateRequests.Prefix (BattleTech.Data.DataManager __instance) [0x00000] in <cbe91c7f71cc4a868c01fe350e6ef8c2>:0 
  at BattleTech.Data.DataManager.DMD<BattleTech.Data.DataManager::UpdateRequests> (BattleTech.Data.DataManager ) [0x00000] in <4184af8dbeb44635831353f4d349631c>:0 
  at BattleTech.Data.DataManager.Update (System.Single deltaTime) [0x00000] in <4184af8dbeb44635831353f4d349631c>:0 
  at BattleTech.GameInstance.Update (System.Single deltaTime) [0x00000] in <4184af8dbeb44635831353f4d349631c>:0 
  at BattleTech.UnityGameInstance.DMD<BattleTech.UnityGameInstance::Update> (BattleTech.UnityGameInstance ) [0x00000] in <4184af8dbeb44635831353f4d349631c>:0 
[18:30:39.031]LoadRequest.TryCreateAndAddLoadRequest failed STRIKER Sprite
 manifest entry is null
   at System.Environment.get_StackTrace () [0x00000] in <d7ac571ca2d04b2f981d0d886fa067cf>:0 
  at CustomDeploy.LoadRequest_TryCreateAndAddLoadRequest.Postfix (BattleTech.Data.LoadRequest __instance, BattleTech.BattleTechResourceType resourceType, System.String resourceId, System.Boolean __result) [0x00000] in <cbe91c7f71cc4a868c01fe350e6ef8c2>:0 
  at BattleTech.Data.LoadRequest.DMD<BattleTech.Data.LoadRequest::TryCreateAndAddLoadRequest> (BattleTech.Data.LoadRequest , BattleTech.Data.LoadTracker& , BattleTech.BattleTechResourceType , System.String , System.Nullable`1[T] ) [0x00000] in <4184af8dbeb44635831353f4d349631c>:0 
  at BattleTech.Data.LoadRequest.AddBlindLoadRequestInternal (BattleTech.BattleTechResourceType resourceType, System.String resourceId, System.Boolean allowDuplicateInstantiation, System.Nullable`1[T] filterByOwnerShip) [0x00000] in <4184af8dbeb44635831353f4d349631c>:0 
  at BattleTech.Data.LoadRequest.AddBlindLoadRequest (BattleTech.BattleTechResourceType resourceType, System.String resourceId, System.Nullable`1[T] filterByOwnership) [0x00000] in <4184af8dbeb44635831353f4d349631c>:0 
  at BattleTech.Data.DataManager+DependencyLoadRequest.DMD<BattleTech.Data.DataManager+DependencyLoadRequest::RequestResource> (BattleTech.Data.DataManager+DependencyLoadRequest , BattleTech.BattleTechResourceType , System.String ) [0x00000] in <4184af8dbeb44635831353f4d349631c>:0 
  at BattleTech.ChassisDef.DMD<BattleTech.ChassisDef::GatherDependencies> (BattleTech.ChassisDef , BattleTech.Data.DataManager , BattleTech.Data.DataManager+DependencyLoadRequest , System.UInt32 ) [0x00000] in <4184af8dbeb44635831353f4d349631c>:0 
  at BattleTech.Data.DataManager.RequestDependencies (BattleTech.Data.DataManager+FileLoadRequest loadRequest) [0x00000] in <4184af8dbeb44635831353f4d349631c>:0 
  at BattleTech.Data.DataManager+FileLoadRequest.TryLoadDependencies (BattleTech.Data.DataManager+ILoadDependencies dependencyLoader) [0x00000] in <4184af8dbeb44635831353f4d349631c>:0 
  at BattleTech.Data.DataManager+JsonLoadRequest`1[T].OnLoadedWithJSON (System.String json) [0x00000] in <4184af8dbeb44635831353f4d349631c>:0 
  at BattleTech.Data.DataManager+StringDataLoadRequest`1[T].DMD<BattleTech.Data.DataManager+StringDataLoadRequest`1[[BattleTech.WeaponDef, Assembly-CSharp, Version=0.0.0.0, Culture=neutral, PublicKeyToken=null]]::OnLoadedWithText> (BattleTech.Data.DataManager+StringDataLoadRequest`1[T] , System.String ) [0x00000] in <4184af8dbeb44635831353f4d349631c>:0 
  at HBS.Data.DataLoader+<>c__DisplayClass12_0.<LoadResource>b__0 (System.String _path, System.IO.Stream _stream) [0x00000] in <4184af8dbeb44635831353f4d349631c>:0 
  at HBS.Data.DataLoader.DMD<HBS.Data.DataLoader::CallHandler> (HBS.Data.DataLoader , System.String , System.Action`2[T1,T2] ) [0x00000] in <4184af8dbeb44635831353f4d349631c>:0 
  at HBS.Data.DataLoader.LoadResource (System.String path, System.Action`2[T1,T2] handler, System.Boolean monitor) [0x00000] in <4184af8dbeb44635831353f4d349631c>:0 
  at HBS.Data.DataLoader.LoadResource (System.String path, System.Action`1[T] handler, System.Boolean monitor) [0x00000] in <4184af8dbeb44635831353f4d349631c>:0 
  at HBS.Data.DataLoader.LoadResource (System.String path, System.Action`1[T] handler) [0x00000] in <4184af8dbeb44635831353f4d349631c>:0 
  at BattleTech.Data.DataManager+StringDataLoadRequest`1[T].Load () [0x00000] in <4184af8dbeb44635831353f4d349631c>:0 
  at CustomDeploy.DataManager_UpdateRequests.Prefix (BattleTech.Data.DataManager __instance) [0x00000] in <cbe91c7f71cc4a868c01fe350e6ef8c2>:0 
  at BattleTech.Data.DataManager.DMD<BattleTech.Data.DataManager::UpdateRequests> (BattleTech.Data.DataManager ) [0x00000] in <4184af8dbeb44635831353f4d349631c>:0 
  at BattleTech.Data.DataManager.Update (System.Single deltaTime) [0x00000] in <4184af8dbeb44635831353f4d349631c>:0 
  at BattleTech.GameInstance.Update (System.Single deltaTime) [0x00000] in <4184af8dbeb44635831353f4d349631c>:0 
  at BattleTech.UnityGameInstance.DMD<BattleTech.UnityGameInstance::Update> (BattleTech.UnityGameInstance ) [0x00000] in <4184af8dbeb44635831353f4d349631c>:0 
[18:30:39.033]LoadRequest.TryCreateAndAddLoadRequest failed MANTICORE Sprite
 manifest entry is null
   at System.Environment.get_StackTrace () [0x00000] in <d7ac571ca2d04b2f981d0d886fa067cf>:0 
  at CustomDeploy.LoadRequest_TryCreateAndAddLoadRequest.Postfix (BattleTech.Data.LoadRequest __instance, BattleTech.BattleTechResourceType resourceType, System.String resourceId, System.Boolean __result) [0x00000] in <cbe91c7f71cc4a868c01fe350e6ef8c2>:0 
  at BattleTech.Data.LoadRequest.DMD<BattleTech.Data.LoadRequest::TryCreateAndAddLoadRequest> (BattleTech.Data.LoadRequest , BattleTech.Data.LoadTracker& , BattleTech.BattleTechResourceType , System.String , System.Nullable`1[T] ) [0x00000] in <4184af8dbeb44635831353f4d349631c>:0 
  at BattleTech.Data.LoadRequest.AddBlindLoadRequestInternal (BattleTech.BattleTechResourceType resourceType, System.String resourceId, System.Boolean allowDuplicateInstantiation, System.Nullable`1[T] filterByOwnerShip) [0x00000] in <4184af8dbeb44635831353f4d349631c>:0 
  at BattleTech.Data.LoadRequest.AddBlindLoadRequest (BattleTech.BattleTechResourceType resourceType, System.String resourceId, System.Nullable`1[T] filterByOwnership) [0x00000] in <4184af8dbeb44635831353f4d349631c>:0 
  at BattleTech.Data.DataManager+DependencyLoadRequest.DMD<BattleTech.Data.DataManager+DependencyLoadRequest::RequestResource> (BattleTech.Data.DataManager+DependencyLoadRequest , BattleTech.BattleTechResourceType , System.String ) [0x00000] in <4184af8dbeb44635831353f4d349631c>:0 
  at BattleTech.ChassisDef.DMD<BattleTech.ChassisDef::GatherDependencies> (BattleTech.ChassisDef , BattleTech.Data.DataManager , BattleTech.Data.DataManager+DependencyLoadRequest , System.UInt32 ) [0x00000] in <4184af8dbeb44635831353f4d349631c>:0 
  at BattleTech.Data.DataManager.RequestDependencies (BattleTech.Data.DataManager+FileLoadRequest loadRequest) [0x00000] in <4184af8dbeb44635831353f4d349631c>:0 
  at BattleTech.Data.DataManager+FileLoadRequest.TryLoadDependencies (BattleTech.Data.DataManager+ILoadDependencies dependencyLoader) [0x00000] in <4184af8dbeb44635831353f4d349631c>:0 
  at BattleTech.Data.DataManager+JsonLoadRequest`1[T].OnLoadedWithJSON (System.String json) [0x00000] in <4184af8dbeb44635831353f4d349631c>:0 
  at BattleTech.Data.DataManager+StringDataLoadRequest`1[T].DMD<BattleTech.Data.DataManager+StringDataLoadRequest`1[[BattleTech.WeaponDef, Assembly-CSharp, Version=0.0.0.0, Culture=neutral, PublicKeyToken=null]]::OnLoadedWithText> (BattleTech.Data.DataManager+StringDataLoadRequest`1[T] , System.String ) [0x00000] in <4184af8dbeb44635831353f4d349631c>:0 
  at HBS.Data.DataLoader+<>c__DisplayClass12_0.<LoadResource>b__0 (System.String _path, System.IO.Stream _stream) [0x00000] in <4184af8dbeb44635831353f4d349631c>:0 
  at HBS.Data.DataLoader.DMD<HBS.Data.DataLoader::CallHandler> (HBS.Data.DataLoader , System.String , System.Action`2[T1,T2] ) [0x00000] in <4184af8dbeb44635831353f4d349631c>:0 
  at HBS.Data.DataLoader.LoadResource (System.String path, System.Action`2[T1,T2] handler, System.Boolean monitor) [0x00000] in <4184af8dbeb44635831353f4d349631c>:0 
  at HBS.Data.DataLoader.LoadResource (System.String path, System.Action`1[T] handler, System.Boolean monitor) [0x00000] in <4184af8dbeb44635831353f4d349631c>:0 
  at HBS.Data.DataLoader.LoadResource (System.String path, System.Action`1[T] handler) [0x00000] in <4184af8dbeb44635831353f4d349631c>:0 
  at BattleTech.Data.DataManager+StringDataLoadRequest`1[T].Load () [0x00000] in <4184af8dbeb44635831353f4d349631c>:0 
  at CustomDeploy.DataManager_UpdateRequests.Prefix (BattleTech.Data.DataManager __instance) [0x00000] in <cbe91c7f71cc4a868c01fe350e6ef8c2>:0 
  at BattleTech.Data.DataManager.DMD<BattleTech.Data.DataManager::UpdateRequests> (BattleTech.Data.DataManager ) [0x00000] in <4184af8dbeb44635831353f4d349631c>:0 
  at BattleTech.Data.DataManager.Update (System.Single deltaTime) [0x00000] in <4184af8dbeb44635831353f4d349631c>:0 
  at BattleTech.GameInstance.Update (System.Single deltaTime) [0x00000] in <4184af8dbeb44635831353f4d349631c>:0 
  at BattleTech.UnityGameInstance.DMD<BattleTech.UnityGameInstance::Update> (BattleTech.UnityGameInstance ) [0x00000] in <4184af8dbeb44635831353f4d349631c>:0 
[18:30:39.035]LoadRequest.TryCreateAndAddLoadRequest failed MANTICORE Sprite
 manifest entry is null
   at System.Environment.get_StackTrace () [0x00000] in <d7ac571ca2d04b2f981d0d886fa067cf>:0 
  at CustomDeploy.LoadRequest_TryCreateAndAddLoadRequest.Postfix (BattleTech.Data.LoadRequest __instance, BattleTech.BattleTechResourceType resourceType, System.String resourceId, System.Boolean __result) [0x00000] in <cbe91c7f71cc4a868c01fe350e6ef8c2>:0 
  at BattleTech.Data.LoadRequest.DMD<BattleTech.Data.LoadRequest::TryCreateAndAddLoadRequest> (BattleTech.Data.LoadRequest , BattleTech.Data.LoadTracker& , BattleTech.BattleTechResourceType , System.String , System.Nullable`1[T] ) [0x00000] in <4184af8dbeb44635831353f4d349631c>:0 
  at BattleTech.Data.LoadRequest.AddBlindLoadRequestInternal (BattleTech.BattleTechResourceType resourceType, System.String resourceId, System.Boolean allowDuplicateInstantiation, System.Nullable`1[T] filterByOwnerShip) [0x00000] in <4184af8dbeb44635831353f4d349631c>:0 
  at BattleTech.Data.LoadRequest.AddBlindLoadRequest (BattleTech.BattleTechResourceType resourceType, System.String resourceId, System.Nullable`1[T] filterByOwnership) [0x00000] in <4184af8dbeb44635831353f4d349631c>:0 
  at BattleTech.Data.DataManager+DependencyLoadRequest.DMD<BattleTech.Data.DataManager+DependencyLoadRequest::RequestResource> (BattleTech.Data.DataManager+DependencyLoadRequest , BattleTech.BattleTechResourceType , System.String ) [0x00000] in <4184af8dbeb44635831353f4d349631c>:0 
  at BattleTech.ChassisDef.DMD<BattleTech.ChassisDef::GatherDependencies> (BattleTech.ChassisDef , BattleTech.Data.DataManager , BattleTech.Data.DataManager+DependencyLoadRequest , System.UInt32 ) [0x00000] in <4184af8dbeb44635831353f4d349631c>:0 
  at BattleTech.Data.DataManager.RequestDependencies (BattleTech.Data.DataManager+FileLoadRequest loadRequest) [0x00000] in <4184af8dbeb44635831353f4d349631c>:0 
  at BattleTech.Data.DataManager+FileLoadRequest.TryLoadDependencies (BattleTech.Data.DataManager+ILoadDependencies dependencyLoader) [0x00000] in <4184af8dbeb44635831353f4d349631c>:0 
  at BattleTech.Data.DataManager+JsonLoadRequest`1[T].OnLoadedWithJSON (System.String json) [0x00000] in <4184af8dbeb44635831353f4d349631c>:0 
  at BattleTech.Data.DataManager+StringDataLoadRequest`1[T].DMD<BattleTech.Data.DataManager+StringDataLoadRequest`1[[BattleTech.WeaponDef, Assembly-CSharp, Version=0.0.0.0, Culture=neutral, PublicKeyToken=null]]::OnLoadedWithText> (BattleTech.Data.DataManager+StringDataLoadRequest`1[T] , System.String ) [0x00000] in <4184af8dbeb44635831353f4d349631c>:0 
  at HBS.Data.DataLoader+<>c__DisplayClass12_0.<LoadResource>b__0 (System.String _path, System.IO.Stream _stream) [0x00000] in <4184af8dbeb44635831353f4d349631c>:0 
  at HBS.Data.DataLoader.DMD<HBS.Data.DataLoader::CallHandler> (HBS.Data.DataLoader , System.String , System.Action`2[T1,T2] ) [0x00000] in <4184af8dbeb44635831353f4d349631c>:0 
  at HBS.Data.DataLoader.LoadResource (System.String path, System.Action`2[T1,T2] handler, System.Boolean monitor) [0x00000] in <4184af8dbeb44635831353f4d349631c>:0 
  at HBS.Data.DataLoader.LoadResource (System.String path, System.Action`1[T] handler, System.Boolean monitor) [0x00000] in <4184af8dbeb44635831353f4d349631c>:0 
  at HBS.Data.DataLoader.LoadResource (System.String path, System.Action`1[T] handler) [0x00000] in <4184af8dbeb44635831353f4d349631c>:0 
  at BattleTech.Data.DataManager+StringDataLoadRequest`1[T].Load () [0x00000] in <4184af8dbeb44635831353f4d349631c>:0 
  at CustomDeploy.DataManager_UpdateRequests.Prefix (BattleTech.Data.DataManager __instance) [0x00000] in <cbe91c7f71cc4a868c01fe350e6ef8c2>:0 
  at BattleTech.Data.DataManager.DMD<BattleTech.Data.DataManager::UpdateRequests> (BattleTech.Data.DataManager ) [0x00000] in <4184af8dbeb44635831353f4d349631c>:0 
  at BattleTech.Data.DataManager.Update (System.Single deltaTime) [0x00000] in <4184af8dbeb44635831353f4d349631c>:0 
  at BattleTech.GameInstance.Update (System.Single deltaTime) [0x00000] in <4184af8dbeb44635831353f4d349631c>:0 
  at BattleTech.UnityGameInstance.DMD<BattleTech.UnityGameInstance::Update> (BattleTech.UnityGameInstance ) [0x00000] in <4184af8dbeb44635831353f4d349631c>:0 
[18:30:39.038]LoadRequest.TryCreateAndAddLoadRequest failed MANTICORE Sprite
 manifest entry is null
   at System.Environment.get_StackTrace () [0x00000] in <d7ac571ca2d04b2f981d0d886fa067cf>:0 
  at CustomDeploy.LoadRequest_TryCreateAndAddLoadRequest.Postfix (BattleTech.Data.LoadRequest __instance, BattleTech.BattleTechResourceType resourceType, System.String resourceId, System.Boolean __result) [0x00000] in <cbe91c7f71cc4a868c01fe350e6ef8c2>:0 
  at BattleTech.Data.LoadRequest.DMD<BattleTech.Data.LoadRequest::TryCreateAndAddLoadRequest> (BattleTech.Data.LoadRequest , BattleTech.Data.LoadTracker& , BattleTech.BattleTechResourceType , System.String , System.Nullable`1[T] ) [0x00000] in <4184af8dbeb44635831353f4d349631c>:0 
  at BattleTech.Data.LoadRequest.AddBlindLoadRequestInternal (BattleTech.BattleTechResourceType resourceType, System.String resourceId, System.Boolean allowDuplicateInstantiation, System.Nullable`1[T] filterByOwnerShip) [0x00000] in <4184af8dbeb44635831353f4d349631c>:0 
  at BattleTech.Data.LoadRequest.AddBlindLoadRequest (BattleTech.BattleTechResourceType resourceType, System.String resourceId, System.Nullable`1[T] filterByOwnership) [0x00000] in <4184af8dbeb44635831353f4d349631c>:0 
  at BattleTech.Data.DataManager+DependencyLoadRequest.DMD<BattleTech.Data.DataManager+DependencyLoadRequest::RequestResource> (BattleTech.Data.DataManager+DependencyLoadRequest , BattleTech.BattleTechResourceType , System.String ) [0x00000] in <4184af8dbeb44635831353f4d349631c>:0 
  at BattleTech.ChassisDef.DMD<BattleTech.ChassisDef::GatherDependencies> (BattleTech.ChassisDef , BattleTech.Data.DataManager , BattleTech.Data.DataManager+DependencyLoadRequest , System.UInt32 ) [0x00000] in <4184af8dbeb44635831353f4d349631c>:0 
  at BattleTech.Data.DataManager.RequestDependencies (BattleTech.Data.DataManager+FileLoadRequest loadRequest) [0x00000] in <4184af8dbeb44635831353f4d349631c>:0 
  at BattleTech.Data.DataManager+FileLoadRequest.TryLoadDependencies (BattleTech.Data.DataManager+ILoadDependencies dependencyLoader) [0x00000] in <4184af8dbeb44635831353f4d349631c>:0 
  at BattleTech.Data.DataManager+JsonLoadRequest`1[T].OnLoadedWithJSON (System.String json) [0x00000] in <4184af8dbeb44635831353f4d349631c>:0 
  at BattleTech.Data.DataManager+StringDataLoadRequest`1[T].DMD<BattleTech.Data.DataManager+StringDataLoadRequest`1[[BattleTech.WeaponDef, Assembly-CSharp, Version=0.0.0.0, Culture=neutral, PublicKeyToken=null]]::OnLoadedWithText> (BattleTech.Data.DataManager+StringDataLoadRequest`1[T] , System.String ) [0x00000] in <4184af8dbeb44635831353f4d349631c>:0 
  at HBS.Data.DataLoader+<>c__DisplayClass12_0.<LoadResource>b__0 (System.String _path, System.IO.Stream _stream) [0x00000] in <4184af8dbeb44635831353f4d349631c>:0 
  at HBS.Data.DataLoader.DMD<HBS.Data.DataLoader::CallHandler> (HBS.Data.DataLoader , System.String , System.Action`2[T1,T2] ) [0x00000] in <4184af8dbeb44635831353f4d349631c>:0 
  at HBS.Data.DataLoader.LoadResource (System.String path, System.Action`2[T1,T2] handler, System.Boolean monitor) [0x00000] in <4184af8dbeb44635831353f4d349631c>:0 
  at HBS.Data.DataLoader.LoadResource (System.String path, System.Action`1[T] handler, System.Boolean monitor) [0x00000] in <4184af8dbeb44635831353f4d349631c>:0 
  at HBS.Data.DataLoader.LoadResource (System.String path, System.Action`1[T] handler) [0x00000] in <4184af8dbeb44635831353f4d349631c>:0 
  at BattleTech.Data.DataManager+StringDataLoadRequest`1[T].Load () [0x00000] in <4184af8dbeb44635831353f4d349631c>:0 
  at CustomDeploy.DataManager_UpdateRequests.Prefix (BattleTech.Data.DataManager __instance) [0x00000] in <cbe91c7f71cc4a868c01fe350e6ef8c2>:0 
  at BattleTech.Data.DataManager.DMD<BattleTech.Data.DataManager::UpdateRequests> (BattleTech.Data.DataManager ) [0x00000] in <4184af8dbeb44635831353f4d349631c>:0 
  at BattleTech.Data.DataManager.Update (System.Single deltaTime) [0x00000] in <4184af8dbeb44635831353f4d349631c>:0 
  at BattleTech.GameInstance.Update (System.Single deltaTime) [0x00000] in <4184af8dbeb44635831353f4d349631c>:0 
  at BattleTech.UnityGameInstance.DMD<BattleTech.UnityGameInstance::Update> (BattleTech.UnityGameInstance ) [0x00000] in <4184af8dbeb44635831353f4d349631c>:0 
[18:30:39.041]LoadRequest.TryCreateAndAddLoadRequest failed MANTICORE Sprite
 manifest entry is null
   at System.Environment.get_StackTrace () [0x00000] in <d7ac571ca2d04b2f981d0d886fa067cf>:0 
  at CustomDeploy.LoadRequest_TryCreateAndAddLoadRequest.Postfix (BattleTech.Data.LoadRequest __instance, BattleTech.BattleTechResourceType resourceType, System.String resourceId, System.Boolean __result) [0x00000] in <cbe91c7f71cc4a868c01fe350e6ef8c2>:0 
  at BattleTech.Data.LoadRequest.DMD<BattleTech.Data.LoadRequest::TryCreateAndAddLoadRequest> (BattleTech.Data.LoadRequest , BattleTech.Data.LoadTracker& , BattleTech.BattleTechResourceType , System.String , System.Nullable`1[T] ) [0x00000] in <4184af8dbeb44635831353f4d349631c>:0 
  at BattleTech.Data.LoadRequest.AddBlindLoadRequestInternal (BattleTech.BattleTechResourceType resourceType, System.String resourceId, System.Boolean allowDuplicateInstantiation, System.Nullable`1[T] filterByOwnerShip) [0x00000] in <4184af8dbeb44635831353f4d349631c>:0 
  at BattleTech.Data.LoadRequest.AddBlindLoadRequest (BattleTech.BattleTechResourceType resourceType, System.String resourceId, System.Nullable`1[T] filterByOwnership) [0x00000] in <4184af8dbeb44635831353f4d349631c>:0 
  at BattleTech.Data.DataManager+DependencyLoadRequest.DMD<BattleTech.Data.DataManager+DependencyLoadRequest::RequestResource> (BattleTech.Data.DataManager+DependencyLoadRequest , BattleTech.BattleTechResourceType , System.String ) [0x00000] in <4184af8dbeb44635831353f4d349631c>:0 
  at BattleTech.ChassisDef.DMD<BattleTech.ChassisDef::GatherDependencies> (BattleTech.ChassisDef , BattleTech.Data.DataManager , BattleTech.Data.DataManager+DependencyLoadRequest , System.UInt32 ) [0x00000] in <4184af8dbeb44635831353f4d349631c>:0 
  at BattleTech.Data.DataManager.RequestDependencies (BattleTech.Data.DataManager+FileLoadRequest loadRequest) [0x00000] in <4184af8dbeb44635831353f4d349631c>:0 
  at BattleTech.Data.DataManager+FileLoadRequest.TryLoadDependencies (BattleTech.Data.DataManager+ILoadDependencies dependencyLoader) [0x00000] in <4184af8dbeb44635831353f4d349631c>:0 
  at BattleTech.Data.DataManager+JsonLoadRequest`1[T].OnLoadedWithJSON (System.String json) [0x00000] in <4184af8dbeb44635831353f4d349631c>:0 
  at BattleTech.Data.DataManager+StringDataLoadRequest`1[T].DMD<BattleTech.Data.DataManager+StringDataLoadRequest`1[[BattleTech.WeaponDef, Assembly-CSharp, Version=0.0.0.0, Culture=neutral, PublicKeyToken=null]]::OnLoadedWithText> (BattleTech.Data.DataManager+StringDataLoadRequest`1[T] , System.String ) [0x00000] in <4184af8dbeb44635831353f4d349631c>:0 
  at HBS.Data.DataLoader+<>c__DisplayClass12_0.<LoadResource>b__0 (System.String _path, System.IO.Stream _stream) [0x00000] in <4184af8dbeb44635831353f4d349631c>:0 
  at HBS.Data.DataLoader.DMD<HBS.Data.DataLoader::CallHandler> (HBS.Data.DataLoader , System.String , System.Action`2[T1,T2] ) [0x00000] in <4184af8dbeb44635831353f4d349631c>:0 
  at HBS.Data.DataLoader.LoadResource (System.String path, System.Action`2[T1,T2] handler, System.Boolean monitor) [0x00000] in <4184af8dbeb44635831353f4d349631c>:0 
  at HBS.Data.DataLoader.LoadResource (System.String path, System.Action`1[T] handler, System.Boolean monitor) [0x00000] in <4184af8dbeb44635831353f4d349631c>:0 
  at HBS.Data.DataLoader.LoadResource (System.String path, System.Action`1[T] handler) [0x00000] in <4184af8dbeb44635831353f4d349631c>:0 
  at BattleTech.Data.DataManager+StringDataLoadRequest`1[T].Load () [0x00000] in <4184af8dbeb44635831353f4d349631c>:0 
  at CustomDeploy.DataManager_UpdateRequests.Prefix (BattleTech.Data.DataManager __instance) [0x00000] in <cbe91c7f71cc4a868c01fe350e6ef8c2>:0 
  at BattleTech.Data.DataManager.DMD<BattleTech.Data.DataManager::UpdateRequests> (BattleTech.Data.DataManager ) [0x00000] in <4184af8dbeb44635831353f4d349631c>:0 
  at BattleTech.Data.DataManager.Update (System.Single deltaTime) [0x00000] in <4184af8dbeb44635831353f4d349631c>:0 
  at BattleTech.GameInstance.Update (System.Single deltaTime) [0x00000] in <4184af8dbeb44635831353f4d349631c>:0 
  at BattleTech.UnityGameInstance.DMD<BattleTech.UnityGameInstance::Update> (BattleTech.UnityGameInstance ) [0x00000] in <4184af8dbeb44635831353f4d349631c>:0 
[18:30:39.043]LoadRequest.TryCreateAndAddLoadRequest failed STRIKER Sprite
 manifest entry is null
   at System.Environment.get_StackTrace () [0x00000] in <d7ac571ca2d04b2f981d0d886fa067cf>:0 
  at CustomDeploy.LoadRequest_TryCreateAndAddLoadRequest.Postfix (BattleTech.Data.LoadRequest __instance, BattleTech.BattleTechResourceType resourceType, System.String resourceId, System.Boolean __result) [0x00000] in <cbe91c7f71cc4a868c01fe350e6ef8c2>:0 
  at BattleTech.Data.LoadRequest.DMD<BattleTech.Data.LoadRequest::TryCreateAndAddLoadRequest> (BattleTech.Data.LoadRequest , BattleTech.Data.LoadTracker& , BattleTech.BattleTechResourceType , System.String , System.Nullable`1[T] ) [0x00000] in <4184af8dbeb44635831353f4d349631c>:0 
  at BattleTech.Data.LoadRequest.AddBlindLoadRequestInternal (BattleTech.BattleTechResourceType resourceType, System.String resourceId, System.Boolean allowDuplicateInstantiation, System.Nullable`1[T] filterByOwnerShip) [0x00000] in <4184af8dbeb44635831353f4d349631c>:0 
  at BattleTech.Data.LoadRequest.AddBlindLoadRequest (BattleTech.BattleTechResourceType resourceType, System.String resourceId, System.Nullable`1[T] filterByOwnership) [0x00000] in <4184af8dbeb44635831353f4d349631c>:0 
  at BattleTech.Data.DataManager+DependencyLoadRequest.DMD<BattleTech.Data.DataManager+DependencyLoadRequest::RequestResource> (BattleTech.Data.DataManager+DependencyLoadRequest , BattleTech.BattleTechResourceType , System.String ) [0x00000] in <4184af8dbeb44635831353f4d349631c>:0 
  at BattleTech.ChassisDef.DMD<BattleTech.ChassisDef::GatherDependencies> (BattleTech.ChassisDef , BattleTech.Data.DataManager , BattleTech.Data.DataManager+DependencyLoadRequest , System.UInt32 ) [0x00000] in <4184af8dbeb44635831353f4d349631c>:0 
  at BattleTech.Data.DataManager.RequestDependencies (BattleTech.Data.DataManager+FileLoadRequest loadRequest) [0x00000] in <4184af8dbeb44635831353f4d349631c>:0 
  at BattleTech.Data.DataManager+FileLoadRequest.TryLoadDependencies (BattleTech.Data.DataManager+ILoadDependencies dependencyLoader) [0x00000] in <4184af8dbeb44635831353f4d349631c>:0 
  at BattleTech.Data.DataManager+JsonLoadRequest`1[T].OnLoadedWithJSON (System.String json) [0x00000] in <4184af8dbeb44635831353f4d349631c>:0 
  at BattleTech.Data.DataManager+StringDataLoadRequest`1[T].DMD<BattleTech.Data.DataManager+StringDataLoadRequest`1[[BattleTech.WeaponDef, Assembly-CSharp, Version=0.0.0.0, Culture=neutral, PublicKeyToken=null]]::OnLoadedWithText> (BattleTech.Data.DataManager+StringDataLoadRequest`1[T] , System.String ) [0x00000] in <4184af8dbeb44635831353f4d349631c>:0 
  at HBS.Data.DataLoader+<>c__DisplayClass12_0.<LoadResource>b__0 (System.String _path, System.IO.Stream _stream) [0x00000] in <4184af8dbeb44635831353f4d349631c>:0 
  at HBS.Data.DataLoader.DMD<HBS.Data.DataLoader::CallHandler> (HBS.Data.DataLoader , System.String , System.Action`2[T1,T2] ) [0x00000] in <4184af8dbeb44635831353f4d349631c>:0 
  at HBS.Data.DataLoader.LoadResource (System.String path, System.Action`2[T1,T2] handler, System.Boolean monitor) [0x00000] in <4184af8dbeb44635831353f4d349631c>:0 
  at HBS.Data.DataLoader.LoadResource (System.String path, System.Action`1[T] handler, System.Boolean monitor) [0x00000] in <4184af8dbeb44635831353f4d349631c>:0 
  at HBS.Data.DataLoader.LoadResource (System.String path, System.Action`1[T] handler) [0x00000] in <4184af8dbeb44635831353f4d349631c>:0 
  at BattleTech.Data.DataManager+StringDataLoadRequest`1[T].Load () [0x00000] in <4184af8dbeb44635831353f4d349631c>:0 
  at CustomDeploy.DataManager_UpdateRequests.Prefix (BattleTech.Data.DataManager __instance) [0x00000] in <cbe91c7f71cc4a868c01fe350e6ef8c2>:0 
  at BattleTech.Data.DataManager.DMD<BattleTech.Data.DataManager::UpdateRequests> (BattleTech.Data.DataManager ) [0x00000] in <4184af8dbeb44635831353f4d349631c>:0 
  at BattleTech.Data.DataManager.Update (System.Single deltaTime) [0x00000] in <4184af8dbeb44635831353f4d349631c>:0 
  at BattleTech.GameInstance.Update (System.Single deltaTime) [0x00000] in <4184af8dbeb44635831353f4d349631c>:0 
  at BattleTech.UnityGameInstance.DMD<BattleTech.UnityGameInstance::Update> (BattleTech.UnityGameInstance ) [0x00000] in <4184af8dbeb44635831353f4d349631c>:0 
[18:30:39.046]LoadRequest.TryCreateAndAddLoadRequest failed STRIKER Sprite
 manifest entry is null
   at System.Environment.get_StackTrace () [0x00000] in <d7ac571ca2d04b2f981d0d886fa067cf>:0 
  at CustomDeploy.LoadRequest_TryCreateAndAddLoadRequest.Postfix (BattleTech.Data.LoadRequest __instance, BattleTech.BattleTechResourceType resourceType, System.String resourceId, System.Boolean __result) [0x00000] in <cbe91c7f71cc4a868c01fe350e6ef8c2>:0 
  at BattleTech.Data.LoadRequest.DMD<BattleTech.Data.LoadRequest::TryCreateAndAddLoadRequest> (BattleTech.Data.LoadRequest , BattleTech.Data.LoadTracker& , BattleTech.BattleTechResourceType , System.String , System.Nullable`1[T] ) [0x00000] in <4184af8dbeb44635831353f4d349631c>:0 
  at BattleTech.Data.LoadRequest.AddBlindLoadRequestInternal (BattleTech.BattleTechResourceType resourceType, System.String resourceId, System.Boolean allowDuplicateInstantiation, System.Nullable`1[T] filterByOwnerShip) [0x00000] in <4184af8dbeb44635831353f4d349631c>:0 
  at BattleTech.Data.LoadRequest.AddBlindLoadRequest (BattleTech.BattleTechResourceType resourceType, System.String resourceId, System.Nullable`1[T] filterByOwnership) [0x00000] in <4184af8dbeb44635831353f4d349631c>:0 
  at BattleTech.Data.DataManager+DependencyLoadRequest.DMD<BattleTech.Data.DataManager+DependencyLoadRequest::RequestResource> (BattleTech.Data.DataManager+DependencyLoadRequest , BattleTech.BattleTechResourceType , System.String ) [0x00000] in <4184af8dbeb44635831353f4d349631c>:0 
  at BattleTech.ChassisDef.DMD<BattleTech.ChassisDef::GatherDependencies> (BattleTech.ChassisDef , BattleTech.Data.DataManager , BattleTech.Data.DataManager+DependencyLoadRequest , System.UInt32 ) [0x00000] in <4184af8dbeb44635831353f4d349631c>:0 
  at BattleTech.Data.DataManager.RequestDependencies (BattleTech.Data.DataManager+FileLoadRequest loadRequest) [0x00000] in <4184af8dbeb44635831353f4d349631c>:0 
  at BattleTech.Data.DataManager+FileLoadRequest.TryLoadDependencies (BattleTech.Data.DataManager+ILoadDependencies dependencyLoader) [0x00000] in <4184af8dbeb44635831353f4d349631c>:0 
  at BattleTech.Data.DataManager+JsonLoadRequest`1[T].OnLoadedWithJSON (System.String json) [0x00000] in <4184af8dbeb44635831353f4d349631c>:0 
  at BattleTech.Data.DataManager+StringDataLoadRequest`1[T].DMD<BattleTech.Data.DataManager+StringDataLoadRequest`1[[BattleTech.WeaponDef, Assembly-CSharp, Version=0.0.0.0, Culture=neutral, PublicKeyToken=null]]::OnLoadedWithText> (BattleTech.Data.DataManager+StringDataLoadRequest`1[T] , System.String ) [0x00000] in <4184af8dbeb44635831353f4d349631c>:0 
  at HBS.Data.DataLoader+<>c__DisplayClass12_0.<LoadResource>b__0 (System.String _path, System.IO.Stream _stream) [0x00000] in <4184af8dbeb44635831353f4d349631c>:0 
  at HBS.Data.DataLoader.DMD<HBS.Data.DataLoader::CallHandler> (HBS.Data.DataLoader , System.String , System.Action`2[T1,T2] ) [0x00000] in <4184af8dbeb44635831353f4d349631c>:0 
  at HBS.Data.DataLoader.LoadResource (System.String path, System.Action`2[T1,T2] handler, System.Boolean monitor) [0x00000] in <4184af8dbeb44635831353f4d349631c>:0 
  at HBS.Data.DataLoader.LoadResource (System.String path, System.Action`1[T] handler, System.Boolean monitor) [0x00000] in <4184af8dbeb44635831353f4d349631c>:0 
  at HBS.Data.DataLoader.LoadResource (System.String path, System.Action`1[T] handler) [0x00000] in <4184af8dbeb44635831353f4d349631c>:0 
  at BattleTech.Data.DataManager+StringDataLoadRequest`1[T].Load () [0x00000] in <4184af8dbeb44635831353f4d349631c>:0 
  at CustomDeploy.DataManager_UpdateRequests.Prefix (BattleTech.Data.DataManager __instance) [0x00000] in <cbe91c7f71cc4a868c01fe350e6ef8c2>:0 
  at BattleTech.Data.DataManager.DMD<BattleTech.Data.DataManager::UpdateRequests> (BattleTech.Data.DataManager ) [0x00000] in <4184af8dbeb44635831353f4d349631c>:0 
  at BattleTech.Data.DataManager.Update (System.Single deltaTime) [0x00000] in <4184af8dbeb44635831353f4d349631c>:0 
  at BattleTech.GameInstance.Update (System.Single deltaTime) [0x00000] in <4184af8dbeb44635831353f4d349631c>:0 
  at BattleTech.UnityGameInstance.DMD<BattleTech.UnityGameInstance::Update> (BattleTech.UnityGameInstance ) [0x00000] in <4184af8dbeb44635831353f4d349631c>:0 
[18:30:39.048]LoadRequest.TryCreateAndAddLoadRequest failed STRIKER Sprite
 manifest entry is null
   at System.Environment.get_StackTrace () [0x00000] in <d7ac571ca2d04b2f981d0d886fa067cf>:0 
  at CustomDeploy.LoadRequest_TryCreateAndAddLoadRequest.Postfix (BattleTech.Data.LoadRequest __instance, BattleTech.BattleTechResourceType resourceType, System.String resourceId, System.Boolean __result) [0x00000] in <cbe91c7f71cc4a868c01fe350e6ef8c2>:0 
  at BattleTech.Data.LoadRequest.DMD<BattleTech.Data.LoadRequest::TryCreateAndAddLoadRequest> (BattleTech.Data.LoadRequest , BattleTech.Data.LoadTracker& , BattleTech.BattleTechResourceType , System.String , System.Nullable`1[T] ) [0x00000] in <4184af8dbeb44635831353f4d349631c>:0 
  at BattleTech.Data.LoadRequest.AddBlindLoadRequestInternal (BattleTech.BattleTechResourceType resourceType, System.String resourceId, System.Boolean allowDuplicateInstantiation, System.Nullable`1[T] filterByOwnerShip) [0x00000] in <4184af8dbeb44635831353f4d349631c>:0 
  at BattleTech.Data.LoadRequest.AddBlindLoadRequest (BattleTech.BattleTechResourceType resourceType, System.String resourceId, System.Nullable`1[T] filterByOwnership) [0x00000] in <4184af8dbeb44635831353f4d349631c>:0 
  at BattleTech.Data.DataManager+DependencyLoadRequest.DMD<BattleTech.Data.DataManager+DependencyLoadRequest::RequestResource> (BattleTech.Data.DataManager+DependencyLoadRequest , BattleTech.BattleTechResourceType , System.String ) [0x00000] in <4184af8dbeb44635831353f4d349631c>:0 
  at BattleTech.ChassisDef.DMD<BattleTech.ChassisDef::GatherDependencies> (BattleTech.ChassisDef , BattleTech.Data.DataManager , BattleTech.Data.DataManager+DependencyLoadRequest , System.UInt32 ) [0x00000] in <4184af8dbeb44635831353f4d349631c>:0 
  at BattleTech.Data.DataManager.RequestDependencies (BattleTech.Data.DataManager+FileLoadRequest loadRequest) [0x00000] in <4184af8dbeb44635831353f4d349631c>:0 
  at BattleTech.Data.DataManager+FileLoadRequest.TryLoadDependencies (BattleTech.Data.DataManager+ILoadDependencies dependencyLoader) [0x00000] in <4184af8dbeb44635831353f4d349631c>:0 
  at BattleTech.Data.DataManager+JsonLoadRequest`1[T].OnLoadedWithJSON (System.String json) [0x00000] in <4184af8dbeb44635831353f4d349631c>:0 
  at BattleTech.Data.DataManager+StringDataLoadRequest`1[T].DMD<BattleTech.Data.DataManager+StringDataLoadRequest`1[[BattleTech.WeaponDef, Assembly-CSharp, Version=0.0.0.0, Culture=neutral, PublicKeyToken=null]]::OnLoadedWithText> (BattleTech.Data.DataManager+StringDataLoadRequest`1[T] , System.String ) [0x00000] in <4184af8dbeb44635831353f4d349631c>:0 
  at HBS.Data.DataLoader+<>c__DisplayClass12_0.<LoadResource>b__0 (System.String _path, System.IO.Stream _stream) [0x00000] in <4184af8dbeb44635831353f4d349631c>:0 
  at HBS.Data.DataLoader.DMD<HBS.Data.DataLoader::CallHandler> (HBS.Data.DataLoader , System.String , System.Action`2[T1,T2] ) [0x00000] in <4184af8dbeb44635831353f4d349631c>:0 
  at HBS.Data.DataLoader.LoadResource (System.String path, System.Action`2[T1,T2] handler, System.Boolean monitor) [0x00000] in <4184af8dbeb44635831353f4d349631c>:0 
  at HBS.Data.DataLoader.LoadResource (System.String path, System.Action`1[T] handler, System.Boolean monitor) [0x00000] in <4184af8dbeb44635831353f4d349631c>:0 
  at HBS.Data.DataLoader.LoadResource (System.String path, System.Action`1[T] handler) [0x00000] in <4184af8dbeb44635831353f4d349631c>:0 
  at BattleTech.Data.DataManager+StringDataLoadRequest`1[T].Load () [0x00000] in <4184af8dbeb44635831353f4d349631c>:0 
  at CustomDeploy.DataManager_UpdateRequests.Prefix (BattleTech.Data.DataManager __instance) [0x00000] in <cbe91c7f71cc4a868c01fe350e6ef8c2>:0 
  at BattleTech.Data.DataManager.DMD<BattleTech.Data.DataManager::UpdateRequests> (BattleTech.Data.DataManager ) [0x00000] in <4184af8dbeb44635831353f4d349631c>:0 
  at BattleTech.Data.DataManager.Update (System.Single deltaTime) [0x00000] in <4184af8dbeb44635831353f4d349631c>:0 
  at BattleTech.GameInstance.Update (System.Single deltaTime) [0x00000] in <4184af8dbeb44635831353f4d349631c>:0 
  at BattleTech.UnityGameInstance.DMD<BattleTech.UnityGameInstance::Update> (BattleTech.UnityGameInstance ) [0x00000] in <4184af8dbeb44635831353f4d349631c>:0 
[18:30:39.051]LoadRequest.TryCreateAndAddLoadRequest failed MANTICORE Sprite
 manifest entry is null
   at System.Environment.get_StackTrace () [0x00000] in <d7ac571ca2d04b2f981d0d886fa067cf>:0 
  at CustomDeploy.LoadRequest_TryCreateAndAddLoadRequest.Postfix (BattleTech.Data.LoadRequest __instance, BattleTech.BattleTechResourceType resourceType, System.String resourceId, System.Boolean __result) [0x00000] in <cbe91c7f71cc4a868c01fe350e6ef8c2>:0 
  at BattleTech.Data.LoadRequest.DMD<BattleTech.Data.LoadRequest::TryCreateAndAddLoadRequest> (BattleTech.Data.LoadRequest , BattleTech.Data.LoadTracker& , BattleTech.BattleTechResourceType , System.String , System.Nullable`1[T] ) [0x00000] in <4184af8dbeb44635831353f4d349631c>:0 
  at BattleTech.Data.LoadRequest.AddBlindLoadRequestInternal (BattleTech.BattleTechResourceType resourceType, System.String resourceId, System.Boolean allowDuplicateInstantiation, System.Nullable`1[T] filterByOwnerShip) [0x00000] in <4184af8dbeb44635831353f4d349631c>:0 
  at BattleTech.Data.LoadRequest.AddBlindLoadRequest (BattleTech.BattleTechResourceType resourceType, System.String resourceId, System.Nullable`1[T] filterByOwnership) [0x00000] in <4184af8dbeb44635831353f4d349631c>:0 
  at BattleTech.Data.DataManager+DependencyLoadRequest.DMD<BattleTech.Data.DataManager+DependencyLoadRequest::RequestResource> (BattleTech.Data.DataManager+DependencyLoadRequest , BattleTech.BattleTechResourceType , System.String ) [0x00000] in <4184af8dbeb44635831353f4d349631c>:0 
  at BattleTech.ChassisDef.DMD<BattleTech.ChassisDef::GatherDependencies> (BattleTech.ChassisDef , BattleTech.Data.DataManager , BattleTech.Data.DataManager+DependencyLoadRequest , System.UInt32 ) [0x00000] in <4184af8dbeb44635831353f4d349631c>:0 
  at BattleTech.Data.DataManager.RequestDependencies (BattleTech.Data.DataManager+FileLoadRequest loadRequest) [0x00000] in <4184af8dbeb44635831353f4d349631c>:0 
  at BattleTech.Data.DataManager+FileLoadRequest.TryLoadDependencies (BattleTech.Data.DataManager+ILoadDependencies dependencyLoader) [0x00000] in <4184af8dbeb44635831353f4d349631c>:0 
  at BattleTech.Data.DataManager+JsonLoadRequest`1[T].OnLoadedWithJSON (System.String json) [0x00000] in <4184af8dbeb44635831353f4d349631c>:0 
  at BattleTech.Data.DataManager+StringDataLoadRequest`1[T].DMD<BattleTech.Data.DataManager+StringDataLoadRequest`1[[BattleTech.WeaponDef, Assembly-CSharp, Version=0.0.0.0, Culture=neutral, PublicKeyToken=null]]::OnLoadedWithText> (BattleTech.Data.DataManager+StringDataLoadRequest`1[T] , System.String ) [0x00000] in <4184af8dbeb44635831353f4d349631c>:0 
  at HBS.Data.DataLoader+<>c__DisplayClass12_0.<LoadResource>b__0 (System.String _path, System.IO.Stream _stream) [0x00000] in <4184af8dbeb44635831353f4d349631c>:0 
  at HBS.Data.DataLoader.DMD<HBS.Data.DataLoader::CallHandler> (HBS.Data.DataLoader , System.String , System.Action`2[T1,T2] ) [0x00000] in <4184af8dbeb44635831353f4d349631c>:0 
  at HBS.Data.DataLoader.LoadResource (System.String path, System.Action`2[T1,T2] handler, System.Boolean monitor) [0x00000] in <4184af8dbeb44635831353f4d349631c>:0 
  at HBS.Data.DataLoader.LoadResource (System.String path, System.Action`1[T] handler, System.Boolean monitor) [0x00000] in <4184af8dbeb44635831353f4d349631c>:0 
  at HBS.Data.DataLoader.LoadResource (System.String path, System.Action`1[T] handler) [0x00000] in <4184af8dbeb44635831353f4d349631c>:0 
  at BattleTech.Data.DataManager+StringDataLoadRequest`1[T].Load () [0x00000] in <4184af8dbeb44635831353f4d349631c>:0 
  at CustomDeploy.DataManager_UpdateRequests.Prefix (BattleTech.Data.DataManager __instance) [0x00000] in <cbe91c7f71cc4a868c01fe350e6ef8c2>:0 
  at BattleTech.Data.DataManager.DMD<BattleTech.Data.DataManager::UpdateRequests> (BattleTech.Data.DataManager ) [0x00000] in <4184af8dbeb44635831353f4d349631c>:0 
  at BattleTech.Data.DataManager.Update (System.Single deltaTime) [0x00000] in <4184af8dbeb44635831353f4d349631c>:0 
  at BattleTech.GameInstance.Update (System.Single deltaTime) [0x00000] in <4184af8dbeb44635831353f4d349631c>:0 
  at BattleTech.UnityGameInstance.DMD<BattleTech.UnityGameInstance::Update> (BattleTech.UnityGameInstance ) [0x00000] in <4184af8dbeb44635831353f4d349631c>:0 
[18:30:39.055]LoadRequest.TryCreateAndAddLoadRequest failed MANTICORE Sprite
 manifest entry is null
   at System.Environment.get_StackTrace () [0x00000] in <d7ac571ca2d04b2f981d0d886fa067cf>:0 
  at CustomDeploy.LoadRequest_TryCreateAndAddLoadRequest.Postfix (BattleTech.Data.LoadRequest __instance, BattleTech.BattleTechResourceType resourceType, System.String resourceId, System.Boolean __result) [0x00000] in <cbe91c7f71cc4a868c01fe350e6ef8c2>:0 
  at BattleTech.Data.LoadRequest.DMD<BattleTech.Data.LoadRequest::TryCreateAndAddLoadRequest> (BattleTech.Data.LoadRequest , BattleTech.Data.LoadTracker& , BattleTech.BattleTechResourceType , System.String , System.Nullable`1[T] ) [0x00000] in <4184af8dbeb44635831353f4d349631c>:0 
  at BattleTech.Data.LoadRequest.AddBlindLoadRequestInternal (BattleTech.BattleTechResourceType resourceType, System.String resourceId, System.Boolean allowDuplicateInstantiation, System.Nullable`1[T] filterByOwnerShip) [0x00000] in <4184af8dbeb44635831353f4d349631c>:0 
  at BattleTech.Data.LoadRequest.AddBlindLoadRequest (BattleTech.BattleTechResourceType resourceType, System.String resourceId, System.Nullable`1[T] filterByOwnership) [0x00000] in <4184af8dbeb44635831353f4d349631c>:0 
  at BattleTech.Data.DataManager+DependencyLoadRequest.DMD<BattleTech.Data.DataManager+DependencyLoadRequest::RequestResource> (BattleTech.Data.DataManager+DependencyLoadRequest , BattleTech.BattleTechResourceType , System.String ) [0x00000] in <4184af8dbeb44635831353f4d349631c>:0 
  at BattleTech.ChassisDef.DMD<BattleTech.ChassisDef::GatherDependencies> (BattleTech.ChassisDef , BattleTech.Data.DataManager , BattleTech.Data.DataManager+DependencyLoadRequest , System.UInt32 ) [0x00000] in <4184af8dbeb44635831353f4d349631c>:0 
  at BattleTech.Data.DataManager.RequestDependencies (BattleTech.Data.DataManager+FileLoadRequest loadRequest) [0x00000] in <4184af8dbeb44635831353f4d349631c>:0 
  at BattleTech.Data.DataManager+FileLoadRequest.TryLoadDependencies (BattleTech.Data.DataManager+ILoadDependencies dependencyLoader) [0x00000] in <4184af8dbeb44635831353f4d349631c>:0 
  at BattleTech.Data.DataManager+JsonLoadRequest`1[T].OnLoadedWithJSON (System.String json) [0x00000] in <4184af8dbeb44635831353f4d349631c>:0 
  at BattleTech.Data.DataManager+StringDataLoadRequest`1[T].DMD<BattleTech.Data.DataManager+StringDataLoadRequest`1[[BattleTech.WeaponDef, Assembly-CSharp, Version=0.0.0.0, Culture=neutral, PublicKeyToken=null]]::OnLoadedWithText> (BattleTech.Data.DataManager+StringDataLoadRequest`1[T] , System.String ) [0x00000] in <4184af8dbeb44635831353f4d349631c>:0 
  at HBS.Data.DataLoader+<>c__DisplayClass12_0.<LoadResource>b__0 (System.String _path, System.IO.Stream _stream) [0x00000] in <4184af8dbeb44635831353f4d349631c>:0 
  at HBS.Data.DataLoader.DMD<HBS.Data.DataLoader::CallHandler> (HBS.Data.DataLoader , System.String , System.Action`2[T1,T2] ) [0x00000] in <4184af8dbeb44635831353f4d349631c>:0 
  at HBS.Data.DataLoader.LoadResource (System.String path, System.Action`2[T1,T2] handler, System.Boolean monitor) [0x00000] in <4184af8dbeb44635831353f4d349631c>:0 
  at HBS.Data.DataLoader.LoadResource (System.String path, System.Action`1[T] handler, System.Boolean monitor) [0x00000] in <4184af8dbeb44635831353f4d349631c>:0 
  at HBS.Data.DataLoader.LoadResource (System.String path, System.Action`1[T] handler) [0x00000] in <4184af8dbeb44635831353f4d349631c>:0 
  at BattleTech.Data.DataManager+StringDataLoadRequest`1[T].Load () [0x00000] in <4184af8dbeb44635831353f4d349631c>:0 
  at CustomDeploy.DataManager_UpdateRequests.Prefix (BattleTech.Data.DataManager __instance) [0x00000] in <cbe91c7f71cc4a868c01fe350e6ef8c2>:0 
  at BattleTech.Data.DataManager.DMD<BattleTech.Data.DataManager::UpdateRequests> (BattleTech.Data.DataManager ) [0x00000] in <4184af8dbeb44635831353f4d349631c>:0 
  at BattleTech.Data.DataManager.Update (System.Single deltaTime) [0x00000] in <4184af8dbeb44635831353f4d349631c>:0 
  at BattleTech.GameInstance.Update (System.Single deltaTime) [0x00000] in <4184af8dbeb44635831353f4d349631c>:0 
  at BattleTech.UnityGameInstance.DMD<BattleTech.UnityGameInstance::Update> (BattleTech.UnityGameInstance ) [0x00000] in <4184af8dbeb44635831353f4d349631c>:0 
[18:30:39.058]LoadRequest.TryCreateAndAddLoadRequest failed MANTICORE Sprite
 manifest entry is null
   at System.Environment.get_StackTrace () [0x00000] in <d7ac571ca2d04b2f981d0d886fa067cf>:0 
  at CustomDeploy.LoadRequest_TryCreateAndAddLoadRequest.Postfix (BattleTech.Data.LoadRequest __instance, BattleTech.BattleTechResourceType resourceType, System.String resourceId, System.Boolean __result) [0x00000] in <cbe91c7f71cc4a868c01fe350e6ef8c2>:0 
  at BattleTech.Data.LoadRequest.DMD<BattleTech.Data.LoadRequest::TryCreateAndAddLoadRequest> (BattleTech.Data.LoadRequest , BattleTech.Data.LoadTracker& , BattleTech.BattleTechResourceType , System.String , System.Nullable`1[T] ) [0x00000] in <4184af8dbeb44635831353f4d349631c>:0 
  at BattleTech.Data.LoadRequest.AddBlindLoadRequestInternal (BattleTech.BattleTechResourceType resourceType, System.String resourceId, System.Boolean allowDuplicateInstantiation, System.Nullable`1[T] filterByOwnerShip) [0x00000] in <4184af8dbeb44635831353f4d349631c>:0 
  at BattleTech.Data.LoadRequest.AddBlindLoadRequest (BattleTech.BattleTechResourceType resourceType, System.String resourceId, System.Nullable`1[T] filterByOwnership) [0x00000] in <4184af8dbeb44635831353f4d349631c>:0 
  at BattleTech.Data.DataManager+DependencyLoadRequest.DMD<BattleTech.Data.DataManager+DependencyLoadRequest::RequestResource> (BattleTech.Data.DataManager+DependencyLoadRequest , BattleTech.BattleTechResourceType , System.String ) [0x00000] in <4184af8dbeb44635831353f4d349631c>:0 
  at BattleTech.ChassisDef.DMD<BattleTech.ChassisDef::GatherDependencies> (BattleTech.ChassisDef , BattleTech.Data.DataManager , BattleTech.Data.DataManager+DependencyLoadRequest , System.UInt32 ) [0x00000] in <4184af8dbeb44635831353f4d349631c>:0 
  at BattleTech.Data.DataManager.RequestDependencies (BattleTech.Data.DataManager+FileLoadRequest loadRequest) [0x00000] in <4184af8dbeb44635831353f4d349631c>:0 
  at BattleTech.Data.DataManager+FileLoadRequest.TryLoadDependencies (BattleTech.Data.DataManager+ILoadDependencies dependencyLoader) [0x00000] in <4184af8dbeb44635831353f4d349631c>:0 
  at BattleTech.Data.DataManager+JsonLoadRequest`1[T].OnLoadedWithJSON (System.String json) [0x00000] in <4184af8dbeb44635831353f4d349631c>:0 
  at BattleTech.Data.DataManager+StringDataLoadRequest`1[T].DMD<BattleTech.Data.DataManager+StringDataLoadRequest`1[[BattleTech.WeaponDef, Assembly-CSharp, Version=0.0.0.0, Culture=neutral, PublicKeyToken=null]]::OnLoadedWithText> (BattleTech.Data.DataManager+StringDataLoadRequest`1[T] , System.String ) [0x00000] in <4184af8dbeb44635831353f4d349631c>:0 
  at BattleTech.Data.DataManager+StringDataLoadRequest`1[T].OnLoadedWithTextAsset (UnityEngine.TextAsset asset) [0x00000] in <4184af8dbeb44635831353f4d349631c>:0 
  at BattleTech.Assetbundles.AssetBundleManager.RequestAsset[T] (BattleTech.BattleTechResourceType type, System.String id, System.Action`1[T] loadedCallback) [0x00000] in <4184af8dbeb44635831353f4d349631c>:0 
  at BattleTech.Data.DataManager+StringDataLoadRequest`1[T].Load () [0x00000] in <4184af8dbeb44635831353f4d349631c>:0 
  at CustomDeploy.DataManager_UpdateRequests.Prefix (BattleTech.Data.DataManager __instance) [0x00000] in <cbe91c7f71cc4a868c01fe350e6ef8c2>:0 
  at BattleTech.Data.DataManager.DMD<BattleTech.Data.DataManager::UpdateRequests> (BattleTech.Data.DataManager ) [0x00000] in <4184af8dbeb44635831353f4d349631c>:0 
  at BattleTech.Data.DataManager.Update (System.Single deltaTime) [0x00000] in <4184af8dbeb44635831353f4d349631c>:0 
  at BattleTech.GameInstance.Update (System.Single deltaTime) [0x00000] in <4184af8dbeb44635831353f4d349631c>:0 
  at BattleTech.UnityGameInstance.DMD<BattleTech.UnityGameInstance::Update> (BattleTech.UnityGameInstance ) [0x00000] in <4184af8dbeb44635831353f4d349631c>:0 
[18:30:39.060]LoadRequest.TryCreateAndAddLoadRequest failed STRIKER Sprite
 manifest entry is null
   at System.Environment.get_StackTrace () [0x00000] in <d7ac571ca2d04b2f981d0d886fa067cf>:0 
  at CustomDeploy.LoadRequest_TryCreateAndAddLoadRequest.Postfix (BattleTech.Data.LoadRequest __instance, BattleTech.BattleTechResourceType resourceType, System.String resourceId, System.Boolean __result) [0x00000] in <cbe91c7f71cc4a868c01fe350e6ef8c2>:0 
  at BattleTech.Data.LoadRequest.DMD<BattleTech.Data.LoadRequest::TryCreateAndAddLoadRequest> (BattleTech.Data.LoadRequest , BattleTech.Data.LoadTracker& , BattleTech.BattleTechResourceType , System.String , System.Nullable`1[T] ) [0x00000] in <4184af8dbeb44635831353f4d349631c>:0 
  at BattleTech.Data.LoadRequest.AddBlindLoadRequestInternal (BattleTech.BattleTechResourceType resourceType, System.String resourceId, System.Boolean allowDuplicateInstantiation, System.Nullable`1[T] filterByOwnerShip) [0x00000] in <4184af8dbeb44635831353f4d349631c>:0 
  at BattleTech.Data.LoadRequest.AddBlindLoadRequest (BattleTech.BattleTechResourceType resourceType, System.String resourceId, System.Nullable`1[T] filterByOwnership) [0x00000] in <4184af8dbeb44635831353f4d349631c>:0 
  at BattleTech.Data.DataManager+DependencyLoadRequest.DMD<BattleTech.Data.DataManager+DependencyLoadRequest::RequestResource> (BattleTech.Data.DataManager+DependencyLoadRequest , BattleTech.BattleTechResourceType , System.String ) [0x00000] in <4184af8dbeb44635831353f4d349631c>:0 
  at BattleTech.ChassisDef.DMD<BattleTech.ChassisDef::GatherDependencies> (BattleTech.ChassisDef , BattleTech.Data.DataManager , BattleTech.Data.DataManager+DependencyLoadRequest , System.UInt32 ) [0x00000] in <4184af8dbeb44635831353f4d349631c>:0 
  at BattleTech.Data.DataManager.RequestDependencies (BattleTech.Data.DataManager+FileLoadRequest loadRequest) [0x00000] in <4184af8dbeb44635831353f4d349631c>:0 
  at BattleTech.Data.DataManager+FileLoadRequest.TryLoadDependencies (BattleTech.Data.DataManager+ILoadDependencies dependencyLoader) [0x00000] in <4184af8dbeb44635831353f4d349631c>:0 
  at BattleTech.Data.DataManager+JsonLoadRequest`1[T].OnLoadedWithJSON (System.String json) [0x00000] in <4184af8dbeb44635831353f4d349631c>:0 
  at BattleTech.Data.DataManager+StringDataLoadRequest`1[T].DMD<BattleTech.Data.DataManager+StringDataLoadRequest`1[[BattleTech.WeaponDef, Assembly-CSharp, Version=0.0.0.0, Culture=neutral, PublicKeyToken=null]]::OnLoadedWithText> (BattleTech.Data.DataManager+StringDataLoadRequest`1[T] , System.String ) [0x00000] in <4184af8dbeb44635831353f4d349631c>:0 
  at BattleTech.Data.DataManager+StringDataLoadRequest`1[T].OnLoadedWithTextAsset (UnityEngine.TextAsset asset) [0x00000] in <4184af8dbeb44635831353f4d349631c>:0 
  at BattleTech.Assetbundles.AssetBundleManager.RequestAsset[T] (BattleTech.BattleTechResourceType type, System.String id, System.Action`1[T] loadedCallback) [0x00000] in <4184af8dbeb44635831353f4d349631c>:0 
  at BattleTech.Data.DataManager+StringDataLoadRequest`1[T].Load () [0x00000] in <4184af8dbeb44635831353f4d349631c>:0 
  at CustomDeploy.DataManager_UpdateRequests.Prefix (BattleTech.Data.DataManager __instance) [0x00000] in <cbe91c7f71cc4a868c01fe350e6ef8c2>:0 
  at BattleTech.Data.DataManager.DMD<BattleTech.Data.DataManager::UpdateRequests> (BattleTech.Data.DataManager ) [0x00000] in <4184af8dbeb44635831353f4d349631c>:0 
  at BattleTech.Data.DataManager.Update (System.Single deltaTime) [0x00000] in <4184af8dbeb44635831353f4d349631c>:0 
  at BattleTech.GameInstance.Update (System.Single deltaTime) [0x00000] in <4184af8dbeb44635831353f4d349631c>:0 
  at BattleTech.UnityGameInstance.DMD<BattleTech.UnityGameInstance::Update> (BattleTech.UnityGameInstance ) [0x00000] in <4184af8dbeb44635831353f4d349631c>:0 
[18:30:39.062]LoadRequest.TryCreateAndAddLoadRequest failed STRIKER Sprite
 manifest entry is null
   at System.Environment.get_StackTrace () [0x00000] in <d7ac571ca2d04b2f981d0d886fa067cf>:0 
  at CustomDeploy.LoadRequest_TryCreateAndAddLoadRequest.Postfix (BattleTech.Data.LoadRequest __instance, BattleTech.BattleTechResourceType resourceType, System.String resourceId, System.Boolean __result) [0x00000] in <cbe91c7f71cc4a868c01fe350e6ef8c2>:0 
  at BattleTech.Data.LoadRequest.DMD<BattleTech.Data.LoadRequest::TryCreateAndAddLoadRequest> (BattleTech.Data.LoadRequest , BattleTech.Data.LoadTracker& , BattleTech.BattleTechResourceType , System.String , System.Nullable`1[T] ) [0x00000] in <4184af8dbeb44635831353f4d349631c>:0 
  at BattleTech.Data.LoadRequest.AddBlindLoadRequestInternal (BattleTech.BattleTechResourceType resourceType, System.String resourceId, System.Boolean allowDuplicateInstantiation, System.Nullable`1[T] filterByOwnerShip) [0x00000] in <4184af8dbeb44635831353f4d349631c>:0 
  at BattleTech.Data.LoadRequest.AddBlindLoadRequest (BattleTech.BattleTechResourceType resourceType, System.String resourceId, System.Nullable`1[T] filterByOwnership) [0x00000] in <4184af8dbeb44635831353f4d349631c>:0 
  at BattleTech.Data.DataManager+DependencyLoadRequest.DMD<BattleTech.Data.DataManager+DependencyLoadRequest::RequestResource> (BattleTech.Data.DataManager+DependencyLoadRequest , BattleTech.BattleTechResourceType , System.String ) [0x00000] in <4184af8dbeb44635831353f4d349631c>:0 
  at BattleTech.ChassisDef.DMD<BattleTech.ChassisDef::GatherDependencies> (BattleTech.ChassisDef , BattleTech.Data.DataManager , BattleTech.Data.DataManager+DependencyLoadRequest , System.UInt32 ) [0x00000] in <4184af8dbeb44635831353f4d349631c>:0 
  at BattleTech.Data.DataManager.RequestDependencies (BattleTech.Data.DataManager+FileLoadRequest loadRequest) [0x00000] in <4184af8dbeb44635831353f4d349631c>:0 
  at BattleTech.Data.DataManager+FileLoadRequest.TryLoadDependencies (BattleTech.Data.DataManager+ILoadDependencies dependencyLoader) [0x00000] in <4184af8dbeb44635831353f4d349631c>:0 
  at BattleTech.Data.DataManager+JsonLoadRequest`1[T].OnLoadedWithJSON (System.String json) [0x00000] in <4184af8dbeb44635831353f4d349631c>:0 
  at BattleTech.Data.DataManager+StringDataLoadRequest`1[T].DMD<BattleTech.Data.DataManager+StringDataLoadRequest`1[[BattleTech.WeaponDef, Assembly-CSharp, Version=0.0.0.0, Culture=neutral, PublicKeyToken=null]]::OnLoadedWithText> (BattleTech.Data.DataManager+StringDataLoadRequest`1[T] , System.String ) [0x00000] in <4184af8dbeb44635831353f4d349631c>:0 
  at BattleTech.Data.DataManager+StringDataLoadRequest`1[T].OnLoadedWithTextAsset (UnityEngine.TextAsset asset) [0x00000] in <4184af8dbeb44635831353f4d349631c>:0 
  at BattleTech.Assetbundles.AssetBundleManager.RequestAsset[T] (BattleTech.BattleTechResourceType type, System.String id, System.Action`1[T] loadedCallback) [0x00000] in <4184af8dbeb44635831353f4d349631c>:0 
  at BattleTech.Data.DataManager+StringDataLoadRequest`1[T].Load () [0x00000] in <4184af8dbeb44635831353f4d349631c>:0 
  at CustomDeploy.DataManager_UpdateRequests.Prefix (BattleTech.Data.DataManager __instance) [0x00000] in <cbe91c7f71cc4a868c01fe350e6ef8c2>:0 
  at BattleTech.Data.DataManager.DMD<BattleTech.Data.DataManager::UpdateRequests> (BattleTech.Data.DataManager ) [0x00000] in <4184af8dbeb44635831353f4d349631c>:0 
  at BattleTech.Data.DataManager.Update (System.Single deltaTime) [0x00000] in <4184af8dbeb44635831353f4d349631c>:0 
  at BattleTech.GameInstance.Update (System.Single deltaTime) [0x00000] in <4184af8dbeb44635831353f4d349631c>:0 
  at BattleTech.UnityGameInstance.DMD<BattleTech.UnityGameInstance::Update> (BattleTech.UnityGameInstance ) [0x00000] in <4184af8dbeb44635831353f4d349631c>:0 
[18:30:39.065]LoadRequest.TryCreateAndAddLoadRequest failed STRIKER Sprite
 manifest entry is null
   at System.Environment.get_StackTrace () [0x00000] in <d7ac571ca2d04b2f981d0d886fa067cf>:0 
  at CustomDeploy.LoadRequest_TryCreateAndAddLoadRequest.Postfix (BattleTech.Data.LoadRequest __instance, BattleTech.BattleTechResourceType resourceType, System.String resourceId, System.Boolean __result) [0x00000] in <cbe91c7f71cc4a868c01fe350e6ef8c2>:0 
  at BattleTech.Data.LoadRequest.DMD<BattleTech.Data.LoadRequest::TryCreateAndAddLoadRequest> (BattleTech.Data.LoadRequest , BattleTech.Data.LoadTracker& , BattleTech.BattleTechResourceType , System.String , System.Nullable`1[T] ) [0x00000] in <4184af8dbeb44635831353f4d349631c>:0 
  at BattleTech.Data.LoadRequest.AddBlindLoadRequestInternal (BattleTech.BattleTechResourceType resourceType, System.String resourceId, System.Boolean allowDuplicateInstantiation, System.Nullable`1[T] filterByOwnerShip) [0x00000] in <4184af8dbeb44635831353f4d349631c>:0 
  at BattleTech.Data.LoadRequest.AddBlindLoadRequest (BattleTech.BattleTechResourceType resourceType, System.String resourceId, System.Nullable`1[T] filterByOwnership) [0x00000] in <4184af8dbeb44635831353f4d349631c>:0 
  at BattleTech.Data.DataManager+DependencyLoadRequest.DMD<BattleTech.Data.DataManager+DependencyLoadRequest::RequestResource> (BattleTech.Data.DataManager+DependencyLoadRequest , BattleTech.BattleTechResourceType , System.String ) [0x00000] in <4184af8dbeb44635831353f4d349631c>:0 
  at BattleTech.ChassisDef.DMD<BattleTech.ChassisDef::GatherDependencies> (BattleTech.ChassisDef , BattleTech.Data.DataManager , BattleTech.Data.DataManager+DependencyLoadRequest , System.UInt32 ) [0x00000] in <4184af8dbeb44635831353f4d349631c>:0 
  at BattleTech.Data.DataManager.RequestDependencies (BattleTech.Data.DataManager+FileLoadRequest loadRequest) [0x00000] in <4184af8dbeb44635831353f4d349631c>:0 
  at BattleTech.Data.DataManager+FileLoadRequest.TryLoadDependencies (BattleTech.Data.DataManager+ILoadDependencies dependencyLoader) [0x00000] in <4184af8dbeb44635831353f4d349631c>:0 
  at BattleTech.Data.DataManager+JsonLoadRequest`1[T].OnLoadedWithJSON (System.String json) [0x00000] in <4184af8dbeb44635831353f4d349631c>:0 
  at BattleTech.Data.DataManager+StringDataLoadRequest`1[T].DMD<BattleTech.Data.DataManager+StringDataLoadRequest`1[[BattleTech.WeaponDef, Assembly-CSharp, Version=0.0.0.0, Culture=neutral, PublicKeyToken=null]]::OnLoadedWithText> (BattleTech.Data.DataManager+StringDataLoadRequest`1[T] , System.String ) [0x00000] in <4184af8dbeb44635831353f4d349631c>:0 
  at BattleTech.Data.DataManager+StringDataLoadRequest`1[T].OnLoadedWithTextAsset (UnityEngine.TextAsset asset) [0x00000] in <4184af8dbeb44635831353f4d349631c>:0 
  at BattleTech.Assetbundles.AssetBundleManager.RequestAsset[T] (BattleTech.BattleTechResourceType type, System.String id, System.Action`1[T] loadedCallback) [0x00000] in <4184af8dbeb44635831353f4d349631c>:0 
  at BattleTech.Data.DataManager+StringDataLoadRequest`1[T].Load () [0x00000] in <4184af8dbeb44635831353f4d349631c>:0 
  at CustomDeploy.DataManager_UpdateRequests.Prefix (BattleTech.Data.DataManager __instance) [0x00000] in <cbe91c7f71cc4a868c01fe350e6ef8c2>:0 
  at BattleTech.Data.DataManager.DMD<BattleTech.Data.DataManager::UpdateRequests> (BattleTech.Data.DataManager ) [0x00000] in <4184af8dbeb44635831353f4d349631c>:0 
  at BattleTech.Data.DataManager.Update (System.Single deltaTime) [0x00000] in <4184af8dbeb44635831353f4d349631c>:0 
  at BattleTech.GameInstance.Update (System.Single deltaTime) [0x00000] in <4184af8dbeb44635831353f4d349631c>:0 
  at BattleTech.UnityGameInstance.DMD<BattleTech.UnityGameInstance::Update> (BattleTech.UnityGameInstance ) [0x00000] in <4184af8dbeb44635831353f4d349631c>:0 
[18:30:39.067]LoadRequest.TryCreateAndAddLoadRequest failed STRIKER Sprite
 manifest entry is null
   at System.Environment.get_StackTrace () [0x00000] in <d7ac571ca2d04b2f981d0d886fa067cf>:0 
  at CustomDeploy.LoadRequest_TryCreateAndAddLoadRequest.Postfix (BattleTech.Data.LoadRequest __instance, BattleTech.BattleTechResourceType resourceType, System.String resourceId, System.Boolean __result) [0x00000] in <cbe91c7f71cc4a868c01fe350e6ef8c2>:0 
  at BattleTech.Data.LoadRequest.DMD<BattleTech.Data.LoadRequest::TryCreateAndAddLoadRequest> (BattleTech.Data.LoadRequest , BattleTech.Data.LoadTracker& , BattleTech.BattleTechResourceType , System.String , System.Nullable`1[T] ) [0x00000] in <4184af8dbeb44635831353f4d349631c>:0 
  at BattleTech.Data.LoadRequest.AddBlindLoadRequestInternal (BattleTech.BattleTechResourceType resourceType, System.String resourceId, System.Boolean allowDuplicateInstantiation, System.Nullable`1[T] filterByOwnerShip) [0x00000] in <4184af8dbeb44635831353f4d349631c>:0 
  at BattleTech.Data.LoadRequest.AddBlindLoadRequest (BattleTech.BattleTechResourceType resourceType, System.String resourceId, System.Nullable`1[T] filterByOwnership) [0x00000] in <4184af8dbeb44635831353f4d349631c>:0 
  at BattleTech.Data.DataManager+DependencyLoadRequest.DMD<BattleTech.Data.DataManager+DependencyLoadRequest::RequestResource> (BattleTech.Data.DataManager+DependencyLoadRequest , BattleTech.BattleTechResourceType , System.String ) [0x00000] in <4184af8dbeb44635831353f4d349631c>:0 
  at BattleTech.ChassisDef.DMD<BattleTech.ChassisDef::GatherDependencies> (BattleTech.ChassisDef , BattleTech.Data.DataManager , BattleTech.Data.DataManager+DependencyLoadRequest , System.UInt32 ) [0x00000] in <4184af8dbeb44635831353f4d349631c>:0 
  at BattleTech.Data.DataManager.RequestDependencies (BattleTech.Data.DataManager+FileLoadRequest loadRequest) [0x00000] in <4184af8dbeb44635831353f4d349631c>:0 
  at BattleTech.Data.DataManager+FileLoadRequest.TryLoadDependencies (BattleTech.Data.DataManager+ILoadDependencies dependencyLoader) [0x00000] in <4184af8dbeb44635831353f4d349631c>:0 
  at BattleTech.Data.DataManager+JsonLoadRequest`1[T].OnLoadedWithJSON (System.String json) [0x00000] in <4184af8dbeb44635831353f4d349631c>:0 
  at BattleTech.Data.DataManager+StringDataLoadRequest`1[T].DMD<BattleTech.Data.DataManager+StringDataLoadRequest`1[[BattleTech.WeaponDef, Assembly-CSharp, Version=0.0.0.0, Culture=neutral, PublicKeyToken=null]]::OnLoadedWithText> (BattleTech.Data.DataManager+StringDataLoadRequest`1[T] , System.String ) [0x00000] in <4184af8dbeb44635831353f4d349631c>:0 
  at BattleTech.Data.DataManager+StringDataLoadRequest`1[T].OnLoadedWithTextAsset (UnityEngine.TextAsset asset) [0x00000] in <4184af8dbeb44635831353f4d349631c>:0 
  at BattleTech.Assetbundles.AssetBundleManager.RequestAsset[T] (BattleTech.BattleTechResourceType type, System.String id, System.Action`1[T] loadedCallback) [0x00000] in <4184af8dbeb44635831353f4d349631c>:0 
  at BattleTech.Data.DataManager+StringDataLoadRequest`1[T].Load () [0x00000] in <4184af8dbeb44635831353f4d349631c>:0 
  at CustomDeploy.DataManager_UpdateRequests.Prefix (BattleTech.Data.DataManager __instance) [0x00000] in <cbe91c7f71cc4a868c01fe350e6ef8c2>:0 
  at BattleTech.Data.DataManager.DMD<BattleTech.Data.DataManager::UpdateRequests> (BattleTech.Data.DataManager ) [0x00000] in <4184af8dbeb44635831353f4d349631c>:0 
  at BattleTech.Data.DataManager.Update (System.Single deltaTime) [0x00000] in <4184af8dbeb44635831353f4d349631c>:0 
  at BattleTech.GameInstance.Update (System.Single deltaTime) [0x00000] in <4184af8dbeb44635831353f4d349631c>:0 
  at BattleTech.UnityGameInstance.DMD<BattleTech.UnityGameInstance::Update> (BattleTech.UnityGameInstance ) [0x00000] in <4184af8dbeb44635831353f4d349631c>:0 
[18:30:39.069]LoadRequest.TryCreateAndAddLoadRequest failed MANTICORE Sprite
 manifest entry is null
   at System.Environment.get_StackTrace () [0x00000] in <d7ac571ca2d04b2f981d0d886fa067cf>:0 
  at CustomDeploy.LoadRequest_TryCreateAndAddLoadRequest.Postfix (BattleTech.Data.LoadRequest __instance, BattleTech.BattleTechResourceType resourceType, System.String resourceId, System.Boolean __result) [0x00000] in <cbe91c7f71cc4a868c01fe350e6ef8c2>:0 
  at BattleTech.Data.LoadRequest.DMD<BattleTech.Data.LoadRequest::TryCreateAndAddLoadRequest> (BattleTech.Data.LoadRequest , BattleTech.Data.LoadTracker& , BattleTech.BattleTechResourceType , System.String , System.Nullable`1[T] ) [0x00000] in <4184af8dbeb44635831353f4d349631c>:0 
  at BattleTech.Data.LoadRequest.AddBlindLoadRequestInternal (BattleTech.BattleTechResourceType resourceType, System.String resourceId, System.Boolean allowDuplicateInstantiation, System.Nullable`1[T] filterByOwnerShip) [0x00000] in <4184af8dbeb44635831353f4d349631c>:0 
  at BattleTech.Data.LoadRequest.AddBlindLoadRequest (BattleTech.BattleTechResourceType resourceType, System.String resourceId, System.Nullable`1[T] filterByOwnership) [0x00000] in <4184af8dbeb44635831353f4d349631c>:0 
  at BattleTech.Data.DataManager+DependencyLoadRequest.DMD<BattleTech.Data.DataManager+DependencyLoadRequest::RequestResource> (BattleTech.Data.DataManager+DependencyLoadRequest , BattleTech.BattleTechResourceType , System.String ) [0x00000] in <4184af8dbeb44635831353f4d349631c>:0 
  at BattleTech.ChassisDef.DMD<BattleTech.ChassisDef::GatherDependencies> (BattleTech.ChassisDef , BattleTech.Data.DataManager , BattleTech.Data.DataManager+DependencyLoadRequest , System.UInt32 ) [0x00000] in <4184af8dbeb44635831353f4d349631c>:0 
  at BattleTech.Data.DataManager.RequestDependencies (BattleTech.Data.DataManager+FileLoadRequest loadRequest) [0x00000] in <4184af8dbeb44635831353f4d349631c>:0 
  at BattleTech.Data.DataManager+FileLoadRequest.TryLoadDependencies (BattleTech.Data.DataManager+ILoadDependencies dependencyLoader) [0x00000] in <4184af8dbeb44635831353f4d349631c>:0 
  at BattleTech.Data.DataManager+JsonLoadRequest`1[T].OnLoadedWithJSON (System.String json) [0x00000] in <4184af8dbeb44635831353f4d349631c>:0 
  at BattleTech.Data.DataManager+StringDataLoadRequest`1[T].DMD<BattleTech.Data.DataManager+StringDataLoadRequest`1[[BattleTech.WeaponDef, Assembly-CSharp, Version=0.0.0.0, Culture=neutral, PublicKeyToken=null]]::OnLoadedWithText> (BattleTech.Data.DataManager+StringDataLoadRequest`1[T] , System.String ) [0x00000] in <4184af8dbeb44635831353f4d349631c>:0 
  at BattleTech.Data.DataManager+StringDataLoadRequest`1[T].OnLoadedWithTextAsset (UnityEngine.TextAsset asset) [0x00000] in <4184af8dbeb44635831353f4d349631c>:0 
  at BattleTech.Assetbundles.AssetBundleManager.RequestAsset[T] (BattleTech.BattleTechResourceType type, System.String id, System.Action`1[T] loadedCallback) [0x00000] in <4184af8dbeb44635831353f4d349631c>:0 
  at BattleTech.Data.DataManager+StringDataLoadRequest`1[T].Load () [0x00000] in <4184af8dbeb44635831353f4d349631c>:0 
  at CustomDeploy.DataManager_UpdateRequests.Prefix (BattleTech.Data.DataManager __instance) [0x00000] in <cbe91c7f71cc4a868c01fe350e6ef8c2>:0 
  at BattleTech.Data.DataManager.DMD<BattleTech.Data.DataManager::UpdateRequests> (BattleTech.Data.DataManager ) [0x00000] in <4184af8dbeb44635831353f4d349631c>:0 
  at BattleTech.Data.DataManager.Update (System.Single deltaTime) [0x00000] in <4184af8dbeb44635831353f4d349631c>:0 
  at BattleTech.GameInstance.Update (System.Single deltaTime) [0x00000] in <4184af8dbeb44635831353f4d349631c>:0 
  at BattleTech.UnityGameInstance.DMD<BattleTech.UnityGameInstance::Update> (BattleTech.UnityGameInstance ) [0x00000] in <4184af8dbeb44635831353f4d349631c>:0 
[18:30:39.073]LoadRequest.TryCreateAndAddLoadRequest failed MANTICORE Sprite
 manifest entry is null
   at System.Environment.get_StackTrace () [0x00000] in <d7ac571ca2d04b2f981d0d886fa067cf>:0 
  at CustomDeploy.LoadRequest_TryCreateAndAddLoadRequest.Postfix (BattleTech.Data.LoadRequest __instance, BattleTech.BattleTechResourceType resourceType, System.String resourceId, System.Boolean __result) [0x00000] in <cbe91c7f71cc4a868c01fe350e6ef8c2>:0 
  at BattleTech.Data.LoadRequest.DMD<BattleTech.Data.LoadRequest::TryCreateAndAddLoadRequest> (BattleTech.Data.LoadRequest , BattleTech.Data.LoadTracker& , BattleTech.BattleTechResourceType , System.String , System.Nullable`1[T] ) [0x00000] in <4184af8dbeb44635831353f4d349631c>:0 
  at BattleTech.Data.LoadRequest.AddBlindLoadRequestInternal (BattleTech.BattleTechResourceType resourceType, System.String resourceId, System.Boolean allowDuplicateInstantiation, System.Nullable`1[T] filterByOwnerShip) [0x00000] in <4184af8dbeb44635831353f4d349631c>:0 
  at BattleTech.Data.LoadRequest.AddBlindLoadRequest (BattleTech.BattleTechResourceType resourceType, System.String resourceId, System.Nullable`1[T] filterByOwnership) [0x00000] in <4184af8dbeb44635831353f4d349631c>:0 
  at BattleTech.Data.DataManager+DependencyLoadRequest.DMD<BattleTech.Data.DataManager+DependencyLoadRequest::RequestResource> (BattleTech.Data.DataManager+DependencyLoadRequest , BattleTech.BattleTechResourceType , System.String ) [0x00000] in <4184af8dbeb44635831353f4d349631c>:0 
  at BattleTech.ChassisDef.DMD<BattleTech.ChassisDef::GatherDependencies> (BattleTech.ChassisDef , BattleTech.Data.DataManager , BattleTech.Data.DataManager+DependencyLoadRequest , System.UInt32 ) [0x00000] in <4184af8dbeb44635831353f4d349631c>:0 
  at BattleTech.Data.DataManager.RequestDependencies (BattleTech.Data.DataManager+FileLoadRequest loadRequest) [0x00000] in <4184af8dbeb44635831353f4d349631c>:0 
  at BattleTech.Data.DataManager+FileLoadRequest.TryLoadDependencies (BattleTech.Data.DataManager+ILoadDependencies dependencyLoader) [0x00000] in <4184af8dbeb44635831353f4d349631c>:0 
  at BattleTech.Data.DataManager+JsonLoadRequest`1[T].OnLoadedWithJSON (System.String json) [0x00000] in <4184af8dbeb44635831353f4d349631c>:0 
  at BattleTech.Data.DataManager+StringDataLoadRequest`1[T].DMD<BattleTech.Data.DataManager+StringDataLoadRequest`1[[BattleTech.WeaponDef, Assembly-CSharp, Version=0.0.0.0, Culture=neutral, PublicKeyToken=null]]::OnLoadedWithText> (BattleTech.Data.DataManager+StringDataLoadRequest`1[T] , System.String ) [0x00000] in <4184af8dbeb44635831353f4d349631c>:0 
  at BattleTech.Data.DataManager+StringDataLoadRequest`1[T].OnLoadedWithTextAsset (UnityEngine.TextAsset asset) [0x00000] in <4184af8dbeb44635831353f4d349631c>:0 
  at BattleTech.Assetbundles.AssetBundleManager.RequestAsset[T] (BattleTech.BattleTechResourceType type, System.String id, System.Action`1[T] loadedCallback) [0x00000] in <4184af8dbeb44635831353f4d349631c>:0 
  at BattleTech.Data.DataManager+StringDataLoadRequest`1[T].Load () [0x00000] in <4184af8dbeb44635831353f4d349631c>:0 
  at CustomDeploy.DataManager_UpdateRequests.Prefix (BattleTech.Data.DataManager __instance) [0x00000] in <cbe91c7f71cc4a868c01fe350e6ef8c2>:0 
  at BattleTech.Data.DataManager.DMD<BattleTech.Data.DataManager::UpdateRequests> (BattleTech.Data.DataManager ) [0x00000] in <4184af8dbeb44635831353f4d349631c>:0 
  at BattleTech.Data.DataManager.Update (System.Single deltaTime) [0x00000] in <4184af8dbeb44635831353f4d349631c>:0 
  at BattleTech.GameInstance.Update (System.Single deltaTime) [0x00000] in <4184af8dbeb44635831353f4d349631c>:0 
  at BattleTech.UnityGameInstance.DMD<BattleTech.UnityGameInstance::Update> (BattleTech.UnityGameInstance ) [0x00000] in <4184af8dbeb44635831353f4d349631c>:0 
[18:30:39.075]LoadRequest.TryCreateAndAddLoadRequest failed STRIKER Sprite
 manifest entry is null
   at System.Environment.get_StackTrace () [0x00000] in <d7ac571ca2d04b2f981d0d886fa067cf>:0 
  at CustomDeploy.LoadRequest_TryCreateAndAddLoadRequest.Postfix (BattleTech.Data.LoadRequest __instance, BattleTech.BattleTechResourceType resourceType, System.String resourceId, System.Boolean __result) [0x00000] in <cbe91c7f71cc4a868c01fe350e6ef8c2>:0 
  at BattleTech.Data.LoadRequest.DMD<BattleTech.Data.LoadRequest::TryCreateAndAddLoadRequest> (BattleTech.Data.LoadRequest , BattleTech.Data.LoadTracker& , BattleTech.BattleTechResourceType , System.String , System.Nullable`1[T] ) [0x00000] in <4184af8dbeb44635831353f4d349631c>:0 
  at BattleTech.Data.LoadRequest.AddBlindLoadRequestInternal (BattleTech.BattleTechResourceType resourceType, System.String resourceId, System.Boolean allowDuplicateInstantiation, System.Nullable`1[T] filterByOwnerShip) [0x00000] in <4184af8dbeb44635831353f4d349631c>:0 
  at BattleTech.Data.LoadRequest.AddBlindLoadRequest (BattleTech.BattleTechResourceType resourceType, System.String resourceId, System.Nullable`1[T] filterByOwnership) [0x00000] in <4184af8dbeb44635831353f4d349631c>:0 
  at BattleTech.Data.DataManager+DependencyLoadRequest.DMD<BattleTech.Data.DataManager+DependencyLoadRequest::RequestResource> (BattleTech.Data.DataManager+DependencyLoadRequest , BattleTech.BattleTechResourceType , System.String ) [0x00000] in <4184af8dbeb44635831353f4d349631c>:0 
  at BattleTech.ChassisDef.DMD<BattleTech.ChassisDef::GatherDependencies> (BattleTech.ChassisDef , BattleTech.Data.DataManager , BattleTech.Data.DataManager+DependencyLoadRequest , System.UInt32 ) [0x00000] in <4184af8dbeb44635831353f4d349631c>:0 
  at BattleTech.Data.DataManager.RequestDependencies (BattleTech.Data.DataManager+FileLoadRequest loadRequest) [0x00000] in <4184af8dbeb44635831353f4d349631c>:0 
  at BattleTech.Data.DataManager+FileLoadRequest.TryLoadDependencies (BattleTech.Data.DataManager+ILoadDependencies dependencyLoader) [0x00000] in <4184af8dbeb44635831353f4d349631c>:0 
  at BattleTech.Data.DataManager+JsonLoadRequest`1[T].OnLoadedWithJSON (System.String json) [0x00000] in <4184af8dbeb44635831353f4d349631c>:0 
  at BattleTech.Data.DataManager+StringDataLoadRequest`1[T].DMD<BattleTech.Data.DataManager+StringDataLoadRequest`1[[BattleTech.WeaponDef, Assembly-CSharp, Version=0.0.0.0, Culture=neutral, PublicKeyToken=null]]::OnLoadedWithText> (BattleTech.Data.DataManager+StringDataLoadRequest`1[T] , System.String ) [0x00000] in <4184af8dbeb44635831353f4d349631c>:0 
  at BattleTech.Data.DataManager+StringDataLoadRequest`1[T].OnLoadedWithTextAsset (UnityEngine.TextAsset asset) [0x00000] in <4184af8dbeb44635831353f4d349631c>:0 
  at BattleTech.Assetbundles.AssetBundleManager.RequestAsset[T] (BattleTech.BattleTechResourceType type, System.String id, System.Action`1[T] loadedCallback) [0x00000] in <4184af8dbeb44635831353f4d349631c>:0 
  at BattleTech.Data.DataManager+StringDataLoadRequest`1[T].Load () [0x00000] in <4184af8dbeb44635831353f4d349631c>:0 
  at CustomDeploy.DataManager_UpdateRequests.Prefix (BattleTech.Data.DataManager __instance) [0x00000] in <cbe91c7f71cc4a868c01fe350e6ef8c2>:0 
  at BattleTech.Data.DataManager.DMD<BattleTech.Data.DataManager::UpdateRequests> (BattleTech.Data.DataManager ) [0x00000] in <4184af8dbeb44635831353f4d349631c>:0 
  at BattleTech.Data.DataManager.Update (System.Single deltaTime) [0x00000] in <4184af8dbeb44635831353f4d349631c>:0 
  at BattleTech.GameInstance.Update (System.Single deltaTime) [0x00000] in <4184af8dbeb44635831353f4d349631c>:0 
  at BattleTech.UnityGameInstance.DMD<BattleTech.UnityGameInstance::Update> (BattleTech.UnityGameInstance ) [0x00000] in <4184af8dbeb44635831353f4d349631c>:0 
[18:30:39.077]LoadRequest.TryCreateAndAddLoadRequest failed MANTICORE Sprite
 manifest entry is null
   at System.Environment.get_StackTrace () [0x00000] in <d7ac571ca2d04b2f981d0d886fa067cf>:0 
  at CustomDeploy.LoadRequest_TryCreateAndAddLoadRequest.Postfix (BattleTech.Data.LoadRequest __instance, BattleTech.BattleTechResourceType resourceType, System.String resourceId, System.Boolean __result) [0x00000] in <cbe91c7f71cc4a868c01fe350e6ef8c2>:0 
  at BattleTech.Data.LoadRequest.DMD<BattleTech.Data.LoadRequest::TryCreateAndAddLoadRequest> (BattleTech.Data.LoadRequest , BattleTech.Data.LoadTracker& , BattleTech.BattleTechResourceType , System.String , System.Nullable`1[T] ) [0x00000] in <4184af8dbeb44635831353f4d349631c>:0 
  at BattleTech.Data.LoadRequest.AddBlindLoadRequestInternal (BattleTech.BattleTechResourceType resourceType, System.String resourceId, System.Boolean allowDuplicateInstantiation, System.Nullable`1[T] filterByOwnerShip) [0x00000] in <4184af8dbeb44635831353f4d349631c>:0 
  at BattleTech.Data.LoadRequest.AddBlindLoadRequest (BattleTech.BattleTechResourceType resourceType, System.String resourceId, System.Nullable`1[T] filterByOwnership) [0x00000] in <4184af8dbeb44635831353f4d349631c>:0 
  at BattleTech.Data.DataManager+DependencyLoadRequest.DMD<BattleTech.Data.DataManager+DependencyLoadRequest::RequestResource> (BattleTech.Data.DataManager+DependencyLoadRequest , BattleTech.BattleTechResourceType , System.String ) [0x00000] in <4184af8dbeb44635831353f4d349631c>:0 
  at BattleTech.ChassisDef.DMD<BattleTech.ChassisDef::GatherDependencies> (BattleTech.ChassisDef , BattleTech.Data.DataManager , BattleTech.Data.DataManager+DependencyLoadRequest , System.UInt32 ) [0x00000] in <4184af8dbeb44635831353f4d349631c>:0 
  at BattleTech.Data.DataManager.RequestDependencies (BattleTech.Data.DataManager+FileLoadRequest loadRequest) [0x00000] in <4184af8dbeb44635831353f4d349631c>:0 
  at BattleTech.Data.DataManager+FileLoadRequest.TryLoadDependencies (BattleTech.Data.DataManager+ILoadDependencies dependencyLoader) [0x00000] in <4184af8dbeb44635831353f4d349631c>:0 
  at BattleTech.Data.DataManager+JsonLoadRequest`1[T].OnLoadedWithJSON (System.String json) [0x00000] in <4184af8dbeb44635831353f4d349631c>:0 
  at BattleTech.Data.DataManager+StringDataLoadRequest`1[T].DMD<BattleTech.Data.DataManager+StringDataLoadRequest`1[[BattleTech.WeaponDef, Assembly-CSharp, Version=0.0.0.0, Culture=neutral, PublicKeyToken=null]]::OnLoadedWithText> (BattleTech.Data.DataManager+StringDataLoadRequest`1[T] , System.String ) [0x00000] in <4184af8dbeb44635831353f4d349631c>:0 
  at BattleTech.Data.DataManager+StringDataLoadRequest`1[T].OnLoadedWithTextAsset (UnityEngine.TextAsset asset) [0x00000] in <4184af8dbeb44635831353f4d349631c>:0 
  at BattleTech.Assetbundles.AssetBundleManager.RequestAsset[T] (BattleTech.BattleTechResourceType type, System.String id, System.Action`1[T] loadedCallback) [0x00000] in <4184af8dbeb44635831353f4d349631c>:0 
  at BattleTech.Data.DataManager+StringDataLoadRequest`1[T].Load () [0x00000] in <4184af8dbeb44635831353f4d349631c>:0 
  at CustomDeploy.DataManager_UpdateRequests.Prefix (BattleTech.Data.DataManager __instance) [0x00000] in <cbe91c7f71cc4a868c01fe350e6ef8c2>:0 
  at BattleTech.Data.DataManager.DMD<BattleTech.Data.DataManager::UpdateRequests> (BattleTech.Data.DataManager ) [0x00000] in <4184af8dbeb44635831353f4d349631c>:0 
  at BattleTech.Data.DataManager.Update (System.Single deltaTime) [0x00000] in <4184af8dbeb44635831353f4d349631c>:0 
  at BattleTech.GameInstance.Update (System.Single deltaTime) [0x00000] in <4184af8dbeb44635831353f4d349631c>:0 
  at BattleTech.UnityGameInstance.DMD<BattleTech.UnityGameInstance::Update> (BattleTech.UnityGameInstance ) [0x00000] in <4184af8dbeb44635831353f4d349631c>:0 
[18:30:39.082]LoadRequest.TryCreateAndAddLoadRequest failed MANTICORE Sprite
 manifest entry is null
   at System.Environment.get_StackTrace () [0x00000] in <d7ac571ca2d04b2f981d0d886fa067cf>:0 
  at CustomDeploy.LoadRequest_TryCreateAndAddLoadRequest.Postfix (BattleTech.Data.LoadRequest __instance, BattleTech.BattleTechResourceType resourceType, System.String resourceId, System.Boolean __result) [0x00000] in <cbe91c7f71cc4a868c01fe350e6ef8c2>:0 
  at BattleTech.Data.LoadRequest.DMD<BattleTech.Data.LoadRequest::TryCreateAndAddLoadRequest> (BattleTech.Data.LoadRequest , BattleTech.Data.LoadTracker& , BattleTech.BattleTechResourceType , System.String , System.Nullable`1[T] ) [0x00000] in <4184af8dbeb44635831353f4d349631c>:0 
  at BattleTech.Data.LoadRequest.AddBlindLoadRequestInternal (BattleTech.BattleTechResourceType resourceType, System.String resourceId, System.Boolean allowDuplicateInstantiation, System.Nullable`1[T] filterByOwnerShip) [0x00000] in <4184af8dbeb44635831353f4d349631c>:0 
  at BattleTech.Data.LoadRequest.AddBlindLoadRequest (BattleTech.BattleTechResourceType resourceType, System.String resourceId, System.Nullable`1[T] filterByOwnership) [0x00000] in <4184af8dbeb44635831353f4d349631c>:0 
  at BattleTech.Data.DataManager+DependencyLoadRequest.DMD<BattleTech.Data.DataManager+DependencyLoadRequest::RequestResource> (BattleTech.Data.DataManager+DependencyLoadRequest , BattleTech.BattleTechResourceType , System.String ) [0x00000] in <4184af8dbeb44635831353f4d349631c>:0 
  at BattleTech.ChassisDef.DMD<BattleTech.ChassisDef::GatherDependencies> (BattleTech.ChassisDef , BattleTech.Data.DataManager , BattleTech.Data.DataManager+DependencyLoadRequest , System.UInt32 ) [0x00000] in <4184af8dbeb44635831353f4d349631c>:0 
  at BattleTech.Data.DataManager.RequestDependencies (BattleTech.Data.DataManager+FileLoadRequest loadRequest) [0x00000] in <4184af8dbeb44635831353f4d349631c>:0 
  at BattleTech.Data.DataManager+FileLoadRequest.TryLoadDependencies (BattleTech.Data.DataManager+ILoadDependencies dependencyLoader) [0x00000] in <4184af8dbeb44635831353f4d349631c>:0 
  at BattleTech.Data.DataManager+JsonLoadRequest`1[T].OnLoadedWithJSON (System.String json) [0x00000] in <4184af8dbeb44635831353f4d349631c>:0 
  at BattleTech.Data.DataManager+StringDataLoadRequest`1[T].DMD<BattleTech.Data.DataManager+StringDataLoadRequest`1[[BattleTech.WeaponDef, Assembly-CSharp, Version=0.0.0.0, Culture=neutral, PublicKeyToken=null]]::OnLoadedWithText> (BattleTech.Data.DataManager+StringDataLoadRequest`1[T] , System.String ) [0x00000] in <4184af8dbeb44635831353f4d349631c>:0 
  at BattleTech.Data.DataManager+StringDataLoadRequest`1[T].OnLoadedWithTextAsset (UnityEngine.TextAsset asset) [0x00000] in <4184af8dbeb44635831353f4d349631c>:0 
  at BattleTech.Assetbundles.AssetBundleManager.RequestAsset[T] (BattleTech.BattleTechResourceType type, System.String id, System.Action`1[T] loadedCallback) [0x00000] in <4184af8dbeb44635831353f4d349631c>:0 
  at BattleTech.Data.DataManager+StringDataLoadRequest`1[T].Load () [0x00000] in <4184af8dbeb44635831353f4d349631c>:0 
  at CustomDeploy.DataManager_UpdateRequests.Prefix (BattleTech.Data.DataManager __instance) [0x00000] in <cbe91c7f71cc4a868c01fe350e6ef8c2>:0 
  at BattleTech.Data.DataManager.DMD<BattleTech.Data.DataManager::UpdateRequests> (BattleTech.Data.DataManager ) [0x00000] in <4184af8dbeb44635831353f4d349631c>:0 
  at BattleTech.Data.DataManager.Update (System.Single deltaTime) [0x00000] in <4184af8dbeb44635831353f4d349631c>:0 
  at BattleTech.GameInstance.Update (System.Single deltaTime) [0x00000] in <4184af8dbeb44635831353f4d349631c>:0 
  at BattleTech.UnityGameInstance.DMD<BattleTech.UnityGameInstance::Update> (BattleTech.UnityGameInstance ) [0x00000] in <4184af8dbeb44635831353f4d349631c>:0 
[18:30:39.084]LoadRequest.TryCreateAndAddLoadRequest failed STRIKER Sprite
 manifest entry is null
   at System.Environment.get_StackTrace () [0x00000] in <d7ac571ca2d04b2f981d0d886fa067cf>:0 
  at CustomDeploy.LoadRequest_TryCreateAndAddLoadRequest.Postfix (BattleTech.Data.LoadRequest __instance, BattleTech.BattleTechResourceType resourceType, System.String resourceId, System.Boolean __result) [0x00000] in <cbe91c7f71cc4a868c01fe350e6ef8c2>:0 
  at BattleTech.Data.LoadRequest.DMD<BattleTech.Data.LoadRequest::TryCreateAndAddLoadRequest> (BattleTech.Data.LoadRequest , BattleTech.Data.LoadTracker& , BattleTech.BattleTechResourceType , System.String , System.Nullable`1[T] ) [0x00000] in <4184af8dbeb44635831353f4d349631c>:0 
  at BattleTech.Data.LoadRequest.AddBlindLoadRequestInternal (BattleTech.BattleTechResourceType resourceType, System.String resourceId, System.Boolean allowDuplicateInstantiation, System.Nullable`1[T] filterByOwnerShip) [0x00000] in <4184af8dbeb44635831353f4d349631c>:0 
  at BattleTech.Data.LoadRequest.AddBlindLoadRequest (BattleTech.BattleTechResourceType resourceType, System.String resourceId, System.Nullable`1[T] filterByOwnership) [0x00000] in <4184af8dbeb44635831353f4d349631c>:0 
  at BattleTech.Data.DataManager+DependencyLoadRequest.DMD<BattleTech.Data.DataManager+DependencyLoadRequest::RequestResource> (BattleTech.Data.DataManager+DependencyLoadRequest , BattleTech.BattleTechResourceType , System.String ) [0x00000] in <4184af8dbeb44635831353f4d349631c>:0 
  at BattleTech.ChassisDef.DMD<BattleTech.ChassisDef::GatherDependencies> (BattleTech.ChassisDef , BattleTech.Data.DataManager , BattleTech.Data.DataManager+DependencyLoadRequest , System.UInt32 ) [0x00000] in <4184af8dbeb44635831353f4d349631c>:0 
  at BattleTech.Data.DataManager.RequestDependencies (BattleTech.Data.DataManager+FileLoadRequest loadRequest) [0x00000] in <4184af8dbeb44635831353f4d349631c>:0 
  at BattleTech.Data.DataManager+FileLoadRequest.TryLoadDependencies (BattleTech.Data.DataManager+ILoadDependencies dependencyLoader) [0x00000] in <4184af8dbeb44635831353f4d349631c>:0 
  at BattleTech.Data.DataManager+JsonLoadRequest`1[T].OnLoadedWithJSON (System.String json) [0x00000] in <4184af8dbeb44635831353f4d349631c>:0 
  at BattleTech.Data.DataManager+StringDataLoadRequest`1[T].DMD<BattleTech.Data.DataManager+StringDataLoadRequest`1[[BattleTech.WeaponDef, Assembly-CSharp, Version=0.0.0.0, Culture=neutral, PublicKeyToken=null]]::OnLoadedWithText> (BattleTech.Data.DataManager+StringDataLoadRequest`1[T] , System.String ) [0x00000] in <4184af8dbeb44635831353f4d349631c>:0 
  at BattleTech.Data.DataManager+StringDataLoadRequest`1[T].OnLoadedWithTextAsset (UnityEngine.TextAsset asset) [0x00000] in <4184af8dbeb44635831353f4d349631c>:0 
  at BattleTech.Assetbundles.AssetBundleManager.RequestAsset[T] (BattleTech.BattleTechResourceType type, System.String id, System.Action`1[T] loadedCallback) [0x00000] in <4184af8dbeb44635831353f4d349631c>:0 
  at BattleTech.Data.DataManager+StringDataLoadRequest`1[T].Load () [0x00000] in <4184af8dbeb44635831353f4d349631c>:0 
  at CustomDeploy.DataManager_UpdateRequests.Prefix (BattleTech.Data.DataManager __instance) [0x00000] in <cbe91c7f71cc4a868c01fe350e6ef8c2>:0 
  at BattleTech.Data.DataManager.DMD<BattleTech.Data.DataManager::UpdateRequests> (BattleTech.Data.DataManager ) [0x00000] in <4184af8dbeb44635831353f4d349631c>:0 
  at BattleTech.Data.DataManager.Update (System.Single deltaTime) [0x00000] in <4184af8dbeb44635831353f4d349631c>:0 
  at BattleTech.GameInstance.Update (System.Single deltaTime) [0x00000] in <4184af8dbeb44635831353f4d349631c>:0 
  at BattleTech.UnityGameInstance.DMD<BattleTech.UnityGameInstance::Update> (BattleTech.UnityGameInstance ) [0x00000] in <4184af8dbeb44635831353f4d349631c>:0 
[18:30:39.431]LoadRequest.TryCreateAndAddLoadRequest failed Test Sprite
 manifest entry is null
   at System.Environment.get_StackTrace () [0x00000] in <d7ac571ca2d04b2f981d0d886fa067cf>:0 
  at CustomDeploy.LoadRequest_TryCreateAndAddLoadRequest.Postfix (BattleTech.Data.LoadRequest __instance, BattleTech.BattleTechResourceType resourceType, System.String resourceId, System.Boolean __result) [0x00000] in <cbe91c7f71cc4a868c01fe350e6ef8c2>:0 
  at BattleTech.Data.LoadRequest.DMD<BattleTech.Data.LoadRequest::TryCreateAndAddLoadRequest> (BattleTech.Data.LoadRequest , BattleTech.Data.LoadTracker& , BattleTech.BattleTechResourceType , System.String , System.Nullable`1[T] ) [0x00000] in <4184af8dbeb44635831353f4d349631c>:0 
  at BattleTech.Data.LoadRequest.AddBlindLoadRequestInternal (BattleTech.BattleTechResourceType resourceType, System.String resourceId, System.Boolean allowDuplicateInstantiation, System.Nullable`1[T] filterByOwnerShip) [0x00000] in <4184af8dbeb44635831353f4d349631c>:0 
  at BattleTech.Data.LoadRequest.AddBlindLoadRequest (BattleTech.BattleTechResourceType resourceType, System.String resourceId, System.Nullable`1[T] filterByOwnership) [0x00000] in <4184af8dbeb44635831353f4d349631c>:0 
  at BattleTech.Data.DataManager+DependencyLoadRequest.DMD<BattleTech.Data.DataManager+DependencyLoadRequest::RequestResource> (BattleTech.Data.DataManager+DependencyLoadRequest , BattleTech.BattleTechResourceType , System.String ) [0x00000] in <4184af8dbeb44635831353f4d349631c>:0 
  at BattleTech.ChassisDef.DMD<BattleTech.ChassisDef::GatherDependencies> (BattleTech.ChassisDef , BattleTech.Data.DataManager , BattleTech.Data.DataManager+DependencyLoadRequest , System.UInt32 ) [0x00000] in <4184af8dbeb44635831353f4d349631c>:0 
  at BattleTech.Data.DataManager.RequestDependencies (BattleTech.Data.DataManager+FileLoadRequest loadRequest) [0x00000] in <4184af8dbeb44635831353f4d349631c>:0 
  at BattleTech.Data.DataManager+FileLoadRequest.TryLoadDependencies (BattleTech.Data.DataManager+ILoadDependencies dependencyLoader) [0x00000] in <4184af8dbeb44635831353f4d349631c>:0 
  at BattleTech.Data.DataManager+JsonLoadRequest`1[T].OnLoadedWithJSON (System.String json) [0x00000] in <4184af8dbeb44635831353f4d349631c>:0 
  at BattleTech.Data.DataManager+StringDataLoadRequest`1[T].DMD<BattleTech.Data.DataManager+StringDataLoadRequest`1[[BattleTech.WeaponDef, Assembly-CSharp, Version=0.0.0.0, Culture=neutral, PublicKeyToken=null]]::OnLoadedWithText> (BattleTech.Data.DataManager+StringDataLoadRequest`1[T] , System.String ) [0x00000] in <4184af8dbeb44635831353f4d349631c>:0 
  at HBS.Data.DataLoader+<>c__DisplayClass12_0.<LoadResource>b__0 (System.String _path, System.IO.Stream _stream) [0x00000] in <4184af8dbeb44635831353f4d349631c>:0 
  at HBS.Data.DataLoader.DMD<HBS.Data.DataLoader::CallHandler> (HBS.Data.DataLoader , System.String , System.Action`2[T1,T2] ) [0x00000] in <4184af8dbeb44635831353f4d349631c>:0 
  at HBS.Data.DataLoader.LoadResource (System.String path, System.Action`2[T1,T2] handler, System.Boolean monitor) [0x00000] in <4184af8dbeb44635831353f4d349631c>:0 
  at HBS.Data.DataLoader.LoadResource (System.String path, System.Action`1[T] handler, System.Boolean monitor) [0x00000] in <4184af8dbeb44635831353f4d349631c>:0 
  at HBS.Data.DataLoader.LoadResource (System.String path, System.Action`1[T] handler) [0x00000] in <4184af8dbeb44635831353f4d349631c>:0 
  at BattleTech.Data.DataManager+StringDataLoadRequest`1[T].Load () [0x00000] in <4184af8dbeb44635831353f4d349631c>:0 
  at CustomDeploy.DataManager_UpdateRequests.Prefix (BattleTech.Data.DataManager __instance) [0x00000] in <cbe91c7f71cc4a868c01fe350e6ef8c2>:0 
  at BattleTech.Data.DataManager.DMD<BattleTech.Data.DataManager::UpdateRequests> (BattleTech.Data.DataManager ) [0x00000] in <4184af8dbeb44635831353f4d349631c>:0 
  at BattleTech.Data.DataManager.Update (System.Single deltaTime) [0x00000] in <4184af8dbeb44635831353f4d349631c>:0 
  at BattleTech.GameInstance.Update (System.Single deltaTime) [0x00000] in <4184af8dbeb44635831353f4d349631c>:0 
  at BattleTech.UnityGameInstance.DMD<BattleTech.UnityGameInstance::Update> (BattleTech.UnityGameInstance ) [0x00000] in <4184af8dbeb44635831353f4d349631c>:0 
[18:30:39.445]LoadRequest.TryCreateAndAddLoadRequest failed hardpointdatadef_kingcrab_a HardpointDataDef
 manifest entry is null
   at System.Environment.get_StackTrace () [0x00000] in <d7ac571ca2d04b2f981d0d886fa067cf>:0 
  at CustomDeploy.LoadRequest_TryCreateAndAddLoadRequest.Postfix (BattleTech.Data.LoadRequest __instance, BattleTech.BattleTechResourceType resourceType, System.String resourceId, System.Boolean __result) [0x00000] in <cbe91c7f71cc4a868c01fe350e6ef8c2>:0 
  at BattleTech.Data.LoadRequest.DMD<BattleTech.Data.LoadRequest::TryCreateAndAddLoadRequest> (BattleTech.Data.LoadRequest , BattleTech.Data.LoadTracker& , BattleTech.BattleTechResourceType , System.String , System.Nullable`1[T] ) [0x00000] in <4184af8dbeb44635831353f4d349631c>:0 
  at BattleTech.Data.LoadRequest.AddBlindLoadRequestInternal (BattleTech.BattleTechResourceType resourceType, System.String resourceId, System.Boolean allowDuplicateInstantiation, System.Nullable`1[T] filterByOwnerShip) [0x00000] in <4184af8dbeb44635831353f4d349631c>:0 
  at BattleTech.Data.LoadRequest.AddBlindLoadRequest (BattleTech.BattleTechResourceType resourceType, System.String resourceId, System.Nullable`1[T] filterByOwnership) [0x00000] in <4184af8dbeb44635831353f4d349631c>:0 
  at BattleTech.Data.DataManager+DependencyLoadRequest.DMD<BattleTech.Data.DataManager+DependencyLoadRequest::RequestResource> (BattleTech.Data.DataManager+DependencyLoadRequest , BattleTech.BattleTechResourceType , System.String ) [0x00000] in <4184af8dbeb44635831353f4d349631c>:0 
  at BattleTech.ChassisDef.DMD<BattleTech.ChassisDef::GatherDependencies> (BattleTech.ChassisDef , BattleTech.Data.DataManager , BattleTech.Data.DataManager+DependencyLoadRequest , System.UInt32 ) [0x00000] in <4184af8dbeb44635831353f4d349631c>:0 
  at BattleTech.Data.DataManager.RequestDependencies (BattleTech.Data.DataManager+FileLoadRequest loadRequest) [0x00000] in <4184af8dbeb44635831353f4d349631c>:0 
  at BattleTech.Data.DataManager+FileLoadRequest.TryLoadDependencies (BattleTech.Data.DataManager+ILoadDependencies dependencyLoader) [0x00000] in <4184af8dbeb44635831353f4d349631c>:0 
  at BattleTech.Data.DataManager+JsonLoadRequest`1[T].OnLoadedWithJSON (System.String json) [0x00000] in <4184af8dbeb44635831353f4d349631c>:0 
  at BattleTech.Data.DataManager+StringDataLoadRequest`1[T].DMD<BattleTech.Data.DataManager+StringDataLoadRequest`1[[BattleTech.WeaponDef, Assembly-CSharp, Version=0.0.0.0, Culture=neutral, PublicKeyToken=null]]::OnLoadedWithText> (BattleTech.Data.DataManager+StringDataLoadRequest`1[T] , System.String ) [0x00000] in <4184af8dbeb44635831353f4d349631c>:0 
  at HBS.Data.DataLoader+<>c__DisplayClass12_0.<LoadResource>b__0 (System.String _path, System.IO.Stream _stream) [0x00000] in <4184af8dbeb44635831353f4d349631c>:0 
  at HBS.Data.DataLoader.DMD<HBS.Data.DataLoader::CallHandler> (HBS.Data.DataLoader , System.String , System.Action`2[T1,T2] ) [0x00000] in <4184af8dbeb44635831353f4d349631c>:0 
  at HBS.Data.DataLoader.LoadResource (System.String path, System.Action`2[T1,T2] handler, System.Boolean monitor) [0x00000] in <4184af8dbeb44635831353f4d349631c>:0 
  at HBS.Data.DataLoader.LoadResource (System.String path, System.Action`1[T] handler, System.Boolean monitor) [0x00000] in <4184af8dbeb44635831353f4d349631c>:0 
  at HBS.Data.DataLoader.LoadResource (System.String path, System.Action`1[T] handler) [0x00000] in <4184af8dbeb44635831353f4d349631c>:0 
  at BattleTech.Data.DataManager+StringDataLoadRequest`1[T].Load () [0x00000] in <4184af8dbeb44635831353f4d349631c>:0 
  at CustomDeploy.DataManager_UpdateRequests.Prefix (BattleTech.Data.DataManager __instance) [0x00000] in <cbe91c7f71cc4a868c01fe350e6ef8c2>:0 
  at BattleTech.Data.DataManager.DMD<BattleTech.Data.DataManager::UpdateRequests> (BattleTech.Data.DataManager ) [0x00000] in <4184af8dbeb44635831353f4d349631c>:0 
  at BattleTech.Data.DataManager.Update (System.Single deltaTime) [0x00000] in <4184af8dbeb44635831353f4d349631c>:0 
  at BattleTech.GameInstance.Update (System.Single deltaTime) [0x00000] in <4184af8dbeb44635831353f4d349631c>:0 
  at BattleTech.UnityGameInstance.DMD<BattleTech.UnityGameInstance::Update> (BattleTech.UnityGameInstance ) [0x00000] in <4184af8dbeb44635831353f4d349631c>:0 
