23:05:18.774 CHUDMT::Init - entered.
23:05:20.248 CREATING TEST COMPONENTS: instance is null? False  instanceGO is null? False
23:05:20.249 CREATING BUTTONS
23:05:20.252 Created cbtbe_charge_button and attached to parent.
23:05:20.253 Redid layout for cbtbe_charge_button.
23:05:20.255 Created cbtbe_phys_weapon_button and attached to parent.
23:05:20.256 Redid layout for cbtbe_phys_weapon_button.
23:05:20.258 Created cbtbe_punch_button and attached to parent.
23:05:20.259 Redid layout for cbtbe_punch_button.
23:05:20.261 Created cbtbe_kick_button and attached to parent.
23:05:20.262 Redid layout for cbtbe_kick_button.
23:05:20.335 CHUDHD:DL - entered.
23:05:20.336 CHUDHD:I - entered.
23:05:20.351 CHUDHD:RI - entered.
23:05:20.451 CHUDHD:DL - entered.
23:05:20.451 CHUDHD:I - entered.
23:05:20.458 CHUDHD:RI - entered.
23:05:20.534 CHUDHD:DL - entered.
23:05:20.534 CHUDHD:I - entered.
23:05:20.541 CHUDHD:RI - entered.
23:05:20.613 CHUDHD:DL - entered.
23:05:20.613 CHUDHD:I - entered.
23:05:20.619 CHUDHD:RI - entered.
23:05:20.691 CHUDHD:DL - entered.
23:05:20.691 CHUDHD:I - entered.
23:05:20.698 CHUDHD:RI - entered.
23:05:20.772 CHUDHD:DL - entered.
23:05:20.773 CHUDHD:I - entered.
23:05:20.786 CHUDHD:RI - entered.
23:05:20.855 CHUDHD:DL - entered.
23:05:20.856 CHUDHD:I - entered.
23:05:20.866 CHUDHD:RI - entered.
23:05:20.935 CHUDHD:DL - entered.
23:05:20.935 CHUDHD:I - entered.
23:05:20.946 CHUDHD:RI - entered.
23:05:21.019 CHUDHD:DL - entered.
23:05:21.019 CHUDHD:I - entered.
23:05:21.030 CHUDHD:RI - entered.
23:05:26.765 CHUDMT::Update - entered.
23:05:26.786 CHUDAMS:U - entered.
23:05:26.822 CHUDAMS:U - entered.
23:05:26.884 CHUDAMS:U - entered.
23:05:26.899 CHUDAMS:U - entered.
23:05:26.941 CHUDAMS:U - entered.
23:05:27.112 CHUDAMS:U - entered.
23:05:27.124 CHUDAMS:U - entered.
23:05:27.150 CHUDAMS:U - entered.
23:05:27.160 CHUDAMS:U - entered.
23:05:27.170 CHUDAMS:U - entered.
23:05:27.179 CHUDAMS:U - entered.
23:05:27.188 CHUDAMS:U - entered.
23:05:27.199 CHUDAMS:U - entered.
23:05:27.209 CHUDAMS:U - entered.
23:05:27.220 CHUDAMS:U - entered.
23:05:27.230 CHUDAMS:U - entered.
23:05:27.241 CHUDAMS:U - entered.
23:05:27.251 CHUDAMS:U - entered.
23:05:27.262 CHUDAMS:U - entered.
23:05:27.272 CHUDAMS:U - entered.
23:05:27.282 CHUDAMS:U - entered.
23:05:27.292 CHUDAMS:U - entered.
23:05:27.301 CHUDAMS:U - entered.
23:05:27.310 CHUDAMS:U - entered.
23:05:27.319 CHUDAMS:U - entered.
23:05:27.328 CHUDAMS:U - entered.
23:05:27.339 CHUDAMS:U - entered.
23:05:27.349 CHUDAMS:U - entered.
23:05:27.359 CHUDAMS:U - entered.
23:05:27.369 CHUDAMS:U - entered.
23:05:27.380 CHUDAMS:U - entered.
23:05:27.390 CHUDAMS:U - entered.
23:05:27.400 CHUDAMS:U - entered.
23:05:27.411 CHUDAMS:U - entered.
23:05:27.421 CHUDAMS:U - entered.
23:05:27.431 CHUDAMS:U - entered.
23:05:27.442 CHUDAMS:U - entered.
23:05:27.452 CHUDAMS:U - entered.
23:05:27.462 CHUDAMS:U - entered.
23:05:27.472 CHUDAMS:U - entered.
23:05:27.482 CHUDAMS:U - entered.
23:05:27.492 CHUDAMS:U - entered.
23:05:27.502 CHUDAMS:U - entered.
23:05:27.511 CHUDAMS:U - entered.
23:05:27.521 CHUDAMS:U - entered.
23:05:27.531 CHUDAMS:U - entered.
23:05:27.541 CHUDAMS:U - entered.
23:05:27.550 CHUDAMS:U - entered.
23:05:27.559 CHUDAMS:U - entered.
23:05:27.569 CHUDAMS:U - entered.
23:05:27.578 CHUDAMS:U - entered.
23:05:27.587 CHUDAMS:U - entered.
23:05:27.595 CHUDAMS:U - entered.
23:05:27.604 CHUDAMS:U - entered.
23:05:27.614 CHUDAMS:U - entered.
23:05:27.623 CHUDAMS:U - entered.
23:05:27.632 CHUDAMS:U - entered.
23:05:27.640 CHUDAMS:U - entered.
23:05:27.649 CHUDAMS:U - entered.
23:05:27.660 CHUDAMS:U - entered.
23:05:27.670 CHUDAMS:U - entered.
23:05:27.680 CHUDAMS:U - entered.
23:05:27.690 CHUDAMS:U - entered.
23:05:27.700 CHUDAMS:U - entered.
23:05:27.710 CHUDAMS:U - entered.
23:05:27.720 CHUDAMS:U - entered.
23:05:27.729 CHUDAMS:U - entered.
23:05:27.739 CHUDAMS:U - entered.
23:05:27.748 CHUDAMS:U - entered.
23:05:27.758 CHUDAMS:U - entered.
23:05:27.767 CHUDAMS:U - entered.
23:05:27.782 CHUDAMS:U - entered.
23:05:27.791 CHUDAMS:U - entered.
23:05:27.800 CHUDAMS:U - entered.
23:05:27.809 CHUDAMS:U - entered.
23:05:27.818 CHUDAMS:U - entered.
23:05:27.828 CHUDAMS:U - entered.
23:05:27.838 CHUDAMS:U - entered.
23:05:27.848 CHUDAMS:U - entered.
23:05:27.858 CHUDAMS:U - entered.
23:05:27.869 CHUDAMS:U - entered.
23:05:27.879 CHUDAMS:U - entered.
23:05:27.889 CHUDAMS:U - entered.
23:05:27.899 CHUDAMS:U - entered.
23:05:27.909 CHUDAMS:U - entered.
23:05:27.919 CHUDAMS:U - entered.
23:05:27.929 CHUDAMS:U - entered.
23:05:27.937 CHUDAMS:U - entered.
23:05:27.947 CHUDAMS:U - entered.
23:05:27.957 CHUDAMS:U - entered.
23:05:27.967 CHUDAMS:U - entered.
23:05:27.977 CHUDAMS:U - entered.
23:05:27.987 CHUDAMS:U - entered.
23:05:27.997 CHUDAMS:U - entered.
23:05:28.007 CHUDAMS:U - entered.
23:05:28.017 CHUDAMS:U - entered.
23:05:28.026 CHUDAMS:U - entered.
23:05:28.038 CHUDAMS:U - entered.
23:05:28.047 CHUDAMS:U - entered.
23:05:28.057 CHUDAMS:U - entered.
23:05:28.068 CHUDAMS:U - entered.
23:05:28.078 CHUDAMS:U - entered.
23:05:28.089 CHUDAMS:U - entered.
23:05:28.116 CHUDAMS:U - entered.
23:05:28.125 CHUDAMS:U - entered.
23:05:28.135 CHUDAMS:U - entered.
23:05:28.159 CHUDAMS:U - entered.
23:05:28.168 CHUDAMS:U - entered.
23:05:28.177 CHUDAMS:U - entered.
23:05:28.185 CHUDAMS:U - entered.
23:05:28.195 CHUDAMS:U - entered.
23:05:28.204 CHUDAMS:U - entered.
23:05:28.213 CHUDAMS:U - entered.
23:05:28.222 CHUDAMS:U - entered.
23:05:28.231 CHUDAMS:U - entered.
23:05:28.242 CHUDAMS:U - entered.
23:05:28.252 CHUDAMS:U - entered.
23:05:28.263 CHUDAMS:U - entered.
23:05:28.273 CHUDAMS:U - entered.
23:05:28.284 CHUDAMS:U - entered.
23:05:28.294 CHUDAMS:U - entered.
23:05:28.304 CHUDAMS:U - entered.
23:05:28.313 CHUDAMS:U - entered.
23:05:28.321 CHUDAMS:U - entered.
23:05:28.330 CHUDAMS:U - entered.
23:05:28.339 CHUDAMS:U - entered.
23:05:28.350 CHUDAMS:U - entered.
23:05:28.363 CHUDAMS:U - entered.
23:05:28.375 CHUDAMS:U - entered.
23:05:28.387 CHUDAMS:U - entered.
23:05:28.399 CHUDAMS:U - entered.
23:05:28.412 CHUDAMS:U - entered.
23:05:28.425 CHUDAMS:U - entered.
23:05:28.437 CHUDAMS:U - entered.
23:05:28.450 CHUDAMS:U - entered.
23:05:28.461 CHUDAMS:U - entered.
23:05:28.473 CHUDAMS:U - entered.
23:05:28.484 CHUDAMS:U - entered.
23:05:28.495 CHUDAMS:U - entered.
23:05:28.505 CHUDAMS:U - entered.
23:05:28.516 CHUDAMS:U - entered.
23:05:28.527 CHUDAMS:U - entered.
23:05:28.538 CHUDAMS:U - entered.
23:05:28.550 CHUDAMS:U - entered.
23:05:28.561 CHUDAMS:U - entered.
23:05:28.570 CHUDAMS:U - entered.
23:05:28.579 CHUDAMS:U - entered.
23:05:28.588 CHUDAMS:U - entered.
23:05:28.598 CHUDAMS:U - entered.
23:05:28.609 CHUDAMS:U - entered.
23:05:28.619 CHUDAMS:U - entered.
23:05:28.630 CHUDAMS:U - entered.
23:05:28.641 CHUDAMS:U - entered.
23:05:28.651 CHUDAMS:U - entered.
23:05:28.665 CHUDAMS:U - entered.
23:05:28.678 CHUDAMS:U - entered.
23:05:28.687 CHUDAMS:U - entered.
23:05:28.697 CHUDAMS:U - entered.
23:05:28.706 CHUDAMS:U - entered.
23:05:28.716 CHUDAMS:U - entered.
23:05:28.727 CHUDAMS:U - entered.
23:05:28.739 CHUDAMS:U - entered.
23:05:28.751 CHUDAMS:U - entered.
23:05:28.762 CHUDAMS:U - entered.
23:05:28.774 CHUDAMS:U - entered.
23:05:28.785 CHUDAMS:U - entered.
23:05:28.795 CHUDAMS:U - entered.
23:05:28.806 CHUDAMS:U - entered.
23:05:28.816 CHUDAMS:U - entered.
23:05:28.826 CHUDAMS:U - entered.
23:05:28.835 CHUDAMS:U - entered.
23:05:28.844 CHUDAMS:U - entered.
23:05:28.853 CHUDAMS:U - entered.
23:05:28.862 CHUDAMS:U - entered.
23:05:28.871 CHUDAMS:U - entered.
23:05:28.879 CHUDAMS:U - entered.
23:05:28.888 CHUDAMS:U - entered.
23:05:28.896 CHUDAMS:U - entered.
23:05:28.905 CHUDAMS:U - entered.
23:05:28.913 CHUDAMS:U - entered.
23:05:28.922 CHUDAMS:U - entered.
23:05:28.930 CHUDAMS:U - entered.
23:05:28.940 CHUDAMS:U - entered.
23:05:28.949 CHUDAMS:U - entered.
23:05:28.959 CHUDAMS:U - entered.
23:05:28.967 CHUDAMS:U - entered.
23:05:28.976 CHUDAMS:U - entered.
23:05:28.984 CHUDAMS:U - entered.
23:05:28.991 CHUDAMS:U - entered.
23:05:29.000 CHUDAMS:U - entered.
23:05:29.010 CHUDAMS:U - entered.
23:05:29.019 CHUDAMS:U - entered.
23:05:29.028 CHUDAMS:U - entered.
23:05:29.037 CHUDAMS:U - entered.
23:05:29.047 CHUDAMS:U - entered.
23:05:29.056 CHUDAMS:U - entered.
23:05:29.065 CHUDAMS:U - entered.
23:05:29.075 CHUDAMS:U - entered.
23:05:29.084 CHUDAMS:U - entered.
23:05:29.093 CHUDAMS:U - entered.
23:05:29.117 CHUDAMS:U - entered.
23:05:29.126 CHUDAMS:U - entered.
23:05:29.135 CHUDAMS:U - entered.
23:05:29.144 CHUDAMS:U - entered.
23:05:29.167 CHUDAMS:U - entered.
23:05:29.177 CHUDAMS:U - entered.
23:05:29.187 CHUDAMS:U - entered.
23:05:29.196 CHUDAMS:U - entered.
23:05:29.205 CHUDAMS:U - entered.
23:05:29.213 CHUDAMS:U - entered.
23:05:29.222 CHUDAMS:U - entered.
23:05:29.231 CHUDAMS:U - entered.
23:05:29.239 CHUDAMS:U - entered.
23:05:29.248 CHUDAMS:U - entered.
23:05:29.257 CHUDAMS:U - entered.
23:05:29.266 CHUDAMS:U - entered.
23:05:29.275 CHUDAMS:U - entered.
23:05:29.284 CHUDAMS:U - entered.
23:05:29.293 CHUDAMS:U - entered.
23:05:29.303 CHUDAMS:U - entered.
23:05:29.313 CHUDAMS:U - entered.
23:05:29.324 CHUDAMS:U - entered.
23:05:29.335 CHUDAMS:U - entered.
23:05:29.346 CHUDAMS:U - entered.
23:05:29.356 CHUDAMS:U - entered.
23:05:29.368 CHUDAMS:U - entered.
23:05:29.377 CHUDAMS:U - entered.
23:05:29.386 CHUDAMS:U - entered.
23:05:29.396 CHUDAMS:U - entered.
23:05:29.405 CHUDAMS:U - entered.
23:05:29.414 CHUDAMS:U - entered.
23:05:29.424 CHUDAMS:U - entered.
23:05:29.433 CHUDAMS:U - entered.
23:05:29.443 CHUDAMS:U - entered.
23:05:29.453 CHUDAMS:U - entered.
23:05:29.462 CHUDAMS:U - entered.
23:05:29.471 CHUDAMS:U - entered.
23:05:29.480 CHUDAMS:U - entered.
23:05:29.489 CHUDAMS:U - entered.
23:05:29.500 CHUDAMS:U - entered.
23:05:29.510 CHUDAMS:U - entered.
23:05:29.519 CHUDAMS:U - entered.
23:05:29.528 CHUDAMS:U - entered.
23:05:29.537 CHUDAMS:U - entered.
23:05:29.546 CHUDAMS:U - entered.
23:05:29.555 CHUDAMS:U - entered.
23:05:29.564 CHUDAMS:U - entered.
23:05:29.573 CHUDAMS:U - entered.
23:05:29.582 CHUDAMS:U - entered.
23:05:29.589 CHUDAMS:U - entered.
23:05:29.598 CHUDAMS:U - entered.
23:05:29.607 CHUDAMS:U - entered.
23:05:29.616 CHUDAMS:U - entered.
23:05:29.626 CHUDAMS:U - entered.
23:05:29.637 CHUDAMS:U - entered.
23:05:29.645 CHUDAMS:U - entered.
23:05:29.655 CHUDAMS:U - entered.
23:05:29.664 CHUDAMS:U - entered.
23:05:29.673 CHUDAMS:U - entered.
23:05:29.681 CHUDAMS:U - entered.
23:05:29.690 CHUDAMS:U - entered.
23:05:29.698 CHUDAMS:U - entered.
23:05:29.707 CHUDAMS:U - entered.
23:05:29.715 CHUDAMS:U - entered.
23:05:29.724 CHUDAMS:U - entered.
23:05:29.732 CHUDAMS:U - entered.
23:05:29.740 CHUDAMS:U - entered.
23:05:29.749 CHUDAMS:U - entered.
23:05:29.758 CHUDAMS:U - entered.
23:05:29.767 CHUDAMS:U - entered.
23:05:29.775 CHUDAMS:U - entered.
23:05:29.784 CHUDAMS:U - entered.
23:05:29.792 CHUDAMS:U - entered.
23:05:29.801 CHUDAMS:U - entered.
23:05:29.810 CHUDAMS:U - entered.
23:05:29.818 CHUDAMS:U - entered.
23:05:29.826 CHUDAMS:U - entered.
23:05:29.834 CHUDAMS:U - entered.
23:05:29.843 CHUDAMS:U - entered.
23:05:29.851 CHUDAMS:U - entered.
23:05:29.859 CHUDAMS:U - entered.
23:05:29.868 CHUDAMS:U - entered.
23:05:29.876 CHUDAMS:U - entered.
23:05:29.885 CHUDAMS:U - entered.
23:05:29.893 CHUDAMS:U - entered.
23:05:29.903 CHUDAMS:U - entered.
23:05:29.912 CHUDAMS:U - entered.
23:05:29.921 CHUDAMS:U - entered.
23:05:29.930 CHUDAMS:U - entered.
23:05:29.939 CHUDAMS:U - entered.
23:05:29.948 CHUDAMS:U - entered.
23:05:29.957 CHUDAMS:U - entered.
23:05:29.965 CHUDAMS:U - entered.
23:05:29.974 CHUDAMS:U - entered.
23:05:29.982 CHUDAMS:U - entered.
23:05:29.991 CHUDAMS:U - entered.
23:05:30.000 CHUDAMS:U - entered.
23:05:30.009 CHUDAMS:U - entered.
23:05:30.018 CHUDAMS:U - entered.
23:05:30.026 CHUDAMS:U - entered.
23:05:30.035 CHUDAMS:U - entered.
23:05:30.044 CHUDAMS:U - entered.
23:05:30.052 CHUDAMS:U - entered.
23:05:30.061 CHUDAMS:U - entered.
23:05:30.070 CHUDAMS:U - entered.
23:05:30.127 CHUDAMS:U - entered.
23:05:30.522 CHUDAMS:U - entered.
23:05:30.540 CHUDAMS:U - entered.
23:05:30.559 CHUDAMS:U - entered.
23:05:30.569 CHUDAMS:U - entered.
23:05:30.579 CHUDAMS:U - entered.
23:05:30.589 CHUDAMS:U - entered.
23:05:30.598 CHUDAMS:U - entered.
23:05:30.607 CHUDAMS:U - entered.
23:05:30.615 CHUDAMS:U - entered.
23:05:30.623 CHUDAMS:U - entered.
23:05:30.634 CHUDAMS:U - entered.
23:05:30.646 CHUDAMS:U - entered.
23:05:30.660 CHUDAMS:U - entered.
23:05:30.672 CHUDAMS:U - entered.
23:05:30.683 CHUDAMS:U - entered.
23:05:30.694 CHUDAMS:U - entered.
23:05:30.704 CHUDAMS:U - entered.
23:05:30.714 CHUDAMS:U - entered.
23:05:30.722 CHUDAMS:U - entered.
23:05:30.732 CHUDAMS:U - entered.
23:05:30.744 CHUDAMS:U - entered.
23:05:30.755 CHUDAMS:U - entered.
23:05:30.763 CHUDAMS:U - entered.
23:05:30.772 CHUDAMS:U - entered.
23:05:30.780 CHUDAMS:U - entered.
23:05:30.789 CHUDAMS:U - entered.
23:05:30.797 CHUDAMS:U - entered.
23:05:30.805 CHUDAMS:U - entered.
23:05:30.815 CHUDAMS:U - entered.
23:05:30.823 CHUDAMS:U - entered.
23:05:30.833 CHUDAMS:U - entered.
23:05:30.843 CHUDAMS:U - entered.
23:05:30.852 CHUDAMS:U - entered.
23:05:30.862 CHUDAMS:U - entered.
23:05:30.871 CHUDAMS:U - entered.
23:05:30.880 CHUDAMS:U - entered.
23:05:30.889 CHUDAMS:U - entered.
23:05:30.900 CHUDAMS:U - entered.
23:05:30.910 CHUDAMS:U - entered.
23:05:30.920 CHUDAMS:U - entered.
23:05:30.930 CHUDAMS:U - entered.
23:05:30.941 CHUDAMS:U - entered.
23:05:30.953 CHUDAMS:U - entered.
23:05:30.962 CHUDAMS:U - entered.
23:05:30.972 CHUDAMS:U - entered.
23:05:30.983 CHUDAMS:U - entered.
23:05:30.994 CHUDAMS:U - entered.
23:05:31.006 CHUDAMS:U - entered.
23:05:31.016 CHUDAMS:U - entered.
23:05:31.026 CHUDAMS:U - entered.
23:05:31.036 CHUDAMS:U - entered.
23:05:31.045 CHUDAMS:U - entered.
23:05:31.054 CHUDAMS:U - entered.
23:05:31.064 CHUDAMS:U - entered.
23:05:31.077 CHUDAMS:U - entered.
23:05:31.089 CHUDAMS:U - entered.
23:05:31.102 CHUDAMS:U - entered.
23:05:31.116 CHUDAMS:U - entered.
23:05:31.127 CHUDAMS:U - entered.
23:05:31.139 CHUDAMS:U - entered.
23:05:31.154 CHUDAMS:U - entered.
23:05:31.170 CHUDAMS:U - entered.
23:05:31.183 CHUDAMS:U - entered.
23:05:31.195 CHUDAMS:U - entered.
23:05:31.207 CHUDAMS:U - entered.
23:05:31.217 CHUDAMS:U - entered.
23:05:31.228 CHUDAMS:U - entered.
23:05:31.238 CHUDAMS:U - entered.
23:05:31.248 CHUDAMS:U - entered.
23:05:31.262 CHUDAMS:U - entered.
23:05:31.274 CHUDAMS:U - entered.
23:05:31.287 CHUDAMS:U - entered.
23:05:31.296 CHUDAMS:U - entered.
23:05:31.305 CHUDAMS:U - entered.
23:05:31.312 CHUDAMS:U - entered.
23:05:31.322 CHUDAMS:U - entered.
23:05:31.330 CHUDAMS:U - entered.
23:05:31.338 CHUDAMS:U - entered.
23:05:31.347 CHUDAMS:U - entered.
23:05:31.355 CHUDAMS:U - entered.
23:05:31.363 CHUDAMS:U - entered.
23:05:31.371 CHUDAMS:U - entered.
23:05:31.380 CHUDAMS:U - entered.
23:05:31.389 CHUDAMS:U - entered.
23:05:31.397 CHUDAMS:U - entered.
23:05:31.406 CHUDAMS:U - entered.
23:05:31.414 CHUDAMS:U - entered.
23:05:31.422 CHUDAMS:U - entered.
23:05:31.430 CHUDAMS:U - entered.
23:05:31.443 CHUDAMS:U - entered.
23:05:31.455 CHUDAMS:U - entered.
23:05:31.468 CHUDAMS:U - entered.
23:05:31.478 CHUDAMS:U - entered.
23:05:31.487 CHUDAMS:U - entered.
23:05:31.497 CHUDAMS:U - entered.
23:05:31.505 CHUDAMS:U - entered.
23:05:31.514 CHUDAMS:U - entered.
23:05:31.525 CHUDAMS:U - entered.
23:05:31.535 CHUDAMS:U - entered.
23:05:31.544 CHUDAMS:U - entered.
23:05:31.553 CHUDAMS:U - entered.
23:05:31.606 CHUDAMS:U - entered.
23:05:31.619 CHUDAMS:U - entered.
23:05:31.683 CHUDAMS:U - entered.
23:05:31.696 CHUDAMS:U - entered.
23:05:31.706 CHUDAMS:U - entered.
23:05:31.717 CHUDAMS:U - entered.
23:05:31.732 CHUDAMS:U - entered.
23:05:31.744 CHUDAMS:U - entered.
23:05:31.755 CHUDAMS:U - entered.
23:05:31.765 CHUDAMS:U - entered.
23:05:31.774 CHUDAMS:U - entered.
23:05:31.782 CHUDAMS:U - entered.
23:05:31.790 CHUDAMS:U - entered.
23:05:31.798 CHUDAMS:U - entered.
23:05:31.806 CHUDAMS:U - entered.
23:05:31.814 CHUDAMS:U - entered.
23:05:31.822 CHUDAMS:U - entered.
23:05:31.832 CHUDAMS:U - entered.
23:05:31.842 CHUDAMS:U - entered.
23:05:31.851 CHUDAMS:U - entered.
23:05:31.860 CHUDAMS:U - entered.
23:05:31.868 CHUDAMS:U - entered.
23:05:31.876 CHUDAMS:U - entered.
23:05:31.885 CHUDAMS:U - entered.
23:05:31.895 CHUDAMS:U - entered.
23:05:31.906 CHUDAMS:U - entered.
23:05:31.915 CHUDAMS:U - entered.
23:05:31.923 CHUDAMS:U - entered.
23:05:31.932 CHUDAMS:U - entered.
23:05:31.941 CHUDAMS:U - entered.
23:05:31.950 CHUDAMS:U - entered.
23:05:31.958 CHUDAMS:U - entered.
23:05:31.968 CHUDAMS:U - entered.
23:05:31.978 CHUDAMS:U - entered.
23:05:31.989 CHUDAMS:U - entered.
23:05:32.000 CHUDAMS:U - entered.
23:05:32.012 CHUDAMS:U - entered.
23:05:32.023 CHUDAMS:U - entered.
23:05:32.034 CHUDAMS:U - entered.
23:05:32.046 CHUDAMS:U - entered.
23:05:32.057 CHUDAMS:U - entered.
23:05:32.068 CHUDAMS:U - entered.
23:05:32.078 CHUDAMS:U - entered.
23:05:32.087 CHUDAMS:U - entered.
23:05:32.096 CHUDAMS:U - entered.
23:05:32.105 CHUDAMS:U - entered.
23:05:32.114 CHUDAMS:U - entered.
23:05:32.124 CHUDAMS:U - entered.
23:05:32.133 CHUDAMS:U - entered.
23:05:32.143 CHUDAMS:U - entered.
23:05:32.150 CHUDAMS:U - entered.
23:05:32.158 CHUDAMS:U - entered.
23:05:32.166 CHUDAMS:U - entered.
23:05:32.176 CHUDAMS:U - entered.
23:05:32.186 CHUDAMS:U - entered.
23:05:32.194 CHUDAMS:U - entered.
23:05:32.203 CHUDAMS:U - entered.
23:05:32.211 CHUDAMS:U - entered.
23:05:32.220 CHUDAMS:U - entered.
23:05:32.228 CHUDAMS:U - entered.
23:05:32.237 CHUDAMS:U - entered.
23:05:32.246 CHUDAMS:U - entered.
23:05:32.257 CHUDAMS:U - entered.
23:05:32.266 CHUDAMS:U - entered.
23:05:32.276 CHUDAMS:U - entered.
23:05:32.285 CHUDAMS:U - entered.
23:05:32.294 CHUDAMS:U - entered.
23:05:32.304 CHUDAMS:U - entered.
23:05:32.313 CHUDAMS:U - entered.
23:05:32.324 CHUDAMS:U - entered.
23:05:32.334 CHUDAMS:U - entered.
23:05:32.345 CHUDAMS:U - entered.
23:05:32.355 CHUDAMS:U - entered.
23:05:32.365 CHUDAMS:U - entered.
23:05:32.374 CHUDAMS:U - entered.
23:05:32.383 CHUDAMS:U - entered.
23:05:32.393 CHUDAMS:U - entered.
23:05:32.402 CHUDAMS:U - entered.
23:05:32.412 CHUDAMS:U - entered.
23:05:32.421 CHUDAMS:U - entered.
23:05:32.431 CHUDAMS:U - entered.
23:05:32.442 CHUDAMS:U - entered.
23:05:32.454 CHUDAMS:U - entered.
23:05:32.465 CHUDAMS:U - entered.
23:05:32.474 CHUDAMS:U - entered.
23:05:32.483 CHUDAMS:U - entered.
23:05:32.491 CHUDAMS:U - entered.
23:05:32.500 CHUDAMS:U - entered.
23:05:32.509 CHUDAMS:U - entered.
23:05:32.518 CHUDAMS:U - entered.
23:05:32.527 CHUDAMS:U - entered.
23:05:32.536 CHUDAMS:U - entered.
23:05:32.545 CHUDAMS:U - entered.
23:05:32.554 CHUDAMS:U - entered.
23:05:32.562 CHUDAMS:U - entered.
23:05:32.570 CHUDAMS:U - entered.
23:05:32.578 CHUDAMS:U - entered.
23:05:32.586 CHUDAMS:U - entered.
23:05:32.593 CHUDAMS:U - entered.
23:05:32.601 CHUDAMS:U - entered.
23:05:32.609 CHUDAMS:U - entered.
23:05:32.617 CHUDAMS:U - entered.
23:05:32.630 CHUDAMS:U - entered.
23:05:32.640 CHUDAMS:U - entered.
23:05:32.649 CHUDAMS:U - entered.
23:05:32.659 CHUDAMS:U - entered.
23:05:32.668 CHUDAMS:U - entered.
23:05:32.676 CHUDAMS:U - entered.
23:05:32.684 CHUDAMS:U - entered.
23:05:32.694 CHUDAMS:U - entered.
23:05:32.702 CHUDAMS:U - entered.
23:05:32.710 CHUDAMS:U - entered.
23:05:32.718 CHUDAMS:U - entered.
23:05:32.726 CHUDAMS:U - entered.
23:05:32.734 CHUDAMS:U - entered.
23:05:32.742 CHUDAMS:U - entered.
23:05:32.751 CHUDAMS:U - entered.
23:05:32.759 CHUDAMS:U - entered.
23:05:32.768 CHUDAMS:U - entered.
23:05:32.776 CHUDAMS:U - entered.
23:05:32.784 CHUDAMS:U - entered.
23:05:32.791 CHUDAMS:U - entered.
23:05:32.800 CHUDAMS:U - entered.
23:05:32.808 CHUDAMS:U - entered.
23:05:32.815 CHUDAMS:U - entered.
23:05:32.823 CHUDAMS:U - entered.
23:05:32.830 CHUDAMS:U - entered.
23:05:32.839 CHUDAMS:U - entered.
23:05:32.848 CHUDAMS:U - entered.
23:05:32.858 CHUDAMS:U - entered.
23:05:32.865 CHUDAMS:U - entered.
23:05:32.873 CHUDAMS:U - entered.
23:05:32.882 CHUDAMS:U - entered.
23:05:32.890 CHUDAMS:U - entered.
23:05:32.898 CHUDAMS:U - entered.
23:05:32.906 CHUDAMS:U - entered.
23:05:32.914 CHUDAMS:U - entered.
23:05:32.923 CHUDAMS:U - entered.
23:05:32.932 CHUDAMS:U - entered.
23:05:32.941 CHUDAMS:U - entered.
23:05:32.950 CHUDAMS:U - entered.
23:05:32.959 CHUDAMS:U - entered.
23:05:32.968 CHUDAMS:U - entered.
23:05:32.976 CHUDAMS:U - entered.
23:05:32.985 CHUDAMS:U - entered.
23:05:32.994 CHUDAMS:U - entered.
23:05:33.004 CHUDAMS:U - entered.
23:05:33.012 CHUDAMS:U - entered.
23:05:33.021 CHUDAMS:U - entered.
23:05:33.029 CHUDAMS:U - entered.
23:05:33.037 CHUDAMS:U - entered.
23:05:33.045 CHUDAMS:U - entered.
23:05:33.054 CHUDAMS:U - entered.
23:05:33.062 CHUDAMS:U - entered.
23:05:33.070 CHUDAMS:U - entered.
23:05:33.078 CHUDAMS:U - entered.
23:05:33.090 CHUDAMS:U - entered.
23:05:33.100 CHUDAMS:U - entered.
23:05:33.109 CHUDAMS:U - entered.
23:05:33.118 CHUDAMS:U - entered.
23:05:33.128 CHUDAMS:U - entered.
23:05:33.137 CHUDAMS:U - entered.
23:05:33.147 CHUDAMS:U - entered.
23:05:33.157 CHUDAMS:U - entered.
23:05:33.165 CHUDAMS:U - entered.
23:05:33.175 CHUDAMS:U - entered.
23:05:33.185 CHUDAMS:U - entered.
23:05:33.194 CHUDAMS:U - entered.
23:05:33.203 CHUDAMS:U - entered.
23:05:33.212 CHUDAMS:U - entered.
23:05:33.220 CHUDAMS:U - entered.
23:05:33.229 CHUDAMS:U - entered.
23:05:33.237 CHUDAMS:U - entered.
23:05:33.246 CHUDAMS:U - entered.
23:05:33.255 CHUDAMS:U - entered.
23:05:33.265 CHUDAMS:U - entered.
23:05:33.275 CHUDAMS:U - entered.
23:05:33.285 CHUDAMS:U - entered.
23:05:33.294 CHUDAMS:U - entered.
23:05:33.302 CHUDAMS:U - entered.
23:05:33.310 CHUDAMS:U - entered.
23:05:33.319 CHUDAMS:U - entered.
23:05:33.330 CHUDAMS:U - entered.
23:05:33.339 CHUDAMS:U - entered.
23:05:33.348 CHUDAMS:U - entered.
23:05:33.357 CHUDAMS:U - entered.
23:05:33.366 CHUDAMS:U - entered.
23:05:33.375 CHUDAMS:U - entered.
23:05:33.384 CHUDAMS:U - entered.
23:05:33.395 CHUDAMS:U - entered.
23:05:33.405 CHUDAMS:U - entered.
23:05:33.415 CHUDAMS:U - entered.
23:05:33.427 CHUDAMS:U - entered.
23:05:33.437 CHUDAMS:U - entered.
23:05:33.446 CHUDAMS:U - entered.
23:05:33.457 CHUDAMS:U - entered.
23:05:33.467 CHUDAMS:U - entered.
23:05:33.480 CHUDAMS:U - entered.
23:05:33.492 CHUDAMS:U - entered.
23:05:33.501 CHUDAMS:U - entered.
23:05:33.510 CHUDAMS:U - entered.
23:05:33.518 CHUDAMS:U - entered.
23:05:33.528 CHUDAMS:U - entered.
23:05:33.537 CHUDAMS:U - entered.
23:05:33.550 CHUDAMS:U - entered.
23:05:33.560 CHUDAMS:U - entered.
23:05:33.570 CHUDAMS:U - entered.
23:05:33.580 CHUDAMS:U - entered.
23:05:33.588 CHUDAMS:U - entered.
23:05:33.596 CHUDAMS:U - entered.
23:05:33.603 CHUDAMS:U - entered.
23:05:33.611 CHUDAMS:U - entered.
23:05:33.620 CHUDAMS:U - entered.
23:05:33.630 CHUDAMS:U - entered.
23:05:33.641 CHUDAMS:U - entered.
23:05:33.652 CHUDAMS:U - entered.
23:05:33.661 CHUDAMS:U - entered.
23:05:33.671 CHUDAMS:U - entered.
23:05:33.680 CHUDAMS:U - entered.
23:05:33.689 CHUDAMS:U - entered.
23:05:33.699 CHUDAMS:U - entered.
23:05:33.710 CHUDAMS:U - entered.
23:05:33.718 CHUDAMS:U - entered.
23:05:33.727 CHUDAMS:U - entered.
23:05:33.738 CHUDAMS:U - entered.
23:05:33.748 CHUDAMS:U - entered.
23:05:33.756 CHUDAMS:U - entered.
23:05:33.765 CHUDAMS:U - entered.
23:05:33.773 CHUDAMS:U - entered.
23:05:33.782 CHUDAMS:U - entered.
23:05:33.790 CHUDAMS:U - entered.
23:05:33.799 CHUDAMS:U - entered.
23:05:33.807 CHUDAMS:U - entered.
23:05:33.815 CHUDAMS:U - entered.
23:05:33.824 CHUDAMS:U - entered.
23:05:33.835 CHUDAMS:U - entered.
23:05:33.845 CHUDAMS:U - entered.
23:05:33.857 CHUDAMS:U - entered.
23:05:33.866 CHUDAMS:U - entered.
23:05:33.875 CHUDAMS:U - entered.
23:05:33.884 CHUDAMS:U - entered.
23:05:33.893 CHUDAMS:U - entered.
23:05:33.902 CHUDAMS:U - entered.
23:05:33.911 CHUDAMS:U - entered.
23:05:33.920 CHUDAMS:U - entered.
23:05:33.930 CHUDAMS:U - entered.
23:05:33.938 CHUDAMS:U - entered.
23:05:33.947 CHUDAMS:U - entered.
23:05:33.956 CHUDAMS:U - entered.
23:05:33.964 CHUDAMS:U - entered.
23:05:33.973 CHUDAMS:U - entered.
23:05:33.985 CHUDAMS:U - entered.
23:05:33.996 CHUDAMS:U - entered.
23:05:34.006 CHUDAMS:U - entered.
23:05:34.018 CHUDAMS:U - entered.
23:05:34.027 CHUDAMS:U - entered.
23:05:34.035 CHUDAMS:U - entered.
23:05:34.044 CHUDAMS:U - entered.
23:05:34.052 CHUDAMS:U - entered.
23:05:34.061 CHUDAMS:U - entered.
23:05:34.072 CHUDAMS:U - entered.
23:05:34.083 CHUDAMS:U - entered.
23:05:34.092 CHUDAMS:U - entered.
23:05:34.102 CHUDAMS:U - entered.
23:05:34.112 CHUDAMS:U - entered.
23:05:34.121 CHUDAMS:U - entered.
23:05:34.131 CHUDAMS:U - entered.
23:05:34.141 CHUDAMS:U - entered.
23:05:34.150 CHUDAMS:U - entered.
23:05:34.159 CHUDAMS:U - entered.
23:05:34.168 CHUDAMS:U - entered.
23:05:34.178 CHUDAMS:U - entered.
23:05:34.188 CHUDAMS:U - entered.
23:05:34.197 CHUDAMS:U - entered.
23:05:34.206 CHUDAMS:U - entered.
23:05:34.213 CHUDAMS:U - entered.
23:05:34.222 CHUDAMS:U - entered.
23:05:34.231 CHUDAMS:U - entered.
23:05:34.240 CHUDAMS:U - entered.
23:05:34.248 CHUDAMS:U - entered.
23:05:34.256 CHUDAMS:U - entered.
23:05:34.264 CHUDAMS:U - entered.
23:05:34.272 CHUDAMS:U - entered.
23:05:34.281 CHUDAMS:U - entered.
23:05:34.289 CHUDAMS:U - entered.
23:05:34.297 CHUDAMS:U - entered.
23:05:34.306 CHUDAMS:U - entered.
23:05:34.316 CHUDAMS:U - entered.
23:05:34.325 CHUDAMS:U - entered.
23:05:34.333 CHUDAMS:U - entered.
23:05:34.341 CHUDAMS:U - entered.
23:05:34.349 CHUDAMS:U - entered.
23:05:34.358 CHUDAMS:U - entered.
23:05:34.366 CHUDAMS:U - entered.
23:05:34.375 CHUDAMS:U - entered.
23:05:34.383 CHUDAMS:U - entered.
23:05:34.391 CHUDAMS:U - entered.
23:05:34.400 CHUDAMS:U - entered.
23:05:34.410 CHUDAMS:U - entered.
23:05:34.419 CHUDAMS:U - entered.
23:05:34.428 CHUDAMS:U - entered.
23:05:34.436 CHUDAMS:U - entered.
23:05:34.445 CHUDAMS:U - entered.
23:05:34.454 CHUDAMS:U - entered.
23:05:34.462 CHUDAMS:U - entered.
23:05:34.472 CHUDAMS:U - entered.
23:05:34.479 CHUDAMS:U - entered.
23:05:34.487 CHUDAMS:U - entered.
23:05:34.495 CHUDAMS:U - entered.
23:05:34.503 CHUDAMS:U - entered.
23:05:34.510 CHUDAMS:U - entered.
23:05:34.518 CHUDAMS:U - entered.
23:05:34.525 CHUDAMS:U - entered.
23:05:34.533 CHUDAMS:U - entered.
23:05:34.541 CHUDAMS:U - entered.
23:05:34.549 CHUDAMS:U - entered.
23:05:34.556 CHUDAMS:U - entered.
23:05:34.564 CHUDAMS:U - entered.
23:05:34.572 CHUDAMS:U - entered.
23:05:34.580 CHUDAMS:U - entered.
23:05:34.589 CHUDAMS:U - entered.
23:05:34.597 CHUDAMS:U - entered.
23:05:34.605 CHUDAMS:U - entered.
23:05:34.614 CHUDAMS:U - entered.
23:05:34.623 CHUDAMS:U - entered.
23:05:34.631 CHUDAMS:U - entered.
23:05:34.639 CHUDAMS:U - entered.
23:05:34.647 CHUDAMS:U - entered.
23:05:34.656 CHUDAMS:U - entered.
23:05:34.664 CHUDAMS:U - entered.
23:05:34.674 CHUDAMS:U - entered.
23:05:34.684 CHUDAMS:U - entered.
23:05:34.692 CHUDAMS:U - entered.
23:05:34.701 CHUDAMS:U - entered.
23:05:34.710 CHUDAMS:U - entered.
23:05:34.719 CHUDAMS:U - entered.
23:05:34.727 CHUDAMS:U - entered.
23:05:34.736 CHUDAMS:U - entered.
23:05:34.745 CHUDAMS:U - entered.
23:05:34.753 CHUDAMS:U - entered.
23:05:34.762 CHUDAMS:U - entered.
23:05:34.771 CHUDAMS:U - entered.
23:05:34.780 CHUDAMS:U - entered.
23:05:34.788 CHUDAMS:U - entered.
23:05:34.796 CHUDAMS:U - entered.
23:05:34.804 CHUDAMS:U - entered.
23:05:34.812 CHUDAMS:U - entered.
23:05:34.820 CHUDAMS:U - entered.
23:05:34.829 CHUDAMS:U - entered.
23:05:34.837 CHUDAMS:U - entered.
23:05:34.844 CHUDAMS:U - entered.
23:05:34.851 CHUDAMS:U - entered.
23:05:34.858 CHUDAMS:U - entered.
23:05:34.866 CHUDAMS:U - entered.
23:05:34.874 CHUDAMS:U - entered.
23:05:34.881 CHUDAMS:U - entered.
23:05:34.889 CHUDAMS:U - entered.
23:05:34.898 CHUDAMS:U - entered.
23:05:34.906 CHUDAMS:U - entered.
23:05:34.914 CHUDAMS:U - entered.
23:05:34.922 CHUDAMS:U - entered.
23:05:34.931 CHUDAMS:U - entered.
23:05:34.939 CHUDAMS:U - entered.
23:05:34.947 CHUDAMS:U - entered.
23:05:34.956 CHUDAMS:U - entered.
23:05:34.964 CHUDAMS:U - entered.
23:05:34.973 CHUDAMS:U - entered.
23:05:34.981 CHUDAMS:U - entered.
23:05:34.989 CHUDAMS:U - entered.
23:05:34.998 CHUDAMS:U - entered.
23:05:35.006 CHUDAMS:U - entered.
23:05:35.015 CHUDAMS:U - entered.
23:05:35.023 CHUDAMS:U - entered.
23:05:35.032 CHUDAMS:U - entered.
23:05:35.040 CHUDAMS:U - entered.
23:05:35.048 CHUDAMS:U - entered.
23:05:35.056 CHUDAMS:U - entered.
23:05:35.064 CHUDAMS:U - entered.
23:05:35.073 CHUDAMS:U - entered.
23:05:35.081 CHUDAMS:U - entered.
23:05:35.090 CHUDAMS:U - entered.
23:05:35.098 CHUDAMS:U - entered.
23:05:35.106 CHUDAMS:U - entered.
23:05:35.115 CHUDAMS:U - entered.
23:05:35.123 CHUDAMS:U - entered.
23:05:35.131 CHUDAMS:U - entered.
23:05:35.139 CHUDAMS:U - entered.
23:05:35.148 CHUDAMS:U - entered.
23:05:35.156 CHUDAMS:U - entered.
23:05:35.165 CHUDAMS:U - entered.
23:05:35.174 CHUDAMS:U - entered.
23:05:35.182 CHUDAMS:U - entered.
23:05:35.190 CHUDAMS:U - entered.
23:05:35.199 CHUDAMS:U - entered.
23:05:35.207 CHUDAMS:U - entered.
23:05:35.215 CHUDAMS:U - entered.
23:05:35.224 CHUDAMS:U - entered.
23:05:35.232 CHUDAMS:U - entered.
23:05:35.240 CHUDAMS:U - entered.
23:05:35.248 CHUDAMS:U - entered.
23:05:35.256 CHUDAMS:U - entered.
23:05:35.264 CHUDAMS:U - entered.
23:05:35.272 CHUDAMS:U - entered.
23:05:35.282 CHUDAMS:U - entered.
23:05:35.292 CHUDAMS:U - entered.
23:05:35.302 CHUDAMS:U - entered.
23:05:35.310 CHUDAMS:U - entered.
23:05:35.318 CHUDAMS:U - entered.
23:05:35.327 CHUDAMS:U - entered.
23:05:35.336 CHUDAMS:U - entered.
23:05:35.344 CHUDAMS:U - entered.
23:05:35.353 CHUDAMS:U - entered.
23:05:35.362 CHUDAMS:U - entered.
23:05:35.372 CHUDAMS:U - entered.
23:05:35.380 CHUDAMS:U - entered.
23:05:35.389 CHUDAMS:U - entered.
23:05:35.399 CHUDAMS:U - entered.
23:05:35.409 CHUDAMS:U - entered.
23:05:35.418 CHUDAMS:U - entered.
23:05:35.425 CHUDAMS:U - entered.
23:05:35.433 CHUDAMS:U - entered.
23:05:35.442 CHUDAMS:U - entered.
23:05:35.450 CHUDAMS:U - entered.
23:05:35.458 CHUDAMS:U - entered.
23:05:35.466 CHUDAMS:U - entered.
23:05:35.474 CHUDAMS:U - entered.
23:05:35.485 CHUDAMS:U - entered.
23:05:35.493 CHUDAMS:U - entered.
23:05:35.501 CHUDAMS:U - entered.
23:05:35.511 CHUDAMS:U - entered.
23:05:35.519 CHUDAMS:U - entered.
23:05:35.527 CHUDAMS:U - entered.
23:05:35.536 CHUDAMS:U - entered.
23:05:35.545 CHUDAMS:U - entered.
23:05:35.554 CHUDAMS:U - entered.
23:05:35.563 CHUDAMS:U - entered.
23:05:35.571 CHUDAMS:U - entered.
23:05:35.580 CHUDAMS:U - entered.
23:05:35.589 CHUDAMS:U - entered.
23:05:35.597 CHUDAMS:U - entered.
23:05:35.606 CHUDAMS:U - entered.
23:05:35.614 CHUDAMS:U - entered.
23:05:35.624 CHUDAMS:U - entered.
23:05:35.632 CHUDAMS:U - entered.
23:05:35.640 CHUDAMS:U - entered.
23:05:35.648 CHUDAMS:U - entered.
23:05:35.656 CHUDAMS:U - entered.
23:05:35.664 CHUDAMS:U - entered.
23:05:35.673 CHUDAMS:U - entered.
23:05:35.681 CHUDAMS:U - entered.
23:05:35.689 CHUDAMS:U - entered.
23:05:35.697 CHUDAMS:U - entered.
23:05:35.706 CHUDAMS:U - entered.
23:05:35.714 CHUDAMS:U - entered.
23:05:35.723 CHUDAMS:U - entered.
23:05:35.731 CHUDAMS:U - entered.
23:05:35.739 CHUDAMS:U - entered.
23:05:35.747 CHUDAMS:U - entered.
23:05:35.756 CHUDAMS:U - entered.
23:05:35.764 CHUDAMS:U - entered.
23:05:35.773 CHUDAMS:U - entered.
23:05:35.781 CHUDAMS:U - entered.
23:05:35.789 CHUDAMS:U - entered.
23:05:35.797 CHUDAMS:U - entered.
23:05:35.806 CHUDAMS:U - entered.
23:05:35.815 CHUDAMS:U - entered.
23:05:35.824 CHUDAMS:U - entered.
23:05:35.832 CHUDAMS:U - entered.
23:05:35.840 CHUDAMS:U - entered.
23:05:35.848 CHUDAMS:U - entered.
23:05:35.857 CHUDAMS:U - entered.
23:05:35.865 CHUDAMS:U - entered.
23:05:35.874 CHUDAMS:U - entered.
23:05:35.883 CHUDAMS:U - entered.
23:05:35.890 CHUDAMS:U - entered.
23:05:35.898 CHUDAMS:U - entered.
23:05:35.907 CHUDAMS:U - entered.
23:05:35.915 CHUDAMS:U - entered.
23:05:35.924 CHUDAMS:U - entered.
23:05:35.932 CHUDAMS:U - entered.
23:05:35.940 CHUDAMS:U - entered.
23:05:35.948 CHUDAMS:U - entered.
23:05:35.957 CHUDAMS:U - entered.
23:05:35.965 CHUDAMS:U - entered.
23:05:35.973 CHUDAMS:U - entered.
23:05:35.981 CHUDAMS:U - entered.
23:05:35.989 CHUDAMS:U - entered.
23:05:35.997 CHUDAMS:U - entered.
23:05:36.006 CHUDAMS:U - entered.
23:05:36.014 CHUDAMS:U - entered.
23:05:36.023 CHUDAMS:U - entered.
23:05:36.031 CHUDAMS:U - entered.
23:05:36.039 CHUDAMS:U - entered.
23:05:36.048 CHUDAMS:U - entered.
23:05:36.056 CHUDAMS:U - entered.
23:05:36.064 CHUDAMS:U - entered.
23:05:36.073 CHUDAMS:U - entered.
23:05:36.081 CHUDAMS:U - entered.
23:05:36.090 CHUDAMS:U - entered.
23:05:36.098 CHUDAMS:U - entered.
23:05:36.106 CHUDAMS:U - entered.
23:05:36.115 CHUDAMS:U - entered.
23:05:36.123 CHUDAMS:U - entered.
23:05:36.131 CHUDAMS:U - entered.
23:05:36.140 CHUDAMS:U - entered.
23:05:36.148 CHUDAMS:U - entered.
23:05:36.156 CHUDAMS:U - entered.
23:05:36.165 CHUDAMS:U - entered.
23:05:36.173 CHUDAMS:U - entered.
23:05:36.181 CHUDAMS:U - entered.
23:05:36.190 CHUDAMS:U - entered.
23:05:36.198 CHUDAMS:U - entered.
23:05:36.206 CHUDAMS:U - entered.
23:05:36.215 CHUDAMS:U - entered.
23:05:36.224 CHUDAMS:U - entered.
23:05:36.232 CHUDAMS:U - entered.
23:05:36.240 CHUDAMS:U - entered.
23:05:36.248 CHUDAMS:U - entered.
23:05:36.257 CHUDAMS:U - entered.
23:05:36.264 CHUDAMS:U - entered.
23:05:36.272 CHUDAMS:U - entered.
23:05:36.281 CHUDAMS:U - entered.
23:05:36.289 CHUDAMS:U - entered.
23:05:36.297 CHUDAMS:U - entered.
23:05:36.306 CHUDAMS:U - entered.
23:05:36.314 CHUDAMS:U - entered.
23:05:36.323 CHUDAMS:U - entered.
23:05:36.331 CHUDAMS:U - entered.
23:05:36.339 CHUDAMS:U - entered.
23:05:36.347 CHUDAMS:U - entered.
23:05:36.356 CHUDAMS:U - entered.
23:05:36.364 CHUDAMS:U - entered.
23:05:36.373 CHUDAMS:U - entered.
23:05:36.381 CHUDAMS:U - entered.
23:05:36.389 CHUDAMS:U - entered.
23:05:36.398 CHUDAMS:U - entered.
23:05:36.406 CHUDAMS:U - entered.
23:05:36.414 CHUDAMS:U - entered.
23:05:36.423 CHUDAMS:U - entered.
23:05:36.431 CHUDAMS:U - entered.
23:05:36.439 CHUDAMS:U - entered.
23:05:36.448 CHUDAMS:U - entered.
23:05:36.456 CHUDAMS:U - entered.
23:05:36.465 CHUDAMS:U - entered.
23:05:36.473 CHUDAMS:U - entered.
23:05:36.482 CHUDAMS:U - entered.
23:05:36.489 CHUDAMS:U - entered.
23:05:36.498 CHUDAMS:U - entered.
23:05:36.506 CHUDAMS:U - entered.
23:05:36.515 CHUDAMS:U - entered.
23:05:36.523 CHUDAMS:U - entered.
23:05:36.531 CHUDAMS:U - entered.
23:05:36.540 CHUDAMS:U - entered.
23:05:36.548 CHUDAMS:U - entered.
23:05:36.556 CHUDAMS:U - entered.
23:05:36.565 CHUDAMS:U - entered.
23:05:36.574 CHUDAMS:U - entered.
23:05:36.581 CHUDAMS:U - entered.
23:05:36.590 CHUDAMS:U - entered.
23:05:36.598 CHUDAMS:U - entered.
23:05:36.606 CHUDAMS:U - entered.
23:05:36.615 CHUDAMS:U - entered.
23:05:36.623 CHUDAMS:U - entered.
23:05:36.632 CHUDAMS:U - entered.
23:05:36.639 CHUDAMS:U - entered.
23:05:36.648 CHUDAMS:U - entered.
23:05:36.656 CHUDAMS:U - entered.
23:05:36.664 CHUDAMS:U - entered.
23:05:36.672 CHUDAMS:U - entered.
23:05:36.682 CHUDAMS:U - entered.
23:05:36.690 CHUDAMS:U - entered.
23:05:36.697 CHUDAMS:U - entered.
23:05:36.706 CHUDAMS:U - entered.
23:05:36.714 CHUDAMS:U - entered.
23:05:36.723 CHUDAMS:U - entered.
23:05:36.731 CHUDAMS:U - entered.
23:05:36.739 CHUDAMS:U - entered.
23:05:36.748 CHUDAMS:U - entered.
23:05:36.756 CHUDAMS:U - entered.
23:05:36.764 CHUDAMS:U - entered.
23:05:36.773 CHUDAMS:U - entered.
23:05:36.782 CHUDAMS:U - entered.
23:05:36.790 CHUDAMS:U - entered.
23:05:36.799 CHUDAMS:U - entered.
23:05:36.807 CHUDAMS:U - entered.
23:05:36.815 CHUDAMS:U - entered.
23:05:36.823 CHUDAMS:U - entered.
23:05:36.831 CHUDAMS:U - entered.
23:05:36.839 CHUDAMS:U - entered.
23:05:36.848 CHUDAMS:U - entered.
23:05:36.856 CHUDAMS:U - entered.
23:05:36.865 CHUDAMS:U - entered.
23:05:36.873 CHUDAMS:U - entered.
23:05:36.881 CHUDAMS:U - entered.
23:05:36.890 CHUDAMS:U - entered.
23:05:36.898 CHUDAMS:U - entered.
23:05:36.906 CHUDAMS:U - entered.
23:05:36.915 CHUDAMS:U - entered.
23:05:36.923 CHUDAMS:U - entered.
23:05:36.931 CHUDAMS:U - entered.
23:05:36.940 CHUDAMS:U - entered.
23:05:36.948 CHUDAMS:U - entered.
23:05:36.957 CHUDAMS:U - entered.
23:05:36.965 CHUDAMS:U - entered.
23:05:36.974 CHUDAMS:U - entered.
23:05:36.982 CHUDAMS:U - entered.
23:05:36.990 CHUDAMS:U - entered.
23:05:36.998 CHUDAMS:U - entered.
23:05:37.007 CHUDAMS:U - entered.
23:05:37.014 CHUDAMS:U - entered.
23:05:37.023 CHUDAMS:U - entered.
23:05:37.031 CHUDAMS:U - entered.
23:05:37.040 CHUDAMS:U - entered.
23:05:37.048 CHUDAMS:U - entered.
23:05:37.056 CHUDAMS:U - entered.
23:05:37.064 CHUDAMS:U - entered.
23:05:37.073 CHUDAMS:U - entered.
23:05:37.081 CHUDAMS:U - entered.
23:05:37.089 CHUDAMS:U - entered.
23:05:37.099 CHUDAMS:U - entered.
23:05:37.108 CHUDAMS:U - entered.
23:05:37.116 CHUDAMS:U - entered.
23:05:37.124 CHUDAMS:U - entered.
23:05:37.133 CHUDAMS:U - entered.
23:05:37.141 CHUDAMS:U - entered.
23:05:37.149 CHUDAMS:U - entered.
23:05:37.158 CHUDAMS:U - entered.
23:05:37.166 CHUDAMS:U - entered.
23:05:37.175 CHUDAMS:U - entered.
23:05:37.183 CHUDAMS:U - entered.
23:05:37.192 CHUDAMS:U - entered.
23:05:37.200 CHUDAMS:U - entered.
23:05:37.209 CHUDAMS:U - entered.
23:05:37.217 CHUDAMS:U - entered.
23:05:37.224 CHUDAMS:U - entered.
23:05:37.232 CHUDAMS:U - entered.
23:05:37.242 CHUDAMS:U - entered.
23:05:37.250 CHUDAMS:U - entered.
23:05:37.257 CHUDAMS:U - entered.
23:05:37.265 CHUDAMS:U - entered.
23:05:37.273 CHUDAMS:U - entered.
23:05:37.281 CHUDAMS:U - entered.
23:05:37.289 CHUDAMS:U - entered.
23:05:37.298 CHUDAMS:U - entered.
23:05:37.306 CHUDAMS:U - entered.
23:05:37.314 CHUDAMS:U - entered.
23:05:37.323 CHUDAMS:U - entered.
23:05:37.332 CHUDAMS:U - entered.
23:05:37.340 CHUDAMS:U - entered.
23:05:37.348 CHUDAMS:U - entered.
23:05:37.357 CHUDAMS:U - entered.
23:05:37.365 CHUDAMS:U - entered.
23:05:37.374 CHUDAMS:U - entered.
23:05:37.382 CHUDAMS:U - entered.
23:05:37.390 CHUDAMS:U - entered.
23:05:37.398 CHUDAMS:U - entered.
23:05:37.407 CHUDAMS:U - entered.
23:05:37.414 CHUDAMS:U - entered.
23:05:37.423 CHUDAMS:U - entered.
23:05:37.431 CHUDAMS:U - entered.
23:05:37.439 CHUDAMS:U - entered.
23:05:37.448 CHUDAMS:U - entered.
23:05:37.456 CHUDAMS:U - entered.
23:05:37.464 CHUDAMS:U - entered.
23:05:37.473 CHUDAMS:U - entered.
23:05:37.482 CHUDAMS:U - entered.
23:05:37.489 CHUDAMS:U - entered.
23:05:37.498 CHUDAMS:U - entered.
23:05:37.506 CHUDAMS:U - entered.
23:05:37.515 CHUDAMS:U - entered.
23:05:37.523 CHUDAMS:U - entered.
23:05:37.531 CHUDAMS:U - entered.
23:05:37.539 CHUDAMS:U - entered.
23:05:37.548 CHUDAMS:U - entered.
23:05:37.556 CHUDAMS:U - entered.
23:05:37.565 CHUDAMS:U - entered.
23:05:37.573 CHUDAMS:U - entered.
23:05:37.581 CHUDAMS:U - entered.
23:05:37.590 CHUDAMS:U - entered.
23:05:37.598 CHUDAMS:U - entered.
23:05:37.607 CHUDAMS:U - entered.
23:05:37.615 CHUDAMS:U - entered.
23:05:37.624 CHUDAMS:U - entered.
23:05:37.632 CHUDAMS:U - entered.
23:05:37.640 CHUDAMS:U - entered.
23:05:37.649 CHUDAMS:U - entered.
23:05:37.657 CHUDAMS:U - entered.
23:05:37.665 CHUDAMS:U - entered.
23:05:37.674 CHUDAMS:U - entered.
23:05:37.682 CHUDAMS:U - entered.
23:05:37.691 CHUDAMS:U - entered.
23:05:37.699 CHUDAMS:U - entered.
23:05:37.707 CHUDAMS:U - entered.
23:05:37.716 CHUDAMS:U - entered.
23:05:37.724 CHUDAMS:U - entered.
23:05:37.733 CHUDAMS:U - entered.
23:05:37.741 CHUDAMS:U - entered.
23:05:37.749 CHUDAMS:U - entered.
23:05:37.757 CHUDAMS:U - entered.
23:05:37.765 CHUDAMS:U - entered.
23:05:37.774 CHUDAMS:U - entered.
23:05:37.782 CHUDAMS:U - entered.
23:05:37.790 CHUDAMS:U - entered.
23:05:37.798 CHUDAMS:U - entered.
23:05:37.806 CHUDAMS:U - entered.
23:05:37.815 CHUDAMS:U - entered.
23:05:37.823 CHUDAMS:U - entered.
23:05:37.831 CHUDAMS:U - entered.
23:05:37.840 CHUDAMS:U - entered.
23:05:37.848 CHUDAMS:U - entered.
23:05:37.856 CHUDAMS:U - entered.
23:05:37.865 CHUDAMS:U - entered.
23:05:37.873 CHUDAMS:U - entered.
23:05:37.881 CHUDAMS:U - entered.
23:05:37.890 CHUDAMS:U - entered.
23:05:37.898 CHUDAMS:U - entered.
23:05:37.906 CHUDAMS:U - entered.
23:05:37.915 CHUDAMS:U - entered.
23:05:37.923 CHUDAMS:U - entered.
23:05:37.932 CHUDAMS:U - entered.
23:05:37.940 CHUDAMS:U - entered.
23:05:37.949 CHUDAMS:U - entered.
23:05:37.958 CHUDAMS:U - entered.
23:05:37.966 CHUDAMS:U - entered.
23:05:37.974 CHUDAMS:U - entered.
23:05:37.982 CHUDAMS:U - entered.
23:05:37.990 CHUDAMS:U - entered.
23:05:37.999 CHUDAMS:U - entered.
23:05:38.007 CHUDAMS:U - entered.
23:05:38.015 CHUDAMS:U - entered.
23:05:38.024 CHUDAMS:U - entered.
23:05:38.032 CHUDAMS:U - entered.
23:05:38.041 CHUDAMS:U - entered.
23:05:38.049 CHUDAMS:U - entered.
23:05:38.057 CHUDAMS:U - entered.
23:05:38.066 CHUDAMS:U - entered.
23:05:38.074 CHUDAMS:U - entered.
23:05:38.083 CHUDAMS:U - entered.
23:05:38.091 CHUDAMS:U - entered.
23:05:38.099 CHUDAMS:U - entered.
23:05:38.107 CHUDAMS:U - entered.
23:05:38.116 CHUDAMS:U - entered.
23:05:38.124 CHUDAMS:U - entered.
23:05:38.132 CHUDAMS:U - entered.
23:05:38.140 CHUDAMS:U - entered.
23:05:38.149 CHUDAMS:U - entered.
23:05:38.158 CHUDAMS:U - entered.
23:05:38.165 CHUDAMS:U - entered.
23:05:38.174 CHUDAMS:U - entered.
23:05:38.182 CHUDAMS:U - entered.
23:05:38.190 CHUDAMS:U - entered.
23:05:38.199 CHUDAMS:U - entered.
23:05:38.207 CHUDAMS:U - entered.
23:05:38.216 CHUDAMS:U - entered.
23:05:38.224 CHUDAMS:U - entered.
23:05:38.232 CHUDAMS:U - entered.
23:05:38.240 CHUDAMS:U - entered.
23:05:38.248 CHUDAMS:U - entered.
23:05:38.258 CHUDAMS:U - entered.
23:05:38.267 CHUDAMS:U - entered.
23:05:38.275 CHUDAMS:U - entered.
23:05:38.283 CHUDAMS:U - entered.
23:05:38.292 CHUDAMS:U - entered.
23:05:38.300 CHUDAMS:U - entered.
23:05:38.308 CHUDAMS:U - entered.
23:05:38.316 CHUDAMS:U - entered.
23:05:38.325 CHUDAMS:U - entered.
23:05:38.333 CHUDAMS:U - entered.
23:05:38.341 CHUDAMS:U - entered.
23:05:38.349 CHUDAMS:U - entered.
23:05:38.357 CHUDAMS:U - entered.
23:05:38.365 CHUDAMS:U - entered.
23:05:38.374 CHUDAMS:U - entered.
23:05:38.382 CHUDAMS:U - entered.
23:05:38.391 CHUDAMS:U - entered.
23:05:38.399 CHUDAMS:U - entered.
23:05:38.408 CHUDAMS:U - entered.
23:05:38.416 CHUDAMS:U - entered.
23:05:38.424 CHUDAMS:U - entered.
23:05:38.432 CHUDAMS:U - entered.
23:05:38.441 CHUDAMS:U - entered.
23:05:38.449 CHUDAMS:U - entered.
23:05:38.457 CHUDAMS:U - entered.
23:05:38.465 CHUDAMS:U - entered.
23:05:38.474 CHUDAMS:U - entered.
23:05:38.482 CHUDAMS:U - entered.
23:05:38.491 CHUDAMS:U - entered.
23:05:38.500 CHUDAMS:U - entered.
23:05:38.508 CHUDAMS:U - entered.
23:05:38.516 CHUDAMS:U - entered.
23:05:38.524 CHUDAMS:U - entered.
23:05:38.532 CHUDAMS:U - entered.
23:05:38.540 CHUDAMS:U - entered.
23:05:38.548 CHUDAMS:U - entered.
23:05:38.556 CHUDAMS:U - entered.
23:05:38.565 CHUDAMS:U - entered.
23:05:38.573 CHUDAMS:U - entered.
23:05:38.582 CHUDAMS:U - entered.
23:05:38.590 CHUDAMS:U - entered.
23:05:38.598 CHUDAMS:U - entered.
23:05:38.607 CHUDAMS:U - entered.
23:05:38.615 CHUDAMS:U - entered.
23:05:38.624 CHUDAMS:U - entered.
23:05:38.632 CHUDAMS:U - entered.
23:05:38.640 CHUDAMS:U - entered.
23:05:38.649 CHUDAMS:U - entered.
23:05:38.657 CHUDAMS:U - entered.
23:05:38.665 CHUDAMS:U - entered.
23:05:38.674 CHUDAMS:U - entered.
23:05:38.682 CHUDAMS:U - entered.
23:05:38.691 CHUDAMS:U - entered.
23:05:38.700 CHUDAMS:U - entered.
23:05:38.708 CHUDAMS:U - entered.
23:05:38.716 CHUDAMS:U - entered.
23:05:38.724 CHUDAMS:U - entered.
23:05:38.733 CHUDAMS:U - entered.
23:05:38.741 CHUDAMS:U - entered.
23:05:38.750 CHUDAMS:U - entered.
23:05:38.758 CHUDAMS:U - entered.
23:05:38.766 CHUDAMS:U - entered.
23:05:38.773 CHUDAMS:U - entered.
23:05:38.782 CHUDAMS:U - entered.
23:05:38.790 CHUDAMS:U - entered.
23:05:38.798 CHUDAMS:U - entered.
23:05:38.807 CHUDAMS:U - entered.
23:05:38.815 CHUDAMS:U - entered.
23:05:38.823 CHUDAMS:U - entered.
23:05:38.833 CHUDAMS:U - entered.
23:05:38.841 CHUDAMS:U - entered.
23:05:38.849 CHUDAMS:U - entered.
23:05:38.858 CHUDAMS:U - entered.
23:05:38.866 CHUDAMS:U - entered.
23:05:38.874 CHUDAMS:U - entered.
23:05:38.882 CHUDAMS:U - entered.
23:05:38.891 CHUDAMS:U - entered.
23:05:38.899 CHUDAMS:U - entered.
23:05:38.907 CHUDAMS:U - entered.
23:05:38.916 CHUDAMS:U - entered.
23:05:38.924 CHUDAMS:U - entered.
23:05:38.933 CHUDAMS:U - entered.
23:05:38.941 CHUDAMS:U - entered.
23:05:38.949 CHUDAMS:U - entered.
23:05:38.958 CHUDAMS:U - entered.
23:05:38.966 CHUDAMS:U - entered.
23:05:38.973 CHUDAMS:U - entered.
23:05:38.982 CHUDAMS:U - entered.
23:05:38.990 CHUDAMS:U - entered.
23:05:38.999 CHUDAMS:U - entered.
23:05:39.007 CHUDAMS:U - entered.
23:05:39.015 CHUDAMS:U - entered.
23:05:39.024 CHUDAMS:U - entered.
23:05:39.034 CHUDAMS:U - entered.
23:05:39.041 CHUDAMS:U - entered.
23:05:39.050 CHUDAMS:U - entered.
23:05:39.059 CHUDAMS:U - entered.
23:05:39.068 CHUDAMS:U - entered.
23:05:39.077 CHUDAMS:U - entered.
23:05:39.085 CHUDAMS:U - entered.
23:05:39.094 CHUDAMS:U - entered.
23:05:39.103 CHUDAMS:U - entered.
23:05:39.112 CHUDAMS:U - entered.
23:05:39.120 CHUDAMS:U - entered.
23:05:39.128 CHUDAMS:U - entered.
23:05:39.136 CHUDAMS:U - entered.
23:05:39.144 CHUDAMS:U - entered.
23:05:39.153 CHUDAMS:U - entered.
23:05:39.161 CHUDAMS:U - entered.
23:05:39.169 CHUDAMS:U - entered.
23:05:39.177 CHUDAMS:U - entered.
23:05:39.185 CHUDAMS:U - entered.
23:05:39.192 CHUDAMS:U - entered.
23:05:39.200 CHUDAMS:U - entered.
23:05:39.208 CHUDAMS:U - entered.
23:05:39.216 CHUDAMS:U - entered.
23:05:39.224 CHUDAMS:U - entered.
23:05:39.232 CHUDAMS:U - entered.
23:05:39.241 CHUDAMS:U - entered.
23:05:39.249 CHUDAMS:U - entered.
23:05:39.257 CHUDAMS:U - entered.
23:05:39.266 CHUDAMS:U - entered.
23:05:39.274 CHUDAMS:U - entered.
23:05:39.283 CHUDAMS:U - entered.
23:05:39.291 CHUDAMS:U - entered.
23:05:39.299 CHUDAMS:U - entered.
23:05:39.308 CHUDAMS:U - entered.
23:05:39.316 CHUDAMS:U - entered.
23:05:39.324 CHUDAMS:U - entered.
23:05:39.332 CHUDAMS:U - entered.
23:05:39.341 CHUDAMS:U - entered.
23:05:39.349 CHUDAMS:U - entered.
23:05:39.357 CHUDAMS:U - entered.
23:05:39.366 CHUDAMS:U - entered.
23:05:39.375 CHUDAMS:U - entered.
23:05:39.383 CHUDAMS:U - entered.
23:05:39.391 CHUDAMS:U - entered.
23:05:39.400 CHUDAMS:U - entered.
23:05:39.408 CHUDAMS:U - entered.
23:05:39.416 CHUDAMS:U - entered.
23:05:39.424 CHUDAMS:U - entered.
23:05:39.432 CHUDAMS:U - entered.
23:05:39.440 CHUDAMS:U - entered.
23:05:39.449 CHUDAMS:U - entered.
23:05:39.457 CHUDAMS:U - entered.
23:05:39.466 CHUDAMS:U - entered.
23:05:39.475 CHUDAMS:U - entered.
23:05:39.483 CHUDAMS:U - entered.
23:05:39.492 CHUDAMS:U - entered.
23:05:39.500 CHUDAMS:U - entered.
23:05:39.509 CHUDAMS:U - entered.
23:05:39.517 CHUDAMS:U - entered.
23:05:39.526 CHUDAMS:U - entered.
23:05:39.535 CHUDAMS:U - entered.
23:05:39.543 CHUDAMS:U - entered.
23:05:39.552 CHUDAMS:U - entered.
23:05:39.560 CHUDAMS:U - entered.
23:05:39.568 CHUDAMS:U - entered.
23:05:39.576 CHUDAMS:U - entered.
23:05:39.585 CHUDAMS:U - entered.
23:05:39.593 CHUDAMS:U - entered.
23:05:39.601 CHUDAMS:U - entered.
23:05:39.609 CHUDAMS:U - entered.
23:05:39.617 CHUDAMS:U - entered.
23:05:39.625 CHUDAMS:U - entered.
23:05:39.634 CHUDAMS:U - entered.
23:05:39.641 CHUDAMS:U - entered.
23:05:39.649 CHUDAMS:U - entered.
23:05:39.658 CHUDAMS:U - entered.
23:05:39.666 CHUDAMS:U - entered.
23:05:39.675 CHUDAMS:U - entered.
23:05:39.683 CHUDAMS:U - entered.
23:05:39.692 CHUDAMS:U - entered.
23:05:39.700 CHUDAMS:U - entered.
23:05:39.708 CHUDAMS:U - entered.
23:05:39.716 CHUDAMS:U - entered.
23:05:39.724 CHUDAMS:U - entered.
23:05:39.732 CHUDAMS:U - entered.
23:05:39.741 CHUDAMS:U - entered.
23:05:39.749 CHUDAMS:U - entered.
23:05:39.757 CHUDAMS:U - entered.
23:05:39.766 CHUDAMS:U - entered.
23:05:39.774 CHUDAMS:U - entered.
23:05:39.783 CHUDAMS:U - entered.
23:05:39.790 CHUDAMS:U - entered.
23:05:39.798 CHUDAMS:U - entered.
23:05:39.806 CHUDAMS:U - entered.
23:05:39.815 CHUDAMS:U - entered.
23:05:39.823 CHUDAMS:U - entered.
23:05:39.832 CHUDAMS:U - entered.
23:05:39.840 CHUDAMS:U - entered.
23:05:39.848 CHUDAMS:U - entered.
23:05:39.857 CHUDAMS:U - entered.
23:05:39.865 CHUDAMS:U - entered.
23:05:39.874 CHUDAMS:U - entered.
23:05:39.882 CHUDAMS:U - entered.
23:05:39.890 CHUDAMS:U - entered.
23:05:39.900 CHUDAMS:U - entered.
23:05:39.908 CHUDAMS:U - entered.
23:05:39.916 CHUDAMS:U - entered.
23:05:39.924 CHUDAMS:U - entered.
23:05:39.932 CHUDAMS:U - entered.
23:05:39.940 CHUDAMS:U - entered.
23:05:39.949 CHUDAMS:U - entered.
23:05:39.957 CHUDAMS:U - entered.
23:05:39.966 CHUDAMS:U - entered.
23:05:39.974 CHUDAMS:U - entered.
23:05:39.982 CHUDAMS:U - entered.
23:05:39.991 CHUDAMS:U - entered.
23:05:39.999 CHUDAMS:U - entered.
23:05:40.007 CHUDAMS:U - entered.
23:05:40.016 CHUDAMS:U - entered.
23:05:40.024 CHUDAMS:U - entered.
23:05:40.032 CHUDAMS:U - entered.
23:05:40.041 CHUDAMS:U - entered.
23:05:40.049 CHUDAMS:U - entered.
23:05:40.057 CHUDAMS:U - entered.
23:05:40.066 CHUDAMS:U - entered.
23:05:40.074 CHUDAMS:U - entered.
23:05:40.083 CHUDAMS:U - entered.
23:05:40.091 CHUDAMS:U - entered.
23:05:40.099 CHUDAMS:U - entered.
23:05:40.108 CHUDAMS:U - entered.
23:05:40.116 CHUDAMS:U - entered.
23:05:40.124 CHUDAMS:U - entered.
23:05:40.132 CHUDAMS:U - entered.
23:05:40.142 CHUDAMS:U - entered.
23:05:40.149 CHUDAMS:U - entered.
23:05:40.158 CHUDAMS:U - entered.
23:05:40.166 CHUDAMS:U - entered.
23:05:40.173 CHUDAMS:U - entered.
23:05:40.182 CHUDAMS:U - entered.
23:05:40.190 CHUDAMS:U - entered.
23:05:40.199 CHUDAMS:U - entered.
23:05:40.208 CHUDAMS:U - entered.
23:05:40.217 CHUDAMS:U - entered.
23:05:40.226 CHUDAMS:U - entered.
23:05:40.235 CHUDAMS:U - entered.
23:05:40.244 CHUDAMS:U - entered.
23:05:40.252 CHUDAMS:U - entered.
23:05:40.261 CHUDAMS:U - entered.
23:05:40.270 CHUDAMS:U - entered.
23:05:40.277 CHUDAMS:U - entered.
23:05:40.285 CHUDAMS:U - entered.
23:05:40.293 CHUDAMS:U - entered.
23:05:40.301 CHUDAMS:U - entered.
23:05:40.309 CHUDAMS:U - entered.
23:05:40.317 CHUDAMS:U - entered.
23:05:40.325 CHUDAMS:U - entered.
23:05:40.332 CHUDAMS:U - entered.
23:05:40.341 CHUDAMS:U - entered.
23:05:40.349 CHUDAMS:U - entered.
23:05:40.357 CHUDAMS:U - entered.
23:05:40.366 CHUDAMS:U - entered.
23:05:40.374 CHUDAMS:U - entered.
23:05:40.382 CHUDAMS:U - entered.
23:05:40.390 CHUDAMS:U - entered.
23:05:40.399 CHUDAMS:U - entered.
23:05:40.407 CHUDAMS:U - entered.
23:05:40.416 CHUDAMS:U - entered.
23:05:40.424 CHUDAMS:U - entered.
23:05:40.433 CHUDAMS:U - entered.
23:05:40.442 CHUDAMS:U - entered.
23:05:40.450 CHUDAMS:U - entered.
23:05:40.458 CHUDAMS:U - entered.
23:05:40.466 CHUDAMS:U - entered.
23:05:40.474 CHUDAMS:U - entered.
23:05:40.482 CHUDAMS:U - entered.
23:05:40.491 CHUDAMS:U - entered.
23:05:40.500 CHUDAMS:U - entered.
23:05:40.508 CHUDAMS:U - entered.
23:05:40.516 CHUDAMS:U - entered.
23:05:40.525 CHUDAMS:U - entered.
23:05:40.533 CHUDAMS:U - entered.
23:05:40.542 CHUDAMS:U - entered.
23:05:40.549 CHUDAMS:U - entered.
23:05:40.558 CHUDAMS:U - entered.
23:05:40.566 CHUDAMS:U - entered.
23:05:40.575 CHUDAMS:U - entered.
23:05:40.583 CHUDAMS:U - entered.
23:05:40.591 CHUDAMS:U - entered.
23:05:40.599 CHUDAMS:U - entered.
23:05:40.607 CHUDAMS:U - entered.
23:05:40.616 CHUDAMS:U - entered.
23:05:40.624 CHUDAMS:U - entered.
23:05:40.632 CHUDAMS:U - entered.
23:05:40.641 CHUDAMS:U - entered.
23:05:40.650 CHUDAMS:U - entered.
23:05:40.658 CHUDAMS:U - entered.
23:05:40.666 CHUDAMS:U - entered.
23:05:40.674 CHUDAMS:U - entered.
23:05:40.683 CHUDAMS:U - entered.
23:05:40.691 CHUDAMS:U - entered.
23:05:40.700 CHUDAMS:U - entered.
23:05:40.708 CHUDAMS:U - entered.
23:05:40.717 CHUDAMS:U - entered.
23:05:40.725 CHUDAMS:U - entered.
23:05:40.733 CHUDAMS:U - entered.
23:05:40.741 CHUDAMS:U - entered.
23:05:40.749 CHUDAMS:U - entered.
23:05:40.758 CHUDAMS:U - entered.
23:05:40.766 CHUDAMS:U - entered.
23:05:40.775 CHUDAMS:U - entered.
23:05:40.783 CHUDAMS:U - entered.
23:05:40.791 CHUDAMS:U - entered.
23:05:40.800 CHUDAMS:U - entered.
23:05:40.808 CHUDAMS:U - entered.
23:05:40.816 CHUDAMS:U - entered.
23:05:40.825 CHUDAMS:U - entered.
23:05:40.833 CHUDAMS:U - entered.
23:05:40.841 CHUDAMS:U - entered.
23:05:40.850 CHUDAMS:U - entered.
23:05:40.858 CHUDAMS:U - entered.
23:05:40.867 CHUDAMS:U - entered.
23:05:40.875 CHUDAMS:U - entered.
23:05:40.883 CHUDAMS:U - entered.
23:05:40.892 CHUDAMS:U - entered.
23:05:40.900 CHUDAMS:U - entered.
23:05:40.908 CHUDAMS:U - entered.
23:05:40.917 CHUDAMS:U - entered.
23:05:40.925 CHUDAMS:U - entered.
23:05:40.933 CHUDAMS:U - entered.
23:05:40.942 CHUDAMS:U - entered.
23:05:40.950 CHUDAMS:U - entered.
23:05:40.957 CHUDAMS:U - entered.
23:05:40.965 CHUDAMS:U - entered.
23:05:40.974 CHUDAMS:U - entered.
23:05:40.982 CHUDAMS:U - entered.
23:05:40.991 CHUDAMS:U - entered.
23:05:40.999 CHUDAMS:U - entered.
23:05:41.007 CHUDAMS:U - entered.
23:05:41.015 CHUDAMS:U - entered.
23:05:41.024 CHUDAMS:U - entered.
23:05:41.032 CHUDAMS:U - entered.
23:05:41.041 CHUDAMS:U - entered.
23:05:41.049 CHUDAMS:U - entered.
23:05:41.058 CHUDAMS:U - entered.
23:05:41.066 CHUDAMS:U - entered.
23:05:41.074 CHUDAMS:U - entered.
23:05:41.083 CHUDAMS:U - entered.
23:05:41.091 CHUDAMS:U - entered.
23:05:41.099 CHUDAMS:U - entered.
23:05:41.108 CHUDAMS:U - entered.
23:05:41.116 CHUDAMS:U - entered.
23:05:41.125 CHUDAMS:U - entered.
23:05:41.134 CHUDAMS:U - entered.
23:05:41.142 CHUDAMS:U - entered.
23:05:41.151 CHUDAMS:U - entered.
23:05:41.159 CHUDAMS:U - entered.
23:05:41.168 CHUDAMS:U - entered.
23:05:41.176 CHUDAMS:U - entered.
23:05:41.184 CHUDAMS:U - entered.
23:05:41.192 CHUDAMS:U - entered.
23:05:41.200 CHUDAMS:U - entered.
23:05:41.208 CHUDAMS:U - entered.
23:05:41.216 CHUDAMS:U - entered.
23:05:41.225 CHUDAMS:U - entered.
23:05:41.233 CHUDAMS:U - entered.
23:05:41.241 CHUDAMS:U - entered.
23:05:41.250 CHUDAMS:U - entered.
23:05:41.258 CHUDAMS:U - entered.
23:05:41.266 CHUDAMS:U - entered.
23:05:41.275 CHUDAMS:U - entered.
23:05:41.283 CHUDAMS:U - entered.
23:05:41.291 CHUDAMS:U - entered.
23:05:41.300 CHUDAMS:U - entered.
23:05:41.308 CHUDAMS:U - entered.
23:05:41.317 CHUDAMS:U - entered.
23:05:41.325 CHUDAMS:U - entered.
23:05:41.332 CHUDAMS:U - entered.
23:05:41.341 CHUDAMS:U - entered.
23:05:41.349 CHUDAMS:U - entered.
23:05:41.358 CHUDAMS:U - entered.
23:05:41.366 CHUDAMS:U - entered.
23:05:41.374 CHUDAMS:U - entered.
23:05:41.382 CHUDAMS:U - entered.
23:05:41.391 CHUDAMS:U - entered.
23:05:41.399 CHUDAMS:U - entered.
23:05:41.408 CHUDAMS:U - entered.
23:05:41.416 CHUDAMS:U - entered.
23:05:41.424 CHUDAMS:U - entered.
23:05:41.432 CHUDAMS:U - entered.
23:05:41.441 CHUDAMS:U - entered.
23:05:41.449 CHUDAMS:U - entered.
23:05:41.457 CHUDAMS:U - entered.
23:05:41.466 CHUDAMS:U - entered.
23:05:41.474 CHUDAMS:U - entered.
23:05:41.483 CHUDAMS:U - entered.
23:05:41.491 CHUDAMS:U - entered.
23:05:41.500 CHUDAMS:U - entered.
23:05:41.507 CHUDAMS:U - entered.
23:05:41.516 CHUDAMS:U - entered.
23:05:41.524 CHUDAMS:U - entered.
23:05:41.533 CHUDAMS:U - entered.
23:05:41.541 CHUDAMS:U - entered.
23:05:41.550 CHUDAMS:U - entered.
23:05:41.557 CHUDAMS:U - entered.
23:05:41.566 CHUDAMS:U - entered.
23:05:41.574 CHUDAMS:U - entered.
23:05:41.583 CHUDAMS:U - entered.
23:05:41.591 CHUDAMS:U - entered.
23:05:41.600 CHUDAMS:U - entered.
23:05:41.611 CHUDAMS:U - entered.
23:05:41.622 CHUDAMS:U - entered.
23:05:41.634 CHUDAMS:U - entered.
23:05:41.648 CHUDAMS:U - entered.
23:05:41.659 CHUDAMS:U - entered.
23:05:41.669 CHUDAMS:U - entered.
23:05:41.679 CHUDAMS:U - entered.
23:05:41.689 CHUDAMS:U - entered.
23:05:41.700 CHUDAMS:U - entered.
23:05:41.711 CHUDAMS:U - entered.
23:05:41.723 CHUDAMS:U - entered.
23:05:41.734 CHUDAMS:U - entered.
23:05:41.744 CHUDAMS:U - entered.
23:05:41.754 CHUDAMS:U - entered.
23:05:41.764 CHUDAMS:U - entered.
23:05:41.774 CHUDAMS:U - entered.
23:05:41.784 CHUDAMS:U - entered.
23:05:41.795 CHUDAMS:U - entered.
23:05:41.806 CHUDAMS:U - entered.
23:05:41.817 CHUDAMS:U - entered.
23:05:41.828 CHUDAMS:U - entered.
23:05:41.840 CHUDAMS:U - entered.
23:05:41.852 CHUDAMS:U - entered.
23:05:41.865 CHUDAMS:U - entered.
23:05:41.878 CHUDAMS:U - entered.
23:05:41.891 CHUDAMS:U - entered.
23:05:41.904 CHUDAMS:U - entered.
23:05:41.916 CHUDAMS:U - entered.
23:05:41.927 CHUDAMS:U - entered.
23:05:41.938 CHUDAMS:U - entered.
23:05:41.950 CHUDAMS:U - entered.
23:05:41.962 CHUDAMS:U - entered.
23:05:41.976 CHUDAMS:U - entered.
23:05:41.988 CHUDAMS:U - entered.
23:05:41.999 CHUDAMS:U - entered.
23:05:42.009 CHUDAMS:U - entered.
23:05:42.021 CHUDAMS:U - entered.
23:05:42.032 CHUDAMS:U - entered.
23:05:42.040 CHUDAMS:U - entered.
23:05:42.049 CHUDAMS:U - entered.
23:05:42.060 CHUDAMS:U - entered.
23:05:42.070 CHUDAMS:U - entered.
23:05:42.082 CHUDAMS:U - entered.
23:05:42.095 CHUDAMS:U - entered.
23:05:42.110 CHUDAMS:U - entered.
23:05:42.126 CHUDAMS:U - entered.
23:05:42.142 CHUDAMS:U - entered.
23:05:42.156 CHUDAMS:U - entered.
23:05:42.170 CHUDAMS:U - entered.
23:05:42.183 CHUDAMS:U - entered.
23:05:42.193 CHUDAMS:U - entered.
23:05:42.202 CHUDAMS:U - entered.
23:05:42.211 CHUDAMS:U - entered.
23:05:42.219 CHUDAMS:U - entered.
23:05:42.227 CHUDAMS:U - entered.
23:05:42.235 CHUDAMS:U - entered.
23:05:42.243 CHUDAMS:U - entered.
23:05:42.251 CHUDAMS:U - entered.
23:05:42.259 CHUDAMS:U - entered.
23:05:42.266 CHUDAMS:U - entered.
23:05:42.274 CHUDAMS:U - entered.
23:05:42.283 CHUDAMS:U - entered.
23:05:42.291 CHUDAMS:U - entered.
23:05:42.300 CHUDAMS:U - entered.
23:05:42.308 CHUDAMS:U - entered.
23:05:42.316 CHUDAMS:U - entered.
23:05:42.324 CHUDAMS:U - entered.
23:05:42.333 CHUDAMS:U - entered.
23:05:42.342 CHUDAMS:U - entered.
23:05:42.349 CHUDAMS:U - entered.
23:05:42.358 CHUDAMS:U - entered.
23:05:42.366 CHUDAMS:U - entered.
23:05:42.375 CHUDAMS:U - entered.
23:05:42.383 CHUDAMS:U - entered.
23:05:42.391 CHUDAMS:U - entered.
23:05:42.400 CHUDAMS:U - entered.
23:05:42.409 CHUDAMS:U - entered.
23:05:42.417 CHUDAMS:U - entered.
23:05:42.425 CHUDAMS:U - entered.
23:05:42.433 CHUDAMS:U - entered.
23:05:42.441 CHUDAMS:U - entered.
23:05:42.450 CHUDAMS:U - entered.
23:05:42.458 CHUDAMS:U - entered.
23:05:42.466 CHUDAMS:U - entered.
23:05:42.475 CHUDAMS:U - entered.
23:05:42.483 CHUDAMS:U - entered.
23:05:42.491 CHUDAMS:U - entered.
23:05:42.500 CHUDAMS:U - entered.
23:05:42.508 CHUDAMS:U - entered.
23:05:42.518 CHUDAMS:U - entered.
23:05:42.526 CHUDAMS:U - entered.
23:05:42.534 CHUDAMS:U - entered.
23:05:42.542 CHUDAMS:U - entered.
23:05:42.550 CHUDAMS:U - entered.
23:05:42.558 CHUDAMS:U - entered.
23:05:42.567 CHUDAMS:U - entered.
23:05:42.575 CHUDAMS:U - entered.
23:05:42.583 CHUDAMS:U - entered.
23:05:42.592 CHUDAMS:U - entered.
23:05:42.600 CHUDAMS:U - entered.
23:05:42.609 CHUDAMS:U - entered.
23:05:42.617 CHUDAMS:U - entered.
23:05:42.626 CHUDAMS:U - entered.
23:05:42.634 CHUDAMS:U - entered.
23:05:42.642 CHUDAMS:U - entered.
23:05:42.649 CHUDAMS:U - entered.
23:05:42.658 CHUDAMS:U - entered.
23:05:42.667 CHUDAMS:U - entered.
23:05:42.675 CHUDAMS:U - entered.
23:05:42.683 CHUDAMS:U - entered.
23:05:42.691 CHUDAMS:U - entered.
23:05:42.700 CHUDAMS:U - entered.
23:05:42.708 CHUDAMS:U - entered.
23:05:42.716 CHUDAMS:U - entered.
23:05:42.725 CHUDAMS:U - entered.
23:05:42.733 CHUDAMS:U - entered.
23:05:42.741 CHUDAMS:U - entered.
23:05:42.750 CHUDAMS:U - entered.
23:05:42.758 CHUDAMS:U - entered.
23:05:42.766 CHUDAMS:U - entered.
23:05:42.775 CHUDAMS:U - entered.
23:05:42.783 CHUDAMS:U - entered.
23:05:42.791 CHUDAMS:U - entered.
23:05:42.800 CHUDAMS:U - entered.
23:05:42.808 CHUDAMS:U - entered.
23:05:42.817 CHUDAMS:U - entered.
23:05:42.825 CHUDAMS:U - entered.
23:05:42.833 CHUDAMS:U - entered.
23:05:42.841 CHUDAMS:U - entered.
23:05:42.851 CHUDAMS:U - entered.
23:05:42.859 CHUDAMS:U - entered.
23:05:42.867 CHUDAMS:U - entered.
23:05:42.875 CHUDAMS:U - entered.
23:05:42.883 CHUDAMS:U - entered.
23:05:42.892 CHUDAMS:U - entered.
23:05:42.901 CHUDAMS:U - entered.
23:05:42.909 CHUDAMS:U - entered.
23:05:42.917 CHUDAMS:U - entered.
23:05:42.925 CHUDAMS:U - entered.
23:05:42.935 CHUDAMS:U - entered.
23:05:42.943 CHUDAMS:U - entered.
23:05:42.952 CHUDAMS:U - entered.
23:05:42.960 CHUDAMS:U - entered.
23:05:42.969 CHUDAMS:U - entered.
23:05:42.977 CHUDAMS:U - entered.
23:05:42.985 CHUDAMS:U - entered.
23:05:42.993 CHUDAMS:U - entered.
23:05:43.001 CHUDAMS:U - entered.
23:05:43.009 CHUDAMS:U - entered.
23:05:43.017 CHUDAMS:U - entered.
23:05:43.025 CHUDAMS:U - entered.
23:05:43.033 CHUDAMS:U - entered.
23:05:43.042 CHUDAMS:U - entered.
23:05:43.051 CHUDAMS:U - entered.
23:05:43.061 CHUDAMS:U - entered.
23:05:43.070 CHUDAMS:U - entered.
23:05:43.081 CHUDAMS:U - entered.
23:05:43.091 CHUDAMS:U - entered.
23:05:43.101 CHUDAMS:U - entered.
23:05:43.111 CHUDAMS:U - entered.
23:05:43.121 CHUDAMS:U - entered.
23:05:43.129 CHUDAMS:U - entered.
23:05:43.140 CHUDAMS:U - entered.
23:05:43.150 CHUDAMS:U - entered.
23:05:43.159 CHUDAMS:U - entered.
23:05:43.168 CHUDAMS:U - entered.
23:05:43.177 CHUDAMS:U - entered.
23:05:43.186 CHUDAMS:U - entered.
23:05:43.195 CHUDAMS:U - entered.
23:05:43.204 CHUDAMS:U - entered.
23:05:43.212 CHUDAMS:U - entered.
23:05:43.221 CHUDAMS:U - entered.
23:05:43.229 CHUDAMS:U - entered.
23:05:43.238 CHUDAMS:U - entered.
23:05:43.248 CHUDAMS:U - entered.
23:05:43.257 CHUDAMS:U - entered.
23:05:43.266 CHUDAMS:U - entered.
23:05:43.275 CHUDAMS:U - entered.
23:05:43.284 CHUDAMS:U - entered.
23:05:43.293 CHUDAMS:U - entered.
23:05:43.303 CHUDAMS:U - entered.
23:05:43.314 CHUDAMS:U - entered.
23:05:43.323 CHUDAMS:U - entered.
23:05:43.332 CHUDAMS:U - entered.
23:05:43.341 CHUDAMS:U - entered.
23:05:43.350 CHUDAMS:U - entered.
23:05:43.359 CHUDAMS:U - entered.
23:05:43.368 CHUDAMS:U - entered.
23:05:43.377 CHUDAMS:U - entered.
23:05:43.386 CHUDAMS:U - entered.
23:05:43.393 CHUDAMS:U - entered.
23:05:43.402 CHUDAMS:U - entered.
23:05:43.411 CHUDAMS:U - entered.
23:05:43.419 CHUDAMS:U - entered.
23:05:43.428 CHUDAMS:U - entered.
23:05:43.437 CHUDAMS:U - entered.
23:05:43.445 CHUDAMS:U - entered.
23:05:43.455 CHUDAMS:U - entered.
23:05:43.464 CHUDAMS:U - entered.
23:05:43.473 CHUDAMS:U - entered.
23:05:43.482 CHUDAMS:U - entered.
23:05:43.491 CHUDAMS:U - entered.
23:05:43.499 CHUDAMS:U - entered.
23:05:43.508 CHUDAMS:U - entered.
23:05:43.517 CHUDAMS:U - entered.
23:05:43.525 CHUDAMS:U - entered.
23:05:43.533 CHUDAMS:U - entered.
23:05:43.542 CHUDAMS:U - entered.
23:05:43.551 CHUDAMS:U - entered.
23:05:43.559 CHUDAMS:U - entered.
23:05:43.568 CHUDAMS:U - entered.
23:05:43.576 CHUDAMS:U - entered.
23:05:43.585 CHUDAMS:U - entered.
23:05:43.594 CHUDAMS:U - entered.
23:05:43.604 CHUDAMS:U - entered.
23:05:43.612 CHUDAMS:U - entered.
23:05:43.620 CHUDAMS:U - entered.
23:05:43.628 CHUDAMS:U - entered.
23:05:43.636 CHUDAMS:U - entered.
23:05:43.644 CHUDAMS:U - entered.
23:05:43.652 CHUDAMS:U - entered.
23:05:43.660 CHUDAMS:U - entered.
23:05:43.668 CHUDAMS:U - entered.
23:05:43.677 CHUDAMS:U - entered.
23:05:43.685 CHUDAMS:U - entered.
23:05:43.692 CHUDAMS:U - entered.
23:05:43.700 CHUDAMS:U - entered.
23:05:43.709 CHUDAMS:U - entered.
23:05:43.717 CHUDAMS:U - entered.
23:05:43.725 CHUDAMS:U - entered.
23:05:43.733 CHUDAMS:U - entered.
23:05:43.742 CHUDAMS:U - entered.
23:05:43.750 CHUDAMS:U - entered.
23:05:43.758 CHUDAMS:U - entered.
23:05:43.767 CHUDAMS:U - entered.
23:05:43.775 CHUDAMS:U - entered.
23:05:43.784 CHUDAMS:U - entered.
23:05:43.792 CHUDAMS:U - entered.
23:05:43.800 CHUDAMS:U - entered.
23:05:43.809 CHUDAMS:U - entered.
23:05:43.817 CHUDAMS:U - entered.
23:05:43.825 CHUDAMS:U - entered.
23:05:43.834 CHUDAMS:U - entered.
23:05:43.844 CHUDAMS:U - entered.
23:05:43.852 CHUDAMS:U - entered.
23:05:43.861 CHUDAMS:U - entered.
23:05:43.869 CHUDAMS:U - entered.
23:05:43.877 CHUDAMS:U - entered.
23:05:43.885 CHUDAMS:U - entered.
23:05:43.893 CHUDAMS:U - entered.
23:05:43.901 CHUDAMS:U - entered.
23:05:43.909 CHUDAMS:U - entered.
23:05:43.917 CHUDAMS:U - entered.
23:05:43.926 CHUDAMS:U - entered.
23:05:43.934 CHUDAMS:U - entered.
23:05:43.942 CHUDAMS:U - entered.
23:05:43.951 CHUDAMS:U - entered.
23:05:43.959 CHUDAMS:U - entered.
23:05:43.967 CHUDAMS:U - entered.
23:05:43.976 CHUDAMS:U - entered.
23:05:43.984 CHUDAMS:U - entered.
23:05:43.992 CHUDAMS:U - entered.
23:05:44.001 CHUDAMS:U - entered.
23:05:44.009 CHUDAMS:U - entered.
23:05:44.018 CHUDAMS:U - entered.
23:05:44.026 CHUDAMS:U - entered.
23:05:44.034 CHUDAMS:U - entered.
23:05:44.042 CHUDAMS:U - entered.
23:05:44.051 CHUDAMS:U - entered.
23:05:44.059 CHUDAMS:U - entered.
23:05:44.066 CHUDAMS:U - entered.
23:05:44.075 CHUDAMS:U - entered.
23:05:44.083 CHUDAMS:U - entered.
23:05:44.092 CHUDAMS:U - entered.
23:05:44.100 CHUDAMS:U - entered.
23:05:44.108 CHUDAMS:U - entered.
23:05:44.117 CHUDAMS:U - entered.
23:05:44.125 CHUDAMS:U - entered.
23:05:44.134 CHUDAMS:U - entered.
23:05:44.142 CHUDAMS:U - entered.
23:05:44.151 CHUDAMS:U - entered.
23:05:44.159 CHUDAMS:U - entered.
23:05:44.168 CHUDAMS:U - entered.
23:05:44.175 CHUDAMS:U - entered.
23:05:44.184 CHUDAMS:U - entered.
23:05:44.192 CHUDAMS:U - entered.
23:05:44.201 CHUDAMS:U - entered.
23:05:44.209 CHUDAMS:U - entered.
23:05:44.217 CHUDAMS:U - entered.
23:05:44.225 CHUDAMS:U - entered.
23:05:44.233 CHUDAMS:U - entered.
23:05:44.242 CHUDAMS:U - entered.
23:05:44.250 CHUDAMS:U - entered.
23:05:44.259 CHUDAMS:U - entered.
23:05:44.267 CHUDAMS:U - entered.
23:05:44.275 CHUDAMS:U - entered.
23:05:44.284 CHUDAMS:U - entered.
23:05:44.292 CHUDAMS:U - entered.
23:05:44.300 CHUDAMS:U - entered.
23:05:44.309 CHUDAMS:U - entered.
23:05:44.317 CHUDAMS:U - entered.
23:05:44.325 CHUDAMS:U - entered.
23:05:44.334 CHUDAMS:U - entered.
23:05:44.342 CHUDAMS:U - entered.
23:05:44.350 CHUDAMS:U - entered.
23:05:44.359 CHUDAMS:U - entered.
23:05:44.368 CHUDAMS:U - entered.
23:05:44.376 CHUDAMS:U - entered.
23:05:44.384 CHUDAMS:U - entered.
23:05:44.392 CHUDAMS:U - entered.
23:05:44.401 CHUDAMS:U - entered.
23:05:44.409 CHUDAMS:U - entered.
23:05:44.418 CHUDAMS:U - entered.
23:05:44.426 CHUDAMS:U - entered.
23:05:44.434 CHUDAMS:U - entered.
23:05:44.442 CHUDAMS:U - entered.
23:05:44.450 CHUDAMS:U - entered.
23:05:44.458 CHUDAMS:U - entered.
23:05:44.466 CHUDAMS:U - entered.
23:05:44.475 CHUDAMS:U - entered.
23:05:44.483 CHUDAMS:U - entered.
23:05:44.492 CHUDAMS:U - entered.
23:05:44.500 CHUDAMS:U - entered.
23:05:44.509 CHUDAMS:U - entered.
23:05:44.517 CHUDAMS:U - entered.
23:05:44.525 CHUDAMS:U - entered.
23:05:44.533 CHUDAMS:U - entered.
23:05:44.542 CHUDAMS:U - entered.
23:05:44.550 CHUDAMS:U - entered.
23:05:44.558 CHUDAMS:U - entered.
23:05:44.567 CHUDAMS:U - entered.
23:05:44.575 CHUDAMS:U - entered.
23:05:44.584 CHUDAMS:U - entered.
23:05:44.592 CHUDAMS:U - entered.
23:05:44.601 CHUDAMS:U - entered.
23:05:44.609 CHUDAMS:U - entered.
23:05:44.617 CHUDAMS:U - entered.
23:05:44.626 CHUDAMS:U - entered.
23:05:44.634 CHUDAMS:U - entered.
23:05:44.642 CHUDAMS:U - entered.
23:05:44.651 CHUDAMS:U - entered.
23:05:44.659 CHUDAMS:U - entered.
23:05:44.667 CHUDAMS:U - entered.
23:05:44.676 CHUDAMS:U - entered.
23:05:44.684 CHUDAMS:U - entered.
23:05:44.693 CHUDAMS:U - entered.
23:05:44.701 CHUDAMS:U - entered.
23:05:44.710 CHUDAMS:U - entered.
23:05:44.718 CHUDAMS:U - entered.
23:05:44.725 CHUDAMS:U - entered.
23:05:44.733 CHUDAMS:U - entered.
23:05:44.742 CHUDAMS:U - entered.
23:05:44.750 CHUDAMS:U - entered.
23:05:44.758 CHUDAMS:U - entered.
23:05:44.767 CHUDAMS:U - entered.
23:05:44.775 CHUDAMS:U - entered.
23:05:44.783 CHUDAMS:U - entered.
23:05:44.792 CHUDAMS:U - entered.
23:05:44.800 CHUDAMS:U - entered.
23:05:44.808 CHUDAMS:U - entered.
23:05:44.817 CHUDAMS:U - entered.
23:05:44.825 CHUDAMS:U - entered.
23:05:44.834 CHUDAMS:U - entered.
23:05:44.842 CHUDAMS:U - entered.
23:05:44.850 CHUDAMS:U - entered.
23:05:44.859 CHUDAMS:U - entered.
23:05:44.867 CHUDAMS:U - entered.
23:05:44.876 CHUDAMS:U - entered.
23:05:44.884 CHUDAMS:U - entered.
23:05:44.893 CHUDAMS:U - entered.
23:05:44.901 CHUDAMS:U - entered.
23:05:44.911 CHUDAMS:U - entered.
23:05:44.919 CHUDAMS:U - entered.
23:05:44.927 CHUDAMS:U - entered.
23:05:44.935 CHUDAMS:U - entered.
23:05:44.943 CHUDAMS:U - entered.
23:05:44.950 CHUDAMS:U - entered.
23:05:44.958 CHUDAMS:U - entered.
23:05:44.967 CHUDAMS:U - entered.
23:05:44.975 CHUDAMS:U - entered.
23:05:44.984 CHUDAMS:U - entered.
23:05:44.992 CHUDAMS:U - entered.
23:05:45.000 CHUDAMS:U - entered.
23:05:45.009 CHUDAMS:U - entered.
23:05:45.017 CHUDAMS:U - entered.
23:05:45.026 CHUDAMS:U - entered.
23:05:45.034 CHUDAMS:U - entered.
23:05:45.043 CHUDAMS:U - entered.
23:05:45.052 CHUDAMS:U - entered.
23:05:45.060 CHUDAMS:U - entered.
23:05:45.069 CHUDAMS:U - entered.
23:05:45.078 CHUDAMS:U - entered.
23:05:45.086 CHUDAMS:U - entered.
23:05:45.094 CHUDAMS:U - entered.
23:05:45.102 CHUDAMS:U - entered.
23:05:45.110 CHUDAMS:U - entered.
23:05:45.117 CHUDAMS:U - entered.
23:05:45.126 CHUDAMS:U - entered.
23:05:45.139 CHUDAMS:U - entered.
23:05:45.147 CHUDAMS:U - entered.
23:05:45.155 CHUDAMS:U - entered.
23:05:45.163 CHUDAMS:U - entered.
23:05:45.172 CHUDAMS:U - entered.
23:05:45.180 CHUDAMS:U - entered.
23:05:45.188 CHUDAMS:U - entered.
23:05:45.195 CHUDAMS:U - entered.
23:05:45.203 CHUDAMS:U - entered.
23:05:45.210 CHUDAMS:U - entered.
23:05:45.218 CHUDAMS:U - entered.
23:05:45.225 CHUDAMS:U - entered.
23:05:45.234 CHUDAMS:U - entered.
23:05:45.242 CHUDAMS:U - entered.
23:05:45.250 CHUDAMS:U - entered.
23:05:45.258 CHUDAMS:U - entered.
23:05:45.267 CHUDAMS:U - entered.
23:05:45.276 CHUDAMS:U - entered.
23:05:45.284 CHUDAMS:U - entered.
23:05:45.293 CHUDAMS:U - entered.
23:05:45.300 CHUDAMS:U - entered.
23:05:45.310 CHUDAMS:U - entered.
23:05:45.318 CHUDAMS:U - entered.
23:05:45.326 CHUDAMS:U - entered.
23:05:45.334 CHUDAMS:U - entered.
23:05:45.343 CHUDAMS:U - entered.
23:05:45.351 CHUDAMS:U - entered.
23:05:45.359 CHUDAMS:U - entered.
23:05:45.368 CHUDAMS:U - entered.
23:05:45.376 CHUDAMS:U - entered.
23:05:45.384 CHUDAMS:U - entered.
23:05:45.394 CHUDAMS:U - entered.
23:05:45.402 CHUDAMS:U - entered.
23:05:45.410 CHUDAMS:U - entered.
23:05:45.418 CHUDAMS:U - entered.
23:05:45.426 CHUDAMS:U - entered.
23:05:45.435 CHUDAMS:U - entered.
23:05:45.443 CHUDAMS:U - entered.
23:05:45.451 CHUDAMS:U - entered.
23:05:45.459 CHUDAMS:U - entered.
23:05:45.468 CHUDAMS:U - entered.
23:05:45.476 CHUDAMS:U - entered.
23:05:45.484 CHUDAMS:U - entered.
23:05:45.492 CHUDAMS:U - entered.
23:05:45.500 CHUDAMS:U - entered.
23:05:45.509 CHUDAMS:U - entered.
23:05:45.517 CHUDAMS:U - entered.
23:05:45.526 CHUDAMS:U - entered.
23:05:45.534 CHUDAMS:U - entered.
23:05:45.542 CHUDAMS:U - entered.
23:05:45.550 CHUDAMS:U - entered.
23:05:45.558 CHUDAMS:U - entered.
23:05:45.567 CHUDAMS:U - entered.
23:05:45.576 CHUDAMS:U - entered.
23:05:45.584 CHUDAMS:U - entered.
23:05:45.592 CHUDAMS:U - entered.
23:05:45.601 CHUDAMS:U - entered.
23:05:45.609 CHUDAMS:U - entered.
23:05:45.618 CHUDAMS:U - entered.
23:05:45.625 CHUDAMS:U - entered.
23:05:45.634 CHUDAMS:U - entered.
23:05:45.642 CHUDAMS:U - entered.
23:05:45.650 CHUDAMS:U - entered.
23:05:45.659 CHUDAMS:U - entered.
23:05:45.667 CHUDAMS:U - entered.
23:05:45.675 CHUDAMS:U - entered.
23:05:45.684 CHUDAMS:U - entered.
23:05:45.692 CHUDAMS:U - entered.
23:05:45.700 CHUDAMS:U - entered.
23:05:45.709 CHUDAMS:U - entered.
23:05:45.717 CHUDAMS:U - entered.
23:05:45.726 CHUDAMS:U - entered.
23:05:45.734 CHUDAMS:U - entered.
23:05:45.742 CHUDAMS:U - entered.
23:05:45.751 CHUDAMS:U - entered.
23:05:45.759 CHUDAMS:U - entered.
23:05:45.768 CHUDAMS:U - entered.
23:05:45.776 CHUDAMS:U - entered.
23:05:45.784 CHUDAMS:U - entered.
23:05:45.793 CHUDAMS:U - entered.
23:05:45.801 CHUDAMS:U - entered.
23:05:45.809 CHUDAMS:U - entered.
23:05:45.818 CHUDAMS:U - entered.
23:05:45.826 CHUDAMS:U - entered.
23:05:45.834 CHUDAMS:U - entered.
23:05:45.842 CHUDAMS:U - entered.
23:05:45.851 CHUDAMS:U - entered.
23:05:45.859 CHUDAMS:U - entered.
23:05:45.867 CHUDAMS:U - entered.
23:05:45.875 CHUDAMS:U - entered.
23:05:45.883 CHUDAMS:U - entered.
23:05:45.892 CHUDAMS:U - entered.
23:05:45.900 CHUDAMS:U - entered.
23:05:45.908 CHUDAMS:U - entered.
23:05:45.917 CHUDAMS:U - entered.
23:05:45.925 CHUDAMS:U - entered.
23:05:45.933 CHUDAMS:U - entered.
23:05:45.942 CHUDAMS:U - entered.
23:05:45.950 CHUDAMS:U - entered.
23:05:45.977 CHUDAMS:U - entered.
23:05:45.984 CHUDAMS:U - entered.
23:05:45.992 CHUDAMS:U - entered.
23:05:46.000 CHUDAMS:U - entered.
23:05:46.009 CHUDAMS:U - entered.
23:05:46.017 CHUDAMS:U - entered.
23:05:46.025 CHUDAMS:U - entered.
23:05:46.034 CHUDAMS:U - entered.
23:05:46.042 CHUDAMS:U - entered.
23:05:46.050 CHUDAMS:U - entered.
23:05:46.059 CHUDAMS:U - entered.
23:05:46.068 CHUDAMS:U - entered.
23:05:46.077 CHUDAMS:U - entered.
23:05:46.085 CHUDAMS:U - entered.
23:05:46.093 CHUDAMS:U - entered.
23:05:46.101 CHUDAMS:U - entered.
23:05:46.109 CHUDAMS:U - entered.
23:05:46.118 CHUDAMS:U - entered.
23:05:46.126 CHUDAMS:U - entered.
23:05:46.134 CHUDAMS:U - entered.
23:05:46.143 CHUDAMS:U - entered.
23:05:46.151 CHUDAMS:U - entered.
23:05:46.160 CHUDAMS:U - entered.
23:05:46.168 CHUDAMS:U - entered.
23:05:46.177 CHUDAMS:U - entered.
23:05:46.185 CHUDAMS:U - entered.
23:05:46.193 CHUDAMS:U - entered.
23:05:46.201 CHUDAMS:U - entered.
23:05:46.210 CHUDAMS:U - entered.
23:05:46.218 CHUDAMS:U - entered.
23:05:46.226 CHUDAMS:U - entered.
23:05:46.234 CHUDAMS:U - entered.
23:05:46.242 CHUDAMS:U - entered.
23:05:46.251 CHUDAMS:U - entered.
23:05:46.261 CHUDAMS:U - entered.
23:05:46.269 CHUDAMS:U - entered.
23:05:46.277 CHUDAMS:U - entered.
23:05:46.285 CHUDAMS:U - entered.
23:05:46.293 CHUDAMS:U - entered.
23:05:46.301 CHUDAMS:U - entered.
23:05:46.309 CHUDAMS:U - entered.
23:05:46.317 CHUDAMS:U - entered.
23:05:46.326 CHUDAMS:U - entered.
23:05:46.334 CHUDAMS:U - entered.
23:05:46.343 CHUDAMS:U - entered.
23:05:46.351 CHUDAMS:U - entered.
23:05:46.359 CHUDAMS:U - entered.
23:05:46.367 CHUDAMS:U - entered.
23:05:46.376 CHUDAMS:U - entered.
23:05:46.384 CHUDAMS:U - entered.
23:05:46.393 CHUDAMS:U - entered.
23:05:46.401 CHUDAMS:U - entered.
23:05:46.411 CHUDAMS:U - entered.
23:05:46.419 CHUDAMS:U - entered.
23:05:46.427 CHUDAMS:U - entered.
23:05:46.435 CHUDAMS:U - entered.
23:05:46.443 CHUDAMS:U - entered.
23:05:46.450 CHUDAMS:U - entered.
23:05:46.459 CHUDAMS:U - entered.
23:05:46.467 CHUDAMS:U - entered.
23:05:46.475 CHUDAMS:U - entered.
23:05:46.484 CHUDAMS:U - entered.
23:05:46.492 CHUDAMS:U - entered.
23:05:46.500 CHUDAMS:U - entered.
23:05:46.509 CHUDAMS:U - entered.
23:05:46.518 CHUDAMS:U - entered.
23:05:46.526 CHUDAMS:U - entered.
23:05:46.534 CHUDAMS:U - entered.
23:05:46.542 CHUDAMS:U - entered.
23:05:46.551 CHUDAMS:U - entered.
23:05:46.559 CHUDAMS:U - entered.
23:05:46.567 CHUDAMS:U - entered.
23:05:46.576 CHUDAMS:U - entered.
23:05:46.584 CHUDAMS:U - entered.
23:05:46.593 CHUDAMS:U - entered.
23:05:46.601 CHUDAMS:U - entered.
23:05:46.609 CHUDAMS:U - entered.
23:05:46.617 CHUDAMS:U - entered.
23:05:46.626 CHUDAMS:U - entered.
23:05:46.634 CHUDAMS:U - entered.
23:05:46.643 CHUDAMS:U - entered.
23:05:46.651 CHUDAMS:U - entered.
23:05:46.659 CHUDAMS:U - entered.
23:05:46.668 CHUDAMS:U - entered.
23:05:46.676 CHUDAMS:U - entered.
23:05:46.685 CHUDAMS:U - entered.
23:05:46.693 CHUDAMS:U - entered.
23:05:46.702 CHUDAMS:U - entered.
23:05:46.710 CHUDAMS:U - entered.
23:05:46.719 CHUDAMS:U - entered.
23:05:46.727 CHUDAMS:U - entered.
23:05:46.734 CHUDAMS:U - entered.
23:05:46.743 CHUDAMS:U - entered.
23:05:46.751 CHUDAMS:U - entered.
23:05:46.760 CHUDAMS:U - entered.
23:05:46.768 CHUDAMS:U - entered.
23:05:46.777 CHUDAMS:U - entered.
23:05:46.785 CHUDAMS:U - entered.
23:05:46.793 CHUDAMS:U - entered.
23:05:46.801 CHUDAMS:U - entered.
23:05:46.810 CHUDAMS:U - entered.
23:05:46.818 CHUDAMS:U - entered.
23:05:46.825 CHUDAMS:U - entered.
23:05:46.834 CHUDAMS:U - entered.
23:05:46.842 CHUDAMS:U - entered.
23:05:46.851 CHUDAMS:U - entered.
23:05:46.859 CHUDAMS:U - entered.
23:05:46.867 CHUDAMS:U - entered.
23:05:46.876 CHUDAMS:U - entered.
23:05:46.884 CHUDAMS:U - entered.
23:05:46.892 CHUDAMS:U - entered.
23:05:46.902 CHUDAMS:U - entered.
23:05:46.909 CHUDAMS:U - entered.
23:05:46.918 CHUDAMS:U - entered.
23:05:46.927 CHUDAMS:U - entered.
23:05:46.937 CHUDAMS:U - entered.
23:05:46.946 CHUDAMS:U - entered.
23:05:46.955 CHUDAMS:U - entered.
23:05:46.963 CHUDAMS:U - entered.
23:05:46.971 CHUDAMS:U - entered.
23:05:46.979 CHUDAMS:U - entered.
23:05:46.987 CHUDAMS:U - entered.
23:05:46.995 CHUDAMS:U - entered.
23:05:47.003 CHUDAMS:U - entered.
23:05:47.012 CHUDAMS:U - entered.
23:05:47.020 CHUDAMS:U - entered.
23:05:47.031 CHUDAMS:U - entered.
23:05:47.041 CHUDAMS:U - entered.
23:05:47.051 CHUDAMS:U - entered.
23:05:47.059 CHUDAMS:U - entered.
23:05:47.068 CHUDAMS:U - entered.
23:05:47.077 CHUDAMS:U - entered.
23:05:47.086 CHUDAMS:U - entered.
23:05:47.094 CHUDAMS:U - entered.
23:05:47.102 CHUDAMS:U - entered.
23:05:47.110 CHUDAMS:U - entered.
23:05:47.119 CHUDAMS:U - entered.
23:05:47.127 CHUDAMS:U - entered.
23:05:47.135 CHUDAMS:U - entered.
23:05:47.143 CHUDAMS:U - entered.
23:05:47.153 CHUDAMS:U - entered.
23:05:47.161 CHUDAMS:U - entered.
23:05:47.169 CHUDAMS:U - entered.
23:05:47.178 CHUDAMS:U - entered.
23:05:47.186 CHUDAMS:U - entered.
23:05:47.194 CHUDAMS:U - entered.
23:05:47.201 CHUDAMS:U - entered.
23:05:47.209 CHUDAMS:U - entered.
23:05:47.218 CHUDAMS:U - entered.
23:05:47.226 CHUDAMS:U - entered.
23:05:47.234 CHUDAMS:U - entered.
23:05:47.243 CHUDAMS:U - entered.
23:05:47.251 CHUDAMS:U - entered.
23:05:47.259 CHUDAMS:U - entered.
23:05:47.267 CHUDAMS:U - entered.
23:05:47.276 CHUDAMS:U - entered.
23:05:47.285 CHUDAMS:U - entered.
23:05:47.293 CHUDAMS:U - entered.
23:05:47.302 CHUDAMS:U - entered.
23:05:47.310 CHUDAMS:U - entered.
23:05:47.318 CHUDAMS:U - entered.
23:05:47.326 CHUDAMS:U - entered.
23:05:47.336 CHUDAMS:U - entered.
23:05:47.344 CHUDAMS:U - entered.
23:05:47.352 CHUDAMS:U - entered.
23:05:47.360 CHUDAMS:U - entered.
23:05:47.369 CHUDAMS:U - entered.
23:05:47.377 CHUDAMS:U - entered.
23:05:47.386 CHUDAMS:U - entered.
23:05:47.394 CHUDAMS:U - entered.
23:05:47.403 CHUDAMS:U - entered.
23:05:47.411 CHUDAMS:U - entered.
23:05:47.419 CHUDAMS:U - entered.
23:05:47.428 CHUDAMS:U - entered.
23:05:47.437 CHUDAMS:U - entered.
23:05:47.448 CHUDAMS:U - entered.
23:05:47.458 CHUDAMS:U - entered.
23:05:47.467 CHUDAMS:U - entered.
23:05:47.475 CHUDAMS:U - entered.
23:05:47.483 CHUDAMS:U - entered.
23:05:47.491 CHUDAMS:U - entered.
23:05:47.499 CHUDAMS:U - entered.
23:05:47.507 CHUDAMS:U - entered.
23:05:47.516 CHUDAMS:U - entered.
23:05:47.524 CHUDAMS:U - entered.
23:05:47.533 CHUDAMS:U - entered.
23:05:47.542 CHUDAMS:U - entered.
23:05:47.550 CHUDAMS:U - entered.
23:05:47.558 CHUDAMS:U - entered.
23:05:47.567 CHUDAMS:U - entered.
23:05:47.574 CHUDAMS:U - entered.
23:05:47.583 CHUDAMS:U - entered.
23:05:47.591 CHUDAMS:U - entered.
23:05:47.600 CHUDAMS:U - entered.
23:05:47.608 CHUDAMS:U - entered.
23:05:47.617 CHUDAMS:U - entered.
23:05:47.625 CHUDAMS:U - entered.
23:05:47.633 CHUDAMS:U - entered.
23:05:47.642 CHUDAMS:U - entered.
23:05:47.651 CHUDAMS:U - entered.
23:05:47.660 CHUDAMS:U - entered.
23:05:47.668 CHUDAMS:U - entered.
23:05:47.676 CHUDAMS:U - entered.
23:05:47.685 CHUDAMS:U - entered.
23:05:47.693 CHUDAMS:U - entered.
23:05:47.702 CHUDAMS:U - entered.
23:05:47.711 CHUDAMS:U - entered.
23:05:47.720 CHUDAMS:U - entered.
23:05:47.729 CHUDAMS:U - entered.
23:05:47.737 CHUDAMS:U - entered.
23:05:47.745 CHUDAMS:U - entered.
23:05:47.755 CHUDAMS:U - entered.
23:05:47.763 CHUDAMS:U - entered.
23:05:47.772 CHUDAMS:U - entered.
23:05:47.780 CHUDAMS:U - entered.
23:05:47.788 CHUDAMS:U - entered.
23:05:47.797 CHUDAMS:U - entered.
23:05:47.805 CHUDAMS:U - entered.
23:05:47.812 CHUDAMS:U - entered.
23:05:47.820 CHUDAMS:U - entered.
23:05:47.828 CHUDAMS:U - entered.
23:05:47.835 CHUDAMS:U - entered.
23:05:47.843 CHUDAMS:U - entered.
23:05:47.851 CHUDAMS:U - entered.
23:05:47.860 CHUDAMS:U - entered.
23:05:47.867 CHUDAMS:U - entered.
23:05:47.876 CHUDAMS:U - entered.
23:05:47.885 CHUDAMS:U - entered.
23:05:47.893 CHUDAMS:U - entered.
23:05:47.902 CHUDAMS:U - entered.
23:05:47.910 CHUDAMS:U - entered.
23:05:47.919 CHUDAMS:U - entered.
23:05:47.927 CHUDAMS:U - entered.
23:05:47.935 CHUDAMS:U - entered.
23:05:47.943 CHUDAMS:U - entered.
23:05:47.952 CHUDAMS:U - entered.
23:05:47.960 CHUDAMS:U - entered.
23:05:47.968 CHUDAMS:U - entered.
23:05:47.977 CHUDAMS:U - entered.
23:05:47.985 CHUDAMS:U - entered.
23:05:47.994 CHUDAMS:U - entered.
23:05:48.002 CHUDAMS:U - entered.
23:05:48.011 CHUDAMS:U - entered.
23:05:48.019 CHUDAMS:U - entered.
23:05:48.028 CHUDAMS:U - entered.
23:05:48.036 CHUDAMS:U - entered.
23:05:48.044 CHUDAMS:U - entered.
23:05:48.052 CHUDAMS:U - entered.
23:05:48.060 CHUDAMS:U - entered.
23:05:48.069 CHUDAMS:U - entered.
23:05:48.078 CHUDAMS:U - entered.
23:05:48.086 CHUDAMS:U - entered.
23:05:48.095 CHUDAMS:U - entered.
23:05:48.104 CHUDAMS:U - entered.
23:05:48.112 CHUDAMS:U - entered.
23:05:48.121 CHUDAMS:U - entered.
23:05:48.130 CHUDAMS:U - entered.
23:05:48.139 CHUDAMS:U - entered.
23:05:48.147 CHUDAMS:U - entered.
23:05:48.157 CHUDAMS:U - entered.
23:05:48.165 CHUDAMS:U - entered.
23:05:48.173 CHUDAMS:U - entered.
23:05:48.182 CHUDAMS:U - entered.
23:05:48.190 CHUDAMS:U - entered.
23:05:48.198 CHUDAMS:U - entered.
23:05:48.206 CHUDAMS:U - entered.
23:05:48.215 CHUDAMS:U - entered.
23:05:48.223 CHUDAMS:U - entered.
23:05:48.231 CHUDAMS:U - entered.
23:05:48.239 CHUDAMS:U - entered.
23:05:48.248 CHUDAMS:U - entered.
23:05:48.256 CHUDAMS:U - entered.
23:05:48.264 CHUDAMS:U - entered.
23:05:48.273 CHUDAMS:U - entered.
23:05:48.281 CHUDAMS:U - entered.
23:05:48.289 CHUDAMS:U - entered.
23:05:48.297 CHUDAMS:U - entered.
23:05:48.305 CHUDAMS:U - entered.
23:05:48.313 CHUDAMS:U - entered.
23:05:48.321 CHUDAMS:U - entered.
23:05:48.329 CHUDAMS:U - entered.
23:05:48.337 CHUDAMS:U - entered.
23:05:48.345 CHUDAMS:U - entered.
23:05:48.353 CHUDAMS:U - entered.
23:05:48.360 CHUDAMS:U - entered.
23:05:48.368 CHUDAMS:U - entered.
23:05:48.377 CHUDAMS:U - entered.
23:05:48.385 CHUDAMS:U - entered.
23:05:48.393 CHUDAMS:U - entered.
23:05:48.402 CHUDAMS:U - entered.
23:05:48.409 CHUDAMS:U - entered.
23:05:48.417 CHUDAMS:U - entered.
23:05:48.427 CHUDAMS:U - entered.
23:05:48.435 CHUDAMS:U - entered.
23:05:48.443 CHUDAMS:U - entered.
23:05:48.452 CHUDAMS:U - entered.
23:05:48.460 CHUDAMS:U - entered.
23:05:48.468 CHUDAMS:U - entered.
23:05:48.477 CHUDAMS:U - entered.
23:05:48.486 CHUDAMS:U - entered.
23:05:48.495 CHUDAMS:U - entered.
23:05:48.503 CHUDAMS:U - entered.
23:05:48.511 CHUDAMS:U - entered.
23:05:48.519 CHUDAMS:U - entered.
23:05:48.527 CHUDAMS:U - entered.
23:05:48.535 CHUDAMS:U - entered.
23:05:48.544 CHUDAMS:U - entered.
23:05:48.552 CHUDAMS:U - entered.
23:05:48.560 CHUDAMS:U - entered.
23:05:48.568 CHUDAMS:U - entered.
23:05:48.576 CHUDAMS:U - entered.
23:05:48.585 CHUDAMS:U - entered.
23:05:48.593 CHUDAMS:U - entered.
23:05:48.601 CHUDAMS:U - entered.
23:05:48.610 CHUDAMS:U - entered.
23:05:48.618 CHUDAMS:U - entered.
23:05:48.626 CHUDAMS:U - entered.
23:05:48.635 CHUDAMS:U - entered.
23:05:48.643 CHUDAMS:U - entered.
23:05:48.652 CHUDAMS:U - entered.
23:05:48.660 CHUDAMS:U - entered.
23:05:48.668 CHUDAMS:U - entered.
23:05:48.677 CHUDAMS:U - entered.
23:05:48.685 CHUDAMS:U - entered.
23:05:48.693 CHUDAMS:U - entered.
23:05:48.702 CHUDAMS:U - entered.
23:05:48.710 CHUDAMS:U - entered.
23:05:48.718 CHUDAMS:U - entered.
23:05:48.727 CHUDAMS:U - entered.
23:05:48.735 CHUDAMS:U - entered.
23:05:48.744 CHUDAMS:U - entered.
23:05:48.752 CHUDAMS:U - entered.
23:05:48.760 CHUDAMS:U - entered.
23:05:48.768 CHUDAMS:U - entered.
23:05:48.777 CHUDAMS:U - entered.
23:05:48.784 CHUDAMS:U - entered.
23:05:48.793 CHUDAMS:U - entered.
23:05:48.801 CHUDAMS:U - entered.
23:05:48.809 CHUDAMS:U - entered.
23:05:48.818 CHUDAMS:U - entered.
23:05:48.826 CHUDAMS:U - entered.
23:05:48.834 CHUDAMS:U - entered.
23:05:48.843 CHUDAMS:U - entered.
23:05:48.852 CHUDAMS:U - entered.
23:05:48.860 CHUDAMS:U - entered.
23:05:48.868 CHUDAMS:U - entered.
23:05:48.876 CHUDAMS:U - entered.
23:05:48.885 CHUDAMS:U - entered.
23:05:48.893 CHUDAMS:U - entered.
23:05:48.901 CHUDAMS:U - entered.
23:05:48.910 CHUDAMS:U - entered.
23:05:48.918 CHUDAMS:U - entered.
23:05:48.926 CHUDAMS:U - entered.
23:05:48.935 CHUDAMS:U - entered.
23:05:48.944 CHUDAMS:U - entered.
23:05:48.952 CHUDAMS:U - entered.
23:05:48.960 CHUDAMS:U - entered.
23:05:48.969 CHUDAMS:U - entered.
23:05:48.979 CHUDAMS:U - entered.
23:05:48.987 CHUDAMS:U - entered.
23:05:48.995 CHUDAMS:U - entered.
23:05:49.004 CHUDAMS:U - entered.
23:05:49.013 CHUDAMS:U - entered.
23:05:49.021 CHUDAMS:U - entered.
23:05:49.029 CHUDAMS:U - entered.
23:05:49.038 CHUDAMS:U - entered.
23:05:49.046 CHUDAMS:U - entered.
23:05:49.055 CHUDAMS:U - entered.
23:05:49.063 CHUDAMS:U - entered.
23:05:49.071 CHUDAMS:U - entered.
23:05:49.080 CHUDAMS:U - entered.
23:05:49.088 CHUDAMS:U - entered.
23:05:49.096 CHUDAMS:U - entered.
23:05:49.104 CHUDAMS:U - entered.
23:05:49.112 CHUDAMS:U - entered.
23:05:49.120 CHUDAMS:U - entered.
23:05:49.128 CHUDAMS:U - entered.
23:05:49.136 CHUDAMS:U - entered.
23:05:49.144 CHUDAMS:U - entered.
23:05:49.152 CHUDAMS:U - entered.
23:05:49.161 CHUDAMS:U - entered.
23:05:49.169 CHUDAMS:U - entered.
23:05:49.177 CHUDAMS:U - entered.
23:05:49.186 CHUDAMS:U - entered.
23:05:49.194 CHUDAMS:U - entered.
23:05:49.202 CHUDAMS:U - entered.
23:05:49.211 CHUDAMS:U - entered.
23:05:49.218 CHUDAMS:U - entered.
23:05:49.227 CHUDAMS:U - entered.
23:05:49.235 CHUDAMS:U - entered.
23:05:49.243 CHUDAMS:U - entered.
23:05:49.252 CHUDAMS:U - entered.
23:05:49.260 CHUDAMS:U - entered.
23:05:49.268 CHUDAMS:U - entered.
23:05:49.276 CHUDAMS:U - entered.
23:05:49.285 CHUDAMS:U - entered.
23:05:49.293 CHUDAMS:U - entered.
23:05:49.302 CHUDAMS:U - entered.
23:05:49.310 CHUDAMS:U - entered.
23:05:49.319 CHUDAMS:U - entered.
23:05:49.327 CHUDAMS:U - entered.
23:05:49.336 CHUDAMS:U - entered.
23:05:49.344 CHUDAMS:U - entered.
23:05:49.352 CHUDAMS:U - entered.
23:05:49.360 CHUDAMS:U - entered.
23:05:49.368 CHUDAMS:U - entered.
23:05:49.377 CHUDAMS:U - entered.
23:05:49.385 CHUDAMS:U - entered.
23:05:49.394 CHUDAMS:U - entered.
23:05:49.402 CHUDAMS:U - entered.
23:05:49.411 CHUDAMS:U - entered.
23:05:49.419 CHUDAMS:U - entered.
23:05:49.427 CHUDAMS:U - entered.
23:05:49.435 CHUDAMS:U - entered.
23:05:49.444 CHUDAMS:U - entered.
23:05:49.452 CHUDAMS:U - entered.
23:05:49.461 CHUDAMS:U - entered.
23:05:49.469 CHUDAMS:U - entered.
23:05:49.477 CHUDAMS:U - entered.
23:05:49.485 CHUDAMS:U - entered.
23:05:49.493 CHUDAMS:U - entered.
23:05:49.501 CHUDAMS:U - entered.
23:05:49.509 CHUDAMS:U - entered.
23:05:49.518 CHUDAMS:U - entered.
23:05:49.528 CHUDAMS:U - entered.
23:05:49.536 CHUDAMS:U - entered.
23:05:49.544 CHUDAMS:U - entered.
23:05:49.553 CHUDAMS:U - entered.
23:05:49.560 CHUDAMS:U - entered.
23:05:49.568 CHUDAMS:U - entered.
23:05:49.576 CHUDAMS:U - entered.
23:05:49.585 CHUDAMS:U - entered.
23:05:49.593 CHUDAMS:U - entered.
23:05:49.604 CHUDAMS:U - entered.
23:05:49.613 CHUDAMS:U - entered.
23:05:49.623 CHUDAMS:U - entered.
23:05:49.634 CHUDAMS:U - entered.
23:05:49.645 CHUDAMS:U - entered.
23:05:49.654 CHUDAMS:U - entered.
23:05:49.665 CHUDAMS:U - entered.
23:05:49.675 CHUDAMS:U - entered.
23:05:49.685 CHUDAMS:U - entered.
23:05:49.695 CHUDAMS:U - entered.
23:05:49.704 CHUDAMS:U - entered.
23:05:49.713 CHUDAMS:U - entered.
23:05:49.722 CHUDAMS:U - entered.
23:05:49.731 CHUDAMS:U - entered.
23:05:49.742 CHUDAMS:U - entered.
23:05:49.753 CHUDAMS:U - entered.
23:05:49.762 CHUDAMS:U - entered.
23:05:49.772 CHUDAMS:U - entered.
23:05:49.782 CHUDAMS:U - entered.
23:05:49.792 CHUDAMS:U - entered.
23:05:49.801 CHUDAMS:U - entered.
23:05:49.810 CHUDAMS:U - entered.
23:05:49.820 CHUDAMS:U - entered.
23:05:49.831 CHUDAMS:U - entered.
23:05:49.839 CHUDAMS:U - entered.
23:05:49.847 CHUDAMS:U - entered.
23:05:49.855 CHUDAMS:U - entered.
23:05:49.864 CHUDAMS:U - entered.
23:05:49.872 CHUDAMS:U - entered.
23:05:49.880 CHUDAMS:U - entered.
23:05:49.888 CHUDAMS:U - entered.
23:05:49.897 CHUDAMS:U - entered.
23:05:49.905 CHUDAMS:U - entered.
23:05:49.914 CHUDAMS:U - entered.
23:05:49.922 CHUDAMS:U - entered.
23:05:49.930 CHUDAMS:U - entered.
23:05:49.939 CHUDAMS:U - entered.
23:05:49.948 CHUDAMS:U - entered.
23:05:49.956 CHUDAMS:U - entered.
23:05:49.964 CHUDAMS:U - entered.
23:05:49.973 CHUDAMS:U - entered.
23:05:49.982 CHUDAMS:U - entered.
23:05:49.991 CHUDAMS:U - entered.
23:05:50.000 CHUDAMS:U - entered.
23:05:50.009 CHUDAMS:U - entered.
23:05:50.019 CHUDAMS:U - entered.
23:05:50.027 CHUDAMS:U - entered.
23:05:50.035 CHUDAMS:U - entered.
23:05:50.043 CHUDAMS:U - entered.
23:05:50.052 CHUDAMS:U - entered.
23:05:50.060 CHUDAMS:U - entered.
23:05:50.070 CHUDAMS:U - entered.
23:05:50.078 CHUDAMS:U - entered.
23:05:50.087 CHUDAMS:U - entered.
23:05:50.094 CHUDAMS:U - entered.
23:05:50.102 CHUDAMS:U - entered.
23:05:50.110 CHUDAMS:U - entered.
23:05:50.118 CHUDAMS:U - entered.
23:05:50.127 CHUDAMS:U - entered.
23:05:50.135 CHUDAMS:U - entered.
23:05:50.144 CHUDAMS:U - entered.
23:05:50.152 CHUDAMS:U - entered.
23:05:50.160 CHUDAMS:U - entered.
23:05:50.168 CHUDAMS:U - entered.
23:05:50.177 CHUDAMS:U - entered.
23:05:50.186 CHUDAMS:U - entered.
23:05:50.194 CHUDAMS:U - entered.
23:05:50.203 CHUDAMS:U - entered.
23:05:50.211 CHUDAMS:U - entered.
23:05:50.218 CHUDAMS:U - entered.
23:05:50.226 CHUDAMS:U - entered.
23:05:50.234 CHUDAMS:U - entered.
23:05:50.243 CHUDAMS:U - entered.
23:05:50.251 CHUDAMS:U - entered.
23:05:50.260 CHUDAMS:U - entered.
23:05:50.268 CHUDAMS:U - entered.
23:05:50.276 CHUDAMS:U - entered.
23:05:50.285 CHUDAMS:U - entered.
23:05:50.293 CHUDAMS:U - entered.
23:05:50.304 CHUDAMS:U - entered.
23:05:50.311 CHUDAMS:U - entered.
23:05:50.319 CHUDAMS:U - entered.
23:05:50.327 CHUDAMS:U - entered.
23:05:50.335 CHUDAMS:U - entered.
23:05:50.344 CHUDAMS:U - entered.
23:05:50.352 CHUDAMS:U - entered.
23:05:50.361 CHUDAMS:U - entered.
23:05:50.369 CHUDAMS:U - entered.
23:05:50.377 CHUDAMS:U - entered.
23:05:50.386 CHUDAMS:U - entered.
23:05:50.394 CHUDAMS:U - entered.
23:05:50.402 CHUDAMS:U - entered.
23:05:50.411 CHUDAMS:U - entered.
23:05:50.419 CHUDAMS:U - entered.
23:05:50.427 CHUDAMS:U - entered.
23:05:50.436 CHUDAMS:U - entered.
23:05:50.444 CHUDAMS:U - entered.
23:05:50.453 CHUDAMS:U - entered.
23:05:50.461 CHUDAMS:U - entered.
23:05:50.470 CHUDAMS:U - entered.
23:05:50.478 CHUDAMS:U - entered.
23:05:50.488 CHUDAMS:U - entered.
23:05:50.497 CHUDAMS:U - entered.
23:05:50.506 CHUDAMS:U - entered.
23:05:50.514 CHUDAMS:U - entered.
23:05:50.525 CHUDAMS:U - entered.
23:05:50.535 CHUDAMS:U - entered.
23:05:50.545 CHUDAMS:U - entered.
23:05:50.554 CHUDAMS:U - entered.
23:05:50.563 CHUDAMS:U - entered.
23:05:50.571 CHUDAMS:U - entered.
23:05:50.580 CHUDAMS:U - entered.
23:05:50.589 CHUDAMS:U - entered.
23:05:50.598 CHUDAMS:U - entered.
23:05:50.606 CHUDAMS:U - entered.
23:05:50.615 CHUDAMS:U - entered.
23:05:50.624 CHUDAMS:U - entered.
23:05:50.633 CHUDAMS:U - entered.
23:05:50.641 CHUDAMS:U - entered.
23:05:50.650 CHUDAMS:U - entered.
23:05:50.658 CHUDAMS:U - entered.
23:05:50.666 CHUDAMS:U - entered.
23:05:50.674 CHUDAMS:U - entered.
23:05:50.682 CHUDAMS:U - entered.
23:05:50.689 CHUDAMS:U - entered.
23:05:50.697 CHUDAMS:U - entered.
23:05:50.704 CHUDAMS:U - entered.
23:05:50.712 CHUDAMS:U - entered.
23:05:50.720 CHUDAMS:U - entered.
23:05:50.727 CHUDAMS:U - entered.
23:05:50.735 CHUDAMS:U - entered.
23:05:50.744 CHUDAMS:U - entered.
23:05:50.753 CHUDAMS:U - entered.
23:05:50.760 CHUDAMS:U - entered.
23:05:50.768 CHUDAMS:U - entered.
23:05:50.777 CHUDAMS:U - entered.
23:05:50.786 CHUDAMS:U - entered.
23:05:50.794 CHUDAMS:U - entered.
23:05:50.802 CHUDAMS:U - entered.
23:05:50.811 CHUDAMS:U - entered.
23:05:50.818 CHUDAMS:U - entered.
23:05:50.827 CHUDAMS:U - entered.
23:05:50.835 CHUDAMS:U - entered.
23:05:50.843 CHUDAMS:U - entered.
23:05:50.852 CHUDAMS:U - entered.
23:05:50.860 CHUDAMS:U - entered.
23:05:50.869 CHUDAMS:U - entered.
23:05:50.877 CHUDAMS:U - entered.
23:05:50.885 CHUDAMS:U - entered.
23:05:50.894 CHUDAMS:U - entered.
23:05:50.902 CHUDAMS:U - entered.
23:05:50.910 CHUDAMS:U - entered.
23:05:50.919 CHUDAMS:U - entered.
23:05:50.928 CHUDAMS:U - entered.
23:05:50.936 CHUDAMS:U - entered.
23:05:50.944 CHUDAMS:U - entered.
23:05:50.953 CHUDAMS:U - entered.
23:05:50.961 CHUDAMS:U - entered.
23:05:50.970 CHUDAMS:U - entered.
23:05:50.978 CHUDAMS:U - entered.
23:05:50.986 CHUDAMS:U - entered.
23:05:50.994 CHUDAMS:U - entered.
23:05:51.003 CHUDAMS:U - entered.
23:05:51.011 CHUDAMS:U - entered.
23:05:51.019 CHUDAMS:U - entered.
23:05:51.027 CHUDAMS:U - entered.
23:05:51.037 CHUDAMS:U - entered.
23:05:51.045 CHUDAMS:U - entered.
23:05:51.052 CHUDAMS:U - entered.
23:05:51.060 CHUDAMS:U - entered.
23:05:51.069 CHUDAMS:U - entered.
23:05:51.077 CHUDAMS:U - entered.
23:05:51.085 CHUDAMS:U - entered.
23:05:51.093 CHUDAMS:U - entered.
23:05:51.102 CHUDAMS:U - entered.
23:05:51.110 CHUDAMS:U - entered.
23:05:51.119 CHUDAMS:U - entered.
23:05:51.127 CHUDAMS:U - entered.
23:05:51.135 CHUDAMS:U - entered.
23:05:51.144 CHUDAMS:U - entered.
23:05:51.152 CHUDAMS:U - entered.
23:05:51.161 CHUDAMS:U - entered.
23:05:51.169 CHUDAMS:U - entered.
23:05:51.178 CHUDAMS:U - entered.
23:05:51.186 CHUDAMS:U - entered.
23:05:51.195 CHUDAMS:U - entered.
23:05:51.203 CHUDAMS:U - entered.
23:05:51.211 CHUDAMS:U - entered.
23:05:51.219 CHUDAMS:U - entered.
23:05:51.227 CHUDAMS:U - entered.
23:05:51.236 CHUDAMS:U - entered.
23:05:51.244 CHUDAMS:U - entered.
23:05:51.252 CHUDAMS:U - entered.
23:05:51.260 CHUDAMS:U - entered.
23:05:51.269 CHUDAMS:U - entered.
23:05:51.277 CHUDAMS:U - entered.
23:05:51.286 CHUDAMS:U - entered.
23:05:51.294 CHUDAMS:U - entered.
23:05:51.302 CHUDAMS:U - entered.
23:05:51.310 CHUDAMS:U - entered.
23:05:51.319 CHUDAMS:U - entered.
23:05:51.327 CHUDAMS:U - entered.
23:05:51.336 CHUDAMS:U - entered.
23:05:51.344 CHUDAMS:U - entered.
23:05:51.352 CHUDAMS:U - entered.
23:05:51.361 CHUDAMS:U - entered.
23:05:51.369 CHUDAMS:U - entered.
23:05:51.377 CHUDAMS:U - entered.
23:05:51.386 CHUDAMS:U - entered.
23:05:51.394 CHUDAMS:U - entered.
23:05:51.402 CHUDAMS:U - entered.
23:05:51.411 CHUDAMS:U - entered.
23:05:51.419 CHUDAMS:U - entered.
23:05:51.426 CHUDAMS:U - entered.
23:05:51.435 CHUDAMS:U - entered.
23:05:51.443 CHUDAMS:U - entered.
23:05:51.452 CHUDAMS:U - entered.
23:05:51.460 CHUDAMS:U - entered.
23:05:51.469 CHUDAMS:U - entered.
23:05:51.477 CHUDAMS:U - entered.
23:05:51.485 CHUDAMS:U - entered.
23:05:51.493 CHUDAMS:U - entered.
23:05:51.502 CHUDAMS:U - entered.
23:05:51.511 CHUDAMS:U - entered.
23:05:51.519 CHUDAMS:U - entered.
23:05:51.527 CHUDAMS:U - entered.
23:05:51.536 CHUDAMS:U - entered.
23:05:51.543 CHUDAMS:U - entered.
23:05:51.552 CHUDAMS:U - entered.
23:05:51.561 CHUDAMS:U - entered.
23:05:51.569 CHUDAMS:U - entered.
23:05:51.577 CHUDAMS:U - entered.
23:05:51.585 CHUDAMS:U - entered.
23:05:51.594 CHUDAMS:U - entered.
23:05:51.602 CHUDAMS:U - entered.
23:05:51.610 CHUDAMS:U - entered.
23:05:51.619 CHUDAMS:U - entered.
23:05:51.627 CHUDAMS:U - entered.
23:05:51.636 CHUDAMS:U - entered.
23:05:51.644 CHUDAMS:U - entered.
23:05:51.652 CHUDAMS:U - entered.
23:05:51.661 CHUDAMS:U - entered.
23:05:51.669 CHUDAMS:U - entered.
23:05:51.677 CHUDAMS:U - entered.
23:05:51.686 CHUDAMS:U - entered.
23:05:51.694 CHUDAMS:U - entered.
23:05:51.703 CHUDAMS:U - entered.
23:05:51.711 CHUDAMS:U - entered.
23:05:51.720 CHUDAMS:U - entered.
23:05:51.728 CHUDAMS:U - entered.
23:05:51.736 CHUDAMS:U - entered.
23:05:51.744 CHUDAMS:U - entered.
23:05:51.754 CHUDAMS:U - entered.
23:05:51.762 CHUDAMS:U - entered.
23:05:51.770 CHUDAMS:U - entered.
23:05:51.778 CHUDAMS:U - entered.
23:05:51.786 CHUDAMS:U - entered.
23:05:51.793 CHUDAMS:U - entered.
23:05:51.802 CHUDAMS:U - entered.
23:05:51.810 CHUDAMS:U - entered.
23:05:51.819 CHUDAMS:U - entered.
23:05:51.827 CHUDAMS:U - entered.
23:05:51.835 CHUDAMS:U - entered.
23:05:51.844 CHUDAMS:U - entered.
23:05:51.852 CHUDAMS:U - entered.
23:05:51.860 CHUDAMS:U - entered.
23:05:51.869 CHUDAMS:U - entered.
23:05:51.877 CHUDAMS:U - entered.
23:05:51.885 CHUDAMS:U - entered.
23:05:51.894 CHUDAMS:U - entered.
23:05:51.902 CHUDAMS:U - entered.
23:05:51.911 CHUDAMS:U - entered.
23:05:51.919 CHUDAMS:U - entered.
23:05:51.928 CHUDAMS:U - entered.
23:05:51.935 CHUDAMS:U - entered.
23:05:51.944 CHUDAMS:U - entered.
23:05:51.952 CHUDAMS:U - entered.
23:05:51.960 CHUDAMS:U - entered.
23:05:51.969 CHUDAMS:U - entered.
23:05:51.977 CHUDAMS:U - entered.
23:05:51.986 CHUDAMS:U - entered.
23:05:51.995 CHUDAMS:U - entered.
23:05:52.003 CHUDAMS:U - entered.
23:05:52.013 CHUDAMS:U - entered.
23:05:52.021 CHUDAMS:U - entered.
23:05:52.029 CHUDAMS:U - entered.
23:05:52.037 CHUDAMS:U - entered.
23:05:52.045 CHUDAMS:U - entered.
23:05:52.053 CHUDAMS:U - entered.
23:05:52.061 CHUDAMS:U - entered.
23:05:52.069 CHUDAMS:U - entered.
23:05:52.077 CHUDAMS:U - entered.
23:05:52.086 CHUDAMS:U - entered.
23:05:52.095 CHUDAMS:U - entered.
23:05:52.103 CHUDAMS:U - entered.
23:05:52.111 CHUDAMS:U - entered.
23:05:52.119 CHUDAMS:U - entered.
23:05:52.128 CHUDAMS:U - entered.
23:05:52.137 CHUDAMS:U - entered.
23:05:52.145 CHUDAMS:U - entered.
23:05:52.153 CHUDAMS:U - entered.
23:05:52.161 CHUDAMS:U - entered.
23:05:52.170 CHUDAMS:U - entered.
23:05:52.178 CHUDAMS:U - entered.
23:05:52.186 CHUDAMS:U - entered.
23:05:52.197 CHUDAMS:U - entered.
23:05:52.205 CHUDAMS:U - entered.
23:05:52.217 CHUDAMS:U - entered.
23:05:52.227 CHUDAMS:U - entered.
23:05:52.237 CHUDAMS:U - entered.
23:05:52.247 CHUDAMS:U - entered.
23:05:52.257 CHUDAMS:U - entered.
23:05:52.266 CHUDAMS:U - entered.
23:05:52.276 CHUDAMS:U - entered.
23:05:52.284 CHUDAMS:U - entered.
23:05:52.293 CHUDAMS:U - entered.
23:05:52.301 CHUDAMS:U - entered.
23:05:52.310 CHUDAMS:U - entered.
23:05:52.318 CHUDAMS:U - entered.
23:05:52.326 CHUDAMS:U - entered.
23:05:52.335 CHUDAMS:U - entered.
23:05:52.343 CHUDAMS:U - entered.
23:05:52.351 CHUDAMS:U - entered.
23:05:52.359 CHUDAMS:U - entered.
23:05:52.367 CHUDAMS:U - entered.
23:05:52.376 CHUDAMS:U - entered.
23:05:52.384 CHUDAMS:U - entered.
23:05:52.392 CHUDAMS:U - entered.
23:05:52.401 CHUDAMS:U - entered.
23:05:52.410 CHUDAMS:U - entered.
23:05:52.418 CHUDAMS:U - entered.
23:05:52.425 CHUDAMS:U - entered.
23:05:52.435 CHUDAMS:U - entered.
23:05:52.443 CHUDAMS:U - entered.
23:05:52.452 CHUDAMS:U - entered.
23:05:52.460 CHUDAMS:U - entered.
23:05:52.470 CHUDAMS:U - entered.
23:05:52.478 CHUDAMS:U - entered.
23:05:52.487 CHUDAMS:U - entered.
23:05:52.496 CHUDAMS:U - entered.
23:05:52.504 CHUDAMS:U - entered.
23:05:52.512 CHUDAMS:U - entered.
23:05:52.522 CHUDAMS:U - entered.
23:05:52.531 CHUDAMS:U - entered.
23:05:52.539 CHUDAMS:U - entered.
23:05:52.548 CHUDAMS:U - entered.
23:05:52.556 CHUDAMS:U - entered.
23:05:52.564 CHUDAMS:U - entered.
23:05:52.572 CHUDAMS:U - entered.
23:05:52.581 CHUDAMS:U - entered.
23:05:52.589 CHUDAMS:U - entered.
23:05:52.597 CHUDAMS:U - entered.
23:05:52.606 CHUDAMS:U - entered.
23:05:52.614 CHUDAMS:U - entered.
23:05:52.622 CHUDAMS:U - entered.
23:05:52.629 CHUDAMS:U - entered.
23:05:52.637 CHUDAMS:U - entered.
23:05:52.645 CHUDAMS:U - entered.
23:05:52.654 CHUDAMS:U - entered.
23:05:52.662 CHUDAMS:U - entered.
23:05:52.670 CHUDAMS:U - entered.
23:05:52.678 CHUDAMS:U - entered.
23:05:52.686 CHUDAMS:U - entered.
23:05:52.695 CHUDAMS:U - entered.
23:05:52.703 CHUDAMS:U - entered.
23:05:52.711 CHUDAMS:U - entered.
23:05:52.719 CHUDAMS:U - entered.
23:05:52.727 CHUDAMS:U - entered.
23:05:52.735 CHUDAMS:U - entered.
23:05:52.744 CHUDAMS:U - entered.
23:05:52.752 CHUDAMS:U - entered.
23:05:52.761 CHUDAMS:U - entered.
23:05:52.770 CHUDAMS:U - entered.
23:05:52.777 CHUDAMS:U - entered.
23:05:52.785 CHUDAMS:U - entered.
23:05:52.794 CHUDAMS:U - entered.
23:05:52.802 CHUDAMS:U - entered.
23:05:52.810 CHUDAMS:U - entered.
23:05:52.819 CHUDAMS:U - entered.
23:05:52.828 CHUDAMS:U - entered.
23:05:52.836 CHUDAMS:U - entered.
23:05:52.844 CHUDAMS:U - entered.
23:05:52.853 CHUDAMS:U - entered.
23:05:52.861 CHUDAMS:U - entered.
23:05:52.869 CHUDAMS:U - entered.
23:05:52.877 CHUDAMS:U - entered.
23:05:52.886 CHUDAMS:U - entered.
23:05:52.894 CHUDAMS:U - entered.
23:05:52.902 CHUDAMS:U - entered.
23:05:52.911 CHUDAMS:U - entered.
23:05:52.919 CHUDAMS:U - entered.
23:05:52.929 CHUDAMS:U - entered.
23:05:52.937 CHUDAMS:U - entered.
23:05:52.946 CHUDAMS:U - entered.
23:05:52.955 CHUDAMS:U - entered.
23:05:52.965 CHUDAMS:U - entered.
23:05:52.974 CHUDAMS:U - entered.
23:05:52.982 CHUDAMS:U - entered.
23:05:52.991 CHUDAMS:U - entered.
23:05:52.999 CHUDAMS:U - entered.
23:05:53.007 CHUDAMS:U - entered.
23:05:53.015 CHUDAMS:U - entered.
23:05:53.024 CHUDAMS:U - entered.
23:05:53.032 CHUDAMS:U - entered.
23:05:53.040 CHUDAMS:U - entered.
23:05:53.048 CHUDAMS:U - entered.
23:05:53.057 CHUDAMS:U - entered.
23:05:53.065 CHUDAMS:U - entered.
23:05:53.073 CHUDAMS:U - entered.
23:05:53.085 CHUDAMS:U - entered.
23:05:53.094 CHUDAMS:U - entered.
23:05:53.103 CHUDAMS:U - entered.
23:05:53.111 CHUDAMS:U - entered.
23:05:53.120 CHUDAMS:U - entered.
23:05:53.130 CHUDAMS:U - entered.
23:05:53.139 CHUDAMS:U - entered.
23:05:53.150 CHUDAMS:U - entered.
23:05:53.159 CHUDAMS:U - entered.
23:05:53.167 CHUDAMS:U - entered.
23:05:53.175 CHUDAMS:U - entered.
23:05:53.184 CHUDAMS:U - entered.
23:05:53.193 CHUDAMS:U - entered.
23:05:53.201 CHUDAMS:U - entered.
23:05:53.210 CHUDAMS:U - entered.
23:05:53.218 CHUDAMS:U - entered.
23:05:53.226 CHUDAMS:U - entered.
23:05:53.235 CHUDAMS:U - entered.
23:05:53.243 CHUDAMS:U - entered.
23:05:53.250 CHUDAMS:U - entered.
23:05:53.259 CHUDAMS:U - entered.
23:05:53.267 CHUDAMS:U - entered.
23:05:53.275 CHUDAMS:U - entered.
23:05:53.283 CHUDAMS:U - entered.
23:05:53.291 CHUDAMS:U - entered.
23:05:53.299 CHUDAMS:U - entered.
23:05:53.307 CHUDAMS:U - entered.
23:05:53.315 CHUDAMS:U - entered.
23:05:53.323 CHUDAMS:U - entered.
23:05:53.331 CHUDAMS:U - entered.
23:05:53.339 CHUDAMS:U - entered.
23:05:53.347 CHUDAMS:U - entered.
23:05:53.356 CHUDAMS:U - entered.
23:05:53.364 CHUDAMS:U - entered.
23:05:53.372 CHUDAMS:U - entered.
23:05:53.380 CHUDAMS:U - entered.
23:05:53.388 CHUDAMS:U - entered.
23:05:53.396 CHUDAMS:U - entered.
23:05:53.405 CHUDAMS:U - entered.
23:05:53.414 CHUDAMS:U - entered.
23:05:53.422 CHUDAMS:U - entered.
23:05:53.430 CHUDAMS:U - entered.
23:05:53.438 CHUDAMS:U - entered.
23:05:53.445 CHUDAMS:U - entered.
23:05:53.453 CHUDAMS:U - entered.
23:05:53.461 CHUDAMS:U - entered.
23:05:53.469 CHUDAMS:U - entered.
23:05:53.477 CHUDAMS:U - entered.
23:05:53.486 CHUDAMS:U - entered.
23:05:53.494 CHUDAMS:U - entered.
23:05:53.502 CHUDAMS:U - entered.
23:05:53.511 CHUDAMS:U - entered.
23:05:53.519 CHUDAMS:U - entered.
23:05:53.527 CHUDAMS:U - entered.
23:05:53.536 CHUDAMS:U - entered.
23:05:53.544 CHUDAMS:U - entered.
23:05:53.553 CHUDAMS:U - entered.
23:05:53.561 CHUDAMS:U - entered.
23:05:53.569 CHUDAMS:U - entered.
23:05:53.578 CHUDAMS:U - entered.
23:05:53.586 CHUDAMS:U - entered.
23:05:53.595 CHUDAMS:U - entered.
23:05:53.603 CHUDAMS:U - entered.
23:05:53.611 CHUDAMS:U - entered.
23:05:53.619 CHUDAMS:U - entered.
23:05:53.628 CHUDAMS:U - entered.
23:05:53.636 CHUDAMS:U - entered.
23:05:53.645 CHUDAMS:U - entered.
23:05:53.653 CHUDAMS:U - entered.
23:05:53.661 CHUDAMS:U - entered.
23:05:53.670 CHUDAMS:U - entered.
23:05:53.678 CHUDAMS:U - entered.
23:05:53.687 CHUDAMS:U - entered.
23:05:53.695 CHUDAMS:U - entered.
23:05:53.703 CHUDAMS:U - entered.
23:05:53.712 CHUDAMS:U - entered.
23:05:53.720 CHUDAMS:U - entered.
23:05:53.728 CHUDAMS:U - entered.
23:05:53.737 CHUDAMS:U - entered.
23:05:53.745 CHUDAMS:U - entered.
23:05:53.755 CHUDAMS:U - entered.
23:05:53.763 CHUDAMS:U - entered.
23:05:53.772 CHUDAMS:U - entered.
23:05:53.779 CHUDAMS:U - entered.
23:05:53.787 CHUDAMS:U - entered.
23:05:53.795 CHUDAMS:U - entered.
23:05:53.803 CHUDAMS:U - entered.
23:05:53.811 CHUDAMS:U - entered.
23:05:53.819 CHUDAMS:U - entered.
23:05:53.828 CHUDAMS:U - entered.
23:05:53.836 CHUDAMS:U - entered.
23:05:53.844 CHUDAMS:U - entered.
23:05:53.852 CHUDAMS:U - entered.
23:05:53.861 CHUDAMS:U - entered.
23:05:53.869 CHUDAMS:U - entered.
23:05:53.877 CHUDAMS:U - entered.
23:05:53.886 CHUDAMS:U - entered.
23:05:53.894 CHUDAMS:U - entered.
23:05:53.903 CHUDAMS:U - entered.
23:05:53.911 CHUDAMS:U - entered.
23:05:53.919 CHUDAMS:U - entered.
23:05:53.928 CHUDAMS:U - entered.
23:05:53.937 CHUDAMS:U - entered.
23:05:53.944 CHUDAMS:U - entered.
23:05:53.953 CHUDAMS:U - entered.
23:05:53.961 CHUDAMS:U - entered.
23:05:53.970 CHUDAMS:U - entered.
23:05:53.978 CHUDAMS:U - entered.
23:05:53.986 CHUDAMS:U - entered.
23:05:53.995 CHUDAMS:U - entered.
23:05:54.003 CHUDAMS:U - entered.
23:05:54.012 CHUDAMS:U - entered.
23:05:54.020 CHUDAMS:U - entered.
23:05:54.028 CHUDAMS:U - entered.
23:05:54.036 CHUDAMS:U - entered.
23:05:54.044 CHUDAMS:U - entered.
23:05:54.052 CHUDAMS:U - entered.
23:05:54.061 CHUDAMS:U - entered.
23:05:54.069 CHUDAMS:U - entered.
23:05:54.077 CHUDAMS:U - entered.
23:05:54.086 CHUDAMS:U - entered.
23:05:54.094 CHUDAMS:U - entered.
23:05:54.103 CHUDAMS:U - entered.
23:05:54.111 CHUDAMS:U - entered.
23:05:54.119 CHUDAMS:U - entered.
23:05:54.128 CHUDAMS:U - entered.
23:05:54.137 CHUDAMS:U - entered.
23:05:54.145 CHUDAMS:U - entered.
23:05:54.153 CHUDAMS:U - entered.
23:05:54.162 CHUDAMS:U - entered.
23:05:54.170 CHUDAMS:U - entered.
23:05:54.178 CHUDAMS:U - entered.
23:05:54.187 CHUDAMS:U - entered.
23:05:54.195 CHUDAMS:U - entered.
23:05:54.204 CHUDAMS:U - entered.
23:05:54.212 CHUDAMS:U - entered.
23:05:54.219 CHUDAMS:U - entered.
23:05:54.227 CHUDAMS:U - entered.
23:05:54.236 CHUDAMS:U - entered.
23:05:54.244 CHUDAMS:U - entered.
23:05:54.252 CHUDAMS:U - entered.
23:05:54.261 CHUDAMS:U - entered.
23:05:54.269 CHUDAMS:U - entered.
23:05:54.277 CHUDAMS:U - entered.
23:05:54.286 CHUDAMS:U - entered.
23:05:54.294 CHUDAMS:U - entered.
23:05:54.302 CHUDAMS:U - entered.
23:05:54.311 CHUDAMS:U - entered.
23:05:54.319 CHUDAMS:U - entered.
23:05:54.327 CHUDAMS:U - entered.
23:05:54.336 CHUDAMS:U - entered.
23:05:54.344 CHUDAMS:U - entered.
23:05:54.353 CHUDAMS:U - entered.
23:05:54.361 CHUDAMS:U - entered.
23:05:54.369 CHUDAMS:U - entered.
23:05:54.378 CHUDAMS:U - entered.
23:05:54.386 CHUDAMS:U - entered.
23:05:54.395 CHUDAMS:U - entered.
23:05:54.403 CHUDAMS:U - entered.
23:05:54.411 CHUDAMS:U - entered.
23:05:54.419 CHUDAMS:U - entered.
23:05:54.428 CHUDAMS:U - entered.
23:05:54.436 CHUDAMS:U - entered.
23:05:54.445 CHUDAMS:U - entered.
23:05:54.453 CHUDAMS:U - entered.
23:05:54.462 CHUDAMS:U - entered.
23:05:54.469 CHUDAMS:U - entered.
23:05:54.478 CHUDAMS:U - entered.
23:05:54.487 CHUDAMS:U - entered.
23:05:54.495 CHUDAMS:U - entered.
23:05:54.503 CHUDAMS:U - entered.
23:05:54.512 CHUDAMS:U - entered.
23:05:54.520 CHUDAMS:U - entered.
23:05:54.528 CHUDAMS:U - entered.
23:05:54.537 CHUDAMS:U - entered.
23:05:54.545 CHUDAMS:U - entered.
23:05:54.556 CHUDAMS:U - entered.
23:05:54.565 CHUDAMS:U - entered.
23:05:54.573 CHUDAMS:U - entered.
23:05:54.581 CHUDAMS:U - entered.
23:05:54.588 CHUDAMS:U - entered.
23:05:54.596 CHUDAMS:U - entered.
23:05:54.604 CHUDAMS:U - entered.
23:05:54.612 CHUDAMS:U - entered.
23:05:54.620 CHUDAMS:U - entered.
23:05:54.628 CHUDAMS:U - entered.
23:05:54.637 CHUDAMS:U - entered.
23:05:54.645 CHUDAMS:U - entered.
23:05:54.654 CHUDAMS:U - entered.
23:05:54.662 CHUDAMS:U - entered.
23:05:54.671 CHUDAMS:U - entered.
23:05:54.679 CHUDAMS:U - entered.
23:05:54.688 CHUDAMS:U - entered.
23:05:54.698 CHUDAMS:U - entered.
23:05:54.707 CHUDAMS:U - entered.
23:05:54.716 CHUDAMS:U - entered.
23:05:54.725 CHUDAMS:U - entered.
23:05:54.735 CHUDAMS:U - entered.
23:05:54.744 CHUDAMS:U - entered.
23:05:54.753 CHUDAMS:U - entered.
23:05:54.761 CHUDAMS:U - entered.
23:05:54.771 CHUDAMS:U - entered.
23:05:54.780 CHUDAMS:U - entered.
23:05:54.789 CHUDAMS:U - entered.
23:05:54.798 CHUDAMS:U - entered.
23:05:54.807 CHUDAMS:U - entered.
23:05:54.815 CHUDAMS:U - entered.
23:05:54.824 CHUDAMS:U - entered.
23:05:54.833 CHUDAMS:U - entered.
23:05:54.841 CHUDAMS:U - entered.
23:05:54.850 CHUDAMS:U - entered.
23:05:54.859 CHUDAMS:U - entered.
23:05:54.867 CHUDAMS:U - entered.
23:05:54.876 CHUDAMS:U - entered.
23:05:54.884 CHUDAMS:U - entered.
23:05:54.891 CHUDAMS:U - entered.
23:05:54.899 CHUDAMS:U - entered.
23:05:54.907 CHUDAMS:U - entered.
23:05:54.915 CHUDAMS:U - entered.
23:05:54.923 CHUDAMS:U - entered.
23:05:54.930 CHUDAMS:U - entered.
23:05:54.938 CHUDAMS:U - entered.
23:05:54.946 CHUDAMS:U - entered.
23:05:54.954 CHUDAMS:U - entered.
23:05:54.962 CHUDAMS:U - entered.
23:05:54.969 CHUDAMS:U - entered.
23:05:54.978 CHUDAMS:U - entered.
23:05:54.986 CHUDAMS:U - entered.
23:05:54.994 CHUDAMS:U - entered.
23:05:55.003 CHUDAMS:U - entered.
23:05:55.011 CHUDAMS:U - entered.
23:05:55.019 CHUDAMS:U - entered.
23:05:55.028 CHUDAMS:U - entered.
23:05:55.036 CHUDAMS:U - entered.
23:05:55.044 CHUDAMS:U - entered.
23:05:55.053 CHUDAMS:U - entered.
23:05:55.061 CHUDAMS:U - entered.
23:05:55.070 CHUDAMS:U - entered.
23:05:55.078 CHUDAMS:U - entered.
23:05:55.086 CHUDAMS:U - entered.
23:05:55.095 CHUDAMS:U - entered.
23:05:55.103 CHUDAMS:U - entered.
23:05:55.112 CHUDAMS:U - entered.
23:05:55.120 CHUDAMS:U - entered.
23:05:55.128 CHUDAMS:U - entered.
23:05:55.137 CHUDAMS:U - entered.
23:05:55.145 CHUDAMS:U - entered.
23:05:55.153 CHUDAMS:U - entered.
23:05:55.162 CHUDAMS:U - entered.
23:05:55.170 CHUDAMS:U - entered.
23:05:55.178 CHUDAMS:U - entered.
23:05:55.187 CHUDAMS:U - entered.
23:05:55.195 CHUDAMS:U - entered.
23:05:55.205 CHUDAMS:U - entered.
23:05:55.213 CHUDAMS:U - entered.
23:05:55.221 CHUDAMS:U - entered.
23:05:55.229 CHUDAMS:U - entered.
23:05:55.237 CHUDAMS:U - entered.
23:05:55.245 CHUDAMS:U - entered.
23:05:55.253 CHUDAMS:U - entered.
23:05:55.262 CHUDAMS:U - entered.
23:05:55.271 CHUDAMS:U - entered.
23:05:55.280 CHUDAMS:U - entered.
23:05:55.289 CHUDAMS:U - entered.
23:05:55.297 CHUDAMS:U - entered.
23:05:55.305 CHUDAMS:U - entered.
23:05:55.314 CHUDAMS:U - entered.
23:05:55.322 CHUDAMS:U - entered.
23:05:55.329 CHUDAMS:U - entered.
23:05:55.337 CHUDAMS:U - entered.
23:05:55.345 CHUDAMS:U - entered.
23:05:55.353 CHUDAMS:U - entered.
23:05:55.361 CHUDAMS:U - entered.
23:05:55.370 CHUDAMS:U - entered.
23:05:55.378 CHUDAMS:U - entered.
23:05:55.386 CHUDAMS:U - entered.
23:05:55.395 CHUDAMS:U - entered.
23:05:55.404 CHUDAMS:U - entered.
23:05:55.411 CHUDAMS:U - entered.
23:05:55.420 CHUDAMS:U - entered.
23:05:55.428 CHUDAMS:U - entered.
23:05:55.437 CHUDAMS:U - entered.
23:05:55.445 CHUDAMS:U - entered.
23:05:55.453 CHUDAMS:U - entered.
23:05:55.462 CHUDAMS:U - entered.
23:05:55.470 CHUDAMS:U - entered.
23:05:55.479 CHUDAMS:U - entered.
23:05:55.487 CHUDAMS:U - entered.
23:05:55.495 CHUDAMS:U - entered.
23:05:55.504 CHUDAMS:U - entered.
23:05:55.512 CHUDAMS:U - entered.
23:05:55.520 CHUDAMS:U - entered.
23:05:55.528 CHUDAMS:U - entered.
23:05:55.537 CHUDAMS:U - entered.
23:05:55.546 CHUDAMS:U - entered.
23:05:55.555 CHUDAMS:U - entered.
23:05:55.563 CHUDAMS:U - entered.
23:05:55.572 CHUDAMS:U - entered.
23:05:55.581 CHUDAMS:U - entered.
23:05:55.589 CHUDAMS:U - entered.
23:05:55.597 CHUDAMS:U - entered.
23:05:55.605 CHUDAMS:U - entered.
23:05:55.614 CHUDAMS:U - entered.
23:05:55.622 CHUDAMS:U - entered.
23:05:55.630 CHUDAMS:U - entered.
23:05:55.638 CHUDAMS:U - entered.
23:05:55.646 CHUDAMS:U - entered.
23:05:55.654 CHUDAMS:U - entered.
23:05:55.662 CHUDAMS:U - entered.
23:05:55.670 CHUDAMS:U - entered.
23:05:55.679 CHUDAMS:U - entered.
23:05:55.687 CHUDAMS:U - entered.
23:05:55.696 CHUDAMS:U - entered.
23:05:55.704 CHUDAMS:U - entered.
23:05:55.712 CHUDAMS:U - entered.
23:05:55.720 CHUDAMS:U - entered.
23:05:55.729 CHUDAMS:U - entered.
23:05:55.737 CHUDAMS:U - entered.
23:05:55.745 CHUDAMS:U - entered.
23:05:55.754 CHUDAMS:U - entered.
23:05:55.762 CHUDAMS:U - entered.
23:05:55.771 CHUDAMS:U - entered.
23:05:55.779 CHUDAMS:U - entered.
23:05:55.788 CHUDAMS:U - entered.
23:05:55.796 CHUDAMS:U - entered.
23:05:55.804 CHUDAMS:U - entered.
23:05:55.812 CHUDAMS:U - entered.
23:05:55.819 CHUDAMS:U - entered.
23:05:55.828 CHUDAMS:U - entered.
23:05:55.836 CHUDAMS:U - entered.
23:05:55.845 CHUDAMS:U - entered.
23:05:55.853 CHUDAMS:U - entered.
23:05:55.861 CHUDAMS:U - entered.
23:05:55.870 CHUDAMS:U - entered.
23:05:55.878 CHUDAMS:U - entered.
23:05:55.886 CHUDAMS:U - entered.
23:05:55.895 CHUDAMS:U - entered.
23:05:55.903 CHUDAMS:U - entered.
23:05:55.912 CHUDAMS:U - entered.
23:05:55.920 CHUDAMS:U - entered.
23:05:55.928 CHUDAMS:U - entered.
23:05:55.936 CHUDAMS:U - entered.
23:05:55.945 CHUDAMS:U - entered.
23:05:55.953 CHUDAMS:U - entered.
23:05:55.962 CHUDAMS:U - entered.
23:05:55.970 CHUDAMS:U - entered.
23:05:55.978 CHUDAMS:U - entered.
23:05:55.987 CHUDAMS:U - entered.
23:05:55.995 CHUDAMS:U - entered.
23:05:56.004 CHUDAMS:U - entered.
23:05:56.012 CHUDAMS:U - entered.
23:05:56.020 CHUDAMS:U - entered.
23:05:56.029 CHUDAMS:U - entered.
23:05:56.037 CHUDAMS:U - entered.
23:05:56.046 CHUDAMS:U - entered.
23:05:56.055 CHUDAMS:U - entered.
23:05:56.063 CHUDAMS:U - entered.
23:05:56.071 CHUDAMS:U - entered.
23:05:56.079 CHUDAMS:U - entered.
23:05:56.088 CHUDAMS:U - entered.
23:05:56.097 CHUDAMS:U - entered.
23:05:56.106 CHUDAMS:U - entered.
23:05:56.114 CHUDAMS:U - entered.
23:05:56.122 CHUDAMS:U - entered.
23:05:56.131 CHUDAMS:U - entered.
23:05:56.139 CHUDAMS:U - entered.
23:05:56.146 CHUDAMS:U - entered.
23:05:56.154 CHUDAMS:U - entered.
23:05:56.162 CHUDAMS:U - entered.
23:05:56.171 CHUDAMS:U - entered.
23:05:56.179 CHUDAMS:U - entered.
23:05:56.186 CHUDAMS:U - entered.
23:05:56.195 CHUDAMS:U - entered.
23:05:56.204 CHUDAMS:U - entered.
23:05:56.212 CHUDAMS:U - entered.
23:05:56.220 CHUDAMS:U - entered.
23:05:56.229 CHUDAMS:U - entered.
23:05:56.237 CHUDAMS:U - entered.
23:05:56.245 CHUDAMS:U - entered.
23:05:56.254 CHUDAMS:U - entered.
23:05:56.262 CHUDAMS:U - entered.
23:05:56.270 CHUDAMS:U - entered.
23:05:56.278 CHUDAMS:U - entered.
23:05:56.287 CHUDAMS:U - entered.
23:05:56.295 CHUDAMS:U - entered.
23:05:56.304 CHUDAMS:U - entered.
23:05:56.312 CHUDAMS:U - entered.
23:05:56.320 CHUDAMS:U - entered.
23:05:56.329 CHUDAMS:U - entered.
23:05:56.337 CHUDAMS:U - entered.
23:05:56.346 CHUDAMS:U - entered.
23:05:56.354 CHUDAMS:U - entered.
23:05:56.362 CHUDAMS:U - entered.
23:05:56.370 CHUDAMS:U - entered.
23:05:56.379 CHUDAMS:U - entered.
23:05:56.387 CHUDAMS:U - entered.
23:05:56.396 CHUDAMS:U - entered.
23:05:56.405 CHUDAMS:U - entered.
23:05:56.412 CHUDAMS:U - entered.
23:05:56.421 CHUDAMS:U - entered.
23:05:56.429 CHUDAMS:U - entered.
23:05:56.437 CHUDAMS:U - entered.
23:05:56.446 CHUDAMS:U - entered.
23:05:56.454 CHUDAMS:U - entered.
23:05:56.463 CHUDAMS:U - entered.
23:05:56.471 CHUDAMS:U - entered.
23:05:56.480 CHUDAMS:U - entered.
23:05:56.488 CHUDAMS:U - entered.
23:05:56.496 CHUDAMS:U - entered.
23:05:56.504 CHUDAMS:U - entered.
23:05:56.513 CHUDAMS:U - entered.
23:05:56.521 CHUDAMS:U - entered.
23:05:56.529 CHUDAMS:U - entered.
23:05:56.538 CHUDAMS:U - entered.
23:05:56.546 CHUDAMS:U - entered.
23:05:56.554 CHUDAMS:U - entered.
23:05:56.563 CHUDAMS:U - entered.
23:05:56.571 CHUDAMS:U - entered.
23:05:56.579 CHUDAMS:U - entered.
23:05:56.587 CHUDAMS:U - entered.
23:05:56.596 CHUDAMS:U - entered.
23:05:56.604 CHUDAMS:U - entered.
23:05:56.612 CHUDAMS:U - entered.
23:05:56.620 CHUDAMS:U - entered.
23:05:56.629 CHUDAMS:U - entered.
23:05:56.638 CHUDAMS:U - entered.
23:05:56.646 CHUDAMS:U - entered.
23:05:56.654 CHUDAMS:U - entered.
23:05:56.662 CHUDAMS:U - entered.
23:05:56.671 CHUDAMS:U - entered.
23:05:56.679 CHUDAMS:U - entered.
23:05:56.687 CHUDAMS:U - entered.
23:05:56.696 CHUDAMS:U - entered.
23:05:56.704 CHUDAMS:U - entered.
23:05:56.712 CHUDAMS:U - entered.
23:05:56.721 CHUDAMS:U - entered.
23:05:56.729 CHUDAMS:U - entered.
23:05:56.737 CHUDAMS:U - entered.
23:05:56.745 CHUDAMS:U - entered.
23:05:56.754 CHUDAMS:U - entered.
23:05:56.762 CHUDAMS:U - entered.
23:05:56.770 CHUDAMS:U - entered.
23:05:56.779 CHUDAMS:U - entered.
23:05:56.787 CHUDAMS:U - entered.
23:05:56.795 CHUDAMS:U - entered.
23:05:56.805 CHUDAMS:U - entered.
23:05:56.813 CHUDAMS:U - entered.
23:05:56.821 CHUDAMS:U - entered.
23:05:56.829 CHUDAMS:U - entered.
23:05:56.837 CHUDAMS:U - entered.
23:05:56.846 CHUDAMS:U - entered.
23:05:56.855 CHUDAMS:U - entered.
23:05:56.863 CHUDAMS:U - entered.
23:05:56.872 CHUDAMS:U - entered.
23:05:56.880 CHUDAMS:U - entered.
23:05:56.888 CHUDAMS:U - entered.
23:05:56.896 CHUDAMS:U - entered.
23:05:56.903 CHUDAMS:U - entered.
23:05:56.912 CHUDAMS:U - entered.
23:05:56.920 CHUDAMS:U - entered.
23:05:56.928 CHUDAMS:U - entered.
23:05:56.937 CHUDAMS:U - entered.
23:05:56.945 CHUDAMS:U - entered.
23:05:56.954 CHUDAMS:U - entered.
23:05:56.962 CHUDAMS:U - entered.
23:05:56.971 CHUDAMS:U - entered.
23:05:56.979 CHUDAMS:U - entered.
23:05:56.987 CHUDAMS:U - entered.
23:05:56.996 CHUDAMS:U - entered.
23:05:57.006 CHUDAMS:U - entered.
23:05:57.015 CHUDAMS:U - entered.
23:05:57.024 CHUDAMS:U - entered.
23:05:57.032 CHUDAMS:U - entered.
23:05:57.040 CHUDAMS:U - entered.
23:05:57.051 CHUDAMS:U - entered.
23:05:57.060 CHUDAMS:U - entered.
23:05:57.069 CHUDAMS:U - entered.
23:05:57.078 CHUDAMS:U - entered.
23:05:57.086 CHUDAMS:U - entered.
23:05:57.094 CHUDAMS:U - entered.
23:05:57.102 CHUDAMS:U - entered.
23:05:57.110 CHUDAMS:U - entered.
23:05:57.118 CHUDAMS:U - entered.
23:05:57.125 CHUDAMS:U - entered.
23:05:57.132 CHUDAMS:U - entered.
23:05:57.140 CHUDAMS:U - entered.
23:05:57.148 CHUDAMS:U - entered.
23:05:57.156 CHUDAMS:U - entered.
23:05:57.163 CHUDAMS:U - entered.
23:05:57.171 CHUDAMS:U - entered.
23:05:57.179 CHUDAMS:U - entered.
23:05:57.187 CHUDAMS:U - entered.
23:05:57.195 CHUDAMS:U - entered.
23:05:57.204 CHUDAMS:U - entered.
23:05:57.212 CHUDAMS:U - entered.
23:05:57.220 CHUDAMS:U - entered.
23:05:57.229 CHUDAMS:U - entered.
23:05:57.237 CHUDAMS:U - entered.
23:05:57.245 CHUDAMS:U - entered.
23:05:57.254 CHUDAMS:U - entered.
23:05:57.263 CHUDAMS:U - entered.
23:05:57.270 CHUDAMS:U - entered.
23:05:57.279 CHUDAMS:U - entered.
23:05:57.287 CHUDAMS:U - entered.
23:05:57.296 CHUDAMS:U - entered.
23:05:57.304 CHUDAMS:U - entered.
23:05:57.312 CHUDAMS:U - entered.
23:05:57.320 CHUDAMS:U - entered.
23:05:57.329 CHUDAMS:U - entered.
23:05:57.337 CHUDAMS:U - entered.
23:05:57.346 CHUDAMS:U - entered.
23:05:57.354 CHUDAMS:U - entered.
23:05:57.363 CHUDAMS:U - entered.
23:05:57.371 CHUDAMS:U - entered.
23:05:57.380 CHUDAMS:U - entered.
23:05:57.389 CHUDAMS:U - entered.
23:05:57.398 CHUDAMS:U - entered.
23:05:57.408 CHUDAMS:U - entered.
23:05:57.416 CHUDAMS:U - entered.
23:05:57.424 CHUDAMS:U - entered.
23:05:57.432 CHUDAMS:U - entered.
23:05:57.440 CHUDAMS:U - entered.
23:05:57.448 CHUDAMS:U - entered.
23:05:57.456 CHUDAMS:U - entered.
23:05:57.463 CHUDAMS:U - entered.
23:05:57.471 CHUDAMS:U - entered.
23:05:57.480 CHUDAMS:U - entered.
23:05:57.490 CHUDAMS:U - entered.
23:05:57.499 CHUDAMS:U - entered.
23:05:57.507 CHUDAMS:U - entered.
23:05:57.516 CHUDAMS:U - entered.
23:05:57.527 CHUDAMS:U - entered.
23:05:57.536 CHUDAMS:U - entered.
23:05:57.545 CHUDAMS:U - entered.
23:05:57.554 CHUDAMS:U - entered.
23:05:57.563 CHUDAMS:U - entered.
23:05:57.572 CHUDAMS:U - entered.
23:05:57.581 CHUDAMS:U - entered.
23:05:57.590 CHUDAMS:U - entered.
23:05:57.598 CHUDAMS:U - entered.
23:05:57.607 CHUDAMS:U - entered.
23:05:57.615 CHUDAMS:U - entered.
23:05:57.624 CHUDAMS:U - entered.
23:05:57.633 CHUDAMS:U - entered.
23:05:57.641 CHUDAMS:U - entered.
23:05:57.651 CHUDAMS:U - entered.
23:05:57.660 CHUDAMS:U - entered.
23:05:57.669 CHUDAMS:U - entered.
23:05:57.677 CHUDAMS:U - entered.
23:05:57.685 CHUDAMS:U - entered.
23:05:57.694 CHUDAMS:U - entered.
23:05:57.703 CHUDAMS:U - entered.
23:05:57.711 CHUDAMS:U - entered.
23:05:57.719 CHUDAMS:U - entered.
23:05:57.728 CHUDAMS:U - entered.
23:05:57.736 CHUDAMS:U - entered.
23:05:57.744 CHUDAMS:U - entered.
23:05:57.752 CHUDAMS:U - entered.
23:05:57.760 CHUDAMS:U - entered.
23:05:57.768 CHUDAMS:U - entered.
23:05:57.777 CHUDAMS:U - entered.
23:05:57.785 CHUDAMS:U - entered.
23:05:57.793 CHUDAMS:U - entered.
23:05:57.801 CHUDAMS:U - entered.
23:05:57.809 CHUDAMS:U - entered.
23:05:57.817 CHUDAMS:U - entered.
23:05:57.826 CHUDAMS:U - entered.
23:05:57.834 CHUDAMS:U - entered.
23:05:57.841 CHUDAMS:U - entered.
23:05:57.849 CHUDAMS:U - entered.
23:05:57.856 CHUDAMS:U - entered.
23:05:57.864 CHUDAMS:U - entered.
23:05:57.872 CHUDAMS:U - entered.
23:05:57.880 CHUDAMS:U - entered.
23:05:57.888 CHUDAMS:U - entered.
23:05:57.896 CHUDAMS:U - entered.
23:05:57.903 CHUDAMS:U - entered.
23:05:57.912 CHUDAMS:U - entered.
23:05:57.921 CHUDAMS:U - entered.
23:05:57.929 CHUDAMS:U - entered.
23:05:57.937 CHUDAMS:U - entered.
23:05:57.945 CHUDAMS:U - entered.
23:05:57.954 CHUDAMS:U - entered.
23:05:57.962 CHUDAMS:U - entered.
23:05:57.971 CHUDAMS:U - entered.
23:05:57.979 CHUDAMS:U - entered.
23:05:57.987 CHUDAMS:U - entered.
23:05:57.996 CHUDAMS:U - entered.
23:05:58.004 CHUDAMS:U - entered.
23:05:58.012 CHUDAMS:U - entered.
23:05:58.021 CHUDAMS:U - entered.
23:05:58.029 CHUDAMS:U - entered.
23:05:58.037 CHUDAMS:U - entered.
23:05:58.046 CHUDAMS:U - entered.
23:05:58.054 CHUDAMS:U - entered.
23:05:58.062 CHUDAMS:U - entered.
23:05:58.071 CHUDAMS:U - entered.
23:05:58.079 CHUDAMS:U - entered.
23:05:58.088 CHUDAMS:U - entered.
23:05:58.096 CHUDAMS:U - entered.
23:05:58.104 CHUDAMS:U - entered.
23:05:58.113 CHUDAMS:U - entered.
23:05:58.121 CHUDAMS:U - entered.
23:05:58.129 CHUDAMS:U - entered.
23:05:58.138 CHUDAMS:U - entered.
23:05:58.146 CHUDAMS:U - entered.
23:05:58.154 CHUDAMS:U - entered.
23:05:58.163 CHUDAMS:U - entered.
23:05:58.171 CHUDAMS:U - entered.
23:05:58.179 CHUDAMS:U - entered.
23:05:58.188 CHUDAMS:U - entered.
23:05:58.196 CHUDAMS:U - entered.
23:05:58.204 CHUDAMS:U - entered.
23:05:58.212 CHUDAMS:U - entered.
23:05:58.221 CHUDAMS:U - entered.
23:05:58.229 CHUDAMS:U - entered.
23:05:58.237 CHUDAMS:U - entered.
23:05:58.246 CHUDAMS:U - entered.
23:05:58.254 CHUDAMS:U - entered.
23:05:58.262 CHUDAMS:U - entered.
23:05:58.271 CHUDAMS:U - entered.
23:05:58.279 CHUDAMS:U - entered.
23:05:58.288 CHUDAMS:U - entered.
23:05:58.296 CHUDAMS:U - entered.
23:05:58.304 CHUDAMS:U - entered.
23:05:58.312 CHUDAMS:U - entered.
23:05:58.320 CHUDAMS:U - entered.
23:05:58.329 CHUDAMS:U - entered.
23:05:58.337 CHUDAMS:U - entered.
23:05:58.346 CHUDAMS:U - entered.
23:05:58.354 CHUDAMS:U - entered.
23:05:58.363 CHUDAMS:U - entered.
23:05:58.371 CHUDAMS:U - entered.
23:05:58.381 CHUDAMS:U - entered.
23:05:58.390 CHUDAMS:U - entered.
23:05:58.398 CHUDAMS:U - entered.
23:05:58.407 CHUDAMS:U - entered.
23:05:58.415 CHUDAMS:U - entered.
23:05:58.422 CHUDAMS:U - entered.
23:05:58.430 CHUDAMS:U - entered.
23:05:58.438 CHUDAMS:U - entered.
23:05:58.447 CHUDAMS:U - entered.
23:05:58.455 CHUDAMS:U - entered.
23:05:58.463 CHUDAMS:U - entered.
23:05:58.471 CHUDAMS:U - entered.
23:05:58.480 CHUDAMS:U - entered.
23:05:58.488 CHUDAMS:U - entered.
23:05:58.495 CHUDAMS:U - entered.
23:05:58.504 CHUDAMS:U - entered.
23:05:58.513 CHUDAMS:U - entered.
23:05:58.521 CHUDAMS:U - entered.
23:05:58.529 CHUDAMS:U - entered.
23:05:58.537 CHUDAMS:U - entered.
23:05:58.546 CHUDAMS:U - entered.
23:05:58.554 CHUDAMS:U - entered.
23:05:58.562 CHUDAMS:U - entered.
23:05:58.571 CHUDAMS:U - entered.
23:05:58.579 CHUDAMS:U - entered.
23:05:58.588 CHUDAMS:U - entered.
23:05:58.596 CHUDAMS:U - entered.
23:05:58.604 CHUDAMS:U - entered.
23:05:58.613 CHUDAMS:U - entered.
23:05:58.621 CHUDAMS:U - entered.
23:05:58.630 CHUDAMS:U - entered.
23:05:58.638 CHUDAMS:U - entered.
23:05:58.647 CHUDAMS:U - entered.
23:05:58.655 CHUDAMS:U - entered.
23:05:58.665 CHUDAMS:U - entered.
23:05:58.674 CHUDAMS:U - entered.
23:05:58.682 CHUDAMS:U - entered.
23:05:58.690 CHUDAMS:U - entered.
23:05:58.699 CHUDAMS:U - entered.
23:05:58.707 CHUDAMS:U - entered.
23:05:58.715 CHUDAMS:U - entered.
23:05:58.724 CHUDAMS:U - entered.
23:05:58.733 CHUDAMS:U - entered.
23:05:58.741 CHUDAMS:U - entered.
23:05:58.751 CHUDAMS:U - entered.
23:05:58.761 CHUDAMS:U - entered.
23:05:58.773 CHUDAMS:U - entered.
23:05:58.783 CHUDAMS:U - entered.
23:05:58.792 CHUDAMS:U - entered.
23:05:58.802 CHUDAMS:U - entered.
23:05:58.810 CHUDAMS:U - entered.
23:05:58.818 CHUDAMS:U - entered.
23:05:58.827 CHUDAMS:U - entered.
23:05:58.835 CHUDAMS:U - entered.
23:05:58.844 CHUDAMS:U - entered.
23:05:58.852 CHUDAMS:U - entered.
23:05:58.860 CHUDAMS:U - entered.
23:05:58.868 CHUDAMS:U - entered.
23:05:58.876 CHUDAMS:U - entered.
23:05:58.885 CHUDAMS:U - entered.
23:05:58.894 CHUDAMS:U - entered.
23:05:58.903 CHUDAMS:U - entered.
23:05:58.911 CHUDAMS:U - entered.
23:05:58.920 CHUDAMS:U - entered.
23:05:58.929 CHUDAMS:U - entered.
23:05:58.937 CHUDAMS:U - entered.
23:05:58.945 CHUDAMS:U - entered.
23:05:58.953 CHUDAMS:U - entered.
23:05:58.960 CHUDAMS:U - entered.
23:05:58.968 CHUDAMS:U - entered.
23:05:58.976 CHUDAMS:U - entered.
23:05:58.984 CHUDAMS:U - entered.
23:05:58.991 CHUDAMS:U - entered.
23:05:58.999 CHUDAMS:U - entered.
23:05:59.007 CHUDAMS:U - entered.
23:05:59.015 CHUDAMS:U - entered.
23:05:59.023 CHUDAMS:U - entered.
23:05:59.030 CHUDAMS:U - entered.
23:05:59.038 CHUDAMS:U - entered.
23:05:59.047 CHUDAMS:U - entered.
23:05:59.055 CHUDAMS:U - entered.
23:05:59.063 CHUDAMS:U - entered.
23:05:59.071 CHUDAMS:U - entered.
23:05:59.079 CHUDAMS:U - entered.
23:05:59.087 CHUDAMS:U - entered.
23:05:59.096 CHUDAMS:U - entered.
23:05:59.104 CHUDAMS:U - entered.
23:05:59.113 CHUDAMS:U - entered.
23:05:59.121 CHUDAMS:U - entered.
23:05:59.129 CHUDAMS:U - entered.
23:05:59.138 CHUDAMS:U - entered.
23:05:59.146 CHUDAMS:U - entered.
23:05:59.154 CHUDAMS:U - entered.
23:05:59.163 CHUDAMS:U - entered.
23:05:59.171 CHUDAMS:U - entered.
23:05:59.179 CHUDAMS:U - entered.
23:05:59.188 CHUDAMS:U - entered.
23:05:59.196 CHUDAMS:U - entered.
23:05:59.205 CHUDAMS:U - entered.
23:05:59.213 CHUDAMS:U - entered.
23:05:59.222 CHUDAMS:U - entered.
23:05:59.229 CHUDAMS:U - entered.
23:05:59.239 CHUDAMS:U - entered.
23:05:59.246 CHUDAMS:U - entered.
23:05:59.255 CHUDAMS:U - entered.
23:05:59.263 CHUDAMS:U - entered.
23:05:59.272 CHUDAMS:U - entered.
23:05:59.280 CHUDAMS:U - entered.
23:05:59.288 CHUDAMS:U - entered.
23:05:59.296 CHUDAMS:U - entered.
23:05:59.305 CHUDAMS:U - entered.
23:05:59.313 CHUDAMS:U - entered.
23:05:59.323 CHUDAMS:U - entered.
23:05:59.333 CHUDAMS:U - entered.
23:05:59.342 CHUDAMS:U - entered.
23:05:59.350 CHUDAMS:U - entered.
23:05:59.359 CHUDAMS:U - entered.
23:05:59.367 CHUDAMS:U - entered.
23:05:59.375 CHUDAMS:U - entered.
23:05:59.383 CHUDAMS:U - entered.
23:05:59.391 CHUDAMS:U - entered.
23:05:59.399 CHUDAMS:U - entered.
23:05:59.407 CHUDAMS:U - entered.
23:05:59.415 CHUDAMS:U - entered.
23:05:59.423 CHUDAMS:U - entered.
23:05:59.431 CHUDAMS:U - entered.
23:05:59.439 CHUDAMS:U - entered.
23:05:59.447 CHUDAMS:U - entered.
23:05:59.456 CHUDAMS:U - entered.
23:05:59.464 CHUDAMS:U - entered.
23:05:59.472 CHUDAMS:U - entered.
23:05:59.480 CHUDAMS:U - entered.
23:05:59.488 CHUDAMS:U - entered.
23:05:59.497 CHUDAMS:U - entered.
23:05:59.505 CHUDAMS:U - entered.
23:05:59.513 CHUDAMS:U - entered.
23:05:59.521 CHUDAMS:U - entered.
23:05:59.529 CHUDAMS:U - entered.
23:05:59.538 CHUDAMS:U - entered.
23:05:59.547 CHUDAMS:U - entered.
23:05:59.555 CHUDAMS:U - entered.
23:05:59.564 CHUDAMS:U - entered.
23:05:59.572 CHUDAMS:U - entered.
23:05:59.581 CHUDAMS:U - entered.
23:05:59.589 CHUDAMS:U - entered.
23:05:59.597 CHUDAMS:U - entered.
23:05:59.605 CHUDAMS:U - entered.
23:05:59.614 CHUDAMS:U - entered.
23:05:59.622 CHUDAMS:U - entered.
23:05:59.631 CHUDAMS:U - entered.
23:05:59.640 CHUDAMS:U - entered.
23:05:59.649 CHUDAMS:U - entered.
23:05:59.657 CHUDAMS:U - entered.
23:05:59.665 CHUDAMS:U - entered.
23:05:59.674 CHUDAMS:U - entered.
23:05:59.682 CHUDAMS:U - entered.
23:05:59.692 CHUDAMS:U - entered.
23:05:59.700 CHUDAMS:U - entered.
23:05:59.708 CHUDAMS:U - entered.
23:05:59.716 CHUDAMS:U - entered.
23:05:59.725 CHUDAMS:U - entered.
23:05:59.735 CHUDAMS:U - entered.
23:05:59.745 CHUDAMS:U - entered.
23:05:59.756 CHUDAMS:U - entered.
23:05:59.765 CHUDAMS:U - entered.
23:05:59.774 CHUDAMS:U - entered.
23:05:59.784 CHUDAMS:U - entered.
23:05:59.794 CHUDAMS:U - entered.
23:05:59.802 CHUDAMS:U - entered.
23:05:59.813 CHUDAMS:U - entered.
23:05:59.822 CHUDAMS:U - entered.
23:05:59.830 CHUDAMS:U - entered.
23:05:59.839 CHUDAMS:U - entered.
23:05:59.847 CHUDAMS:U - entered.
23:05:59.856 CHUDAMS:U - entered.
23:05:59.864 CHUDAMS:U - entered.
23:05:59.873 CHUDAMS:U - entered.
23:05:59.881 CHUDAMS:U - entered.
23:05:59.890 CHUDAMS:U - entered.
23:05:59.898 CHUDAMS:U - entered.
23:05:59.906 CHUDAMS:U - entered.
23:05:59.915 CHUDAMS:U - entered.
23:05:59.923 CHUDAMS:U - entered.
23:05:59.932 CHUDAMS:U - entered.
23:05:59.939 CHUDAMS:U - entered.
23:05:59.947 CHUDAMS:U - entered.
23:05:59.956 CHUDAMS:U - entered.
23:05:59.964 CHUDAMS:U - entered.
23:05:59.972 CHUDAMS:U - entered.
23:05:59.980 CHUDAMS:U - entered.
23:05:59.988 CHUDAMS:U - entered.
23:05:59.996 CHUDAMS:U - entered.
23:06:00.005 CHUDAMS:U - entered.
23:06:00.014 CHUDAMS:U - entered.
23:06:00.023 CHUDAMS:U - entered.
23:06:00.031 CHUDAMS:U - entered.
23:06:00.039 CHUDAMS:U - entered.
23:06:00.048 CHUDAMS:U - entered.
23:06:00.057 CHUDAMS:U - entered.
23:06:00.065 CHUDAMS:U - entered.
23:06:00.073 CHUDAMS:U - entered.
23:06:00.081 CHUDAMS:U - entered.
23:06:00.089 CHUDAMS:U - entered.
23:06:00.097 CHUDAMS:U - entered.
23:06:00.105 CHUDAMS:U - entered.
23:06:00.113 CHUDAMS:U - entered.
23:06:00.121 CHUDAMS:U - entered.
23:06:00.130 CHUDAMS:U - entered.
23:06:00.138 CHUDAMS:U - entered.
23:06:00.146 CHUDAMS:U - entered.
23:06:00.155 CHUDAMS:U - entered.
23:06:00.163 CHUDAMS:U - entered.
23:06:00.171 CHUDAMS:U - entered.
23:06:00.180 CHUDAMS:U - entered.
23:06:00.188 CHUDAMS:U - entered.
23:06:00.196 CHUDAMS:U - entered.
23:06:00.204 CHUDAMS:U - entered.
23:06:00.213 CHUDAMS:U - entered.
23:06:00.221 CHUDAMS:U - entered.
23:06:00.229 CHUDAMS:U - entered.
23:06:00.238 CHUDAMS:U - entered.
23:06:00.247 CHUDAMS:U - entered.
23:06:00.257 CHUDAMS:U - entered.
23:06:00.265 CHUDAMS:U - entered.
23:06:00.275 CHUDAMS:U - entered.
23:06:00.283 CHUDAMS:U - entered.
23:06:00.291 CHUDAMS:U - entered.
23:06:00.299 CHUDAMS:U - entered.
23:06:00.307 CHUDAMS:U - entered.
23:06:00.315 CHUDAMS:U - entered.
23:06:00.323 CHUDAMS:U - entered.
23:06:00.331 CHUDAMS:U - entered.
23:06:00.338 CHUDAMS:U - entered.
23:06:00.347 CHUDAMS:U - entered.
23:06:00.355 CHUDAMS:U - entered.
23:06:00.363 CHUDAMS:U - entered.
23:06:00.371 CHUDAMS:U - entered.
23:06:00.380 CHUDAMS:U - entered.
23:06:00.387 CHUDAMS:U - entered.
23:06:00.396 CHUDAMS:U - entered.
23:06:00.405 CHUDAMS:U - entered.
23:06:00.413 CHUDAMS:U - entered.
23:06:00.421 CHUDAMS:U - entered.
23:06:00.430 CHUDAMS:U - entered.
23:06:00.438 CHUDAMS:U - entered.
23:06:00.446 CHUDAMS:U - entered.
23:06:00.455 CHUDAMS:U - entered.
23:06:00.463 CHUDAMS:U - entered.
23:06:00.472 CHUDAMS:U - entered.
23:06:00.480 CHUDAMS:U - entered.
23:06:00.488 CHUDAMS:U - entered.
23:06:00.497 CHUDAMS:U - entered.
23:06:00.505 CHUDAMS:U - entered.
23:06:00.513 CHUDAMS:U - entered.
23:06:00.522 CHUDAMS:U - entered.
23:06:00.530 CHUDAMS:U - entered.
23:06:00.538 CHUDAMS:U - entered.
23:06:00.547 CHUDAMS:U - entered.
23:06:00.556 CHUDAMS:U - entered.
23:06:00.565 CHUDAMS:U - entered.
23:06:00.573 CHUDAMS:U - entered.
23:06:00.583 CHUDAMS:U - entered.
23:06:00.591 CHUDAMS:U - entered.
23:06:00.600 CHUDAMS:U - entered.
23:06:00.609 CHUDAMS:U - entered.
23:06:00.618 CHUDAMS:U - entered.
23:06:00.626 CHUDAMS:U - entered.
23:06:00.634 CHUDAMS:U - entered.
23:06:00.643 CHUDAMS:U - entered.
23:06:00.651 CHUDAMS:U - entered.
23:06:00.660 CHUDAMS:U - entered.
23:06:00.669 CHUDAMS:U - entered.
23:06:00.678 CHUDAMS:U - entered.
23:06:00.687 CHUDAMS:U - entered.
23:06:00.696 CHUDAMS:U - entered.
23:06:00.705 CHUDAMS:U - entered.
23:06:00.713 CHUDAMS:U - entered.
23:06:00.722 CHUDAMS:U - entered.
23:06:00.730 CHUDAMS:U - entered.
23:06:00.739 CHUDAMS:U - entered.
23:06:00.746 CHUDAMS:U - entered.
23:06:00.755 CHUDAMS:U - entered.
23:06:00.763 CHUDAMS:U - entered.
23:06:00.771 CHUDAMS:U - entered.
23:06:00.780 CHUDAMS:U - entered.
23:06:00.789 CHUDAMS:U - entered.
23:06:00.797 CHUDAMS:U - entered.
23:06:00.805 CHUDAMS:U - entered.
23:06:00.814 CHUDAMS:U - entered.
23:06:00.821 CHUDAMS:U - entered.
23:06:00.830 CHUDAMS:U - entered.
23:06:00.838 CHUDAMS:U - entered.
23:06:00.847 CHUDAMS:U - entered.
23:06:00.856 CHUDAMS:U - entered.
23:06:00.863 CHUDAMS:U - entered.
23:06:00.872 CHUDAMS:U - entered.
23:06:00.881 CHUDAMS:U - entered.
23:06:00.889 CHUDAMS:U - entered.
23:06:00.897 CHUDAMS:U - entered.
23:06:00.906 CHUDAMS:U - entered.
23:06:00.914 CHUDAMS:U - entered.
23:06:00.921 CHUDAMS:U - entered.
23:06:00.929 CHUDAMS:U - entered.
23:06:00.938 CHUDAMS:U - entered.
23:06:00.946 CHUDAMS:U - entered.
23:06:00.954 CHUDAMS:U - entered.
23:06:00.962 CHUDAMS:U - entered.
23:06:00.972 CHUDAMS:U - entered.
23:06:00.980 CHUDAMS:U - entered.
23:06:00.988 CHUDAMS:U - entered.
23:06:00.997 CHUDAMS:U - entered.
23:06:01.005 CHUDAMS:U - entered.
23:06:01.013 CHUDAMS:U - entered.
23:06:01.021 CHUDAMS:U - entered.
23:06:01.030 CHUDAMS:U - entered.
23:06:01.038 CHUDAMS:U - entered.
23:06:01.046 CHUDAMS:U - entered.
23:06:01.055 CHUDAMS:U - entered.
23:06:01.063 CHUDAMS:U - entered.
23:06:01.071 CHUDAMS:U - entered.
23:06:01.079 CHUDAMS:U - entered.
23:06:01.088 CHUDAMS:U - entered.
23:06:01.096 CHUDAMS:U - entered.
23:06:01.105 CHUDAMS:U - entered.
23:06:01.113 CHUDAMS:U - entered.
23:06:01.121 CHUDAMS:U - entered.
23:06:01.130 CHUDAMS:U - entered.
23:06:01.138 CHUDAMS:U - entered.
23:06:01.146 CHUDAMS:U - entered.
23:06:01.155 CHUDAMS:U - entered.
23:06:01.163 CHUDAMS:U - entered.
23:06:01.171 CHUDAMS:U - entered.
23:06:01.180 CHUDAMS:U - entered.
23:06:01.189 CHUDAMS:U - entered.
23:06:01.197 CHUDAMS:U - entered.
23:06:01.205 CHUDAMS:U - entered.
23:06:01.213 CHUDAMS:U - entered.
23:06:01.222 CHUDAMS:U - entered.
23:06:01.230 CHUDAMS:U - entered.
23:06:01.238 CHUDAMS:U - entered.
23:06:01.247 CHUDAMS:U - entered.
23:06:01.255 CHUDAMS:U - entered.
23:06:01.263 CHUDAMS:U - entered.
23:06:01.272 CHUDAMS:U - entered.
23:06:01.280 CHUDAMS:U - entered.
23:06:01.289 CHUDAMS:U - entered.
23:06:01.296 CHUDAMS:U - entered.
23:06:01.305 CHUDAMS:U - entered.
23:06:01.313 CHUDAMS:U - entered.
23:06:01.321 CHUDAMS:U - entered.
23:06:01.330 CHUDAMS:U - entered.
23:06:01.338 CHUDAMS:U - entered.
23:06:01.346 CHUDAMS:U - entered.
23:06:01.355 CHUDAMS:U - entered.
23:06:01.363 CHUDAMS:U - entered.
23:06:01.371 CHUDAMS:U - entered.
23:06:01.381 CHUDAMS:U - entered.
23:06:01.389 CHUDAMS:U - entered.
23:06:01.397 CHUDAMS:U - entered.
23:06:01.405 CHUDAMS:U - entered.
23:06:01.413 CHUDAMS:U - entered.
23:06:01.421 CHUDAMS:U - entered.
23:06:01.430 CHUDAMS:U - entered.
23:06:01.438 CHUDAMS:U - entered.
23:06:01.446 CHUDAMS:U - entered.
23:06:01.455 CHUDAMS:U - entered.
23:06:01.463 CHUDAMS:U - entered.
23:06:01.472 CHUDAMS:U - entered.
23:06:01.480 CHUDAMS:U - entered.
23:06:01.488 CHUDAMS:U - entered.
23:06:01.497 CHUDAMS:U - entered.
23:06:01.505 CHUDAMS:U - entered.
23:06:01.513 CHUDAMS:U - entered.
23:06:01.522 CHUDAMS:U - entered.
23:06:01.530 CHUDAMS:U - entered.
23:06:01.538 CHUDAMS:U - entered.
23:06:01.547 CHUDAMS:U - entered.
23:06:01.555 CHUDAMS:U - entered.
23:06:01.563 CHUDAMS:U - entered.
23:06:01.572 CHUDAMS:U - entered.
23:06:01.580 CHUDAMS:U - entered.
23:06:01.588 CHUDAMS:U - entered.
23:06:01.596 CHUDAMS:U - entered.
23:06:01.604 CHUDAMS:U - entered.
23:06:01.613 CHUDAMS:U - entered.
23:06:01.621 CHUDAMS:U - entered.
23:06:01.630 CHUDAMS:U - entered.
23:06:01.638 CHUDAMS:U - entered.
23:06:01.646 CHUDAMS:U - entered.
23:06:01.655 CHUDAMS:U - entered.
23:06:01.663 CHUDAMS:U - entered.
23:06:01.671 CHUDAMS:U - entered.
23:06:01.680 CHUDAMS:U - entered.
23:06:01.688 CHUDAMS:U - entered.
23:06:01.696 CHUDAMS:U - entered.
23:06:01.705 CHUDAMS:U - entered.
23:06:01.713 CHUDAMS:U - entered.
23:06:01.722 CHUDAMS:U - entered.
23:06:01.731 CHUDAMS:U - entered.
23:06:01.739 CHUDAMS:U - entered.
23:06:01.747 CHUDAMS:U - entered.
23:06:01.755 CHUDAMS:U - entered.
23:06:01.764 CHUDAMS:U - entered.
23:06:01.772 CHUDAMS:U - entered.
23:06:01.780 CHUDAMS:U - entered.
23:06:01.789 CHUDAMS:U - entered.
23:06:01.797 CHUDAMS:U - entered.
23:06:01.805 CHUDAMS:U - entered.
23:06:01.813 CHUDAMS:U - entered.
23:06:01.821 CHUDAMS:U - entered.
23:06:01.830 CHUDAMS:U - entered.
23:06:01.838 CHUDAMS:U - entered.
23:06:01.847 CHUDAMS:U - entered.
23:06:01.856 CHUDAMS:U - entered.
23:06:01.864 CHUDAMS:U - entered.
23:06:01.872 CHUDAMS:U - entered.
23:06:01.880 CHUDAMS:U - entered.
23:06:01.888 CHUDAMS:U - entered.
23:06:01.897 CHUDAMS:U - entered.
23:06:01.905 CHUDAMS:U - entered.
23:06:01.913 CHUDAMS:U - entered.
23:06:01.922 CHUDAMS:U - entered.
23:06:01.930 CHUDAMS:U - entered.
23:06:01.938 CHUDAMS:U - entered.
23:06:01.947 CHUDAMS:U - entered.
23:06:01.955 CHUDAMS:U - entered.
23:06:01.963 CHUDAMS:U - entered.
23:06:01.972 CHUDAMS:U - entered.
23:06:01.980 CHUDAMS:U - entered.
23:06:01.989 CHUDAMS:U - entered.
23:06:01.997 CHUDAMS:U - entered.
23:06:02.005 CHUDAMS:U - entered.
23:06:02.014 CHUDAMS:U - entered.
23:06:02.021 CHUDAMS:U - entered.
23:06:02.030 CHUDAMS:U - entered.
23:06:02.038 CHUDAMS:U - entered.
23:06:02.046 CHUDAMS:U - entered.
23:06:02.055 CHUDAMS:U - entered.
23:06:02.063 CHUDAMS:U - entered.
23:06:02.071 CHUDAMS:U - entered.
23:06:02.080 CHUDAMS:U - entered.
23:06:02.088 CHUDAMS:U - entered.
23:06:02.097 CHUDAMS:U - entered.
23:06:02.106 CHUDAMS:U - entered.
23:06:02.114 CHUDAMS:U - entered.
23:06:02.123 CHUDAMS:U - entered.
23:06:02.131 CHUDAMS:U - entered.
23:06:02.139 CHUDAMS:U - entered.
23:06:02.147 CHUDAMS:U - entered.
23:06:02.155 CHUDAMS:U - entered.
23:06:02.164 CHUDAMS:U - entered.
23:06:02.172 CHUDAMS:U - entered.
23:06:02.180 CHUDAMS:U - entered.
23:06:02.189 CHUDAMS:U - entered.
23:06:02.197 CHUDAMS:U - entered.
23:06:02.205 CHUDAMS:U - entered.
23:06:02.214 CHUDAMS:U - entered.
23:06:02.222 CHUDAMS:U - entered.
23:06:02.230 CHUDAMS:U - entered.
23:06:02.238 CHUDAMS:U - entered.
23:06:02.246 CHUDAMS:U - entered.
23:06:02.255 CHUDAMS:U - entered.
23:06:02.263 CHUDAMS:U - entered.
23:06:02.272 CHUDAMS:U - entered.
23:06:02.280 CHUDAMS:U - entered.
23:06:02.289 CHUDAMS:U - entered.
23:06:02.299 CHUDAMS:U - entered.
23:06:02.308 CHUDAMS:U - entered.
23:06:02.317 CHUDAMS:U - entered.
23:06:02.327 CHUDAMS:U - entered.
23:06:02.336 CHUDAMS:U - entered.
23:06:02.345 CHUDAMS:U - entered.
23:06:02.353 CHUDAMS:U - entered.
23:06:02.361 CHUDAMS:U - entered.
23:06:02.369 CHUDAMS:U - entered.
23:06:02.377 CHUDAMS:U - entered.
23:06:02.384 CHUDAMS:U - entered.
23:06:02.392 CHUDAMS:U - entered.
23:06:02.400 CHUDAMS:U - entered.
23:06:02.408 CHUDAMS:U - entered.
23:06:02.415 CHUDAMS:U - entered.
23:06:02.423 CHUDAMS:U - entered.
23:06:02.430 CHUDAMS:U - entered.
23:06:02.438 CHUDAMS:U - entered.
23:06:02.447 CHUDAMS:U - entered.
23:06:02.455 CHUDAMS:U - entered.
23:06:02.463 CHUDAMS:U - entered.
23:06:02.472 CHUDAMS:U - entered.
23:06:02.480 CHUDAMS:U - entered.
23:06:02.488 CHUDAMS:U - entered.
23:06:02.497 CHUDAMS:U - entered.
23:06:02.505 CHUDAMS:U - entered.
23:06:02.514 CHUDAMS:U - entered.
23:06:02.522 CHUDAMS:U - entered.
23:06:02.530 CHUDAMS:U - entered.
23:06:02.539 CHUDAMS:U - entered.
23:06:02.547 CHUDAMS:U - entered.
23:06:02.555 CHUDAMS:U - entered.
23:06:02.564 CHUDAMS:U - entered.
23:06:02.572 CHUDAMS:U - entered.
23:06:02.580 CHUDAMS:U - entered.
23:06:02.589 CHUDAMS:U - entered.
23:06:02.597 CHUDAMS:U - entered.
23:06:02.605 CHUDAMS:U - entered.
23:06:02.614 CHUDAMS:U - entered.
23:06:02.622 CHUDAMS:U - entered.
23:06:02.630 CHUDAMS:U - entered.
23:06:02.639 CHUDAMS:U - entered.
23:06:02.647 CHUDAMS:U - entered.
23:06:02.655 CHUDAMS:U - entered.
23:06:02.663 CHUDAMS:U - entered.
23:06:02.672 CHUDAMS:U - entered.
23:06:02.680 CHUDAMS:U - entered.
23:06:02.688 CHUDAMS:U - entered.
23:06:02.696 CHUDAMS:U - entered.
23:06:02.706 CHUDAMS:U - entered.
23:06:02.715 CHUDAMS:U - entered.
23:06:02.722 CHUDAMS:U - entered.
23:06:02.730 CHUDAMS:U - entered.
23:06:02.739 CHUDAMS:U - entered.
23:06:02.748 CHUDAMS:U - entered.
23:06:02.757 CHUDAMS:U - entered.
23:06:02.766 CHUDAMS:U - entered.
23:06:02.774 CHUDAMS:U - entered.
23:06:02.781 CHUDAMS:U - entered.
23:06:02.790 CHUDAMS:U - entered.
23:06:02.798 CHUDAMS:U - entered.
23:06:02.806 CHUDAMS:U - entered.
23:06:02.815 CHUDAMS:U - entered.
23:06:02.823 CHUDAMS:U - entered.
23:06:02.830 CHUDAMS:U - entered.
23:06:02.839 CHUDAMS:U - entered.
23:06:02.848 CHUDAMS:U - entered.
23:06:02.856 CHUDAMS:U - entered.
23:06:02.864 CHUDAMS:U - entered.
23:06:02.872 CHUDAMS:U - entered.
23:06:02.881 CHUDAMS:U - entered.
23:06:02.889 CHUDAMS:U - entered.
23:06:02.897 CHUDAMS:U - entered.
23:06:02.906 CHUDAMS:U - entered.
23:06:02.915 CHUDAMS:U - entered.
23:06:02.923 CHUDAMS:U - entered.
23:06:02.932 CHUDAMS:U - entered.
23:06:02.939 CHUDAMS:U - entered.
23:06:02.948 CHUDAMS:U - entered.
23:06:02.956 CHUDAMS:U - entered.
23:06:02.965 CHUDAMS:U - entered.
23:06:02.973 CHUDAMS:U - entered.
23:06:02.981 CHUDAMS:U - entered.
23:06:02.990 CHUDAMS:U - entered.
23:06:02.997 CHUDAMS:U - entered.
23:06:03.006 CHUDAMS:U - entered.
23:06:03.014 CHUDAMS:U - entered.
23:06:03.022 CHUDAMS:U - entered.
23:06:03.030 CHUDAMS:U - entered.
23:06:03.038 CHUDAMS:U - entered.
23:06:03.047 CHUDAMS:U - entered.
23:06:03.055 CHUDAMS:U - entered.
23:06:03.063 CHUDAMS:U - entered.
23:06:03.072 CHUDAMS:U - entered.
23:06:03.080 CHUDAMS:U - entered.
23:06:03.089 CHUDAMS:U - entered.
23:06:03.097 CHUDAMS:U - entered.
23:06:03.105 CHUDAMS:U - entered.
23:06:03.114 CHUDAMS:U - entered.
23:06:03.122 CHUDAMS:U - entered.
23:06:03.130 CHUDAMS:U - entered.
23:06:03.138 CHUDAMS:U - entered.
23:06:03.147 CHUDAMS:U - entered.
23:06:03.155 CHUDAMS:U - entered.
23:06:03.164 CHUDAMS:U - entered.
23:06:03.172 CHUDAMS:U - entered.
23:06:03.180 CHUDAMS:U - entered.
23:06:03.190 CHUDAMS:U - entered.
23:06:03.198 CHUDAMS:U - entered.
23:06:03.206 CHUDAMS:U - entered.
23:06:03.214 CHUDAMS:U - entered.
23:06:03.223 CHUDAMS:U - entered.
23:06:03.231 CHUDAMS:U - entered.
23:06:03.240 CHUDAMS:U - entered.
23:06:03.248 CHUDAMS:U - entered.
23:06:03.256 CHUDAMS:U - entered.
23:06:03.265 CHUDAMS:U - entered.
23:06:03.273 CHUDAMS:U - entered.
23:06:03.281 CHUDAMS:U - entered.
23:06:03.289 CHUDAMS:U - entered.
23:06:03.298 CHUDAMS:U - entered.
23:06:03.306 CHUDAMS:U - entered.
23:06:03.314 CHUDAMS:U - entered.
23:06:03.323 CHUDAMS:U - entered.
23:06:03.332 CHUDAMS:U - entered.
23:06:03.341 CHUDAMS:U - entered.
23:06:03.349 CHUDAMS:U - entered.
23:06:03.358 CHUDAMS:U - entered.
23:06:03.367 CHUDAMS:U - entered.
23:06:03.375 CHUDAMS:U - entered.
23:06:03.383 CHUDAMS:U - entered.
23:06:03.391 CHUDAMS:U - entered.
23:06:03.398 CHUDAMS:U - entered.
23:06:03.407 CHUDAMS:U - entered.
23:06:03.414 CHUDAMS:U - entered.
23:06:03.423 CHUDAMS:U - entered.
23:06:03.430 CHUDAMS:U - entered.
23:06:03.439 CHUDAMS:U - entered.
23:06:03.447 CHUDAMS:U - entered.
23:06:03.456 CHUDAMS:U - entered.
23:06:03.463 CHUDAMS:U - entered.
23:06:03.472 CHUDAMS:U - entered.
23:06:03.480 CHUDAMS:U - entered.
23:06:03.489 CHUDAMS:U - entered.
23:06:03.498 CHUDAMS:U - entered.
23:06:03.505 CHUDAMS:U - entered.
23:06:03.514 CHUDAMS:U - entered.
23:06:03.522 CHUDAMS:U - entered.
23:06:03.530 CHUDAMS:U - entered.
23:06:03.538 CHUDAMS:U - entered.
23:06:03.547 CHUDAMS:U - entered.
23:06:03.556 CHUDAMS:U - entered.
23:06:03.564 CHUDAMS:U - entered.
23:06:03.572 CHUDAMS:U - entered.
23:06:03.581 CHUDAMS:U - entered.
23:06:03.589 CHUDAMS:U - entered.
23:06:03.598 CHUDAMS:U - entered.
23:06:03.606 CHUDAMS:U - entered.
23:06:03.615 CHUDAMS:U - entered.
23:06:03.623 CHUDAMS:U - entered.
23:06:03.631 CHUDAMS:U - entered.
23:06:03.639 CHUDAMS:U - entered.
23:06:03.647 CHUDAMS:U - entered.
23:06:03.655 CHUDAMS:U - entered.
23:06:03.663 CHUDAMS:U - entered.
23:06:03.673 CHUDAMS:U - entered.
23:06:03.681 CHUDAMS:U - entered.
23:06:03.689 CHUDAMS:U - entered.
23:06:03.697 CHUDAMS:U - entered.
23:06:03.706 CHUDAMS:U - entered.
23:06:03.715 CHUDAMS:U - entered.
23:06:03.722 CHUDAMS:U - entered.
23:06:03.731 CHUDAMS:U - entered.
23:06:03.739 CHUDAMS:U - entered.
23:06:03.748 CHUDAMS:U - entered.
23:06:03.756 CHUDAMS:U - entered.
23:06:03.765 CHUDAMS:U - entered.
23:06:03.773 CHUDAMS:U - entered.
23:06:03.781 CHUDAMS:U - entered.
23:06:03.789 CHUDAMS:U - entered.
23:06:03.798 CHUDAMS:U - entered.
23:06:03.806 CHUDAMS:U - entered.
23:06:03.814 CHUDAMS:U - entered.
23:06:03.822 CHUDAMS:U - entered.
23:06:03.831 CHUDAMS:U - entered.
23:06:03.839 CHUDAMS:U - entered.
23:06:03.848 CHUDAMS:U - entered.
23:06:03.855 CHUDAMS:U - entered.
23:06:03.863 CHUDAMS:U - entered.
23:06:03.871 CHUDAMS:U - entered.
23:06:03.880 CHUDAMS:U - entered.
23:06:03.888 CHUDAMS:U - entered.
23:06:03.897 CHUDAMS:U - entered.
23:06:03.905 CHUDAMS:U - entered.
23:06:03.914 CHUDAMS:U - entered.
23:06:03.923 CHUDAMS:U - entered.
23:06:03.931 CHUDAMS:U - entered.
23:06:03.939 CHUDAMS:U - entered.
23:06:03.947 CHUDAMS:U - entered.
23:06:03.955 CHUDAMS:U - entered.
23:06:03.964 CHUDAMS:U - entered.
23:06:03.972 CHUDAMS:U - entered.
23:06:03.981 CHUDAMS:U - entered.
23:06:03.989 CHUDAMS:U - entered.
23:06:03.997 CHUDAMS:U - entered.
23:06:04.006 CHUDAMS:U - entered.
23:06:04.014 CHUDAMS:U - entered.
23:06:04.022 CHUDAMS:U - entered.
23:06:04.031 CHUDAMS:U - entered.
23:06:04.039 CHUDAMS:U - entered.
23:06:04.047 CHUDAMS:U - entered.
23:06:04.056 CHUDAMS:U - entered.
23:06:04.064 CHUDAMS:U - entered.
23:06:04.073 CHUDAMS:U - entered.
23:06:04.081 CHUDAMS:U - entered.
23:06:04.090 CHUDAMS:U - entered.
23:06:04.098 CHUDAMS:U - entered.
23:06:04.106 CHUDAMS:U - entered.
23:06:04.115 CHUDAMS:U - entered.
23:06:04.122 CHUDAMS:U - entered.
23:06:04.130 CHUDAMS:U - entered.
23:06:04.139 CHUDAMS:U - entered.
23:06:04.147 CHUDAMS:U - entered.
23:06:04.156 CHUDAMS:U - entered.
23:06:04.164 CHUDAMS:U - entered.
23:06:04.172 CHUDAMS:U - entered.
23:06:04.180 CHUDAMS:U - entered.
23:06:04.189 CHUDAMS:U - entered.
23:06:04.197 CHUDAMS:U - entered.
23:06:04.206 CHUDAMS:U - entered.
23:06:04.214 CHUDAMS:U - entered.
23:06:04.222 CHUDAMS:U - entered.
23:06:04.231 CHUDAMS:U - entered.
23:06:04.239 CHUDAMS:U - entered.
23:06:04.249 CHUDAMS:U - entered.
23:06:04.257 CHUDAMS:U - entered.
23:06:04.266 CHUDAMS:U - entered.
23:06:04.274 CHUDAMS:U - entered.
23:06:04.282 CHUDAMS:U - entered.
23:06:04.290 CHUDAMS:U - entered.
23:06:04.298 CHUDAMS:U - entered.
23:06:04.307 CHUDAMS:U - entered.
23:06:04.314 CHUDAMS:U - entered.
23:06:04.323 CHUDAMS:U - entered.
23:06:04.331 CHUDAMS:U - entered.
23:06:04.339 CHUDAMS:U - entered.
23:06:04.347 CHUDAMS:U - entered.
23:06:04.356 CHUDAMS:U - entered.
23:06:04.364 CHUDAMS:U - entered.
23:06:04.372 CHUDAMS:U - entered.
23:06:04.381 CHUDAMS:U - entered.
23:06:04.389 CHUDAMS:U - entered.
23:06:04.397 CHUDAMS:U - entered.
23:06:04.406 CHUDAMS:U - entered.
23:06:04.414 CHUDAMS:U - entered.
23:06:04.422 CHUDAMS:U - entered.
23:06:04.431 CHUDAMS:U - entered.
23:06:04.439 CHUDAMS:U - entered.
23:06:04.448 CHUDAMS:U - entered.
23:06:04.456 CHUDAMS:U - entered.
23:06:04.464 CHUDAMS:U - entered.
23:06:04.472 CHUDAMS:U - entered.
23:06:04.481 CHUDAMS:U - entered.
23:06:04.489 CHUDAMS:U - entered.
23:06:04.497 CHUDAMS:U - entered.
23:06:04.505 CHUDAMS:U - entered.
23:06:04.513 CHUDAMS:U - entered.
23:06:04.522 CHUDAMS:U - entered.
23:06:04.530 CHUDAMS:U - entered.
23:06:04.539 CHUDAMS:U - entered.
23:06:04.547 CHUDAMS:U - entered.
23:06:04.556 CHUDAMS:U - entered.
23:06:04.564 CHUDAMS:U - entered.
23:06:04.572 CHUDAMS:U - entered.
23:06:04.580 CHUDAMS:U - entered.
23:06:04.589 CHUDAMS:U - entered.
23:06:04.597 CHUDAMS:U - entered.
23:06:04.605 CHUDAMS:U - entered.
23:06:04.614 CHUDAMS:U - entered.
23:06:04.622 CHUDAMS:U - entered.
23:06:04.630 CHUDAMS:U - entered.
23:06:04.639 CHUDAMS:U - entered.
23:06:04.647 CHUDAMS:U - entered.
23:06:04.655 CHUDAMS:U - entered.
23:06:04.664 CHUDAMS:U - entered.
23:06:04.672 CHUDAMS:U - entered.
23:06:04.680 CHUDAMS:U - entered.
23:06:04.689 CHUDAMS:U - entered.
23:06:04.698 CHUDAMS:U - entered.
23:06:04.706 CHUDAMS:U - entered.
23:06:04.714 CHUDAMS:U - entered.
23:06:04.722 CHUDAMS:U - entered.
23:06:04.731 CHUDAMS:U - entered.
23:06:04.739 CHUDAMS:U - entered.
23:06:04.747 CHUDAMS:U - entered.
23:06:04.756 CHUDAMS:U - entered.
23:06:04.764 CHUDAMS:U - entered.
23:06:04.772 CHUDAMS:U - entered.
23:06:04.781 CHUDAMS:U - entered.
23:06:04.790 CHUDAMS:U - entered.
23:06:04.798 CHUDAMS:U - entered.
23:06:04.807 CHUDAMS:U - entered.
23:06:04.815 CHUDAMS:U - entered.
23:06:04.823 CHUDAMS:U - entered.
23:06:04.831 CHUDAMS:U - entered.
23:06:04.840 CHUDAMS:U - entered.
23:06:04.848 CHUDAMS:U - entered.
23:06:04.856 CHUDAMS:U - entered.
23:06:04.865 CHUDAMS:U - entered.
23:06:04.872 CHUDAMS:U - entered.
23:06:04.880 CHUDAMS:U - entered.
23:06:04.888 CHUDAMS:U - entered.
23:06:04.897 CHUDAMS:U - entered.
23:06:04.906 CHUDAMS:U - entered.
23:06:04.914 CHUDAMS:U - entered.
23:06:04.922 CHUDAMS:U - entered.
23:06:04.931 CHUDAMS:U - entered.
23:06:04.940 CHUDAMS:U - entered.
23:06:04.947 CHUDAMS:U - entered.
23:06:04.956 CHUDAMS:U - entered.
23:06:04.973 CHUDAMS:U - entered.
23:06:04.983 CHUDAMS:U - entered.
23:06:04.992 CHUDAMS:U - entered.
23:06:05.001 CHUDAMS:U - entered.
23:06:05.009 CHUDAMS:U - entered.
23:06:05.018 CHUDAMS:U - entered.
23:06:05.026 CHUDAMS:U - entered.
23:06:05.034 CHUDAMS:U - entered.
23:06:05.043 CHUDAMS:U - entered.
23:06:05.051 CHUDAMS:U - entered.
23:06:05.059 CHUDAMS:U - entered.
23:06:05.068 CHUDAMS:U - entered.
23:06:05.077 CHUDAMS:U - entered.
23:06:05.086 CHUDAMS:U - entered.
23:06:05.095 CHUDAMS:U - entered.
23:06:05.103 CHUDAMS:U - entered.
23:06:05.112 CHUDAMS:U - entered.
23:06:05.121 CHUDAMS:U - entered.
23:06:05.129 CHUDAMS:U - entered.
23:06:05.138 CHUDAMS:U - entered.
23:06:05.147 CHUDAMS:U - entered.
23:06:05.155 CHUDAMS:U - entered.
23:06:05.163 CHUDAMS:U - entered.
23:06:05.172 CHUDAMS:U - entered.
23:06:05.182 CHUDAMS:U - entered.
23:06:05.192 CHUDAMS:U - entered.
23:06:05.201 CHUDAMS:U - entered.
23:06:05.210 CHUDAMS:U - entered.
23:06:05.219 CHUDAMS:U - entered.
23:06:05.227 CHUDAMS:U - entered.
23:06:05.236 CHUDAMS:U - entered.
23:06:05.244 CHUDAMS:U - entered.
23:06:05.254 CHUDAMS:U - entered.
23:06:05.263 CHUDAMS:U - entered.
23:06:05.272 CHUDAMS:U - entered.
23:06:05.281 CHUDAMS:U - entered.
23:06:05.290 CHUDAMS:U - entered.
23:06:05.299 CHUDAMS:U - entered.
23:06:05.307 CHUDAMS:U - entered.
23:06:05.316 CHUDAMS:U - entered.
23:06:05.325 CHUDAMS:U - entered.
23:06:05.334 CHUDAMS:U - entered.
23:06:05.342 CHUDAMS:U - entered.
23:06:05.351 CHUDAMS:U - entered.
23:06:05.360 CHUDAMS:U - entered.
23:06:05.368 CHUDAMS:U - entered.
23:06:05.377 CHUDAMS:U - entered.
23:06:05.386 CHUDAMS:U - entered.
23:06:05.395 CHUDAMS:U - entered.
23:06:05.403 CHUDAMS:U - entered.
23:06:05.412 CHUDAMS:U - entered.
23:06:05.421 CHUDAMS:U - entered.
23:06:05.430 CHUDAMS:U - entered.
23:06:05.438 CHUDAMS:U - entered.
23:06:05.447 CHUDAMS:U - entered.
23:06:05.456 CHUDAMS:U - entered.
23:06:05.465 CHUDAMS:U - entered.
23:06:05.474 CHUDAMS:U - entered.
23:06:05.483 CHUDAMS:U - entered.
23:06:05.492 CHUDAMS:U - entered.
23:06:05.501 CHUDAMS:U - entered.
23:06:05.510 CHUDAMS:U - entered.
23:06:05.519 CHUDAMS:U - entered.
23:06:05.528 CHUDAMS:U - entered.
23:06:05.536 CHUDAMS:U - entered.
23:06:05.545 CHUDAMS:U - entered.
23:06:05.554 CHUDAMS:U - entered.
23:06:05.562 CHUDAMS:U - entered.
23:06:05.570 CHUDAMS:U - entered.
23:06:05.578 CHUDAMS:U - entered.
23:06:05.586 CHUDAMS:U - entered.
23:06:05.595 CHUDAMS:U - entered.
23:06:05.604 CHUDAMS:U - entered.
23:06:05.613 CHUDAMS:U - entered.
23:06:05.621 CHUDAMS:U - entered.
23:06:05.629 CHUDAMS:U - entered.
23:06:05.638 CHUDAMS:U - entered.
23:06:05.646 CHUDAMS:U - entered.
23:06:05.655 CHUDAMS:U - entered.
23:06:05.664 CHUDAMS:U - entered.
23:06:05.673 CHUDAMS:U - entered.
23:06:05.683 CHUDAMS:U - entered.
23:06:05.692 CHUDAMS:U - entered.
23:06:05.701 CHUDAMS:U - entered.
23:06:05.710 CHUDAMS:U - entered.
23:06:05.719 CHUDAMS:U - entered.
23:06:05.729 CHUDAMS:U - entered.
23:06:05.738 CHUDAMS:U - entered.
23:06:05.747 CHUDAMS:U - entered.
23:06:05.756 CHUDAMS:U - entered.
23:06:05.765 CHUDAMS:U - entered.
23:06:05.774 CHUDAMS:U - entered.
23:06:05.813 CHUDAMS:U - entered.
23:06:07.093 CHUDAMS:U - entered.
23:06:07.165 CHUDAMS:U - entered.
23:06:07.243 CHUDAMS:U - entered.
23:06:07.255 CHUDAMS:U - entered.
23:06:07.263 CHUDAMS:U - entered.
23:06:07.274 CHUDAMS:U - entered.
23:06:07.282 CHUDAMS:U - entered.
23:06:07.293 CHUDAMS:U - entered.
23:06:07.302 CHUDAMS:U - entered.
23:06:07.311 CHUDAMS:U - entered.
23:06:07.320 CHUDAMS:U - entered.
23:06:07.329 CHUDAMS:U - entered.
23:06:07.338 CHUDAMS:U - entered.
23:06:07.347 CHUDAMS:U - entered.
23:06:07.356 CHUDAMS:U - entered.
23:06:07.365 CHUDAMS:U - entered.
23:06:07.374 CHUDAMS:U - entered.
23:06:07.382 CHUDAMS:U - entered.
23:06:07.393 CHUDAMS:U - entered.
23:06:07.402 CHUDAMS:U - entered.
23:06:07.412 CHUDAMS:U - entered.
23:06:07.423 CHUDAMS:U - entered.
23:06:07.433 CHUDAMS:U - entered.
23:06:07.441 CHUDAMS:U - entered.
23:06:07.450 CHUDAMS:U - entered.
23:06:07.460 CHUDAMS:U - entered.
23:06:07.469 CHUDAMS:U - entered.
23:06:07.477 CHUDAMS:U - entered.
23:06:07.486 CHUDAMS:U - entered.
23:06:07.495 CHUDAMS:U - entered.
23:06:07.504 CHUDAMS:U - entered.
23:06:07.514 CHUDAMS:U - entered.
23:06:07.523 CHUDAMS:U - entered.
23:06:07.533 CHUDAMS:U - entered.
23:06:07.542 CHUDAMS:U - entered.
23:06:07.551 CHUDAMS:U - entered.
23:06:07.561 CHUDAMS:U - entered.
23:06:07.570 CHUDAMS:U - entered.
23:06:07.580 CHUDAMS:U - entered.
23:06:07.589 CHUDAMS:U - entered.
23:06:07.599 CHUDAMS:U - entered.
23:06:07.608 CHUDAMS:U - entered.
23:06:07.618 CHUDAMS:U - entered.
23:06:07.627 CHUDAMS:U - entered.
23:06:07.636 CHUDAMS:U - entered.
23:06:07.646 CHUDAMS:U - entered.
23:06:07.655 CHUDAMS:U - entered.
23:06:07.665 CHUDAMS:U - entered.
23:06:07.674 CHUDAMS:U - entered.
23:06:07.683 CHUDAMS:U - entered.
23:06:07.692 CHUDAMS:U - entered.
23:06:07.702 CHUDAMS:U - entered.
23:06:07.711 CHUDAMS:U - entered.
23:06:07.720 CHUDAMS:U - entered.
23:06:07.730 CHUDAMS:U - entered.
23:06:07.739 CHUDAMS:U - entered.
23:06:07.749 CHUDAMS:U - entered.
23:06:07.758 CHUDAMS:U - entered.
23:06:07.768 CHUDAMS:U - entered.
23:06:07.777 CHUDAMS:U - entered.
23:06:07.786 CHUDAMS:U - entered.
23:06:07.795 CHUDAMS:U - entered.
23:06:07.805 CHUDAMS:U - entered.
23:06:07.814 CHUDAMS:U - entered.
23:06:07.823 CHUDAMS:U - entered.
23:06:07.833 CHUDAMS:U - entered.
23:06:07.843 CHUDAMS:U - entered.
23:06:07.853 CHUDAMS:U - entered.
23:06:07.863 CHUDAMS:U - entered.
23:06:07.872 CHUDAMS:U - entered.
23:06:07.881 CHUDAMS:U - entered.
23:06:07.891 CHUDAMS:U - entered.
23:06:07.900 CHUDAMS:U - entered.
23:06:07.909 CHUDAMS:U - entered.
23:06:07.920 CHUDAMS:U - entered.
23:06:07.929 CHUDAMS:U - entered.
23:06:07.938 CHUDAMS:U - entered.
23:06:07.947 CHUDAMS:U - entered.
23:06:07.956 CHUDAMS:U - entered.
23:06:07.965 CHUDAMS:U - entered.
23:06:07.974 CHUDAMS:U - entered.
23:06:07.984 CHUDAMS:U - entered.
23:06:07.993 CHUDAMS:U - entered.
23:06:08.000 CHUDAMS:U - entered.
23:06:08.009 CHUDAMS:U - entered.
23:06:08.018 CHUDAMS:U - entered.
23:06:08.026 CHUDAMS:U - entered.
23:06:08.035 CHUDAMS:U - entered.
23:06:08.043 CHUDAMS:U - entered.
23:06:08.052 CHUDAMS:U - entered.
23:06:08.061 CHUDAMS:U - entered.
23:06:08.069 CHUDAMS:U - entered.
23:06:08.080 CHUDAMS:U - entered.
23:06:08.088 CHUDAMS:U - entered.
23:06:08.097 CHUDAMS:U - entered.
23:06:08.105 CHUDAMS:U - entered.
23:06:08.113 CHUDAMS:U - entered.
23:06:08.121 CHUDAMS:U - entered.
23:06:08.130 CHUDAMS:U - entered.
23:06:08.138 CHUDAMS:U - entered.
23:06:08.146 CHUDAMS:U - entered.
23:06:08.155 CHUDAMS:U - entered.
23:06:08.163 CHUDAMS:U - entered.
23:06:08.172 CHUDAMS:U - entered.
23:06:08.180 CHUDAMS:U - entered.
23:06:08.189 CHUDAMS:U - entered.
23:06:08.198 CHUDAMS:U - entered.
23:06:08.206 CHUDAMS:U - entered.
23:06:08.215 CHUDAMS:U - entered.
23:06:08.224 CHUDAMS:U - entered.
23:06:08.232 CHUDAMS:U - entered.
23:06:08.241 CHUDAMS:U - entered.
23:06:08.250 CHUDAMS:U - entered.
23:06:08.259 CHUDAMS:U - entered.
23:06:08.269 CHUDAMS:U - entered.
23:06:08.279 CHUDAMS:U - entered.
23:06:08.287 CHUDAMS:U - entered.
23:06:08.296 CHUDAMS:U - entered.
23:06:08.304 CHUDAMS:U - entered.
23:06:08.313 CHUDAMS:U - entered.
23:06:08.321 CHUDAMS:U - entered.
23:06:08.329 CHUDAMS:U - entered.
23:06:08.338 CHUDAMS:U - entered.
23:06:08.346 CHUDAMS:U - entered.
23:06:08.354 CHUDAMS:U - entered.
23:06:08.362 CHUDAMS:U - entered.
23:06:08.371 CHUDAMS:U - entered.
23:06:08.379 CHUDAMS:U - entered.
23:06:08.387 CHUDAMS:U - entered.
23:06:08.395 CHUDAMS:U - entered.
23:06:08.404 CHUDAMS:U - entered.
23:06:08.413 CHUDAMS:U - entered.
23:06:08.422 CHUDAMS:U - entered.
23:06:08.431 CHUDAMS:U - entered.
23:06:08.439 CHUDAMS:U - entered.
23:06:08.447 CHUDAMS:U - entered.
23:06:08.455 CHUDAMS:U - entered.
23:06:08.464 CHUDAMS:U - entered.
23:06:08.473 CHUDAMS:U - entered.
23:06:08.481 CHUDAMS:U - entered.
23:06:08.490 CHUDAMS:U - entered.
23:06:08.498 CHUDAMS:U - entered.
23:06:08.506 CHUDAMS:U - entered.
23:06:08.515 CHUDAMS:U - entered.
23:06:08.523 CHUDAMS:U - entered.
23:06:08.531 CHUDAMS:U - entered.
23:06:08.539 CHUDAMS:U - entered.
23:06:08.548 CHUDAMS:U - entered.
23:06:08.556 CHUDAMS:U - entered.
23:06:08.564 CHUDAMS:U - entered.
23:06:08.573 CHUDAMS:U - entered.
23:06:08.581 CHUDAMS:U - entered.
23:06:08.590 CHUDAMS:U - entered.
23:06:08.599 CHUDAMS:U - entered.
23:06:08.607 CHUDAMS:U - entered.
23:06:08.617 CHUDAMS:U - entered.
23:06:08.626 CHUDAMS:U - entered.
23:06:08.635 CHUDAMS:U - entered.
23:06:08.643 CHUDAMS:U - entered.
23:06:08.652 CHUDAMS:U - entered.
23:06:08.660 CHUDAMS:U - entered.
