04:03:00.335  Calculating current position heat.
04:03:00.335  Biome: DesignMaskBiomeBadlandsParched has heatSinkMulti: x0.85 
04:03:00.335  Calculated capacityMulti: 0.85 x globalHeatSinkMulti: 1 
04:03:00.335  Calculating current position heat.
04:03:00.335  Biome: DesignMaskBiomeBadlandsParched has heatSinkMulti: x0.85 
04:03:00.335  Calculated capacityMulti: 0.85 x globalHeatSinkMulti: 1 
04:03:00.335  Mech: DEPLOY_ROT IN HELL_D3E92207 has adjustedNormedCap: 0 from normedCap: 0 x multi: 0.85
04:03:00.336  Mech: DEPLOY_ROT IN HELL_D3E92207 has totalHeatSinkCap: 0 from currentCap: 0 + usedCap: 0
04:03:00.336  Calculating current position heat.
04:03:00.336  Biome: DesignMaskBiomeBadlandsParched has heatSinkMulti: x0.85 
04:03:00.339  Calculated capacityMulti: 0.85 x globalHeatSinkMulti: 1 
04:03:00.339  Calculating current position heat.
04:03:00.339  Biome: DesignMaskBiomeBadlandsParched has heatSinkMulti: x0.85 
04:03:00.339  Calculated capacityMulti: 0.85 x globalHeatSinkMulti: 1 
04:03:00.339  Mech: DEPLOY_ROT IN HELL_D3E92207 has adjustedNormedCap: 0 from normedCap: 0 x multi: 0.85
04:03:00.339    remainingCapacity: 0  rawCapacity: 0  normedAdjustedFraction: 0
04:03:00.339    currentHeat: 0 + tempHeat: 0 + projectedHeat: 0 + cacTerrainheat: 0 + sinkableHeat: 0  =  futureHeat: 0
04:03:00.339  Threshold heat: 0 = futureHeat: 0 + sinkableHeat: 0
04:03:00.416  Calculating projected position heat.
04:03:00.416  CurrentPath has: 1 nodes, using destination path: (-36.0, 135.4, 62.4)
04:03:00.417    Count of waypointsFromPath: 2  terrainWaypoints: 12
04:03:00.417  Biome: DesignMaskBiomeBadlandsParched has heatSinkMulti: x0.85 
04:03:00.417  Calculated capacityMulti: 0.85 x globalHeatSinkMulti: 1 
04:03:00.417  Calculating projected position heat.
04:03:00.417  CurrentPath has: 1 nodes, using destination path: (-36.0, 135.4, 62.4)
04:03:00.417    Count of waypointsFromPath: 2  terrainWaypoints: 12
04:03:00.417  Biome: DesignMaskBiomeBadlandsParched has heatSinkMulti: x0.85 
04:03:00.417  Calculated capacityMulti: 0.85 x globalHeatSinkMulti: 1 
04:03:00.417  Mech: DEPLOY_ROT IN HELL_D3E92207 has adjustedNormedCap: 0 from normedCap: 0 x multi: 0.85
04:03:00.417  Mech: DEPLOY_ROT IN HELL_D3E92207 has totalHeatSinkCap: 0 from currentCap: 0 + usedCap: 0
04:03:00.417  Calculating projected position heat.
04:03:00.417  CurrentPath has: 1 nodes, using destination path: (-36.0, 135.4, 62.4)
04:03:00.417    Count of waypointsFromPath: 2  terrainWaypoints: 12
04:03:00.417  Biome: DesignMaskBiomeBadlandsParched has heatSinkMulti: x0.85 
04:03:00.417  Calculated capacityMulti: 0.85 x globalHeatSinkMulti: 1 
04:03:00.417  Calculating projected position heat.
04:03:00.417  CurrentPath has: 1 nodes, using destination path: (-36.0, 135.4, 62.4)
04:03:00.417    Count of waypointsFromPath: 2  terrainWaypoints: 12
04:03:00.418  Biome: DesignMaskBiomeBadlandsParched has heatSinkMulti: x0.85 
04:03:00.418  Calculated capacityMulti: 0.85 x globalHeatSinkMulti: 1 
04:03:00.418  Mech: DEPLOY_ROT IN HELL_D3E92207 has adjustedNormedCap: 0 from normedCap: 0 x multi: 0.85
04:03:00.418    remainingCapacity: 0  rawCapacity: 0  normedAdjustedFraction: 0
04:03:00.418    currentHeat: 0 + tempHeat: 0 + projectedHeat: 0 + cacTerrainheat: 0 + sinkableHeat: 0  =  futureHeat: 0
04:03:00.418  Threshold heat: 0 = futureHeat: 0 + sinkableHeat: 0
04:03:00.418  Updating heat dialog for actor: DEPLOY_ROT IN HELL_D3E92207
04:03:00.418    previous values:  CurrentHeat: 0  ProjectedHeat: 0  TempHeat: 0  CACTerrainHeat: 0  currentPathNodes: 0
04:03:00.418    current values:  CurrentHeat: 0  ProjectedHeat: 0  TempHeat: 0  CACTerrainHeat: 0  currentPathNodes: 1
04:03:00.420  Calculating projected position heat.
04:03:00.420  CurrentPath has: 1 nodes, using destination path: (-36.0, 135.4, 62.4)
04:03:00.420    Count of waypointsFromPath: 2  terrainWaypoints: 12
04:03:00.420  Biome: DesignMaskBiomeBadlandsParched has heatSinkMulti: x0.85 
04:03:00.420  Calculated capacityMulti: 0.85 x globalHeatSinkMulti: 1 
04:03:02.144  Calculating projected position heat.
04:03:02.144  CurrentPath has: 1 nodes, using destination path: (-36.0, 135.4, 62.4)
04:03:02.144    Count of waypointsFromPath: 2  terrainWaypoints: 12
04:03:02.144  Biome: DesignMaskBiomeBadlandsParched has heatSinkMulti: x0.85 
04:03:02.144  Calculated capacityMulti: 0.85 x globalHeatSinkMulti: 1 
04:03:02.144  Calculating projected position heat.
04:03:02.144  CurrentPath has: 1 nodes, using destination path: (-36.0, 135.4, 62.4)
04:03:02.144    Count of waypointsFromPath: 2  terrainWaypoints: 12
04:03:02.144  Biome: DesignMaskBiomeBadlandsParched has heatSinkMulti: x0.85 
04:03:02.144  Calculated capacityMulti: 0.85 x globalHeatSinkMulti: 1 
04:03:02.144  Mech: DEPLOY_ROT IN HELL_D3E92207 has adjustedNormedCap: 0 from normedCap: 0 x multi: 0.85
04:03:02.144  Mech: DEPLOY_ROT IN HELL_D3E92207 has totalHeatSinkCap: 0 from currentCap: 0 + usedCap: 0
04:03:02.144  Calculating projected position heat.
04:03:02.144  CurrentPath has: 1 nodes, using destination path: (-36.0, 135.4, 62.4)
04:03:02.144    Count of waypointsFromPath: 2  terrainWaypoints: 12
04:03:02.144  Biome: DesignMaskBiomeBadlandsParched has heatSinkMulti: x0.85 
04:03:02.144  Calculated capacityMulti: 0.85 x globalHeatSinkMulti: 1 
04:03:02.144  Calculating projected position heat.
04:03:02.144  CurrentPath has: 1 nodes, using destination path: (-36.0, 135.4, 62.4)
04:03:02.144    Count of waypointsFromPath: 2  terrainWaypoints: 12
04:03:02.144  Biome: DesignMaskBiomeBadlandsParched has heatSinkMulti: x0.85 
04:03:02.144  Calculated capacityMulti: 0.85 x globalHeatSinkMulti: 1 
04:03:02.144  Mech: DEPLOY_ROT IN HELL_D3E92207 has adjustedNormedCap: 0 from normedCap: 0 x multi: 0.85
04:03:02.144    remainingCapacity: 0  rawCapacity: 0  normedAdjustedFraction: 0
04:03:02.144    currentHeat: 0 + tempHeat: 0 + projectedHeat: 0 + cacTerrainheat: 0 + sinkableHeat: 0  =  futureHeat: 0
04:03:02.144  Threshold heat: 0 = futureHeat: 0 + sinkableHeat: 0
04:03:02.201  Calculating projected position heat.
04:03:02.201  CurrentPath has: 1 nodes, using destination path: (-36.0, 135.4, 62.4)
04:03:02.201    Count of waypointsFromPath: 2  terrainWaypoints: 12
04:03:02.201  Biome: DesignMaskBiomeBadlandsParched has heatSinkMulti: x0.85 
04:03:02.201  Calculated capacityMulti: 0.85 x globalHeatSinkMulti: 1 
04:03:02.201  Calculating projected position heat.
04:03:02.201  CurrentPath has: 1 nodes, using destination path: (-36.0, 135.4, 62.4)
04:03:02.201    Count of waypointsFromPath: 2  terrainWaypoints: 12
04:03:02.201  Biome: DesignMaskBiomeBadlandsParched has heatSinkMulti: x0.85 
04:03:02.201  Calculated capacityMulti: 0.85 x globalHeatSinkMulti: 1 
04:03:02.201  Mech: DEPLOY_ROT IN HELL_D3E92207 has adjustedNormedCap: 0 from normedCap: 0 x multi: 0.85
04:03:02.201  Mech: DEPLOY_ROT IN HELL_D3E92207 has totalHeatSinkCap: 0 from currentCap: 0 + usedCap: 0
04:03:02.201  Calculating projected position heat.
04:03:02.201  CurrentPath has: 1 nodes, using destination path: (-36.0, 135.4, 62.4)
04:03:02.201    Count of waypointsFromPath: 2  terrainWaypoints: 12
04:03:02.201  Biome: DesignMaskBiomeBadlandsParched has heatSinkMulti: x0.85 
04:03:02.201  Calculated capacityMulti: 0.85 x globalHeatSinkMulti: 1 
04:03:02.201  Calculating projected position heat.
04:03:02.201  CurrentPath has: 1 nodes, using destination path: (-36.0, 135.4, 62.4)
04:03:02.201    Count of waypointsFromPath: 2  terrainWaypoints: 12
04:03:02.201  Biome: DesignMaskBiomeBadlandsParched has heatSinkMulti: x0.85 
04:03:02.201  Calculated capacityMulti: 0.85 x globalHeatSinkMulti: 1 
04:03:02.201  Mech: DEPLOY_ROT IN HELL_D3E92207 has adjustedNormedCap: 0 from normedCap: 0 x multi: 0.85
04:03:02.201    remainingCapacity: 0  rawCapacity: 0  normedAdjustedFraction: 0
04:03:02.201    currentHeat: 0 + tempHeat: 0 + projectedHeat: 0 + cacTerrainheat: 0 + sinkableHeat: 0  =  futureHeat: 0
04:03:02.201  Threshold heat: 0 = futureHeat: 0 + sinkableHeat: 0
04:03:02.201  Calculating projected position heat.
04:03:02.201  CurrentPath has: 1 nodes, using destination path: (-36.0, 135.4, 62.4)
04:03:02.201    Count of waypointsFromPath: 2  terrainWaypoints: 12
04:03:02.201  Biome: DesignMaskBiomeBadlandsParched has heatSinkMulti: x0.85 
04:03:02.202  Calculated capacityMulti: 0.85 x globalHeatSinkMulti: 1 
04:03:02.202  Calculating projected position heat.
04:03:02.202  CurrentPath has: 1 nodes, using destination path: (-36.0, 135.4, 62.4)
04:03:02.202    Count of waypointsFromPath: 2  terrainWaypoints: 12
04:03:02.202  Biome: DesignMaskBiomeBadlandsParched has heatSinkMulti: x0.85 
04:03:02.202  Calculated capacityMulti: 0.85 x globalHeatSinkMulti: 1 
04:03:02.202  Mech: DEPLOY_ROT IN HELL_D3E92207 has adjustedNormedCap: 0 from normedCap: 0 x multi: 0.85
04:03:02.202  Mech: DEPLOY_ROT IN HELL_D3E92207 has totalHeatSinkCap: 0 from currentCap: 0 + usedCap: 0
04:03:02.202  Calculating projected position heat.
04:03:02.202  CurrentPath has: 1 nodes, using destination path: (-36.0, 135.4, 62.4)
04:03:02.202    Count of waypointsFromPath: 2  terrainWaypoints: 12
04:03:02.202  Biome: DesignMaskBiomeBadlandsParched has heatSinkMulti: x0.85 
04:03:02.202  Calculated capacityMulti: 0.85 x globalHeatSinkMulti: 1 
04:03:02.202  Calculating projected position heat.
04:03:02.202  CurrentPath has: 1 nodes, using destination path: (-36.0, 135.4, 62.4)
04:03:02.202    Count of waypointsFromPath: 2  terrainWaypoints: 12
04:03:02.202  Biome: DesignMaskBiomeBadlandsParched has heatSinkMulti: x0.85 
04:03:02.202  Calculated capacityMulti: 0.85 x globalHeatSinkMulti: 1 
04:03:02.202  Mech: DEPLOY_ROT IN HELL_D3E92207 has adjustedNormedCap: 0 from normedCap: 0 x multi: 0.85
04:03:02.202    remainingCapacity: 0  rawCapacity: 0  normedAdjustedFraction: 0
04:03:02.202    currentHeat: 0 + tempHeat: 0 + projectedHeat: 0 + cacTerrainheat: 0 + sinkableHeat: 0  =  futureHeat: 0
04:03:02.202  Threshold heat: 0 = futureHeat: 0 + sinkableHeat: 0
04:03:02.236  Calculating projected position heat.
04:03:02.236  CurrentPath has: 1 nodes, using destination path: (-36.0, 135.4, 62.4)
04:03:02.236    Count of waypointsFromPath: 2  terrainWaypoints: 12
04:03:02.236  Biome: DesignMaskBiomeBadlandsParched has heatSinkMulti: x0.85 
04:03:02.236  Calculated capacityMulti: 0.85 x globalHeatSinkMulti: 1 
04:03:02.236  Calculating projected position heat.
04:03:02.236  CurrentPath has: 1 nodes, using destination path: (-36.0, 135.4, 62.4)
04:03:02.236    Count of waypointsFromPath: 2  terrainWaypoints: 12
04:03:02.236  Biome: DesignMaskBiomeBadlandsParched has heatSinkMulti: x0.85 
04:03:02.236  Calculated capacityMulti: 0.85 x globalHeatSinkMulti: 1 
04:03:02.236  Mech: DEPLOY_ROT IN HELL_D3E92207 has adjustedNormedCap: 0 from normedCap: 0 x multi: 0.85
04:03:02.236  Mech: DEPLOY_ROT IN HELL_D3E92207 has totalHeatSinkCap: 0 from currentCap: 0 + usedCap: 0
04:03:02.236  Calculating projected position heat.
04:03:02.236  CurrentPath has: 1 nodes, using destination path: (-36.0, 135.4, 62.4)
04:03:02.236    Count of waypointsFromPath: 2  terrainWaypoints: 12
04:03:02.236  Biome: DesignMaskBiomeBadlandsParched has heatSinkMulti: x0.85 
04:03:02.236  Calculated capacityMulti: 0.85 x globalHeatSinkMulti: 1 
04:03:02.236  Calculating projected position heat.
04:03:02.236  CurrentPath has: 1 nodes, using destination path: (-36.0, 135.4, 62.4)
04:03:02.236    Count of waypointsFromPath: 2  terrainWaypoints: 12
04:03:02.237  Biome: DesignMaskBiomeBadlandsParched has heatSinkMulti: x0.85 
04:03:02.237  Calculated capacityMulti: 0.85 x globalHeatSinkMulti: 1 
04:03:02.237  Mech: DEPLOY_ROT IN HELL_D3E92207 has adjustedNormedCap: 0 from normedCap: 0 x multi: 0.85
04:03:02.237    remainingCapacity: 0  rawCapacity: 0  normedAdjustedFraction: 0
04:03:02.237    currentHeat: 0 + tempHeat: 0 + projectedHeat: 0 + cacTerrainheat: 0 + sinkableHeat: 0  =  futureHeat: 0
04:03:02.237  Threshold heat: 0 = futureHeat: 0 + sinkableHeat: 0
04:03:02.504  AT END OF TURN: ACTOR: Commando_Jasconius_BF79B444 has currentHeat: 0 tempHeat: 0  maxHeat: 150  heatsinkCapacity: 25
04:03:02.505   Actor: Commando_Jasconius_BF79B444 has heatCheckMod: 0.05  pilotingCheckMod: 0.1
04:03:02.505    -- injuryCheck = skill: 0.05 + mod: 0
04:03:02.506    For heat value: 0 target roll is: 0
04:03:02.506    -- systemFailureCheck = skill: 0.05 + mod: 0
04:03:02.507    For heat value: 0 target roll is: 0
04:03:02.507    -- ammoCheck = skill: 0.05 + mod: 0
04:03:02.510  Checking mech: Commando_Jasconius_BF79B444 for ammo w/ isVolatile: False
04:03:02.510   -- ammoBox: SRM Ammo
04:03:02.510   AmmoBox: SRM Ammo has 100 rounds with explosion/ammo: 15 heat/ammo: 6 stab/ammo: 8
04:03:02.511   -- ammoBox: SRM Ammo
04:03:02.511   AmmoBox: SRM Ammo has 100 rounds with explosion/ammo: 15 heat/ammo: 6 stab/ammo: 8
04:03:02.511    For heat value: 0 target roll is: 0
04:03:02.511  Checking mech: Commando_Jasconius_BF79B444 for ammo w/ isVolatile: True
04:03:02.511   -- ammoBox: SRM Ammo
04:03:02.511    -- ammobox  is not a volatile ammo, skipping.
04:03:02.511   -- ammoBox: SRM Ammo
04:03:02.511    -- ammobox  is not a volatile ammo, skipping.
04:03:02.511    failedInjuryCheck: False  failedSystemFailureCheck: False  failedAmmoCheck: False  failedVolatileAmmoCheck: False
04:03:02.511    For heat value: 0 target roll is: 0
04:03:02.511    failedShutdownCheck: False
04:03:02.520  ON_ACTIVATION_END:POST - Actor: Commando_Jasconius_BF79B444 has currentHeat: 0 tempHeat: 0  maxHeat: 150  heatsinkCapacity: 25
04:03:02.520  AT END OF TURN: ACTOR: Commando_High Roller_57245CBC has currentHeat: 0 tempHeat: 0  maxHeat: 150  heatsinkCapacity: 25
04:03:02.520   Actor: Commando_High Roller_57245CBC has heatCheckMod: 0.1  pilotingCheckMod: 0.05
04:03:02.520    -- injuryCheck = skill: 0.1 + mod: 0
04:03:02.520    For heat value: 0 target roll is: 0
04:03:02.520    -- systemFailureCheck = skill: 0.1 + mod: 0
04:03:02.520    For heat value: 0 target roll is: 0
04:03:02.520    -- ammoCheck = skill: 0.1 + mod: 0
04:03:02.520  Checking mech: Commando_High Roller_57245CBC for ammo w/ isVolatile: False
04:03:02.520   -- ammoBox: SRM Ammo
04:03:02.520   AmmoBox: SRM Ammo has 100 rounds with explosion/ammo: 15 heat/ammo: 6 stab/ammo: 8
04:03:02.520   -- ammoBox: SRM Ammo
04:03:02.520   AmmoBox: SRM Ammo has 100 rounds with explosion/ammo: 15 heat/ammo: 6 stab/ammo: 8
04:03:02.520    For heat value: 0 target roll is: 0
04:03:02.520  Checking mech: Commando_High Roller_57245CBC for ammo w/ isVolatile: True
04:03:02.520   -- ammoBox: SRM Ammo
04:03:02.520    -- ammobox  is not a volatile ammo, skipping.
04:03:02.520   -- ammoBox: SRM Ammo
04:03:02.520    -- ammobox  is not a volatile ammo, skipping.
04:03:02.520    failedInjuryCheck: False  failedSystemFailureCheck: False  failedAmmoCheck: False  failedVolatileAmmoCheck: False
04:03:02.520    For heat value: 0 target roll is: 0
04:03:02.520    failedShutdownCheck: False
04:03:02.525  ON_ACTIVATION_END:POST - Actor: Commando_High Roller_57245CBC has currentHeat: 0 tempHeat: 0  maxHeat: 150  heatsinkCapacity: 25
04:03:02.525  AT END OF TURN: ACTOR: Commando_Provocator_EC1A10DE has currentHeat: 0 tempHeat: 0  maxHeat: 150  heatsinkCapacity: 25
04:03:02.525   Actor: Commando_Provocator_EC1A10DE has heatCheckMod: 0.05  pilotingCheckMod: 0.05
04:03:02.525    -- injuryCheck = skill: 0.05 + mod: 0
04:03:02.525    For heat value: 0 target roll is: 0
04:03:02.525    -- systemFailureCheck = skill: 0.05 + mod: 0
04:03:02.525    For heat value: 0 target roll is: 0
04:03:02.525    -- ammoCheck = skill: 0.05 + mod: 0
04:03:02.525  Checking mech: Commando_Provocator_EC1A10DE for ammo w/ isVolatile: False
04:03:02.525   -- ammoBox: SRM Ammo
04:03:02.525   AmmoBox: SRM Ammo has 100 rounds with explosion/ammo: 15 heat/ammo: 6 stab/ammo: 8
04:03:02.525   -- ammoBox: SRM Ammo
04:03:02.525   AmmoBox: SRM Ammo has 100 rounds with explosion/ammo: 15 heat/ammo: 6 stab/ammo: 8
04:03:02.525    For heat value: 0 target roll is: 0
04:03:02.525  Checking mech: Commando_Provocator_EC1A10DE for ammo w/ isVolatile: True
04:03:02.525   -- ammoBox: SRM Ammo
04:03:02.525    -- ammobox  is not a volatile ammo, skipping.
04:03:02.525   -- ammoBox: SRM Ammo
04:03:02.525    -- ammobox  is not a volatile ammo, skipping.
04:03:02.525    failedInjuryCheck: False  failedSystemFailureCheck: False  failedAmmoCheck: False  failedVolatileAmmoCheck: False
04:03:02.525    For heat value: 0 target roll is: 0
04:03:02.525    failedShutdownCheck: False
04:03:02.531  ON_ACTIVATION_END:POST - Actor: Commando_Provocator_EC1A10DE has currentHeat: 0 tempHeat: 0  maxHeat: 150  heatsinkCapacity: 25
04:03:02.531  AT END OF TURN: ACTOR: Javelin_Trilobyte_7B9F1E30 has currentHeat: 0 tempHeat: 0  maxHeat: 150  heatsinkCapacity: 30
04:03:02.531   Actor: Javelin_Trilobyte_7B9F1E30 has heatCheckMod: 0.1  pilotingCheckMod: 0.05
04:03:02.531    -- injuryCheck = skill: 0.1 + mod: 0
04:03:02.531    For heat value: 0 target roll is: 0
04:03:02.531    -- systemFailureCheck = skill: 0.1 + mod: 0
04:03:02.531    For heat value: 0 target roll is: 0
04:03:02.531    -- ammoCheck = skill: 0.1 + mod: 0
04:03:02.531  Checking mech: Javelin_Trilobyte_7B9F1E30 for ammo w/ isVolatile: False
04:03:02.531  Checking mech: Javelin_Trilobyte_7B9F1E30 for ammo w/ isVolatile: True
04:03:02.531    failedInjuryCheck: False  failedSystemFailureCheck: False  failedAmmoCheck: False  failedVolatileAmmoCheck: False
04:03:02.531    For heat value: 0 target roll is: 0
04:03:02.531    failedShutdownCheck: False
04:03:02.537  ON_ACTIVATION_END:POST - Actor: Javelin_Trilobyte_7B9F1E30 has currentHeat: 0 tempHeat: 0  maxHeat: 150  heatsinkCapacity: 30
04:03:02.537  AT END OF TURN: ACTOR: DEPLOY_ROT IN HELL_D3E92207 has currentHeat: 0 tempHeat: 0  maxHeat: 150  heatsinkCapacity: 0
04:03:02.537   Actor: DEPLOY_ROT IN HELL_D3E92207 has heatCheckMod: 0  pilotingCheckMod: 0
04:03:02.537    -- injuryCheck = skill: 0 + mod: 0
04:03:02.537    For heat value: 0 target roll is: 0
04:03:02.537    -- systemFailureCheck = skill: 0 + mod: 0
04:03:02.537    For heat value: 0 target roll is: 0
04:03:02.537    -- ammoCheck = skill: 0 + mod: 0
04:03:02.537  Checking mech: DEPLOY_ROT IN HELL_D3E92207 for ammo w/ isVolatile: False
04:03:02.537  Checking mech: DEPLOY_ROT IN HELL_D3E92207 for ammo w/ isVolatile: True
04:03:02.537    failedInjuryCheck: False  failedSystemFailureCheck: False  failedAmmoCheck: False  failedVolatileAmmoCheck: False
04:03:02.537    For heat value: 0 target roll is: 0
04:03:02.537    failedShutdownCheck: False
04:03:02.542  ON_ACTIVATION_END:POST - Actor: DEPLOY_ROT IN HELL_D3E92207 has currentHeat: 0 tempHeat: 0  maxHeat: 150  heatsinkCapacity: 0
04:03:02.573  AT END OF TURN: ACTOR: DEPLOY_ROT IN HELL_D3E92207 has currentHeat: 0 tempHeat: 0  maxHeat: 150  heatsinkCapacity: 0
04:03:02.573   Actor: DEPLOY_ROT IN HELL_D3E92207 has heatCheckMod: 0  pilotingCheckMod: 0
04:03:02.573    -- injuryCheck = skill: 0 + mod: 0
04:03:02.573    For heat value: 0 target roll is: 0
04:03:02.573    -- systemFailureCheck = skill: 0 + mod: 0
04:03:02.573    For heat value: 0 target roll is: 0
04:03:02.573    -- ammoCheck = skill: 0 + mod: 0
04:03:02.573  Checking mech: DEPLOY_ROT IN HELL_D3E92207 for ammo w/ isVolatile: False
04:03:02.573  Checking mech: DEPLOY_ROT IN HELL_D3E92207 for ammo w/ isVolatile: True
04:03:02.573    failedInjuryCheck: False  failedSystemFailureCheck: False  failedAmmoCheck: False  failedVolatileAmmoCheck: False
04:03:02.573    For heat value: 0 target roll is: 0
04:03:02.573    failedShutdownCheck: False
04:03:02.573  ON_ACTIVATION_END:POST - Actor: DEPLOY_ROT IN HELL_D3E92207 has currentHeat: 0 tempHeat: 0  maxHeat: 150  heatsinkCapacity: 0
04:03:02.669  Calculating current position heat.
04:03:02.669  Biome: DesignMaskBiomeBadlandsParched has heatSinkMulti: x0.85 
04:03:02.669  Calculated capacityMulti: 0.85 x globalHeatSinkMulti: 1 
04:03:02.669  Calculating current position heat.
04:03:02.669  Biome: DesignMaskBiomeBadlandsParched has heatSinkMulti: x0.85 
04:03:02.669  Calculated capacityMulti: 0.85 x globalHeatSinkMulti: 1 
04:03:02.669  Mech: Javelin_Trilobyte_7B9F1E30 has adjustedNormedCap: 30.6 from normedCap: 36 x multi: 0.85
04:03:02.669  Mech: Javelin_Trilobyte_7B9F1E30 has totalHeatSinkCap: 36 from currentCap: 36 + usedCap: 0
04:03:02.669  Calculating current position heat.
04:03:02.669  Biome: DesignMaskBiomeBadlandsParched has heatSinkMulti: x0.85 
04:03:02.669  Calculated capacityMulti: 0.85 x globalHeatSinkMulti: 1 
04:03:02.669  Calculating current position heat.
04:03:02.669  Biome: DesignMaskBiomeBadlandsParched has heatSinkMulti: x0.85 
04:03:02.669  Calculated capacityMulti: 0.85 x globalHeatSinkMulti: 1 
04:03:02.669  Mech: Javelin_Trilobyte_7B9F1E30 has adjustedNormedCap: 30.6 from normedCap: 36 x multi: 0.85
04:03:02.669    remainingCapacity: 36  rawCapacity: -30  normedAdjustedFraction: -30
04:03:02.669    currentHeat: 0 + tempHeat: 0 + projectedHeat: 0 + cacTerrainheat: 0 + sinkableHeat: -30  =  futureHeat: 0
04:03:02.669  Threshold heat: 0 = futureHeat: 0 + sinkableHeat: -30
04:03:02.714  Mech_SprintHeat_Getter - Javelin_Trilobyte_7B9F1E30 processing sprint heat modifiers: (original 5 + mod 0) x mult 1 = 5
04:03:02.720  Mech_SprintHeat_Getter - Javelin_Trilobyte_7B9F1E30 processing sprint heat modifiers: (original 5 + mod 0) x mult 1 = 5
04:03:02.720  Mech_SprintHeat_Getter - Javelin_Trilobyte_7B9F1E30 processing sprint heat modifiers: (original 5 + mod 0) x mult 1 = 5
04:03:02.720  Mech_SprintHeat_Getter - Javelin_Trilobyte_7B9F1E30 processing sprint heat modifiers: (original 5 + mod 0) x mult 1 = 5
04:03:02.720  Mech_SprintHeat_Getter - Javelin_Trilobyte_7B9F1E30 processing sprint heat modifiers: (original 5 + mod 0) x mult 1 = 5
04:03:02.720    Count of waypointsFromPath: 2  terrainWaypoints: 20
04:03:02.720  TerrainHeat: 0 = sumOfHeat: 0 / totalCells: 0
04:03:02.720  Calculating projected position heat.
04:03:02.720  CurrentPath has: 1 nodes, using destination path: (-60.0, 130.4, 20.8)
04:03:02.720    Count of waypointsFromPath: 2  terrainWaypoints: 20
04:03:02.720  Biome: DesignMaskBiomeBadlandsParched has heatSinkMulti: x0.85 
04:03:02.720  Calculated capacityMulti: 0.85 x globalHeatSinkMulti: 1 
04:03:02.720  Calculating projected position heat.
04:03:02.720  CurrentPath has: 1 nodes, using destination path: (-60.0, 130.4, 20.8)
04:03:02.720    Count of waypointsFromPath: 2  terrainWaypoints: 20
04:03:02.720  Biome: DesignMaskBiomeBadlandsParched has heatSinkMulti: x0.85 
04:03:02.720  Calculated capacityMulti: 0.85 x globalHeatSinkMulti: 1 
04:03:02.720  Mech: Javelin_Trilobyte_7B9F1E30 has adjustedNormedCap: 30.6 from normedCap: 36 x multi: 0.85
04:03:02.720  Mech: Javelin_Trilobyte_7B9F1E30 has totalHeatSinkCap: 36 from currentCap: 36 + usedCap: 0
04:03:02.720  Calculating projected position heat.
04:03:02.720  CurrentPath has: 1 nodes, using destination path: (-60.0, 130.4, 20.8)
04:03:02.720    Count of waypointsFromPath: 2  terrainWaypoints: 20
04:03:02.720  Biome: DesignMaskBiomeBadlandsParched has heatSinkMulti: x0.85 
04:03:02.720  Calculated capacityMulti: 0.85 x globalHeatSinkMulti: 1 
04:03:02.720  Calculating projected position heat.
04:03:02.720  CurrentPath has: 1 nodes, using destination path: (-60.0, 130.4, 20.8)
04:03:02.721    Count of waypointsFromPath: 2  terrainWaypoints: 20
04:03:02.721  Biome: DesignMaskBiomeBadlandsParched has heatSinkMulti: x0.85 
04:03:02.721  Calculated capacityMulti: 0.85 x globalHeatSinkMulti: 1 
04:03:02.721  Mech: Javelin_Trilobyte_7B9F1E30 has adjustedNormedCap: 30.6 from normedCap: 36 x multi: 0.85
04:03:02.721    remainingCapacity: 36  rawCapacity: -30  normedAdjustedFraction: -30
04:03:02.721    currentHeat: 0 + tempHeat: 0 + projectedHeat: 5 + cacTerrainheat: 0 + sinkableHeat: -30  =  futureHeat: 5
04:03:02.721  Threshold heat: 0 = futureHeat: 5 + sinkableHeat: -30
04:03:02.721  Updating heat dialog for actor: Javelin_Trilobyte_7B9F1E30
04:03:02.721    previous values:  CurrentHeat: 0  ProjectedHeat: 0  TempHeat: 0  CACTerrainHeat: 0  currentPathNodes: 1
04:03:02.721    current values:  CurrentHeat: 0  ProjectedHeat: 5  TempHeat: 0  CACTerrainHeat: 0  currentPathNodes: 1
04:03:02.721  Calculating projected position heat.
04:03:02.721  CurrentPath has: 1 nodes, using destination path: (-60.0, 130.4, 20.8)
04:03:02.721    Count of waypointsFromPath: 2  terrainWaypoints: 20
04:03:02.721  Biome: DesignMaskBiomeBadlandsParched has heatSinkMulti: x0.85 
04:03:02.721  Calculated capacityMulti: 0.85 x globalHeatSinkMulti: 1 
04:03:02.740  Mech_SprintHeat_Getter - Javelin_Trilobyte_7B9F1E30 processing sprint heat modifiers: (original 5 + mod 0) x mult 1 = 5
04:03:02.741  Mech_SprintHeat_Getter - Javelin_Trilobyte_7B9F1E30 processing sprint heat modifiers: (original 5 + mod 0) x mult 1 = 5
04:03:02.741  Mech_SprintHeat_Getter - Javelin_Trilobyte_7B9F1E30 processing sprint heat modifiers: (original 5 + mod 0) x mult 1 = 5
04:03:02.741  Mech_SprintHeat_Getter - Javelin_Trilobyte_7B9F1E30 processing sprint heat modifiers: (original 5 + mod 0) x mult 1 = 5
04:03:02.741    Count of waypointsFromPath: 2  terrainWaypoints: 20
04:03:02.741  TerrainHeat: 0 = sumOfHeat: 0 / totalCells: 0
04:03:02.741  Calculating projected position heat.
04:03:02.741  CurrentPath has: 1 nodes, using destination path: (-60.0, 130.4, 20.8)
04:03:02.741    Count of waypointsFromPath: 2  terrainWaypoints: 20
04:03:02.741  Biome: DesignMaskBiomeBadlandsParched has heatSinkMulti: x0.85 
04:03:02.741  Calculated capacityMulti: 0.85 x globalHeatSinkMulti: 1 
04:03:02.741  Calculating projected position heat.
04:03:02.741  CurrentPath has: 1 nodes, using destination path: (-60.0, 130.4, 20.8)
04:03:02.741    Count of waypointsFromPath: 2  terrainWaypoints: 20
04:03:02.741  Biome: DesignMaskBiomeBadlandsParched has heatSinkMulti: x0.85 
04:03:02.741  Calculated capacityMulti: 0.85 x globalHeatSinkMulti: 1 
04:03:02.741  Mech: Javelin_Trilobyte_7B9F1E30 has adjustedNormedCap: 30.6 from normedCap: 36 x multi: 0.85
04:03:02.741  Mech: Javelin_Trilobyte_7B9F1E30 has totalHeatSinkCap: 36 from currentCap: 36 + usedCap: 0
04:03:02.741  Calculating projected position heat.
04:03:02.741  CurrentPath has: 1 nodes, using destination path: (-60.0, 130.4, 20.8)
04:03:02.741    Count of waypointsFromPath: 2  terrainWaypoints: 20
04:03:02.741  Biome: DesignMaskBiomeBadlandsParched has heatSinkMulti: x0.85 
04:03:02.741  Calculated capacityMulti: 0.85 x globalHeatSinkMulti: 1 
04:03:02.741  Calculating projected position heat.
04:03:02.741  CurrentPath has: 1 nodes, using destination path: (-60.0, 130.4, 20.8)
04:03:02.741    Count of waypointsFromPath: 2  terrainWaypoints: 20
04:03:02.741  Biome: DesignMaskBiomeBadlandsParched has heatSinkMulti: x0.85 
04:03:02.741  Calculated capacityMulti: 0.85 x globalHeatSinkMulti: 1 
04:03:02.741  Mech: Javelin_Trilobyte_7B9F1E30 has adjustedNormedCap: 30.6 from normedCap: 36 x multi: 0.85
04:03:02.741    remainingCapacity: 36  rawCapacity: -30  normedAdjustedFraction: -30
04:03:02.741    currentHeat: 0 + tempHeat: 0 + projectedHeat: 5 + cacTerrainheat: 0 + sinkableHeat: -30  =  futureHeat: 5
04:03:02.741  Threshold heat: 0 = futureHeat: 5 + sinkableHeat: -30
04:03:02.755  Mech_SprintHeat_Getter - Javelin_Trilobyte_7B9F1E30 processing sprint heat modifiers: (original 5 + mod 0) x mult 1 = 5
04:03:02.755  Mech_SprintHeat_Getter - Javelin_Trilobyte_7B9F1E30 processing sprint heat modifiers: (original 5 + mod 0) x mult 1 = 5
04:03:02.755  Mech_SprintHeat_Getter - Javelin_Trilobyte_7B9F1E30 processing sprint heat modifiers: (original 5 + mod 0) x mult 1 = 5
04:03:02.755  Mech_SprintHeat_Getter - Javelin_Trilobyte_7B9F1E30 processing sprint heat modifiers: (original 5 + mod 0) x mult 1 = 5
04:03:02.755    Count of waypointsFromPath: 2  terrainWaypoints: 20
04:03:02.755  TerrainHeat: 0 = sumOfHeat: 0 / totalCells: 0
04:03:02.755  Calculating projected position heat.
04:03:02.755  CurrentPath has: 1 nodes, using destination path: (-60.0, 130.4, 20.8)
04:03:02.755    Count of waypointsFromPath: 2  terrainWaypoints: 20
04:03:02.755  Biome: DesignMaskBiomeBadlandsParched has heatSinkMulti: x0.85 
04:03:02.755  Calculated capacityMulti: 0.85 x globalHeatSinkMulti: 1 
04:03:02.755  Calculating projected position heat.
04:03:02.755  CurrentPath has: 1 nodes, using destination path: (-60.0, 130.4, 20.8)
04:03:02.755    Count of waypointsFromPath: 2  terrainWaypoints: 20
04:03:02.755  Biome: DesignMaskBiomeBadlandsParched has heatSinkMulti: x0.85 
04:03:02.755  Calculated capacityMulti: 0.85 x globalHeatSinkMulti: 1 
04:03:02.755  Mech: Javelin_Trilobyte_7B9F1E30 has adjustedNormedCap: 30.6 from normedCap: 36 x multi: 0.85
04:03:02.755  Mech: Javelin_Trilobyte_7B9F1E30 has totalHeatSinkCap: 36 from currentCap: 36 + usedCap: 0
04:03:02.755  Calculating projected position heat.
04:03:02.755  CurrentPath has: 1 nodes, using destination path: (-60.0, 130.4, 20.8)
04:03:02.755    Count of waypointsFromPath: 2  terrainWaypoints: 20
04:03:02.755  Biome: DesignMaskBiomeBadlandsParched has heatSinkMulti: x0.85 
04:03:02.755  Calculated capacityMulti: 0.85 x globalHeatSinkMulti: 1 
04:03:02.755  Calculating projected position heat.
04:03:02.755  CurrentPath has: 1 nodes, using destination path: (-60.0, 130.4, 20.8)
04:03:02.755    Count of waypointsFromPath: 2  terrainWaypoints: 20
04:03:02.755  Biome: DesignMaskBiomeBadlandsParched has heatSinkMulti: x0.85 
04:03:02.755  Calculated capacityMulti: 0.85 x globalHeatSinkMulti: 1 
04:03:02.755  Mech: Javelin_Trilobyte_7B9F1E30 has adjustedNormedCap: 30.6 from normedCap: 36 x multi: 0.85
04:03:02.755    remainingCapacity: 36  rawCapacity: -30  normedAdjustedFraction: -30
04:03:02.755    currentHeat: 0 + tempHeat: 0 + projectedHeat: 5 + cacTerrainheat: 0 + sinkableHeat: -30  =  futureHeat: 5
04:03:02.755  Threshold heat: 0 = futureHeat: 5 + sinkableHeat: -30
04:03:02.771  Mech_SprintHeat_Getter - Javelin_Trilobyte_7B9F1E30 processing sprint heat modifiers: (original 5 + mod 0) x mult 1 = 5
04:03:02.772  Mech_SprintHeat_Getter - Javelin_Trilobyte_7B9F1E30 processing sprint heat modifiers: (original 5 + mod 0) x mult 1 = 5
04:03:02.772  Mech_SprintHeat_Getter - Javelin_Trilobyte_7B9F1E30 processing sprint heat modifiers: (original 5 + mod 0) x mult 1 = 5
04:03:02.772  Mech_SprintHeat_Getter - Javelin_Trilobyte_7B9F1E30 processing sprint heat modifiers: (original 5 + mod 0) x mult 1 = 5
04:03:02.773  Mech_SprintHeat_Getter - Javelin_Trilobyte_7B9F1E30 processing sprint heat modifiers: (original 5 + mod 0) x mult 1 = 5
04:03:02.773    Count of waypointsFromPath: 6  terrainWaypoints: 29
04:03:02.773  TerrainHeat: 0 = sumOfHeat: 0 / totalCells: 0
04:03:02.773  Calculating projected position heat.
04:03:02.773  CurrentPath has: 5 nodes, using destination path: (-84.0, 129.8, 20.8)
04:03:02.773    Count of waypointsFromPath: 6  terrainWaypoints: 29
04:03:02.773  Biome: DesignMaskBiomeBadlandsParched has heatSinkMulti: x0.85 
04:03:02.773  Calculated capacityMulti: 0.85 x globalHeatSinkMulti: 1 
04:03:02.773  Calculating projected position heat.
04:03:02.773  CurrentPath has: 5 nodes, using destination path: (-84.0, 129.8, 20.8)
04:03:02.773    Count of waypointsFromPath: 6  terrainWaypoints: 29
04:03:02.773  Biome: DesignMaskBiomeBadlandsParched has heatSinkMulti: x0.85 
04:03:02.773  Calculated capacityMulti: 0.85 x globalHeatSinkMulti: 1 
04:03:02.773  Mech: Javelin_Trilobyte_7B9F1E30 has adjustedNormedCap: 30.6 from normedCap: 36 x multi: 0.85
04:03:02.773  Mech: Javelin_Trilobyte_7B9F1E30 has totalHeatSinkCap: 36 from currentCap: 36 + usedCap: 0
04:03:02.773  Calculating projected position heat.
04:03:02.773  CurrentPath has: 5 nodes, using destination path: (-84.0, 129.8, 20.8)
04:03:02.773    Count of waypointsFromPath: 6  terrainWaypoints: 29
04:03:02.773  Biome: DesignMaskBiomeBadlandsParched has heatSinkMulti: x0.85 
04:03:02.773  Calculated capacityMulti: 0.85 x globalHeatSinkMulti: 1 
04:03:02.773  Calculating projected position heat.
04:03:02.773  CurrentPath has: 5 nodes, using destination path: (-84.0, 129.8, 20.8)
04:03:02.773    Count of waypointsFromPath: 6  terrainWaypoints: 29
04:03:02.773  Biome: DesignMaskBiomeBadlandsParched has heatSinkMulti: x0.85 
04:03:02.773  Calculated capacityMulti: 0.85 x globalHeatSinkMulti: 1 
04:03:02.773  Mech: Javelin_Trilobyte_7B9F1E30 has adjustedNormedCap: 30.6 from normedCap: 36 x multi: 0.85
04:03:02.773    remainingCapacity: 36  rawCapacity: -30  normedAdjustedFraction: -30
04:03:02.773    currentHeat: 0 + tempHeat: 0 + projectedHeat: 5 + cacTerrainheat: 0 + sinkableHeat: -30  =  futureHeat: 5
04:03:02.773  Threshold heat: 0 = futureHeat: 5 + sinkableHeat: -30
04:03:02.773  Updating heat dialog for actor: Javelin_Trilobyte_7B9F1E30
04:03:02.773    previous values:  CurrentHeat: 0  ProjectedHeat: 5  TempHeat: 0  CACTerrainHeat: 0  currentPathNodes: 1
04:03:02.773    current values:  CurrentHeat: 0  ProjectedHeat: 5  TempHeat: 0  CACTerrainHeat: 0  currentPathNodes: 5
04:03:02.773  Calculating projected position heat.
04:03:02.773  CurrentPath has: 5 nodes, using destination path: (-84.0, 129.8, 20.8)
04:03:02.773    Count of waypointsFromPath: 6  terrainWaypoints: 29
04:03:02.773  Biome: DesignMaskBiomeBadlandsParched has heatSinkMulti: x0.85 
04:03:02.773  Calculated capacityMulti: 0.85 x globalHeatSinkMulti: 1 
04:03:02.786  Mech_SprintHeat_Getter - Javelin_Trilobyte_7B9F1E30 processing sprint heat modifiers: (original 5 + mod 0) x mult 1 = 5
04:03:02.786  Mech_SprintHeat_Getter - Javelin_Trilobyte_7B9F1E30 processing sprint heat modifiers: (original 5 + mod 0) x mult 1 = 5
04:03:02.786  Mech_SprintHeat_Getter - Javelin_Trilobyte_7B9F1E30 processing sprint heat modifiers: (original 5 + mod 0) x mult 1 = 5
04:03:02.786  Mech_SprintHeat_Getter - Javelin_Trilobyte_7B9F1E30 processing sprint heat modifiers: (original 5 + mod 0) x mult 1 = 5
04:03:02.786    Count of waypointsFromPath: 6  terrainWaypoints: 29
04:03:02.786  TerrainHeat: 0 = sumOfHeat: 0 / totalCells: 0
04:03:02.786  Calculating projected position heat.
04:03:02.786  CurrentPath has: 5 nodes, using destination path: (-84.0, 129.8, 20.8)
04:03:02.786    Count of waypointsFromPath: 6  terrainWaypoints: 29
04:03:02.786  Biome: DesignMaskBiomeBadlandsParched has heatSinkMulti: x0.85 
04:03:02.786  Calculated capacityMulti: 0.85 x globalHeatSinkMulti: 1 
04:03:02.786  Calculating projected position heat.
04:03:02.786  CurrentPath has: 5 nodes, using destination path: (-84.0, 129.8, 20.8)
04:03:02.786    Count of waypointsFromPath: 6  terrainWaypoints: 29
04:03:02.786  Biome: DesignMaskBiomeBadlandsParched has heatSinkMulti: x0.85 
04:03:02.786  Calculated capacityMulti: 0.85 x globalHeatSinkMulti: 1 
04:03:02.786  Mech: Javelin_Trilobyte_7B9F1E30 has adjustedNormedCap: 30.6 from normedCap: 36 x multi: 0.85
04:03:02.786  Mech: Javelin_Trilobyte_7B9F1E30 has totalHeatSinkCap: 36 from currentCap: 36 + usedCap: 0
04:03:02.786  Calculating projected position heat.
04:03:02.786  CurrentPath has: 5 nodes, using destination path: (-84.0, 129.8, 20.8)
04:03:02.786    Count of waypointsFromPath: 6  terrainWaypoints: 29
04:03:02.786  Biome: DesignMaskBiomeBadlandsParched has heatSinkMulti: x0.85 
04:03:02.786  Calculated capacityMulti: 0.85 x globalHeatSinkMulti: 1 
04:03:02.786  Calculating projected position heat.
04:03:02.786  CurrentPath has: 5 nodes, using destination path: (-84.0, 129.8, 20.8)
04:03:02.786    Count of waypointsFromPath: 6  terrainWaypoints: 29
04:03:02.786  Biome: DesignMaskBiomeBadlandsParched has heatSinkMulti: x0.85 
04:03:02.786  Calculated capacityMulti: 0.85 x globalHeatSinkMulti: 1 
04:03:02.786  Mech: Javelin_Trilobyte_7B9F1E30 has adjustedNormedCap: 30.6 from normedCap: 36 x multi: 0.85
04:03:02.786    remainingCapacity: 36  rawCapacity: -30  normedAdjustedFraction: -30
04:03:02.786    currentHeat: 0 + tempHeat: 0 + projectedHeat: 5 + cacTerrainheat: 0 + sinkableHeat: -30  =  futureHeat: 5
04:03:02.786  Threshold heat: 0 = futureHeat: 5 + sinkableHeat: -30
04:03:02.799  Mech_SprintHeat_Getter - Javelin_Trilobyte_7B9F1E30 processing sprint heat modifiers: (original 5 + mod 0) x mult 1 = 5
04:03:02.799  Mech_SprintHeat_Getter - Javelin_Trilobyte_7B9F1E30 processing sprint heat modifiers: (original 5 + mod 0) x mult 1 = 5
04:03:02.799  Mech_SprintHeat_Getter - Javelin_Trilobyte_7B9F1E30 processing sprint heat modifiers: (original 5 + mod 0) x mult 1 = 5
04:03:02.799  Mech_SprintHeat_Getter - Javelin_Trilobyte_7B9F1E30 processing sprint heat modifiers: (original 5 + mod 0) x mult 1 = 5
04:03:02.799    Count of waypointsFromPath: 6  terrainWaypoints: 29
04:03:02.799  TerrainHeat: 0 = sumOfHeat: 0 / totalCells: 0
04:03:02.799  Calculating projected position heat.
04:03:02.799  CurrentPath has: 5 nodes, using destination path: (-84.0, 129.8, 20.8)
04:03:02.799    Count of waypointsFromPath: 6  terrainWaypoints: 29
04:03:02.799  Biome: DesignMaskBiomeBadlandsParched has heatSinkMulti: x0.85 
04:03:02.800  Calculated capacityMulti: 0.85 x globalHeatSinkMulti: 1 
04:03:02.800  Calculating projected position heat.
04:03:02.800  CurrentPath has: 5 nodes, using destination path: (-84.0, 129.8, 20.8)
04:03:02.800    Count of waypointsFromPath: 6  terrainWaypoints: 29
04:03:02.800  Biome: DesignMaskBiomeBadlandsParched has heatSinkMulti: x0.85 
04:03:02.800  Calculated capacityMulti: 0.85 x globalHeatSinkMulti: 1 
04:03:02.800  Mech: Javelin_Trilobyte_7B9F1E30 has adjustedNormedCap: 30.6 from normedCap: 36 x multi: 0.85
04:03:02.800  Mech: Javelin_Trilobyte_7B9F1E30 has totalHeatSinkCap: 36 from currentCap: 36 + usedCap: 0
04:03:02.800  Calculating projected position heat.
04:03:02.800  CurrentPath has: 5 nodes, using destination path: (-84.0, 129.8, 20.8)
04:03:02.800    Count of waypointsFromPath: 6  terrainWaypoints: 29
04:03:02.800  Biome: DesignMaskBiomeBadlandsParched has heatSinkMulti: x0.85 
04:03:02.800  Calculated capacityMulti: 0.85 x globalHeatSinkMulti: 1 
04:03:02.800  Calculating projected position heat.
04:03:02.800  CurrentPath has: 5 nodes, using destination path: (-84.0, 129.8, 20.8)
04:03:02.800    Count of waypointsFromPath: 6  terrainWaypoints: 29
04:03:02.800  Biome: DesignMaskBiomeBadlandsParched has heatSinkMulti: x0.85 
04:03:02.800  Calculated capacityMulti: 0.85 x globalHeatSinkMulti: 1 
04:03:02.800  Mech: Javelin_Trilobyte_7B9F1E30 has adjustedNormedCap: 30.6 from normedCap: 36 x multi: 0.85
04:03:02.800    remainingCapacity: 36  rawCapacity: -30  normedAdjustedFraction: -30
04:03:02.800    currentHeat: 0 + tempHeat: 0 + projectedHeat: 5 + cacTerrainheat: 0 + sinkableHeat: -30  =  futureHeat: 5
04:03:02.800  Threshold heat: 0 = futureHeat: 5 + sinkableHeat: -30
04:03:02.811  Mech_SprintHeat_Getter - Javelin_Trilobyte_7B9F1E30 processing sprint heat modifiers: (original 5 + mod 0) x mult 1 = 5
04:03:02.811  Mech_SprintHeat_Getter - Javelin_Trilobyte_7B9F1E30 processing sprint heat modifiers: (original 5 + mod 0) x mult 1 = 5
04:03:02.811  Mech_SprintHeat_Getter - Javelin_Trilobyte_7B9F1E30 processing sprint heat modifiers: (original 5 + mod 0) x mult 1 = 5
04:03:02.811  Mech_SprintHeat_Getter - Javelin_Trilobyte_7B9F1E30 processing sprint heat modifiers: (original 5 + mod 0) x mult 1 = 5
04:03:02.811    Count of waypointsFromPath: 6  terrainWaypoints: 29
04:03:02.811  TerrainHeat: 0 = sumOfHeat: 0 / totalCells: 0
04:03:02.811  Calculating projected position heat.
04:03:02.811  CurrentPath has: 5 nodes, using destination path: (-84.0, 129.8, 20.8)
04:03:02.811    Count of waypointsFromPath: 6  terrainWaypoints: 29
04:03:02.811  Biome: DesignMaskBiomeBadlandsParched has heatSinkMulti: x0.85 
04:03:02.811  Calculated capacityMulti: 0.85 x globalHeatSinkMulti: 1 
04:03:02.811  Calculating projected position heat.
04:03:02.811  CurrentPath has: 5 nodes, using destination path: (-84.0, 129.8, 20.8)
04:03:02.811    Count of waypointsFromPath: 6  terrainWaypoints: 29
04:03:02.811  Biome: DesignMaskBiomeBadlandsParched has heatSinkMulti: x0.85 
04:03:02.811  Calculated capacityMulti: 0.85 x globalHeatSinkMulti: 1 
04:03:02.811  Mech: Javelin_Trilobyte_7B9F1E30 has adjustedNormedCap: 30.6 from normedCap: 36 x multi: 0.85
04:03:02.811  Mech: Javelin_Trilobyte_7B9F1E30 has totalHeatSinkCap: 36 from currentCap: 36 + usedCap: 0
04:03:02.811  Calculating projected position heat.
04:03:02.811  CurrentPath has: 5 nodes, using destination path: (-84.0, 129.8, 20.8)
04:03:02.811    Count of waypointsFromPath: 6  terrainWaypoints: 29
04:03:02.811  Biome: DesignMaskBiomeBadlandsParched has heatSinkMulti: x0.85 
04:03:02.811  Calculated capacityMulti: 0.85 x globalHeatSinkMulti: 1 
04:03:02.811  Calculating projected position heat.
04:03:02.811  CurrentPath has: 5 nodes, using destination path: (-84.0, 129.8, 20.8)
04:03:02.811    Count of waypointsFromPath: 6  terrainWaypoints: 29
04:03:02.811  Biome: DesignMaskBiomeBadlandsParched has heatSinkMulti: x0.85 
04:03:02.811  Calculated capacityMulti: 0.85 x globalHeatSinkMulti: 1 
04:03:02.811  Mech: Javelin_Trilobyte_7B9F1E30 has adjustedNormedCap: 30.6 from normedCap: 36 x multi: 0.85
04:03:02.811    remainingCapacity: 36  rawCapacity: -30  normedAdjustedFraction: -30
04:03:02.811    currentHeat: 0 + tempHeat: 0 + projectedHeat: 5 + cacTerrainheat: 0 + sinkableHeat: -30  =  futureHeat: 5
04:03:02.811  Threshold heat: 0 = futureHeat: 5 + sinkableHeat: -30
04:03:02.823  Mech_SprintHeat_Getter - Javelin_Trilobyte_7B9F1E30 processing sprint heat modifiers: (original 5 + mod 0) x mult 1 = 5
04:03:02.824  Mech_SprintHeat_Getter - Javelin_Trilobyte_7B9F1E30 processing sprint heat modifiers: (original 5 + mod 0) x mult 1 = 5
04:03:02.824  Mech_SprintHeat_Getter - Javelin_Trilobyte_7B9F1E30 processing sprint heat modifiers: (original 5 + mod 0) x mult 1 = 5
04:03:02.824  Mech_SprintHeat_Getter - Javelin_Trilobyte_7B9F1E30 processing sprint heat modifiers: (original 5 + mod 0) x mult 1 = 5
04:03:02.824  Mech_SprintHeat_Getter - Javelin_Trilobyte_7B9F1E30 processing sprint heat modifiers: (original 5 + mod 0) x mult 1 = 5
04:03:02.824    Count of waypointsFromPath: 4  terrainWaypoints: 19
04:03:02.824  TerrainHeat: 0 = sumOfHeat: 0 / totalCells: 0
04:03:02.824  Calculating projected position heat.
04:03:02.824  CurrentPath has: 3 nodes, using destination path: (-72.0, 131.6, 41.6)
04:03:02.824    Count of waypointsFromPath: 4  terrainWaypoints: 19
04:03:02.824  Biome: DesignMaskBiomeBadlandsParched has heatSinkMulti: x0.85 
04:03:02.824  Calculated capacityMulti: 0.85 x globalHeatSinkMulti: 1 
04:03:02.824  Calculating projected position heat.
04:03:02.824  CurrentPath has: 3 nodes, using destination path: (-72.0, 131.6, 41.6)
04:03:02.824    Count of waypointsFromPath: 4  terrainWaypoints: 19
04:03:02.824  Biome: DesignMaskBiomeBadlandsParched has heatSinkMulti: x0.85 
04:03:02.824  Calculated capacityMulti: 0.85 x globalHeatSinkMulti: 1 
04:03:02.824  Mech: Javelin_Trilobyte_7B9F1E30 has adjustedNormedCap: 30.6 from normedCap: 36 x multi: 0.85
04:03:02.824  Mech: Javelin_Trilobyte_7B9F1E30 has totalHeatSinkCap: 36 from currentCap: 36 + usedCap: 0
04:03:02.824  Calculating projected position heat.
04:03:02.824  CurrentPath has: 3 nodes, using destination path: (-72.0, 131.6, 41.6)
04:03:02.824    Count of waypointsFromPath: 4  terrainWaypoints: 19
04:03:02.824  Biome: DesignMaskBiomeBadlandsParched has heatSinkMulti: x0.85 
04:03:02.824  Calculated capacityMulti: 0.85 x globalHeatSinkMulti: 1 
04:03:02.824  Calculating projected position heat.
04:03:02.824  CurrentPath has: 3 nodes, using destination path: (-72.0, 131.6, 41.6)
04:03:02.824    Count of waypointsFromPath: 4  terrainWaypoints: 19
04:03:02.824  Biome: DesignMaskBiomeBadlandsParched has heatSinkMulti: x0.85 
04:03:02.824  Calculated capacityMulti: 0.85 x globalHeatSinkMulti: 1 
04:03:02.824  Mech: Javelin_Trilobyte_7B9F1E30 has adjustedNormedCap: 30.6 from normedCap: 36 x multi: 0.85
04:03:02.824    remainingCapacity: 36  rawCapacity: -30  normedAdjustedFraction: -30
04:03:02.824    currentHeat: 0 + tempHeat: 0 + projectedHeat: 5 + cacTerrainheat: 0 + sinkableHeat: -30  =  futureHeat: 5
04:03:02.824  Threshold heat: 0 = futureHeat: 5 + sinkableHeat: -30
04:03:02.824  Updating heat dialog for actor: Javelin_Trilobyte_7B9F1E30
04:03:02.824    previous values:  CurrentHeat: 0  ProjectedHeat: 5  TempHeat: 0  CACTerrainHeat: 0  currentPathNodes: 5
04:03:02.824    current values:  CurrentHeat: 0  ProjectedHeat: 5  TempHeat: 0  CACTerrainHeat: 0  currentPathNodes: 3
04:03:02.825  Calculating projected position heat.
04:03:02.825  CurrentPath has: 3 nodes, using destination path: (-72.0, 131.6, 41.6)
04:03:02.825    Count of waypointsFromPath: 4  terrainWaypoints: 19
04:03:02.825  Biome: DesignMaskBiomeBadlandsParched has heatSinkMulti: x0.85 
04:03:02.825  Calculated capacityMulti: 0.85 x globalHeatSinkMulti: 1 
04:03:02.835  Mech_SprintHeat_Getter - Javelin_Trilobyte_7B9F1E30 processing sprint heat modifiers: (original 5 + mod 0) x mult 1 = 5
04:03:02.836  Mech_SprintHeat_Getter - Javelin_Trilobyte_7B9F1E30 processing sprint heat modifiers: (original 5 + mod 0) x mult 1 = 5
04:03:02.836  Mech_SprintHeat_Getter - Javelin_Trilobyte_7B9F1E30 processing sprint heat modifiers: (original 5 + mod 0) x mult 1 = 5
04:03:02.836  Mech_SprintHeat_Getter - Javelin_Trilobyte_7B9F1E30 processing sprint heat modifiers: (original 5 + mod 0) x mult 1 = 5
04:03:02.836    Count of waypointsFromPath: 4  terrainWaypoints: 19
04:03:02.836  TerrainHeat: 0 = sumOfHeat: 0 / totalCells: 0
04:03:02.836  Calculating projected position heat.
04:03:02.836  CurrentPath has: 3 nodes, using destination path: (-72.0, 131.6, 41.6)
04:03:02.836    Count of waypointsFromPath: 4  terrainWaypoints: 19
04:03:02.836  Biome: DesignMaskBiomeBadlandsParched has heatSinkMulti: x0.85 
04:03:02.836  Calculated capacityMulti: 0.85 x globalHeatSinkMulti: 1 
04:03:02.836  Calculating projected position heat.
04:03:02.836  CurrentPath has: 3 nodes, using destination path: (-72.0, 131.6, 41.6)
04:03:02.836    Count of waypointsFromPath: 4  terrainWaypoints: 19
04:03:02.836  Biome: DesignMaskBiomeBadlandsParched has heatSinkMulti: x0.85 
04:03:02.836  Calculated capacityMulti: 0.85 x globalHeatSinkMulti: 1 
04:03:02.836  Mech: Javelin_Trilobyte_7B9F1E30 has adjustedNormedCap: 30.6 from normedCap: 36 x multi: 0.85
04:03:02.836  Mech: Javelin_Trilobyte_7B9F1E30 has totalHeatSinkCap: 36 from currentCap: 36 + usedCap: 0
04:03:02.836  Calculating projected position heat.
04:03:02.836  CurrentPath has: 3 nodes, using destination path: (-72.0, 131.6, 41.6)
04:03:02.836    Count of waypointsFromPath: 4  terrainWaypoints: 19
04:03:02.836  Biome: DesignMaskBiomeBadlandsParched has heatSinkMulti: x0.85 
04:03:02.836  Calculated capacityMulti: 0.85 x globalHeatSinkMulti: 1 
04:03:02.836  Calculating projected position heat.
04:03:02.836  CurrentPath has: 3 nodes, using destination path: (-72.0, 131.6, 41.6)
04:03:02.836    Count of waypointsFromPath: 4  terrainWaypoints: 19
04:03:02.836  Biome: DesignMaskBiomeBadlandsParched has heatSinkMulti: x0.85 
04:03:02.836  Calculated capacityMulti: 0.85 x globalHeatSinkMulti: 1 
04:03:02.836  Mech: Javelin_Trilobyte_7B9F1E30 has adjustedNormedCap: 30.6 from normedCap: 36 x multi: 0.85
04:03:02.836    remainingCapacity: 36  rawCapacity: -30  normedAdjustedFraction: -30
04:03:02.836    currentHeat: 0 + tempHeat: 0 + projectedHeat: 5 + cacTerrainheat: 0 + sinkableHeat: -30  =  futureHeat: 5
04:03:02.836  Threshold heat: 0 = futureHeat: 5 + sinkableHeat: -30
04:03:02.847  Mech_SprintHeat_Getter - Javelin_Trilobyte_7B9F1E30 processing sprint heat modifiers: (original 5 + mod 0) x mult 1 = 5
04:03:02.848  Mech_SprintHeat_Getter - Javelin_Trilobyte_7B9F1E30 processing sprint heat modifiers: (original 5 + mod 0) x mult 1 = 5
04:03:02.848  Mech_SprintHeat_Getter - Javelin_Trilobyte_7B9F1E30 processing sprint heat modifiers: (original 5 + mod 0) x mult 1 = 5
04:03:02.848  Mech_SprintHeat_Getter - Javelin_Trilobyte_7B9F1E30 processing sprint heat modifiers: (original 5 + mod 0) x mult 1 = 5
04:03:02.848  Mech_SprintHeat_Getter - Javelin_Trilobyte_7B9F1E30 processing sprint heat modifiers: (original 5 + mod 0) x mult 1 = 5
04:03:02.848    Count of waypointsFromPath: 2  terrainWaypoints: 25
04:03:02.848  TerrainHeat: 0 = sumOfHeat: 0 / totalCells: 0
04:03:02.848  Calculating projected position heat.
04:03:02.848  CurrentPath has: 1 nodes, using destination path: (-96.0, 128.8, 41.6)
04:03:02.848    Count of waypointsFromPath: 2  terrainWaypoints: 25
04:03:02.848  Biome: DesignMaskBiomeBadlandsParched has heatSinkMulti: x0.85 
04:03:02.848  Calculated capacityMulti: 0.85 x globalHeatSinkMulti: 1 
04:03:02.848  Calculating projected position heat.
04:03:02.848  CurrentPath has: 1 nodes, using destination path: (-96.0, 128.8, 41.6)
04:03:02.848    Count of waypointsFromPath: 2  terrainWaypoints: 25
04:03:02.848  Biome: DesignMaskBiomeBadlandsParched has heatSinkMulti: x0.85 
04:03:02.848  Calculated capacityMulti: 0.85 x globalHeatSinkMulti: 1 
04:03:02.848  Mech: Javelin_Trilobyte_7B9F1E30 has adjustedNormedCap: 30.6 from normedCap: 36 x multi: 0.85
04:03:02.848  Mech: Javelin_Trilobyte_7B9F1E30 has totalHeatSinkCap: 36 from currentCap: 36 + usedCap: 0
04:03:02.848  Calculating projected position heat.
04:03:02.848  CurrentPath has: 1 nodes, using destination path: (-96.0, 128.8, 41.6)
04:03:02.848    Count of waypointsFromPath: 2  terrainWaypoints: 25
04:03:02.848  Biome: DesignMaskBiomeBadlandsParched has heatSinkMulti: x0.85 
04:03:02.848  Calculated capacityMulti: 0.85 x globalHeatSinkMulti: 1 
04:03:02.848  Calculating projected position heat.
04:03:02.848  CurrentPath has: 1 nodes, using destination path: (-96.0, 128.8, 41.6)
04:03:02.848    Count of waypointsFromPath: 2  terrainWaypoints: 25
04:03:02.848  Biome: DesignMaskBiomeBadlandsParched has heatSinkMulti: x0.85 
04:03:02.848  Calculated capacityMulti: 0.85 x globalHeatSinkMulti: 1 
04:03:02.848  Mech: Javelin_Trilobyte_7B9F1E30 has adjustedNormedCap: 30.6 from normedCap: 36 x multi: 0.85
04:03:02.848    remainingCapacity: 36  rawCapacity: -30  normedAdjustedFraction: -30
04:03:02.848    currentHeat: 0 + tempHeat: 0 + projectedHeat: 5 + cacTerrainheat: 0 + sinkableHeat: -30  =  futureHeat: 5
04:03:02.848  Threshold heat: 0 = futureHeat: 5 + sinkableHeat: -30
04:03:02.848  Updating heat dialog for actor: Javelin_Trilobyte_7B9F1E30
04:03:02.848    previous values:  CurrentHeat: 0  ProjectedHeat: 5  TempHeat: 0  CACTerrainHeat: 0  currentPathNodes: 3
04:03:02.848    current values:  CurrentHeat: 0  ProjectedHeat: 5  TempHeat: 0  CACTerrainHeat: 0  currentPathNodes: 1
04:03:02.848  Calculating projected position heat.
04:03:02.848  CurrentPath has: 1 nodes, using destination path: (-96.0, 128.8, 41.6)
04:03:02.848    Count of waypointsFromPath: 2  terrainWaypoints: 25
04:03:02.848  Biome: DesignMaskBiomeBadlandsParched has heatSinkMulti: x0.85 
04:03:02.848  Calculated capacityMulti: 0.85 x globalHeatSinkMulti: 1 
04:03:02.858  Mech_SprintHeat_Getter - Javelin_Trilobyte_7B9F1E30 processing sprint heat modifiers: (original 5 + mod 0) x mult 1 = 5
04:03:02.858  Mech_SprintHeat_Getter - Javelin_Trilobyte_7B9F1E30 processing sprint heat modifiers: (original 5 + mod 0) x mult 1 = 5
04:03:02.858  Mech_SprintHeat_Getter - Javelin_Trilobyte_7B9F1E30 processing sprint heat modifiers: (original 5 + mod 0) x mult 1 = 5
04:03:02.858  Mech_SprintHeat_Getter - Javelin_Trilobyte_7B9F1E30 processing sprint heat modifiers: (original 5 + mod 0) x mult 1 = 5
04:03:02.858    Count of waypointsFromPath: 2  terrainWaypoints: 25
04:03:02.858  TerrainHeat: 0 = sumOfHeat: 0 / totalCells: 0
04:03:02.858  Calculating projected position heat.
04:03:02.858  CurrentPath has: 1 nodes, using destination path: (-96.0, 128.8, 41.6)
04:03:02.858    Count of waypointsFromPath: 2  terrainWaypoints: 25
04:03:02.858  Biome: DesignMaskBiomeBadlandsParched has heatSinkMulti: x0.85 
04:03:02.858  Calculated capacityMulti: 0.85 x globalHeatSinkMulti: 1 
04:03:02.858  Calculating projected position heat.
04:03:02.858  CurrentPath has: 1 nodes, using destination path: (-96.0, 128.8, 41.6)
04:03:02.858    Count of waypointsFromPath: 2  terrainWaypoints: 25
04:03:02.858  Biome: DesignMaskBiomeBadlandsParched has heatSinkMulti: x0.85 
04:03:02.858  Calculated capacityMulti: 0.85 x globalHeatSinkMulti: 1 
04:03:02.858  Mech: Javelin_Trilobyte_7B9F1E30 has adjustedNormedCap: 30.6 from normedCap: 36 x multi: 0.85
04:03:02.858  Mech: Javelin_Trilobyte_7B9F1E30 has totalHeatSinkCap: 36 from currentCap: 36 + usedCap: 0
04:03:02.858  Calculating projected position heat.
04:03:02.858  CurrentPath has: 1 nodes, using destination path: (-96.0, 128.8, 41.6)
04:03:02.858    Count of waypointsFromPath: 2  terrainWaypoints: 25
04:03:02.858  Biome: DesignMaskBiomeBadlandsParched has heatSinkMulti: x0.85 
04:03:02.858  Calculated capacityMulti: 0.85 x globalHeatSinkMulti: 1 
04:03:02.859  Calculating projected position heat.
04:03:02.859  CurrentPath has: 1 nodes, using destination path: (-96.0, 128.8, 41.6)
04:03:02.859    Count of waypointsFromPath: 2  terrainWaypoints: 25
04:03:02.859  Biome: DesignMaskBiomeBadlandsParched has heatSinkMulti: x0.85 
04:03:02.859  Calculated capacityMulti: 0.85 x globalHeatSinkMulti: 1 
04:03:02.859  Mech: Javelin_Trilobyte_7B9F1E30 has adjustedNormedCap: 30.6 from normedCap: 36 x multi: 0.85
04:03:02.859    remainingCapacity: 36  rawCapacity: -30  normedAdjustedFraction: -30
04:03:02.859    currentHeat: 0 + tempHeat: 0 + projectedHeat: 5 + cacTerrainheat: 0 + sinkableHeat: -30  =  futureHeat: 5
04:03:02.859  Threshold heat: 0 = futureHeat: 5 + sinkableHeat: -30
04:03:02.869  Mech_SprintHeat_Getter - Javelin_Trilobyte_7B9F1E30 processing sprint heat modifiers: (original 5 + mod 0) x mult 1 = 5
04:03:02.869  Mech_SprintHeat_Getter - Javelin_Trilobyte_7B9F1E30 processing sprint heat modifiers: (original 5 + mod 0) x mult 1 = 5
04:03:02.869  Mech_SprintHeat_Getter - Javelin_Trilobyte_7B9F1E30 processing sprint heat modifiers: (original 5 + mod 0) x mult 1 = 5
04:03:02.869  Mech_SprintHeat_Getter - Javelin_Trilobyte_7B9F1E30 processing sprint heat modifiers: (original 5 + mod 0) x mult 1 = 5
04:03:02.869    Count of waypointsFromPath: 2  terrainWaypoints: 25
04:03:02.869  TerrainHeat: 0 = sumOfHeat: 0 / totalCells: 0
04:03:02.869  Calculating projected position heat.
04:03:02.869  CurrentPath has: 1 nodes, using destination path: (-96.0, 128.8, 41.6)
04:03:02.869    Count of waypointsFromPath: 2  terrainWaypoints: 25
04:03:02.869  Biome: DesignMaskBiomeBadlandsParched has heatSinkMulti: x0.85 
04:03:02.869  Calculated capacityMulti: 0.85 x globalHeatSinkMulti: 1 
04:03:02.869  Calculating projected position heat.
04:03:02.869  CurrentPath has: 1 nodes, using destination path: (-96.0, 128.8, 41.6)
04:03:02.869    Count of waypointsFromPath: 2  terrainWaypoints: 25
04:03:02.869  Biome: DesignMaskBiomeBadlandsParched has heatSinkMulti: x0.85 
04:03:02.869  Calculated capacityMulti: 0.85 x globalHeatSinkMulti: 1 
04:03:02.869  Mech: Javelin_Trilobyte_7B9F1E30 has adjustedNormedCap: 30.6 from normedCap: 36 x multi: 0.85
04:03:02.869  Mech: Javelin_Trilobyte_7B9F1E30 has totalHeatSinkCap: 36 from currentCap: 36 + usedCap: 0
04:03:02.869  Calculating projected position heat.
04:03:02.869  CurrentPath has: 1 nodes, using destination path: (-96.0, 128.8, 41.6)
04:03:02.869    Count of waypointsFromPath: 2  terrainWaypoints: 25
04:03:02.869  Biome: DesignMaskBiomeBadlandsParched has heatSinkMulti: x0.85 
04:03:02.869  Calculated capacityMulti: 0.85 x globalHeatSinkMulti: 1 
04:03:02.869  Calculating projected position heat.
04:03:02.869  CurrentPath has: 1 nodes, using destination path: (-96.0, 128.8, 41.6)
04:03:02.869    Count of waypointsFromPath: 2  terrainWaypoints: 25
04:03:02.869  Biome: DesignMaskBiomeBadlandsParched has heatSinkMulti: x0.85 
04:03:02.869  Calculated capacityMulti: 0.85 x globalHeatSinkMulti: 1 
04:03:02.869  Mech: Javelin_Trilobyte_7B9F1E30 has adjustedNormedCap: 30.6 from normedCap: 36 x multi: 0.85
04:03:02.869    remainingCapacity: 36  rawCapacity: -30  normedAdjustedFraction: -30
04:03:02.869    currentHeat: 0 + tempHeat: 0 + projectedHeat: 5 + cacTerrainheat: 0 + sinkableHeat: -30  =  futureHeat: 5
04:03:02.869  Threshold heat: 0 = futureHeat: 5 + sinkableHeat: -30
04:03:02.879  Mech_SprintHeat_Getter - Javelin_Trilobyte_7B9F1E30 processing sprint heat modifiers: (original 5 + mod 0) x mult 1 = 5
04:03:02.879  Mech_SprintHeat_Getter - Javelin_Trilobyte_7B9F1E30 processing sprint heat modifiers: (original 5 + mod 0) x mult 1 = 5
04:03:02.879  Mech_SprintHeat_Getter - Javelin_Trilobyte_7B9F1E30 processing sprint heat modifiers: (original 5 + mod 0) x mult 1 = 5
04:03:02.879  Mech_SprintHeat_Getter - Javelin_Trilobyte_7B9F1E30 processing sprint heat modifiers: (original 5 + mod 0) x mult 1 = 5
04:03:02.879    Count of waypointsFromPath: 2  terrainWaypoints: 25
04:03:02.879  TerrainHeat: 0 = sumOfHeat: 0 / totalCells: 0
04:03:02.879  Calculating projected position heat.
04:03:02.879  CurrentPath has: 1 nodes, using destination path: (-96.0, 128.8, 41.6)
04:03:02.879    Count of waypointsFromPath: 2  terrainWaypoints: 25
04:03:02.879  Biome: DesignMaskBiomeBadlandsParched has heatSinkMulti: x0.85 
04:03:02.879  Calculated capacityMulti: 0.85 x globalHeatSinkMulti: 1 
04:03:02.879  Calculating projected position heat.
04:03:02.879  CurrentPath has: 1 nodes, using destination path: (-96.0, 128.8, 41.6)
04:03:02.879    Count of waypointsFromPath: 2  terrainWaypoints: 25
04:03:02.879  Biome: DesignMaskBiomeBadlandsParched has heatSinkMulti: x0.85 
04:03:02.879  Calculated capacityMulti: 0.85 x globalHeatSinkMulti: 1 
04:03:02.879  Mech: Javelin_Trilobyte_7B9F1E30 has adjustedNormedCap: 30.6 from normedCap: 36 x multi: 0.85
04:03:02.879  Mech: Javelin_Trilobyte_7B9F1E30 has totalHeatSinkCap: 36 from currentCap: 36 + usedCap: 0
04:03:02.879  Calculating projected position heat.
04:03:02.879  CurrentPath has: 1 nodes, using destination path: (-96.0, 128.8, 41.6)
04:03:02.879    Count of waypointsFromPath: 2  terrainWaypoints: 25
04:03:02.879  Biome: DesignMaskBiomeBadlandsParched has heatSinkMulti: x0.85 
04:03:02.879  Calculated capacityMulti: 0.85 x globalHeatSinkMulti: 1 
04:03:02.879  Calculating projected position heat.
04:03:02.879  CurrentPath has: 1 nodes, using destination path: (-96.0, 128.8, 41.6)
04:03:02.879    Count of waypointsFromPath: 2  terrainWaypoints: 25
04:03:02.879  Biome: DesignMaskBiomeBadlandsParched has heatSinkMulti: x0.85 
04:03:02.879  Calculated capacityMulti: 0.85 x globalHeatSinkMulti: 1 
04:03:02.879  Mech: Javelin_Trilobyte_7B9F1E30 has adjustedNormedCap: 30.6 from normedCap: 36 x multi: 0.85
04:03:02.879    remainingCapacity: 36  rawCapacity: -30  normedAdjustedFraction: -30
04:03:02.879    currentHeat: 0 + tempHeat: 0 + projectedHeat: 5 + cacTerrainheat: 0 + sinkableHeat: -30  =  futureHeat: 5
04:03:02.879  Threshold heat: 0 = futureHeat: 5 + sinkableHeat: -30
04:03:02.889  Mech_SprintHeat_Getter - Javelin_Trilobyte_7B9F1E30 processing sprint heat modifiers: (original 5 + mod 0) x mult 1 = 5
04:03:02.889  Mech_SprintHeat_Getter - Javelin_Trilobyte_7B9F1E30 processing sprint heat modifiers: (original 5 + mod 0) x mult 1 = 5
04:03:02.889  Mech_SprintHeat_Getter - Javelin_Trilobyte_7B9F1E30 processing sprint heat modifiers: (original 5 + mod 0) x mult 1 = 5
04:03:02.889  Mech_SprintHeat_Getter - Javelin_Trilobyte_7B9F1E30 processing sprint heat modifiers: (original 5 + mod 0) x mult 1 = 5
04:03:02.889    Count of waypointsFromPath: 2  terrainWaypoints: 25
04:03:02.889  TerrainHeat: 0 = sumOfHeat: 0 / totalCells: 0
04:03:02.889  Calculating projected position heat.
04:03:02.889  CurrentPath has: 1 nodes, using destination path: (-96.0, 128.8, 41.6)
04:03:02.889    Count of waypointsFromPath: 2  terrainWaypoints: 25
04:03:02.889  Biome: DesignMaskBiomeBadlandsParched has heatSinkMulti: x0.85 
04:03:02.889  Calculated capacityMulti: 0.85 x globalHeatSinkMulti: 1 
04:03:02.889  Calculating projected position heat.
04:03:02.889  CurrentPath has: 1 nodes, using destination path: (-96.0, 128.8, 41.6)
04:03:02.889    Count of waypointsFromPath: 2  terrainWaypoints: 25
04:03:02.889  Biome: DesignMaskBiomeBadlandsParched has heatSinkMulti: x0.85 
04:03:02.889  Calculated capacityMulti: 0.85 x globalHeatSinkMulti: 1 
04:03:02.889  Mech: Javelin_Trilobyte_7B9F1E30 has adjustedNormedCap: 30.6 from normedCap: 36 x multi: 0.85
04:03:02.889  Mech: Javelin_Trilobyte_7B9F1E30 has totalHeatSinkCap: 36 from currentCap: 36 + usedCap: 0
04:03:02.889  Calculating projected position heat.
04:03:02.889  CurrentPath has: 1 nodes, using destination path: (-96.0, 128.8, 41.6)
04:03:02.889    Count of waypointsFromPath: 2  terrainWaypoints: 25
04:03:02.889  Biome: DesignMaskBiomeBadlandsParched has heatSinkMulti: x0.85 
04:03:02.889  Calculated capacityMulti: 0.85 x globalHeatSinkMulti: 1 
04:03:02.889  Calculating projected position heat.
04:03:02.889  CurrentPath has: 1 nodes, using destination path: (-96.0, 128.8, 41.6)
04:03:02.889    Count of waypointsFromPath: 2  terrainWaypoints: 25
04:03:02.889  Biome: DesignMaskBiomeBadlandsParched has heatSinkMulti: x0.85 
04:03:02.889  Calculated capacityMulti: 0.85 x globalHeatSinkMulti: 1 
04:03:02.890  Mech: Javelin_Trilobyte_7B9F1E30 has adjustedNormedCap: 30.6 from normedCap: 36 x multi: 0.85
04:03:02.890    remainingCapacity: 36  rawCapacity: -30  normedAdjustedFraction: -30
04:03:02.890    currentHeat: 0 + tempHeat: 0 + projectedHeat: 5 + cacTerrainheat: 0 + sinkableHeat: -30  =  futureHeat: 5
04:03:02.890  Threshold heat: 0 = futureHeat: 5 + sinkableHeat: -30
04:03:02.899  Mech_SprintHeat_Getter - Javelin_Trilobyte_7B9F1E30 processing sprint heat modifiers: (original 5 + mod 0) x mult 1 = 5
04:03:02.899  Mech_SprintHeat_Getter - Javelin_Trilobyte_7B9F1E30 processing sprint heat modifiers: (original 5 + mod 0) x mult 1 = 5
04:03:02.899  Mech_SprintHeat_Getter - Javelin_Trilobyte_7B9F1E30 processing sprint heat modifiers: (original 5 + mod 0) x mult 1 = 5
04:03:02.899  Mech_SprintHeat_Getter - Javelin_Trilobyte_7B9F1E30 processing sprint heat modifiers: (original 5 + mod 0) x mult 1 = 5
04:03:02.899    Count of waypointsFromPath: 2  terrainWaypoints: 25
04:03:02.899  TerrainHeat: 0 = sumOfHeat: 0 / totalCells: 0
04:03:02.899  Calculating projected position heat.
04:03:02.899  CurrentPath has: 1 nodes, using destination path: (-96.0, 128.8, 41.6)
04:03:02.899    Count of waypointsFromPath: 2  terrainWaypoints: 25
04:03:02.899  Biome: DesignMaskBiomeBadlandsParched has heatSinkMulti: x0.85 
04:03:02.899  Calculated capacityMulti: 0.85 x globalHeatSinkMulti: 1 
04:03:02.899  Calculating projected position heat.
04:03:02.899  CurrentPath has: 1 nodes, using destination path: (-96.0, 128.8, 41.6)
04:03:02.899    Count of waypointsFromPath: 2  terrainWaypoints: 25
04:03:02.899  Biome: DesignMaskBiomeBadlandsParched has heatSinkMulti: x0.85 
04:03:02.899  Calculated capacityMulti: 0.85 x globalHeatSinkMulti: 1 
04:03:02.899  Mech: Javelin_Trilobyte_7B9F1E30 has adjustedNormedCap: 30.6 from normedCap: 36 x multi: 0.85
04:03:02.899  Mech: Javelin_Trilobyte_7B9F1E30 has totalHeatSinkCap: 36 from currentCap: 36 + usedCap: 0
04:03:02.899  Calculating projected position heat.
04:03:02.899  CurrentPath has: 1 nodes, using destination path: (-96.0, 128.8, 41.6)
04:03:02.899    Count of waypointsFromPath: 2  terrainWaypoints: 25
04:03:02.899  Biome: DesignMaskBiomeBadlandsParched has heatSinkMulti: x0.85 
04:03:02.899  Calculated capacityMulti: 0.85 x globalHeatSinkMulti: 1 
04:03:02.899  Calculating projected position heat.
04:03:02.899  CurrentPath has: 1 nodes, using destination path: (-96.0, 128.8, 41.6)
04:03:02.899    Count of waypointsFromPath: 2  terrainWaypoints: 25
04:03:02.899  Biome: DesignMaskBiomeBadlandsParched has heatSinkMulti: x0.85 
04:03:02.899  Calculated capacityMulti: 0.85 x globalHeatSinkMulti: 1 
04:03:02.899  Mech: Javelin_Trilobyte_7B9F1E30 has adjustedNormedCap: 30.6 from normedCap: 36 x multi: 0.85
04:03:02.899    remainingCapacity: 36  rawCapacity: -30  normedAdjustedFraction: -30
04:03:02.899    currentHeat: 0 + tempHeat: 0 + projectedHeat: 5 + cacTerrainheat: 0 + sinkableHeat: -30  =  futureHeat: 5
04:03:02.899  Threshold heat: 0 = futureHeat: 5 + sinkableHeat: -30
04:03:02.908  Mech_SprintHeat_Getter - Javelin_Trilobyte_7B9F1E30 processing sprint heat modifiers: (original 5 + mod 0) x mult 1 = 5
04:03:02.908  Mech_SprintHeat_Getter - Javelin_Trilobyte_7B9F1E30 processing sprint heat modifiers: (original 5 + mod 0) x mult 1 = 5
04:03:02.908  Mech_SprintHeat_Getter - Javelin_Trilobyte_7B9F1E30 processing sprint heat modifiers: (original 5 + mod 0) x mult 1 = 5
04:03:02.908  Mech_SprintHeat_Getter - Javelin_Trilobyte_7B9F1E30 processing sprint heat modifiers: (original 5 + mod 0) x mult 1 = 5
04:03:02.908    Count of waypointsFromPath: 2  terrainWaypoints: 25
04:03:02.908  TerrainHeat: 0 = sumOfHeat: 0 / totalCells: 0
04:03:02.908  Calculating projected position heat.
04:03:02.908  CurrentPath has: 1 nodes, using destination path: (-96.0, 128.8, 41.6)
04:03:02.908    Count of waypointsFromPath: 2  terrainWaypoints: 25
04:03:02.908  Biome: DesignMaskBiomeBadlandsParched has heatSinkMulti: x0.85 
04:03:02.908  Calculated capacityMulti: 0.85 x globalHeatSinkMulti: 1 
04:03:02.908  Calculating projected position heat.
04:03:02.908  CurrentPath has: 1 nodes, using destination path: (-96.0, 128.8, 41.6)
04:03:02.908    Count of waypointsFromPath: 2  terrainWaypoints: 25
04:03:02.908  Biome: DesignMaskBiomeBadlandsParched has heatSinkMulti: x0.85 
04:03:02.908  Calculated capacityMulti: 0.85 x globalHeatSinkMulti: 1 
04:03:02.908  Mech: Javelin_Trilobyte_7B9F1E30 has adjustedNormedCap: 30.6 from normedCap: 36 x multi: 0.85
04:03:02.908  Mech: Javelin_Trilobyte_7B9F1E30 has totalHeatSinkCap: 36 from currentCap: 36 + usedCap: 0
04:03:02.908  Calculating projected position heat.
04:03:02.908  CurrentPath has: 1 nodes, using destination path: (-96.0, 128.8, 41.6)
04:03:02.908    Count of waypointsFromPath: 2  terrainWaypoints: 25
04:03:02.908  Biome: DesignMaskBiomeBadlandsParched has heatSinkMulti: x0.85 
04:03:02.908  Calculated capacityMulti: 0.85 x globalHeatSinkMulti: 1 
04:03:02.908  Calculating projected position heat.
04:03:02.908  CurrentPath has: 1 nodes, using destination path: (-96.0, 128.8, 41.6)
04:03:02.908    Count of waypointsFromPath: 2  terrainWaypoints: 25
04:03:02.908  Biome: DesignMaskBiomeBadlandsParched has heatSinkMulti: x0.85 
04:03:02.908  Calculated capacityMulti: 0.85 x globalHeatSinkMulti: 1 
04:03:02.908  Mech: Javelin_Trilobyte_7B9F1E30 has adjustedNormedCap: 30.6 from normedCap: 36 x multi: 0.85
04:03:02.908    remainingCapacity: 36  rawCapacity: -30  normedAdjustedFraction: -30
04:03:02.908    currentHeat: 0 + tempHeat: 0 + projectedHeat: 5 + cacTerrainheat: 0 + sinkableHeat: -30  =  futureHeat: 5
04:03:02.908  Threshold heat: 0 = futureHeat: 5 + sinkableHeat: -30
04:03:02.917  Mech_SprintHeat_Getter - Javelin_Trilobyte_7B9F1E30 processing sprint heat modifiers: (original 5 + mod 0) x mult 1 = 5
04:03:02.917  Mech_SprintHeat_Getter - Javelin_Trilobyte_7B9F1E30 processing sprint heat modifiers: (original 5 + mod 0) x mult 1 = 5
04:03:02.917  Mech_SprintHeat_Getter - Javelin_Trilobyte_7B9F1E30 processing sprint heat modifiers: (original 5 + mod 0) x mult 1 = 5
04:03:02.917  Mech_SprintHeat_Getter - Javelin_Trilobyte_7B9F1E30 processing sprint heat modifiers: (original 5 + mod 0) x mult 1 = 5
04:03:02.917    Count of waypointsFromPath: 2  terrainWaypoints: 25
04:03:02.917  TerrainHeat: 0 = sumOfHeat: 0 / totalCells: 0
04:03:02.917  Calculating projected position heat.
04:03:02.917  CurrentPath has: 1 nodes, using destination path: (-96.0, 128.8, 41.6)
04:03:02.917    Count of waypointsFromPath: 2  terrainWaypoints: 25
04:03:02.917  Biome: DesignMaskBiomeBadlandsParched has heatSinkMulti: x0.85 
04:03:02.917  Calculated capacityMulti: 0.85 x globalHeatSinkMulti: 1 
04:03:02.917  Calculating projected position heat.
04:03:02.917  CurrentPath has: 1 nodes, using destination path: (-96.0, 128.8, 41.6)
04:03:02.917    Count of waypointsFromPath: 2  terrainWaypoints: 25
04:03:02.917  Biome: DesignMaskBiomeBadlandsParched has heatSinkMulti: x0.85 
04:03:02.917  Calculated capacityMulti: 0.85 x globalHeatSinkMulti: 1 
04:03:02.917  Mech: Javelin_Trilobyte_7B9F1E30 has adjustedNormedCap: 30.6 from normedCap: 36 x multi: 0.85
04:03:02.917  Mech: Javelin_Trilobyte_7B9F1E30 has totalHeatSinkCap: 36 from currentCap: 36 + usedCap: 0
04:03:02.917  Calculating projected position heat.
04:03:02.917  CurrentPath has: 1 nodes, using destination path: (-96.0, 128.8, 41.6)
04:03:02.917    Count of waypointsFromPath: 2  terrainWaypoints: 25
04:03:02.917  Biome: DesignMaskBiomeBadlandsParched has heatSinkMulti: x0.85 
04:03:02.917  Calculated capacityMulti: 0.85 x globalHeatSinkMulti: 1 
04:03:02.917  Calculating projected position heat.
04:03:02.917  CurrentPath has: 1 nodes, using destination path: (-96.0, 128.8, 41.6)
04:03:02.917    Count of waypointsFromPath: 2  terrainWaypoints: 25
04:03:02.917  Biome: DesignMaskBiomeBadlandsParched has heatSinkMulti: x0.85 
04:03:02.917  Calculated capacityMulti: 0.85 x globalHeatSinkMulti: 1 
04:03:02.917  Mech: Javelin_Trilobyte_7B9F1E30 has adjustedNormedCap: 30.6 from normedCap: 36 x multi: 0.85
04:03:02.917    remainingCapacity: 36  rawCapacity: -30  normedAdjustedFraction: -30
04:03:02.917    currentHeat: 0 + tempHeat: 0 + projectedHeat: 5 + cacTerrainheat: 0 + sinkableHeat: -30  =  futureHeat: 5
04:03:02.917  Threshold heat: 0 = futureHeat: 5 + sinkableHeat: -30
04:03:02.927  Mech_SprintHeat_Getter - Javelin_Trilobyte_7B9F1E30 processing sprint heat modifiers: (original 5 + mod 0) x mult 1 = 5
04:03:02.927  Mech_SprintHeat_Getter - Javelin_Trilobyte_7B9F1E30 processing sprint heat modifiers: (original 5 + mod 0) x mult 1 = 5
04:03:02.927  Mech_SprintHeat_Getter - Javelin_Trilobyte_7B9F1E30 processing sprint heat modifiers: (original 5 + mod 0) x mult 1 = 5
04:03:02.927  Mech_SprintHeat_Getter - Javelin_Trilobyte_7B9F1E30 processing sprint heat modifiers: (original 5 + mod 0) x mult 1 = 5
04:03:02.927    Count of waypointsFromPath: 2  terrainWaypoints: 25
04:03:02.927  TerrainHeat: 0 = sumOfHeat: 0 / totalCells: 0
04:03:02.927  Calculating projected position heat.
04:03:02.927  CurrentPath has: 1 nodes, using destination path: (-96.0, 128.8, 41.6)
04:03:02.927    Count of waypointsFromPath: 2  terrainWaypoints: 25
04:03:02.927  Biome: DesignMaskBiomeBadlandsParched has heatSinkMulti: x0.85 
04:03:02.927  Calculated capacityMulti: 0.85 x globalHeatSinkMulti: 1 
04:03:02.927  Calculating projected position heat.
04:03:02.927  CurrentPath has: 1 nodes, using destination path: (-96.0, 128.8, 41.6)
04:03:02.927    Count of waypointsFromPath: 2  terrainWaypoints: 25
04:03:02.927  Biome: DesignMaskBiomeBadlandsParched has heatSinkMulti: x0.85 
04:03:02.927  Calculated capacityMulti: 0.85 x globalHeatSinkMulti: 1 
04:03:02.927  Mech: Javelin_Trilobyte_7B9F1E30 has adjustedNormedCap: 30.6 from normedCap: 36 x multi: 0.85
04:03:02.927  Mech: Javelin_Trilobyte_7B9F1E30 has totalHeatSinkCap: 36 from currentCap: 36 + usedCap: 0
04:03:02.927  Calculating projected position heat.
04:03:02.927  CurrentPath has: 1 nodes, using destination path: (-96.0, 128.8, 41.6)
04:03:02.927    Count of waypointsFromPath: 2  terrainWaypoints: 25
04:03:02.927  Biome: DesignMaskBiomeBadlandsParched has heatSinkMulti: x0.85 
04:03:02.927  Calculated capacityMulti: 0.85 x globalHeatSinkMulti: 1 
04:03:02.927  Calculating projected position heat.
04:03:02.927  CurrentPath has: 1 nodes, using destination path: (-96.0, 128.8, 41.6)
04:03:02.927    Count of waypointsFromPath: 2  terrainWaypoints: 25
04:03:02.927  Biome: DesignMaskBiomeBadlandsParched has heatSinkMulti: x0.85 
04:03:02.927  Calculated capacityMulti: 0.85 x globalHeatSinkMulti: 1 
04:03:02.927  Mech: Javelin_Trilobyte_7B9F1E30 has adjustedNormedCap: 30.6 from normedCap: 36 x multi: 0.85
04:03:02.927    remainingCapacity: 36  rawCapacity: -30  normedAdjustedFraction: -30
04:03:02.927    currentHeat: 0 + tempHeat: 0 + projectedHeat: 5 + cacTerrainheat: 0 + sinkableHeat: -30  =  futureHeat: 5
04:03:02.927  Threshold heat: 0 = futureHeat: 5 + sinkableHeat: -30
04:03:02.937  Mech_SprintHeat_Getter - Javelin_Trilobyte_7B9F1E30 processing sprint heat modifiers: (original 5 + mod 0) x mult 1 = 5
04:03:02.937  Mech_SprintHeat_Getter - Javelin_Trilobyte_7B9F1E30 processing sprint heat modifiers: (original 5 + mod 0) x mult 1 = 5
04:03:02.937  Mech_SprintHeat_Getter - Javelin_Trilobyte_7B9F1E30 processing sprint heat modifiers: (original 5 + mod 0) x mult 1 = 5
04:03:02.937  Mech_SprintHeat_Getter - Javelin_Trilobyte_7B9F1E30 processing sprint heat modifiers: (original 5 + mod 0) x mult 1 = 5
04:03:02.937    Count of waypointsFromPath: 2  terrainWaypoints: 25
04:03:02.937  TerrainHeat: 0 = sumOfHeat: 0 / totalCells: 0
04:03:02.937  Calculating projected position heat.
04:03:02.937  CurrentPath has: 1 nodes, using destination path: (-96.0, 128.8, 41.6)
04:03:02.937    Count of waypointsFromPath: 2  terrainWaypoints: 25
04:03:02.937  Biome: DesignMaskBiomeBadlandsParched has heatSinkMulti: x0.85 
04:03:02.937  Calculated capacityMulti: 0.85 x globalHeatSinkMulti: 1 
04:03:02.937  Calculating projected position heat.
04:03:02.937  CurrentPath has: 1 nodes, using destination path: (-96.0, 128.8, 41.6)
04:03:02.937    Count of waypointsFromPath: 2  terrainWaypoints: 25
04:03:02.937  Biome: DesignMaskBiomeBadlandsParched has heatSinkMulti: x0.85 
04:03:02.937  Calculated capacityMulti: 0.85 x globalHeatSinkMulti: 1 
04:03:02.937  Mech: Javelin_Trilobyte_7B9F1E30 has adjustedNormedCap: 30.6 from normedCap: 36 x multi: 0.85
04:03:02.937  Mech: Javelin_Trilobyte_7B9F1E30 has totalHeatSinkCap: 36 from currentCap: 36 + usedCap: 0
04:03:02.937  Calculating projected position heat.
04:03:02.937  CurrentPath has: 1 nodes, using destination path: (-96.0, 128.8, 41.6)
04:03:02.937    Count of waypointsFromPath: 2  terrainWaypoints: 25
04:03:02.937  Biome: DesignMaskBiomeBadlandsParched has heatSinkMulti: x0.85 
04:03:02.937  Calculated capacityMulti: 0.85 x globalHeatSinkMulti: 1 
04:03:02.937  Calculating projected position heat.
04:03:02.937  CurrentPath has: 1 nodes, using destination path: (-96.0, 128.8, 41.6)
04:03:02.937    Count of waypointsFromPath: 2  terrainWaypoints: 25
04:03:02.937  Biome: DesignMaskBiomeBadlandsParched has heatSinkMulti: x0.85 
04:03:02.937  Calculated capacityMulti: 0.85 x globalHeatSinkMulti: 1 
04:03:02.937  Mech: Javelin_Trilobyte_7B9F1E30 has adjustedNormedCap: 30.6 from normedCap: 36 x multi: 0.85
04:03:02.937    remainingCapacity: 36  rawCapacity: -30  normedAdjustedFraction: -30
04:03:02.937    currentHeat: 0 + tempHeat: 0 + projectedHeat: 5 + cacTerrainheat: 0 + sinkableHeat: -30  =  futureHeat: 5
04:03:02.937  Threshold heat: 0 = futureHeat: 5 + sinkableHeat: -30
04:03:02.946  Mech_SprintHeat_Getter - Javelin_Trilobyte_7B9F1E30 processing sprint heat modifiers: (original 5 + mod 0) x mult 1 = 5
04:03:02.947  Mech_SprintHeat_Getter - Javelin_Trilobyte_7B9F1E30 processing sprint heat modifiers: (original 5 + mod 0) x mult 1 = 5
04:03:02.947  Mech_SprintHeat_Getter - Javelin_Trilobyte_7B9F1E30 processing sprint heat modifiers: (original 5 + mod 0) x mult 1 = 5
04:03:02.947  Mech_SprintHeat_Getter - Javelin_Trilobyte_7B9F1E30 processing sprint heat modifiers: (original 5 + mod 0) x mult 1 = 5
04:03:02.947    Count of waypointsFromPath: 2  terrainWaypoints: 25
04:03:02.947  TerrainHeat: 0 = sumOfHeat: 0 / totalCells: 0
04:03:02.947  Calculating projected position heat.
04:03:02.947  CurrentPath has: 1 nodes, using destination path: (-96.0, 128.8, 41.6)
04:03:02.947    Count of waypointsFromPath: 2  terrainWaypoints: 25
04:03:02.947  Biome: DesignMaskBiomeBadlandsParched has heatSinkMulti: x0.85 
04:03:02.947  Calculated capacityMulti: 0.85 x globalHeatSinkMulti: 1 
04:03:02.947  Calculating projected position heat.
04:03:02.947  CurrentPath has: 1 nodes, using destination path: (-96.0, 128.8, 41.6)
04:03:02.947    Count of waypointsFromPath: 2  terrainWaypoints: 25
04:03:02.947  Biome: DesignMaskBiomeBadlandsParched has heatSinkMulti: x0.85 
04:03:02.947  Calculated capacityMulti: 0.85 x globalHeatSinkMulti: 1 
04:03:02.947  Mech: Javelin_Trilobyte_7B9F1E30 has adjustedNormedCap: 30.6 from normedCap: 36 x multi: 0.85
04:03:02.947  Mech: Javelin_Trilobyte_7B9F1E30 has totalHeatSinkCap: 36 from currentCap: 36 + usedCap: 0
04:03:02.947  Calculating projected position heat.
04:03:02.947  CurrentPath has: 1 nodes, using destination path: (-96.0, 128.8, 41.6)
04:03:02.947    Count of waypointsFromPath: 2  terrainWaypoints: 25
04:03:02.947  Biome: DesignMaskBiomeBadlandsParched has heatSinkMulti: x0.85 
04:03:02.947  Calculated capacityMulti: 0.85 x globalHeatSinkMulti: 1 
04:03:02.947  Calculating projected position heat.
04:03:02.947  CurrentPath has: 1 nodes, using destination path: (-96.0, 128.8, 41.6)
04:03:02.947    Count of waypointsFromPath: 2  terrainWaypoints: 25
04:03:02.947  Biome: DesignMaskBiomeBadlandsParched has heatSinkMulti: x0.85 
04:03:02.947  Calculated capacityMulti: 0.85 x globalHeatSinkMulti: 1 
04:03:02.947  Mech: Javelin_Trilobyte_7B9F1E30 has adjustedNormedCap: 30.6 from normedCap: 36 x multi: 0.85
04:03:02.947    remainingCapacity: 36  rawCapacity: -30  normedAdjustedFraction: -30
04:03:02.947    currentHeat: 0 + tempHeat: 0 + projectedHeat: 5 + cacTerrainheat: 0 + sinkableHeat: -30  =  futureHeat: 5
04:03:02.947  Threshold heat: 0 = futureHeat: 5 + sinkableHeat: -30
04:03:02.955  Mech_SprintHeat_Getter - Javelin_Trilobyte_7B9F1E30 processing sprint heat modifiers: (original 5 + mod 0) x mult 1 = 5
04:03:02.955  Mech_SprintHeat_Getter - Javelin_Trilobyte_7B9F1E30 processing sprint heat modifiers: (original 5 + mod 0) x mult 1 = 5
04:03:02.955  Mech_SprintHeat_Getter - Javelin_Trilobyte_7B9F1E30 processing sprint heat modifiers: (original 5 + mod 0) x mult 1 = 5
04:03:02.955  Mech_SprintHeat_Getter - Javelin_Trilobyte_7B9F1E30 processing sprint heat modifiers: (original 5 + mod 0) x mult 1 = 5
04:03:02.955    Count of waypointsFromPath: 2  terrainWaypoints: 25
04:03:02.955  TerrainHeat: 0 = sumOfHeat: 0 / totalCells: 0
04:03:02.955  Calculating projected position heat.
04:03:02.955  CurrentPath has: 1 nodes, using destination path: (-96.0, 128.8, 41.6)
04:03:02.955    Count of waypointsFromPath: 2  terrainWaypoints: 25
04:03:02.955  Biome: DesignMaskBiomeBadlandsParched has heatSinkMulti: x0.85 
04:03:02.955  Calculated capacityMulti: 0.85 x globalHeatSinkMulti: 1 
04:03:02.955  Calculating projected position heat.
04:03:02.955  CurrentPath has: 1 nodes, using destination path: (-96.0, 128.8, 41.6)
04:03:02.955    Count of waypointsFromPath: 2  terrainWaypoints: 25
04:03:02.955  Biome: DesignMaskBiomeBadlandsParched has heatSinkMulti: x0.85 
04:03:02.955  Calculated capacityMulti: 0.85 x globalHeatSinkMulti: 1 
04:03:02.955  Mech: Javelin_Trilobyte_7B9F1E30 has adjustedNormedCap: 30.6 from normedCap: 36 x multi: 0.85
04:03:02.955  Mech: Javelin_Trilobyte_7B9F1E30 has totalHeatSinkCap: 36 from currentCap: 36 + usedCap: 0
04:03:02.955  Calculating projected position heat.
04:03:02.955  CurrentPath has: 1 nodes, using destination path: (-96.0, 128.8, 41.6)
04:03:02.955    Count of waypointsFromPath: 2  terrainWaypoints: 25
04:03:02.955  Biome: DesignMaskBiomeBadlandsParched has heatSinkMulti: x0.85 
04:03:02.955  Calculated capacityMulti: 0.85 x globalHeatSinkMulti: 1 
04:03:02.955  Calculating projected position heat.
04:03:02.955  CurrentPath has: 1 nodes, using destination path: (-96.0, 128.8, 41.6)
04:03:02.955    Count of waypointsFromPath: 2  terrainWaypoints: 25
04:03:02.955  Biome: DesignMaskBiomeBadlandsParched has heatSinkMulti: x0.85 
04:03:02.955  Calculated capacityMulti: 0.85 x globalHeatSinkMulti: 1 
04:03:02.955  Mech: Javelin_Trilobyte_7B9F1E30 has adjustedNormedCap: 30.6 from normedCap: 36 x multi: 0.85
04:03:02.955    remainingCapacity: 36  rawCapacity: -30  normedAdjustedFraction: -30
04:03:02.955    currentHeat: 0 + tempHeat: 0 + projectedHeat: 5 + cacTerrainheat: 0 + sinkableHeat: -30  =  futureHeat: 5
04:03:02.955  Threshold heat: 0 = futureHeat: 5 + sinkableHeat: -30
04:03:02.964  Mech_SprintHeat_Getter - Javelin_Trilobyte_7B9F1E30 processing sprint heat modifiers: (original 5 + mod 0) x mult 1 = 5
04:03:02.964  Mech_SprintHeat_Getter - Javelin_Trilobyte_7B9F1E30 processing sprint heat modifiers: (original 5 + mod 0) x mult 1 = 5
04:03:02.964  Mech_SprintHeat_Getter - Javelin_Trilobyte_7B9F1E30 processing sprint heat modifiers: (original 5 + mod 0) x mult 1 = 5
04:03:02.964  Mech_SprintHeat_Getter - Javelin_Trilobyte_7B9F1E30 processing sprint heat modifiers: (original 5 + mod 0) x mult 1 = 5
04:03:02.964    Count of waypointsFromPath: 2  terrainWaypoints: 25
04:03:02.964  TerrainHeat: 0 = sumOfHeat: 0 / totalCells: 0
04:03:02.964  Calculating projected position heat.
04:03:02.964  CurrentPath has: 1 nodes, using destination path: (-96.0, 128.8, 41.6)
04:03:02.964    Count of waypointsFromPath: 2  terrainWaypoints: 25
04:03:02.964  Biome: DesignMaskBiomeBadlandsParched has heatSinkMulti: x0.85 
04:03:02.964  Calculated capacityMulti: 0.85 x globalHeatSinkMulti: 1 
04:03:02.964  Calculating projected position heat.
04:03:02.964  CurrentPath has: 1 nodes, using destination path: (-96.0, 128.8, 41.6)
04:03:02.964    Count of waypointsFromPath: 2  terrainWaypoints: 25
04:03:02.964  Biome: DesignMaskBiomeBadlandsParched has heatSinkMulti: x0.85 
04:03:02.964  Calculated capacityMulti: 0.85 x globalHeatSinkMulti: 1 
04:03:02.964  Mech: Javelin_Trilobyte_7B9F1E30 has adjustedNormedCap: 30.6 from normedCap: 36 x multi: 0.85
04:03:02.964  Mech: Javelin_Trilobyte_7B9F1E30 has totalHeatSinkCap: 36 from currentCap: 36 + usedCap: 0
04:03:02.964  Calculating projected position heat.
04:03:02.964  CurrentPath has: 1 nodes, using destination path: (-96.0, 128.8, 41.6)
04:03:02.964    Count of waypointsFromPath: 2  terrainWaypoints: 25
04:03:02.964  Biome: DesignMaskBiomeBadlandsParched has heatSinkMulti: x0.85 
04:03:02.964  Calculated capacityMulti: 0.85 x globalHeatSinkMulti: 1 
04:03:02.964  Calculating projected position heat.
04:03:02.964  CurrentPath has: 1 nodes, using destination path: (-96.0, 128.8, 41.6)
04:03:02.964    Count of waypointsFromPath: 2  terrainWaypoints: 25
04:03:02.964  Biome: DesignMaskBiomeBadlandsParched has heatSinkMulti: x0.85 
04:03:02.964  Calculated capacityMulti: 0.85 x globalHeatSinkMulti: 1 
04:03:02.964  Mech: Javelin_Trilobyte_7B9F1E30 has adjustedNormedCap: 30.6 from normedCap: 36 x multi: 0.85
04:03:02.964    remainingCapacity: 36  rawCapacity: -30  normedAdjustedFraction: -30
04:03:02.964    currentHeat: 0 + tempHeat: 0 + projectedHeat: 5 + cacTerrainheat: 0 + sinkableHeat: -30  =  futureHeat: 5
04:03:02.964  Threshold heat: 0 = futureHeat: 5 + sinkableHeat: -30
04:03:02.975  Mech_SprintHeat_Getter - Javelin_Trilobyte_7B9F1E30 processing sprint heat modifiers: (original 5 + mod 0) x mult 1 = 5
04:03:02.975  Mech_SprintHeat_Getter - Javelin_Trilobyte_7B9F1E30 processing sprint heat modifiers: (original 5 + mod 0) x mult 1 = 5
04:03:02.975  Mech_SprintHeat_Getter - Javelin_Trilobyte_7B9F1E30 processing sprint heat modifiers: (original 5 + mod 0) x mult 1 = 5
04:03:02.975  Mech_SprintHeat_Getter - Javelin_Trilobyte_7B9F1E30 processing sprint heat modifiers: (original 5 + mod 0) x mult 1 = 5
04:03:02.975    Count of waypointsFromPath: 2  terrainWaypoints: 25
04:03:02.975  TerrainHeat: 0 = sumOfHeat: 0 / totalCells: 0
04:03:02.975  Calculating projected position heat.
04:03:02.975  CurrentPath has: 1 nodes, using destination path: (-96.0, 128.8, 41.6)
04:03:02.975    Count of waypointsFromPath: 2  terrainWaypoints: 25
04:03:02.975  Biome: DesignMaskBiomeBadlandsParched has heatSinkMulti: x0.85 
04:03:02.975  Calculated capacityMulti: 0.85 x globalHeatSinkMulti: 1 
04:03:02.975  Calculating projected position heat.
04:03:02.975  CurrentPath has: 1 nodes, using destination path: (-96.0, 128.8, 41.6)
04:03:02.975    Count of waypointsFromPath: 2  terrainWaypoints: 25
04:03:02.975  Biome: DesignMaskBiomeBadlandsParched has heatSinkMulti: x0.85 
04:03:02.975  Calculated capacityMulti: 0.85 x globalHeatSinkMulti: 1 
04:03:02.975  Mech: Javelin_Trilobyte_7B9F1E30 has adjustedNormedCap: 30.6 from normedCap: 36 x multi: 0.85
04:03:02.975  Mech: Javelin_Trilobyte_7B9F1E30 has totalHeatSinkCap: 36 from currentCap: 36 + usedCap: 0
04:03:02.975  Calculating projected position heat.
04:03:02.975  CurrentPath has: 1 nodes, using destination path: (-96.0, 128.8, 41.6)
04:03:02.975    Count of waypointsFromPath: 2  terrainWaypoints: 25
04:03:02.975  Biome: DesignMaskBiomeBadlandsParched has heatSinkMulti: x0.85 
04:03:02.975  Calculated capacityMulti: 0.85 x globalHeatSinkMulti: 1 
04:03:02.975  Calculating projected position heat.
04:03:02.975  CurrentPath has: 1 nodes, using destination path: (-96.0, 128.8, 41.6)
04:03:02.975    Count of waypointsFromPath: 2  terrainWaypoints: 25
04:03:02.975  Biome: DesignMaskBiomeBadlandsParched has heatSinkMulti: x0.85 
04:03:02.975  Calculated capacityMulti: 0.85 x globalHeatSinkMulti: 1 
04:03:02.975  Mech: Javelin_Trilobyte_7B9F1E30 has adjustedNormedCap: 30.6 from normedCap: 36 x multi: 0.85
04:03:02.975    remainingCapacity: 36  rawCapacity: -30  normedAdjustedFraction: -30
04:03:02.975    currentHeat: 0 + tempHeat: 0 + projectedHeat: 5 + cacTerrainheat: 0 + sinkableHeat: -30  =  futureHeat: 5
04:03:02.975  Threshold heat: 0 = futureHeat: 5 + sinkableHeat: -30
04:03:02.984  Mech_SprintHeat_Getter - Javelin_Trilobyte_7B9F1E30 processing sprint heat modifiers: (original 5 + mod 0) x mult 1 = 5
04:03:02.984  Mech_SprintHeat_Getter - Javelin_Trilobyte_7B9F1E30 processing sprint heat modifiers: (original 5 + mod 0) x mult 1 = 5
04:03:02.984  Mech_SprintHeat_Getter - Javelin_Trilobyte_7B9F1E30 processing sprint heat modifiers: (original 5 + mod 0) x mult 1 = 5
04:03:02.984  Mech_SprintHeat_Getter - Javelin_Trilobyte_7B9F1E30 processing sprint heat modifiers: (original 5 + mod 0) x mult 1 = 5
04:03:02.984    Count of waypointsFromPath: 2  terrainWaypoints: 25
04:03:02.984  TerrainHeat: 0 = sumOfHeat: 0 / totalCells: 0
04:03:02.984  Calculating projected position heat.
04:03:02.984  CurrentPath has: 1 nodes, using destination path: (-96.0, 128.8, 41.6)
04:03:02.984    Count of waypointsFromPath: 2  terrainWaypoints: 25
04:03:02.984  Biome: DesignMaskBiomeBadlandsParched has heatSinkMulti: x0.85 
04:03:02.984  Calculated capacityMulti: 0.85 x globalHeatSinkMulti: 1 
04:03:02.984  Calculating projected position heat.
04:03:02.984  CurrentPath has: 1 nodes, using destination path: (-96.0, 128.8, 41.6)
04:03:02.984    Count of waypointsFromPath: 2  terrainWaypoints: 25
04:03:02.984  Biome: DesignMaskBiomeBadlandsParched has heatSinkMulti: x0.85 
04:03:02.984  Calculated capacityMulti: 0.85 x globalHeatSinkMulti: 1 
04:03:02.984  Mech: Javelin_Trilobyte_7B9F1E30 has adjustedNormedCap: 30.6 from normedCap: 36 x multi: 0.85
04:03:02.984  Mech: Javelin_Trilobyte_7B9F1E30 has totalHeatSinkCap: 36 from currentCap: 36 + usedCap: 0
04:03:02.984  Calculating projected position heat.
04:03:02.984  CurrentPath has: 1 nodes, using destination path: (-96.0, 128.8, 41.6)
04:03:02.984    Count of waypointsFromPath: 2  terrainWaypoints: 25
04:03:02.984  Biome: DesignMaskBiomeBadlandsParched has heatSinkMulti: x0.85 
04:03:02.984  Calculated capacityMulti: 0.85 x globalHeatSinkMulti: 1 
04:03:02.984  Calculating projected position heat.
04:03:02.984  CurrentPath has: 1 nodes, using destination path: (-96.0, 128.8, 41.6)
04:03:02.984    Count of waypointsFromPath: 2  terrainWaypoints: 25
04:03:02.984  Biome: DesignMaskBiomeBadlandsParched has heatSinkMulti: x0.85 
04:03:02.984  Calculated capacityMulti: 0.85 x globalHeatSinkMulti: 1 
04:03:02.984  Mech: Javelin_Trilobyte_7B9F1E30 has adjustedNormedCap: 30.6 from normedCap: 36 x multi: 0.85
04:03:02.984    remainingCapacity: 36  rawCapacity: -30  normedAdjustedFraction: -30
04:03:02.984    currentHeat: 0 + tempHeat: 0 + projectedHeat: 5 + cacTerrainheat: 0 + sinkableHeat: -30  =  futureHeat: 5
04:03:02.984  Threshold heat: 0 = futureHeat: 5 + sinkableHeat: -30
04:03:02.993  Mech_SprintHeat_Getter - Javelin_Trilobyte_7B9F1E30 processing sprint heat modifiers: (original 5 + mod 0) x mult 1 = 5
04:03:02.994  Mech_SprintHeat_Getter - Javelin_Trilobyte_7B9F1E30 processing sprint heat modifiers: (original 5 + mod 0) x mult 1 = 5
04:03:02.994  Mech_SprintHeat_Getter - Javelin_Trilobyte_7B9F1E30 processing sprint heat modifiers: (original 5 + mod 0) x mult 1 = 5
04:03:02.994  Mech_SprintHeat_Getter - Javelin_Trilobyte_7B9F1E30 processing sprint heat modifiers: (original 5 + mod 0) x mult 1 = 5
04:03:02.994    Count of waypointsFromPath: 2  terrainWaypoints: 25
04:03:02.994  TerrainHeat: 0 = sumOfHeat: 0 / totalCells: 0
04:03:02.994  Calculating projected position heat.
04:03:02.994  CurrentPath has: 1 nodes, using destination path: (-96.0, 128.8, 41.6)
04:03:02.994    Count of waypointsFromPath: 2  terrainWaypoints: 25
04:03:02.994  Biome: DesignMaskBiomeBadlandsParched has heatSinkMulti: x0.85 
04:03:02.994  Calculated capacityMulti: 0.85 x globalHeatSinkMulti: 1 
04:03:02.994  Calculating projected position heat.
04:03:02.994  CurrentPath has: 1 nodes, using destination path: (-96.0, 128.8, 41.6)
04:03:02.994    Count of waypointsFromPath: 2  terrainWaypoints: 25
04:03:02.994  Biome: DesignMaskBiomeBadlandsParched has heatSinkMulti: x0.85 
04:03:02.994  Calculated capacityMulti: 0.85 x globalHeatSinkMulti: 1 
04:03:02.994  Mech: Javelin_Trilobyte_7B9F1E30 has adjustedNormedCap: 30.6 from normedCap: 36 x multi: 0.85
04:03:02.994  Mech: Javelin_Trilobyte_7B9F1E30 has totalHeatSinkCap: 36 from currentCap: 36 + usedCap: 0
04:03:02.994  Calculating projected position heat.
04:03:02.994  CurrentPath has: 1 nodes, using destination path: (-96.0, 128.8, 41.6)
04:03:02.994    Count of waypointsFromPath: 2  terrainWaypoints: 25
04:03:02.994  Biome: DesignMaskBiomeBadlandsParched has heatSinkMulti: x0.85 
04:03:02.994  Calculated capacityMulti: 0.85 x globalHeatSinkMulti: 1 
04:03:02.994  Calculating projected position heat.
04:03:02.994  CurrentPath has: 1 nodes, using destination path: (-96.0, 128.8, 41.6)
04:03:02.994    Count of waypointsFromPath: 2  terrainWaypoints: 25
04:03:02.994  Biome: DesignMaskBiomeBadlandsParched has heatSinkMulti: x0.85 
04:03:02.994  Calculated capacityMulti: 0.85 x globalHeatSinkMulti: 1 
04:03:02.994  Mech: Javelin_Trilobyte_7B9F1E30 has adjustedNormedCap: 30.6 from normedCap: 36 x multi: 0.85
04:03:02.994    remainingCapacity: 36  rawCapacity: -30  normedAdjustedFraction: -30
04:03:02.994    currentHeat: 0 + tempHeat: 0 + projectedHeat: 5 + cacTerrainheat: 0 + sinkableHeat: -30  =  futureHeat: 5
04:03:02.994  Threshold heat: 0 = futureHeat: 5 + sinkableHeat: -30
04:03:03.004  Mech_SprintHeat_Getter - Javelin_Trilobyte_7B9F1E30 processing sprint heat modifiers: (original 5 + mod 0) x mult 1 = 5
04:03:03.004  Mech_SprintHeat_Getter - Javelin_Trilobyte_7B9F1E30 processing sprint heat modifiers: (original 5 + mod 0) x mult 1 = 5
04:03:03.004  Mech_SprintHeat_Getter - Javelin_Trilobyte_7B9F1E30 processing sprint heat modifiers: (original 5 + mod 0) x mult 1 = 5
04:03:03.004  Mech_SprintHeat_Getter - Javelin_Trilobyte_7B9F1E30 processing sprint heat modifiers: (original 5 + mod 0) x mult 1 = 5
04:03:03.004    Count of waypointsFromPath: 2  terrainWaypoints: 25
04:03:03.004  TerrainHeat: 0 = sumOfHeat: 0 / totalCells: 0
04:03:03.004  Calculating projected position heat.
04:03:03.004  CurrentPath has: 1 nodes, using destination path: (-96.0, 128.8, 41.6)
04:03:03.004    Count of waypointsFromPath: 2  terrainWaypoints: 25
04:03:03.004  Biome: DesignMaskBiomeBadlandsParched has heatSinkMulti: x0.85 
04:03:03.004  Calculated capacityMulti: 0.85 x globalHeatSinkMulti: 1 
04:03:03.004  Calculating projected position heat.
04:03:03.004  CurrentPath has: 1 nodes, using destination path: (-96.0, 128.8, 41.6)
04:03:03.004    Count of waypointsFromPath: 2  terrainWaypoints: 25
04:03:03.004  Biome: DesignMaskBiomeBadlandsParched has heatSinkMulti: x0.85 
04:03:03.004  Calculated capacityMulti: 0.85 x globalHeatSinkMulti: 1 
04:03:03.004  Mech: Javelin_Trilobyte_7B9F1E30 has adjustedNormedCap: 30.6 from normedCap: 36 x multi: 0.85
04:03:03.004  Mech: Javelin_Trilobyte_7B9F1E30 has totalHeatSinkCap: 36 from currentCap: 36 + usedCap: 0
04:03:03.004  Calculating projected position heat.
04:03:03.004  CurrentPath has: 1 nodes, using destination path: (-96.0, 128.8, 41.6)
04:03:03.004    Count of waypointsFromPath: 2  terrainWaypoints: 25
04:03:03.004  Biome: DesignMaskBiomeBadlandsParched has heatSinkMulti: x0.85 
04:03:03.004  Calculated capacityMulti: 0.85 x globalHeatSinkMulti: 1 
04:03:03.004  Calculating projected position heat.
04:03:03.004  CurrentPath has: 1 nodes, using destination path: (-96.0, 128.8, 41.6)
04:03:03.004    Count of waypointsFromPath: 2  terrainWaypoints: 25
04:03:03.004  Biome: DesignMaskBiomeBadlandsParched has heatSinkMulti: x0.85 
04:03:03.004  Calculated capacityMulti: 0.85 x globalHeatSinkMulti: 1 
04:03:03.004  Mech: Javelin_Trilobyte_7B9F1E30 has adjustedNormedCap: 30.6 from normedCap: 36 x multi: 0.85
04:03:03.004    remainingCapacity: 36  rawCapacity: -30  normedAdjustedFraction: -30
04:03:03.004    currentHeat: 0 + tempHeat: 0 + projectedHeat: 5 + cacTerrainheat: 0 + sinkableHeat: -30  =  futureHeat: 5
04:03:03.004  Threshold heat: 0 = futureHeat: 5 + sinkableHeat: -30
04:03:03.014  Mech_SprintHeat_Getter - Javelin_Trilobyte_7B9F1E30 processing sprint heat modifiers: (original 5 + mod 0) x mult 1 = 5
04:03:03.014  Mech_SprintHeat_Getter - Javelin_Trilobyte_7B9F1E30 processing sprint heat modifiers: (original 5 + mod 0) x mult 1 = 5
04:03:03.014  Mech_SprintHeat_Getter - Javelin_Trilobyte_7B9F1E30 processing sprint heat modifiers: (original 5 + mod 0) x mult 1 = 5
04:03:03.014  Mech_SprintHeat_Getter - Javelin_Trilobyte_7B9F1E30 processing sprint heat modifiers: (original 5 + mod 0) x mult 1 = 5
04:03:03.014    Count of waypointsFromPath: 2  terrainWaypoints: 25
04:03:03.014  TerrainHeat: 0 = sumOfHeat: 0 / totalCells: 0
04:03:03.014  Calculating projected position heat.
04:03:03.014  CurrentPath has: 1 nodes, using destination path: (-96.0, 128.8, 41.6)
04:03:03.014    Count of waypointsFromPath: 2  terrainWaypoints: 25
04:03:03.014  Biome: DesignMaskBiomeBadlandsParched has heatSinkMulti: x0.85 
04:03:03.014  Calculated capacityMulti: 0.85 x globalHeatSinkMulti: 1 
04:03:03.014  Calculating projected position heat.
04:03:03.014  CurrentPath has: 1 nodes, using destination path: (-96.0, 128.8, 41.6)
04:03:03.014    Count of waypointsFromPath: 2  terrainWaypoints: 25
04:03:03.014  Biome: DesignMaskBiomeBadlandsParched has heatSinkMulti: x0.85 
04:03:03.014  Calculated capacityMulti: 0.85 x globalHeatSinkMulti: 1 
04:03:03.014  Mech: Javelin_Trilobyte_7B9F1E30 has adjustedNormedCap: 30.6 from normedCap: 36 x multi: 0.85
04:03:03.014  Mech: Javelin_Trilobyte_7B9F1E30 has totalHeatSinkCap: 36 from currentCap: 36 + usedCap: 0
04:03:03.014  Calculating projected position heat.
04:03:03.014  CurrentPath has: 1 nodes, using destination path: (-96.0, 128.8, 41.6)
04:03:03.014    Count of waypointsFromPath: 2  terrainWaypoints: 25
04:03:03.014  Biome: DesignMaskBiomeBadlandsParched has heatSinkMulti: x0.85 
04:03:03.014  Calculated capacityMulti: 0.85 x globalHeatSinkMulti: 1 
04:03:03.014  Calculating projected position heat.
04:03:03.014  CurrentPath has: 1 nodes, using destination path: (-96.0, 128.8, 41.6)
04:03:03.014    Count of waypointsFromPath: 2  terrainWaypoints: 25
04:03:03.014  Biome: DesignMaskBiomeBadlandsParched has heatSinkMulti: x0.85 
04:03:03.014  Calculated capacityMulti: 0.85 x globalHeatSinkMulti: 1 
04:03:03.014  Mech: Javelin_Trilobyte_7B9F1E30 has adjustedNormedCap: 30.6 from normedCap: 36 x multi: 0.85
04:03:03.014    remainingCapacity: 36  rawCapacity: -30  normedAdjustedFraction: -30
04:03:03.014    currentHeat: 0 + tempHeat: 0 + projectedHeat: 5 + cacTerrainheat: 0 + sinkableHeat: -30  =  futureHeat: 5
04:03:03.014  Threshold heat: 0 = futureHeat: 5 + sinkableHeat: -30
04:03:03.024  Mech_SprintHeat_Getter - Javelin_Trilobyte_7B9F1E30 processing sprint heat modifiers: (original 5 + mod 0) x mult 1 = 5
04:03:03.024  Mech_SprintHeat_Getter - Javelin_Trilobyte_7B9F1E30 processing sprint heat modifiers: (original 5 + mod 0) x mult 1 = 5
04:03:03.024  Mech_SprintHeat_Getter - Javelin_Trilobyte_7B9F1E30 processing sprint heat modifiers: (original 5 + mod 0) x mult 1 = 5
04:03:03.024  Mech_SprintHeat_Getter - Javelin_Trilobyte_7B9F1E30 processing sprint heat modifiers: (original 5 + mod 0) x mult 1 = 5
04:03:03.024    Count of waypointsFromPath: 2  terrainWaypoints: 25
04:03:03.024  TerrainHeat: 0 = sumOfHeat: 0 / totalCells: 0
04:03:03.024  Calculating projected position heat.
04:03:03.024  CurrentPath has: 1 nodes, using destination path: (-96.0, 128.8, 41.6)
04:03:03.024    Count of waypointsFromPath: 2  terrainWaypoints: 25
04:03:03.024  Biome: DesignMaskBiomeBadlandsParched has heatSinkMulti: x0.85 
04:03:03.024  Calculated capacityMulti: 0.85 x globalHeatSinkMulti: 1 
04:03:03.024  Calculating projected position heat.
04:03:03.024  CurrentPath has: 1 nodes, using destination path: (-96.0, 128.8, 41.6)
04:03:03.024    Count of waypointsFromPath: 2  terrainWaypoints: 25
04:03:03.024  Biome: DesignMaskBiomeBadlandsParched has heatSinkMulti: x0.85 
04:03:03.024  Calculated capacityMulti: 0.85 x globalHeatSinkMulti: 1 
04:03:03.024  Mech: Javelin_Trilobyte_7B9F1E30 has adjustedNormedCap: 30.6 from normedCap: 36 x multi: 0.85
04:03:03.024  Mech: Javelin_Trilobyte_7B9F1E30 has totalHeatSinkCap: 36 from currentCap: 36 + usedCap: 0
04:03:03.024  Calculating projected position heat.
04:03:03.024  CurrentPath has: 1 nodes, using destination path: (-96.0, 128.8, 41.6)
04:03:03.024    Count of waypointsFromPath: 2  terrainWaypoints: 25
04:03:03.024  Biome: DesignMaskBiomeBadlandsParched has heatSinkMulti: x0.85 
04:03:03.024  Calculated capacityMulti: 0.85 x globalHeatSinkMulti: 1 
04:03:03.024  Calculating projected position heat.
04:03:03.024  CurrentPath has: 1 nodes, using destination path: (-96.0, 128.8, 41.6)
04:03:03.024    Count of waypointsFromPath: 2  terrainWaypoints: 25
04:03:03.024  Biome: DesignMaskBiomeBadlandsParched has heatSinkMulti: x0.85 
04:03:03.024  Calculated capacityMulti: 0.85 x globalHeatSinkMulti: 1 
04:03:03.024  Mech: Javelin_Trilobyte_7B9F1E30 has adjustedNormedCap: 30.6 from normedCap: 36 x multi: 0.85
04:03:03.024    remainingCapacity: 36  rawCapacity: -30  normedAdjustedFraction: -30
04:03:03.024    currentHeat: 0 + tempHeat: 0 + projectedHeat: 5 + cacTerrainheat: 0 + sinkableHeat: -30  =  futureHeat: 5
04:03:03.024  Threshold heat: 0 = futureHeat: 5 + sinkableHeat: -30
04:03:03.033  Mech_SprintHeat_Getter - Javelin_Trilobyte_7B9F1E30 processing sprint heat modifiers: (original 5 + mod 0) x mult 1 = 5
04:03:03.033  Mech_SprintHeat_Getter - Javelin_Trilobyte_7B9F1E30 processing sprint heat modifiers: (original 5 + mod 0) x mult 1 = 5
04:03:03.033  Mech_SprintHeat_Getter - Javelin_Trilobyte_7B9F1E30 processing sprint heat modifiers: (original 5 + mod 0) x mult 1 = 5
04:03:03.033  Mech_SprintHeat_Getter - Javelin_Trilobyte_7B9F1E30 processing sprint heat modifiers: (original 5 + mod 0) x mult 1 = 5
04:03:03.033    Count of waypointsFromPath: 2  terrainWaypoints: 25
04:03:03.033  TerrainHeat: 0 = sumOfHeat: 0 / totalCells: 0
04:03:03.033  Calculating projected position heat.
04:03:03.033  CurrentPath has: 1 nodes, using destination path: (-96.0, 128.8, 41.6)
04:03:03.033    Count of waypointsFromPath: 2  terrainWaypoints: 25
04:03:03.033  Biome: DesignMaskBiomeBadlandsParched has heatSinkMulti: x0.85 
04:03:03.033  Calculated capacityMulti: 0.85 x globalHeatSinkMulti: 1 
04:03:03.033  Calculating projected position heat.
04:03:03.033  CurrentPath has: 1 nodes, using destination path: (-96.0, 128.8, 41.6)
04:03:03.033    Count of waypointsFromPath: 2  terrainWaypoints: 25
04:03:03.033  Biome: DesignMaskBiomeBadlandsParched has heatSinkMulti: x0.85 
04:03:03.033  Calculated capacityMulti: 0.85 x globalHeatSinkMulti: 1 
04:03:03.033  Mech: Javelin_Trilobyte_7B9F1E30 has adjustedNormedCap: 30.6 from normedCap: 36 x multi: 0.85
04:03:03.033  Mech: Javelin_Trilobyte_7B9F1E30 has totalHeatSinkCap: 36 from currentCap: 36 + usedCap: 0
04:03:03.033  Calculating projected position heat.
04:03:03.033  CurrentPath has: 1 nodes, using destination path: (-96.0, 128.8, 41.6)
04:03:03.033    Count of waypointsFromPath: 2  terrainWaypoints: 25
04:03:03.033  Biome: DesignMaskBiomeBadlandsParched has heatSinkMulti: x0.85 
04:03:03.033  Calculated capacityMulti: 0.85 x globalHeatSinkMulti: 1 
04:03:03.033  Calculating projected position heat.
04:03:03.033  CurrentPath has: 1 nodes, using destination path: (-96.0, 128.8, 41.6)
04:03:03.033    Count of waypointsFromPath: 2  terrainWaypoints: 25
04:03:03.034  Biome: DesignMaskBiomeBadlandsParched has heatSinkMulti: x0.85 
04:03:03.034  Calculated capacityMulti: 0.85 x globalHeatSinkMulti: 1 
04:03:03.034  Mech: Javelin_Trilobyte_7B9F1E30 has adjustedNormedCap: 30.6 from normedCap: 36 x multi: 0.85
04:03:03.034    remainingCapacity: 36  rawCapacity: -30  normedAdjustedFraction: -30
04:03:03.034    currentHeat: 0 + tempHeat: 0 + projectedHeat: 5 + cacTerrainheat: 0 + sinkableHeat: -30  =  futureHeat: 5
04:03:03.034  Threshold heat: 0 = futureHeat: 5 + sinkableHeat: -30
04:03:03.042  Mech_SprintHeat_Getter - Javelin_Trilobyte_7B9F1E30 processing sprint heat modifiers: (original 5 + mod 0) x mult 1 = 5
04:03:03.042  Mech_SprintHeat_Getter - Javelin_Trilobyte_7B9F1E30 processing sprint heat modifiers: (original 5 + mod 0) x mult 1 = 5
04:03:03.042  Mech_SprintHeat_Getter - Javelin_Trilobyte_7B9F1E30 processing sprint heat modifiers: (original 5 + mod 0) x mult 1 = 5
04:03:03.042  Mech_SprintHeat_Getter - Javelin_Trilobyte_7B9F1E30 processing sprint heat modifiers: (original 5 + mod 0) x mult 1 = 5
04:03:03.042    Count of waypointsFromPath: 2  terrainWaypoints: 25
04:03:03.042  TerrainHeat: 0 = sumOfHeat: 0 / totalCells: 0
04:03:03.042  Calculating projected position heat.
04:03:03.042  CurrentPath has: 1 nodes, using destination path: (-96.0, 128.8, 41.6)
04:03:03.042    Count of waypointsFromPath: 2  terrainWaypoints: 25
04:03:03.042  Biome: DesignMaskBiomeBadlandsParched has heatSinkMulti: x0.85 
04:03:03.042  Calculated capacityMulti: 0.85 x globalHeatSinkMulti: 1 
04:03:03.042  Calculating projected position heat.
04:03:03.042  CurrentPath has: 1 nodes, using destination path: (-96.0, 128.8, 41.6)
04:03:03.042    Count of waypointsFromPath: 2  terrainWaypoints: 25
04:03:03.042  Biome: DesignMaskBiomeBadlandsParched has heatSinkMulti: x0.85 
04:03:03.042  Calculated capacityMulti: 0.85 x globalHeatSinkMulti: 1 
04:03:03.042  Mech: Javelin_Trilobyte_7B9F1E30 has adjustedNormedCap: 30.6 from normedCap: 36 x multi: 0.85
04:03:03.042  Mech: Javelin_Trilobyte_7B9F1E30 has totalHeatSinkCap: 36 from currentCap: 36 + usedCap: 0
04:03:03.042  Calculating projected position heat.
04:03:03.042  CurrentPath has: 1 nodes, using destination path: (-96.0, 128.8, 41.6)
04:03:03.042    Count of waypointsFromPath: 2  terrainWaypoints: 25
04:03:03.043  Biome: DesignMaskBiomeBadlandsParched has heatSinkMulti: x0.85 
04:03:03.043  Calculated capacityMulti: 0.85 x globalHeatSinkMulti: 1 
04:03:03.043  Calculating projected position heat.
04:03:03.043  CurrentPath has: 1 nodes, using destination path: (-96.0, 128.8, 41.6)
04:03:03.043    Count of waypointsFromPath: 2  terrainWaypoints: 25
04:03:03.043  Biome: DesignMaskBiomeBadlandsParched has heatSinkMulti: x0.85 
04:03:03.043  Calculated capacityMulti: 0.85 x globalHeatSinkMulti: 1 
04:03:03.043  Mech: Javelin_Trilobyte_7B9F1E30 has adjustedNormedCap: 30.6 from normedCap: 36 x multi: 0.85
04:03:03.043    remainingCapacity: 36  rawCapacity: -30  normedAdjustedFraction: -30
04:03:03.043    currentHeat: 0 + tempHeat: 0 + projectedHeat: 5 + cacTerrainheat: 0 + sinkableHeat: -30  =  futureHeat: 5
04:03:03.043  Threshold heat: 0 = futureHeat: 5 + sinkableHeat: -30
04:03:03.051  Mech_SprintHeat_Getter - Javelin_Trilobyte_7B9F1E30 processing sprint heat modifiers: (original 5 + mod 0) x mult 1 = 5
04:03:03.051  Mech_SprintHeat_Getter - Javelin_Trilobyte_7B9F1E30 processing sprint heat modifiers: (original 5 + mod 0) x mult 1 = 5
04:03:03.051  Mech_SprintHeat_Getter - Javelin_Trilobyte_7B9F1E30 processing sprint heat modifiers: (original 5 + mod 0) x mult 1 = 5
04:03:03.051  Mech_SprintHeat_Getter - Javelin_Trilobyte_7B9F1E30 processing sprint heat modifiers: (original 5 + mod 0) x mult 1 = 5
04:03:03.051    Count of waypointsFromPath: 2  terrainWaypoints: 25
04:03:03.051  TerrainHeat: 0 = sumOfHeat: 0 / totalCells: 0
04:03:03.051  Calculating projected position heat.
04:03:03.051  CurrentPath has: 1 nodes, using destination path: (-96.0, 128.8, 41.6)
04:03:03.051    Count of waypointsFromPath: 2  terrainWaypoints: 25
04:03:03.051  Biome: DesignMaskBiomeBadlandsParched has heatSinkMulti: x0.85 
04:03:03.051  Calculated capacityMulti: 0.85 x globalHeatSinkMulti: 1 
04:03:03.051  Calculating projected position heat.
04:03:03.051  CurrentPath has: 1 nodes, using destination path: (-96.0, 128.8, 41.6)
04:03:03.051    Count of waypointsFromPath: 2  terrainWaypoints: 25
04:03:03.051  Biome: DesignMaskBiomeBadlandsParched has heatSinkMulti: x0.85 
04:03:03.051  Calculated capacityMulti: 0.85 x globalHeatSinkMulti: 1 
04:03:03.051  Mech: Javelin_Trilobyte_7B9F1E30 has adjustedNormedCap: 30.6 from normedCap: 36 x multi: 0.85
04:03:03.051  Mech: Javelin_Trilobyte_7B9F1E30 has totalHeatSinkCap: 36 from currentCap: 36 + usedCap: 0
04:03:03.051  Calculating projected position heat.
04:03:03.051  CurrentPath has: 1 nodes, using destination path: (-96.0, 128.8, 41.6)
04:03:03.051    Count of waypointsFromPath: 2  terrainWaypoints: 25
04:03:03.051  Biome: DesignMaskBiomeBadlandsParched has heatSinkMulti: x0.85 
04:03:03.051  Calculated capacityMulti: 0.85 x globalHeatSinkMulti: 1 
04:03:03.051  Calculating projected position heat.
04:03:03.051  CurrentPath has: 1 nodes, using destination path: (-96.0, 128.8, 41.6)
04:03:03.051    Count of waypointsFromPath: 2  terrainWaypoints: 25
04:03:03.051  Biome: DesignMaskBiomeBadlandsParched has heatSinkMulti: x0.85 
04:03:03.051  Calculated capacityMulti: 0.85 x globalHeatSinkMulti: 1 
04:03:03.051  Mech: Javelin_Trilobyte_7B9F1E30 has adjustedNormedCap: 30.6 from normedCap: 36 x multi: 0.85
04:03:03.051    remainingCapacity: 36  rawCapacity: -30  normedAdjustedFraction: -30
04:03:03.051    currentHeat: 0 + tempHeat: 0 + projectedHeat: 5 + cacTerrainheat: 0 + sinkableHeat: -30  =  futureHeat: 5
04:03:03.051  Threshold heat: 0 = futureHeat: 5 + sinkableHeat: -30
04:03:03.061  Mech_SprintHeat_Getter - Javelin_Trilobyte_7B9F1E30 processing sprint heat modifiers: (original 5 + mod 0) x mult 1 = 5
04:03:03.061  Mech_SprintHeat_Getter - Javelin_Trilobyte_7B9F1E30 processing sprint heat modifiers: (original 5 + mod 0) x mult 1 = 5
04:03:03.061  Mech_SprintHeat_Getter - Javelin_Trilobyte_7B9F1E30 processing sprint heat modifiers: (original 5 + mod 0) x mult 1 = 5
04:03:03.061  Mech_SprintHeat_Getter - Javelin_Trilobyte_7B9F1E30 processing sprint heat modifiers: (original 5 + mod 0) x mult 1 = 5
04:03:03.061    Count of waypointsFromPath: 2  terrainWaypoints: 25
04:03:03.061  TerrainHeat: 0 = sumOfHeat: 0 / totalCells: 0
04:03:03.061  Calculating projected position heat.
04:03:03.061  CurrentPath has: 1 nodes, using destination path: (-96.0, 128.8, 41.6)
04:03:03.061    Count of waypointsFromPath: 2  terrainWaypoints: 25
04:03:03.061  Biome: DesignMaskBiomeBadlandsParched has heatSinkMulti: x0.85 
04:03:03.061  Calculated capacityMulti: 0.85 x globalHeatSinkMulti: 1 
04:03:03.061  Calculating projected position heat.
04:03:03.061  CurrentPath has: 1 nodes, using destination path: (-96.0, 128.8, 41.6)
04:03:03.061    Count of waypointsFromPath: 2  terrainWaypoints: 25
04:03:03.061  Biome: DesignMaskBiomeBadlandsParched has heatSinkMulti: x0.85 
04:03:03.061  Calculated capacityMulti: 0.85 x globalHeatSinkMulti: 1 
04:03:03.061  Mech: Javelin_Trilobyte_7B9F1E30 has adjustedNormedCap: 30.6 from normedCap: 36 x multi: 0.85
04:03:03.061  Mech: Javelin_Trilobyte_7B9F1E30 has totalHeatSinkCap: 36 from currentCap: 36 + usedCap: 0
04:03:03.061  Calculating projected position heat.
04:03:03.061  CurrentPath has: 1 nodes, using destination path: (-96.0, 128.8, 41.6)
04:03:03.061    Count of waypointsFromPath: 2  terrainWaypoints: 25
04:03:03.061  Biome: DesignMaskBiomeBadlandsParched has heatSinkMulti: x0.85 
04:03:03.061  Calculated capacityMulti: 0.85 x globalHeatSinkMulti: 1 
04:03:03.061  Calculating projected position heat.
04:03:03.061  CurrentPath has: 1 nodes, using destination path: (-96.0, 128.8, 41.6)
04:03:03.061    Count of waypointsFromPath: 2  terrainWaypoints: 25
04:03:03.061  Biome: DesignMaskBiomeBadlandsParched has heatSinkMulti: x0.85 
04:03:03.061  Calculated capacityMulti: 0.85 x globalHeatSinkMulti: 1 
04:03:03.061  Mech: Javelin_Trilobyte_7B9F1E30 has adjustedNormedCap: 30.6 from normedCap: 36 x multi: 0.85
04:03:03.061    remainingCapacity: 36  rawCapacity: -30  normedAdjustedFraction: -30
04:03:03.061    currentHeat: 0 + tempHeat: 0 + projectedHeat: 5 + cacTerrainheat: 0 + sinkableHeat: -30  =  futureHeat: 5
04:03:03.061  Threshold heat: 0 = futureHeat: 5 + sinkableHeat: -30
04:03:03.069  Mech_SprintHeat_Getter - Javelin_Trilobyte_7B9F1E30 processing sprint heat modifiers: (original 5 + mod 0) x mult 1 = 5
04:03:03.069  Mech_SprintHeat_Getter - Javelin_Trilobyte_7B9F1E30 processing sprint heat modifiers: (original 5 + mod 0) x mult 1 = 5
04:03:03.069  Mech_SprintHeat_Getter - Javelin_Trilobyte_7B9F1E30 processing sprint heat modifiers: (original 5 + mod 0) x mult 1 = 5
04:03:03.069  Mech_SprintHeat_Getter - Javelin_Trilobyte_7B9F1E30 processing sprint heat modifiers: (original 5 + mod 0) x mult 1 = 5
04:03:03.069    Count of waypointsFromPath: 2  terrainWaypoints: 25
04:03:03.069  TerrainHeat: 0 = sumOfHeat: 0 / totalCells: 0
04:03:03.069  Calculating projected position heat.
04:03:03.069  CurrentPath has: 1 nodes, using destination path: (-96.0, 128.8, 41.6)
04:03:03.069    Count of waypointsFromPath: 2  terrainWaypoints: 25
04:03:03.069  Biome: DesignMaskBiomeBadlandsParched has heatSinkMulti: x0.85 
04:03:03.069  Calculated capacityMulti: 0.85 x globalHeatSinkMulti: 1 
04:03:03.069  Calculating projected position heat.
04:03:03.069  CurrentPath has: 1 nodes, using destination path: (-96.0, 128.8, 41.6)
04:03:03.069    Count of waypointsFromPath: 2  terrainWaypoints: 25
04:03:03.069  Biome: DesignMaskBiomeBadlandsParched has heatSinkMulti: x0.85 
04:03:03.069  Calculated capacityMulti: 0.85 x globalHeatSinkMulti: 1 
04:03:03.069  Mech: Javelin_Trilobyte_7B9F1E30 has adjustedNormedCap: 30.6 from normedCap: 36 x multi: 0.85
04:03:03.069  Mech: Javelin_Trilobyte_7B9F1E30 has totalHeatSinkCap: 36 from currentCap: 36 + usedCap: 0
04:03:03.069  Calculating projected position heat.
04:03:03.069  CurrentPath has: 1 nodes, using destination path: (-96.0, 128.8, 41.6)
04:03:03.069    Count of waypointsFromPath: 2  terrainWaypoints: 25
04:03:03.069  Biome: DesignMaskBiomeBadlandsParched has heatSinkMulti: x0.85 
04:03:03.069  Calculated capacityMulti: 0.85 x globalHeatSinkMulti: 1 
04:03:03.069  Calculating projected position heat.
04:03:03.069  CurrentPath has: 1 nodes, using destination path: (-96.0, 128.8, 41.6)
04:03:03.069    Count of waypointsFromPath: 2  terrainWaypoints: 25
04:03:03.069  Biome: DesignMaskBiomeBadlandsParched has heatSinkMulti: x0.85 
04:03:03.069  Calculated capacityMulti: 0.85 x globalHeatSinkMulti: 1 
04:03:03.069  Mech: Javelin_Trilobyte_7B9F1E30 has adjustedNormedCap: 30.6 from normedCap: 36 x multi: 0.85
04:03:03.069    remainingCapacity: 36  rawCapacity: -30  normedAdjustedFraction: -30
04:03:03.069    currentHeat: 0 + tempHeat: 0 + projectedHeat: 5 + cacTerrainheat: 0 + sinkableHeat: -30  =  futureHeat: 5
04:03:03.069  Threshold heat: 0 = futureHeat: 5 + sinkableHeat: -30
04:03:03.078  Mech_SprintHeat_Getter - Javelin_Trilobyte_7B9F1E30 processing sprint heat modifiers: (original 5 + mod 0) x mult 1 = 5
04:03:03.078  Mech_SprintHeat_Getter - Javelin_Trilobyte_7B9F1E30 processing sprint heat modifiers: (original 5 + mod 0) x mult 1 = 5
04:03:03.078  Mech_SprintHeat_Getter - Javelin_Trilobyte_7B9F1E30 processing sprint heat modifiers: (original 5 + mod 0) x mult 1 = 5
04:03:03.078  Mech_SprintHeat_Getter - Javelin_Trilobyte_7B9F1E30 processing sprint heat modifiers: (original 5 + mod 0) x mult 1 = 5
04:03:03.078    Count of waypointsFromPath: 2  terrainWaypoints: 25
04:03:03.078  TerrainHeat: 0 = sumOfHeat: 0 / totalCells: 0
04:03:03.078  Calculating projected position heat.
04:03:03.078  CurrentPath has: 1 nodes, using destination path: (-96.0, 128.8, 41.6)
04:03:03.078    Count of waypointsFromPath: 2  terrainWaypoints: 25
04:03:03.078  Biome: DesignMaskBiomeBadlandsParched has heatSinkMulti: x0.85 
04:03:03.078  Calculated capacityMulti: 0.85 x globalHeatSinkMulti: 1 
04:03:03.078  Calculating projected position heat.
04:03:03.078  CurrentPath has: 1 nodes, using destination path: (-96.0, 128.8, 41.6)
04:03:03.078    Count of waypointsFromPath: 2  terrainWaypoints: 25
04:03:03.078  Biome: DesignMaskBiomeBadlandsParched has heatSinkMulti: x0.85 
04:03:03.078  Calculated capacityMulti: 0.85 x globalHeatSinkMulti: 1 
04:03:03.078  Mech: Javelin_Trilobyte_7B9F1E30 has adjustedNormedCap: 30.6 from normedCap: 36 x multi: 0.85
04:03:03.078  Mech: Javelin_Trilobyte_7B9F1E30 has totalHeatSinkCap: 36 from currentCap: 36 + usedCap: 0
04:03:03.078  Calculating projected position heat.
04:03:03.078  CurrentPath has: 1 nodes, using destination path: (-96.0, 128.8, 41.6)
04:03:03.078    Count of waypointsFromPath: 2  terrainWaypoints: 25
04:03:03.078  Biome: DesignMaskBiomeBadlandsParched has heatSinkMulti: x0.85 
04:03:03.078  Calculated capacityMulti: 0.85 x globalHeatSinkMulti: 1 
04:03:03.078  Calculating projected position heat.
04:03:03.078  CurrentPath has: 1 nodes, using destination path: (-96.0, 128.8, 41.6)
04:03:03.078    Count of waypointsFromPath: 2  terrainWaypoints: 25
04:03:03.078  Biome: DesignMaskBiomeBadlandsParched has heatSinkMulti: x0.85 
04:03:03.078  Calculated capacityMulti: 0.85 x globalHeatSinkMulti: 1 
04:03:03.078  Mech: Javelin_Trilobyte_7B9F1E30 has adjustedNormedCap: 30.6 from normedCap: 36 x multi: 0.85
04:03:03.078    remainingCapacity: 36  rawCapacity: -30  normedAdjustedFraction: -30
04:03:03.078    currentHeat: 0 + tempHeat: 0 + projectedHeat: 5 + cacTerrainheat: 0 + sinkableHeat: -30  =  futureHeat: 5
04:03:03.078  Threshold heat: 0 = futureHeat: 5 + sinkableHeat: -30
04:03:03.087  Mech_SprintHeat_Getter - Javelin_Trilobyte_7B9F1E30 processing sprint heat modifiers: (original 5 + mod 0) x mult 1 = 5
04:03:03.087  Mech_SprintHeat_Getter - Javelin_Trilobyte_7B9F1E30 processing sprint heat modifiers: (original 5 + mod 0) x mult 1 = 5
04:03:03.087  Mech_SprintHeat_Getter - Javelin_Trilobyte_7B9F1E30 processing sprint heat modifiers: (original 5 + mod 0) x mult 1 = 5
04:03:03.088  Mech_SprintHeat_Getter - Javelin_Trilobyte_7B9F1E30 processing sprint heat modifiers: (original 5 + mod 0) x mult 1 = 5
04:03:03.088    Count of waypointsFromPath: 2  terrainWaypoints: 25
04:03:03.088  TerrainHeat: 0 = sumOfHeat: 0 / totalCells: 0
04:03:03.088  Calculating projected position heat.
04:03:03.088  CurrentPath has: 1 nodes, using destination path: (-96.0, 128.8, 41.6)
04:03:03.088    Count of waypointsFromPath: 2  terrainWaypoints: 25
04:03:03.088  Biome: DesignMaskBiomeBadlandsParched has heatSinkMulti: x0.85 
04:03:03.088  Calculated capacityMulti: 0.85 x globalHeatSinkMulti: 1 
04:03:03.088  Calculating projected position heat.
04:03:03.088  CurrentPath has: 1 nodes, using destination path: (-96.0, 128.8, 41.6)
04:03:03.088    Count of waypointsFromPath: 2  terrainWaypoints: 25
04:03:03.088  Biome: DesignMaskBiomeBadlandsParched has heatSinkMulti: x0.85 
04:03:03.088  Calculated capacityMulti: 0.85 x globalHeatSinkMulti: 1 
04:03:03.088  Mech: Javelin_Trilobyte_7B9F1E30 has adjustedNormedCap: 30.6 from normedCap: 36 x multi: 0.85
04:03:03.088  Mech: Javelin_Trilobyte_7B9F1E30 has totalHeatSinkCap: 36 from currentCap: 36 + usedCap: 0
04:03:03.088  Calculating projected position heat.
04:03:03.088  CurrentPath has: 1 nodes, using destination path: (-96.0, 128.8, 41.6)
04:03:03.088    Count of waypointsFromPath: 2  terrainWaypoints: 25
04:03:03.088  Biome: DesignMaskBiomeBadlandsParched has heatSinkMulti: x0.85 
04:03:03.088  Calculated capacityMulti: 0.85 x globalHeatSinkMulti: 1 
04:03:03.088  Calculating projected position heat.
04:03:03.088  CurrentPath has: 1 nodes, using destination path: (-96.0, 128.8, 41.6)
04:03:03.088    Count of waypointsFromPath: 2  terrainWaypoints: 25
04:03:03.088  Biome: DesignMaskBiomeBadlandsParched has heatSinkMulti: x0.85 
04:03:03.088  Calculated capacityMulti: 0.85 x globalHeatSinkMulti: 1 
04:03:03.088  Mech: Javelin_Trilobyte_7B9F1E30 has adjustedNormedCap: 30.6 from normedCap: 36 x multi: 0.85
04:03:03.088    remainingCapacity: 36  rawCapacity: -30  normedAdjustedFraction: -30
04:03:03.088    currentHeat: 0 + tempHeat: 0 + projectedHeat: 5 + cacTerrainheat: 0 + sinkableHeat: -30  =  futureHeat: 5
04:03:03.088  Threshold heat: 0 = futureHeat: 5 + sinkableHeat: -30
04:03:03.096  Mech_SprintHeat_Getter - Javelin_Trilobyte_7B9F1E30 processing sprint heat modifiers: (original 5 + mod 0) x mult 1 = 5
04:03:03.096  Mech_SprintHeat_Getter - Javelin_Trilobyte_7B9F1E30 processing sprint heat modifiers: (original 5 + mod 0) x mult 1 = 5
04:03:03.096  Mech_SprintHeat_Getter - Javelin_Trilobyte_7B9F1E30 processing sprint heat modifiers: (original 5 + mod 0) x mult 1 = 5
04:03:03.097  Mech_SprintHeat_Getter - Javelin_Trilobyte_7B9F1E30 processing sprint heat modifiers: (original 5 + mod 0) x mult 1 = 5
04:03:03.097    Count of waypointsFromPath: 2  terrainWaypoints: 25
04:03:03.097  TerrainHeat: 0 = sumOfHeat: 0 / totalCells: 0
04:03:03.097  Calculating projected position heat.
04:03:03.097  CurrentPath has: 1 nodes, using destination path: (-96.0, 128.8, 41.6)
04:03:03.097    Count of waypointsFromPath: 2  terrainWaypoints: 25
04:03:03.097  Biome: DesignMaskBiomeBadlandsParched has heatSinkMulti: x0.85 
04:03:03.097  Calculated capacityMulti: 0.85 x globalHeatSinkMulti: 1 
04:03:03.097  Calculating projected position heat.
04:03:03.097  CurrentPath has: 1 nodes, using destination path: (-96.0, 128.8, 41.6)
04:03:03.097    Count of waypointsFromPath: 2  terrainWaypoints: 25
04:03:03.097  Biome: DesignMaskBiomeBadlandsParched has heatSinkMulti: x0.85 
04:03:03.097  Calculated capacityMulti: 0.85 x globalHeatSinkMulti: 1 
04:03:03.097  Mech: Javelin_Trilobyte_7B9F1E30 has adjustedNormedCap: 30.6 from normedCap: 36 x multi: 0.85
04:03:03.097  Mech: Javelin_Trilobyte_7B9F1E30 has totalHeatSinkCap: 36 from currentCap: 36 + usedCap: 0
04:03:03.097  Calculating projected position heat.
04:03:03.097  CurrentPath has: 1 nodes, using destination path: (-96.0, 128.8, 41.6)
04:03:03.097    Count of waypointsFromPath: 2  terrainWaypoints: 25
04:03:03.097  Biome: DesignMaskBiomeBadlandsParched has heatSinkMulti: x0.85 
04:03:03.097  Calculated capacityMulti: 0.85 x globalHeatSinkMulti: 1 
04:03:03.097  Calculating projected position heat.
04:03:03.097  CurrentPath has: 1 nodes, using destination path: (-96.0, 128.8, 41.6)
04:03:03.097    Count of waypointsFromPath: 2  terrainWaypoints: 25
04:03:03.097  Biome: DesignMaskBiomeBadlandsParched has heatSinkMulti: x0.85 
04:03:03.097  Calculated capacityMulti: 0.85 x globalHeatSinkMulti: 1 
04:03:03.097  Mech: Javelin_Trilobyte_7B9F1E30 has adjustedNormedCap: 30.6 from normedCap: 36 x multi: 0.85
04:03:03.097    remainingCapacity: 36  rawCapacity: -30  normedAdjustedFraction: -30
04:03:03.097    currentHeat: 0 + tempHeat: 0 + projectedHeat: 5 + cacTerrainheat: 0 + sinkableHeat: -30  =  futureHeat: 5
04:03:03.097  Threshold heat: 0 = futureHeat: 5 + sinkableHeat: -30
04:03:03.107  Mech_SprintHeat_Getter - Javelin_Trilobyte_7B9F1E30 processing sprint heat modifiers: (original 5 + mod 0) x mult 1 = 5
04:03:03.107  Mech_SprintHeat_Getter - Javelin_Trilobyte_7B9F1E30 processing sprint heat modifiers: (original 5 + mod 0) x mult 1 = 5
04:03:03.107  Mech_SprintHeat_Getter - Javelin_Trilobyte_7B9F1E30 processing sprint heat modifiers: (original 5 + mod 0) x mult 1 = 5
04:03:03.107  Mech_SprintHeat_Getter - Javelin_Trilobyte_7B9F1E30 processing sprint heat modifiers: (original 5 + mod 0) x mult 1 = 5
04:03:03.107    Count of waypointsFromPath: 2  terrainWaypoints: 25
04:03:03.107  TerrainHeat: 0 = sumOfHeat: 0 / totalCells: 0
04:03:03.107  Calculating projected position heat.
04:03:03.107  CurrentPath has: 1 nodes, using destination path: (-96.0, 128.8, 41.6)
04:03:03.107    Count of waypointsFromPath: 2  terrainWaypoints: 25
04:03:03.107  Biome: DesignMaskBiomeBadlandsParched has heatSinkMulti: x0.85 
04:03:03.107  Calculated capacityMulti: 0.85 x globalHeatSinkMulti: 1 
04:03:03.107  Calculating projected position heat.
04:03:03.107  CurrentPath has: 1 nodes, using destination path: (-96.0, 128.8, 41.6)
04:03:03.107    Count of waypointsFromPath: 2  terrainWaypoints: 25
04:03:03.107  Biome: DesignMaskBiomeBadlandsParched has heatSinkMulti: x0.85 
04:03:03.107  Calculated capacityMulti: 0.85 x globalHeatSinkMulti: 1 
04:03:03.107  Mech: Javelin_Trilobyte_7B9F1E30 has adjustedNormedCap: 30.6 from normedCap: 36 x multi: 0.85
04:03:03.107  Mech: Javelin_Trilobyte_7B9F1E30 has totalHeatSinkCap: 36 from currentCap: 36 + usedCap: 0
04:03:03.107  Calculating projected position heat.
04:03:03.107  CurrentPath has: 1 nodes, using destination path: (-96.0, 128.8, 41.6)
04:03:03.107    Count of waypointsFromPath: 2  terrainWaypoints: 25
04:03:03.107  Biome: DesignMaskBiomeBadlandsParched has heatSinkMulti: x0.85 
04:03:03.107  Calculated capacityMulti: 0.85 x globalHeatSinkMulti: 1 
04:03:03.107  Calculating projected position heat.
04:03:03.107  CurrentPath has: 1 nodes, using destination path: (-96.0, 128.8, 41.6)
04:03:03.107    Count of waypointsFromPath: 2  terrainWaypoints: 25
04:03:03.107  Biome: DesignMaskBiomeBadlandsParched has heatSinkMulti: x0.85 
04:03:03.107  Calculated capacityMulti: 0.85 x globalHeatSinkMulti: 1 
04:03:03.107  Mech: Javelin_Trilobyte_7B9F1E30 has adjustedNormedCap: 30.6 from normedCap: 36 x multi: 0.85
04:03:03.107    remainingCapacity: 36  rawCapacity: -30  normedAdjustedFraction: -30
04:03:03.107    currentHeat: 0 + tempHeat: 0 + projectedHeat: 5 + cacTerrainheat: 0 + sinkableHeat: -30  =  futureHeat: 5
04:03:03.107  Threshold heat: 0 = futureHeat: 5 + sinkableHeat: -30
04:03:03.116  Mech_SprintHeat_Getter - Javelin_Trilobyte_7B9F1E30 processing sprint heat modifiers: (original 5 + mod 0) x mult 1 = 5
04:03:03.117  Mech_SprintHeat_Getter - Javelin_Trilobyte_7B9F1E30 processing sprint heat modifiers: (original 5 + mod 0) x mult 1 = 5
04:03:03.117  Mech_SprintHeat_Getter - Javelin_Trilobyte_7B9F1E30 processing sprint heat modifiers: (original 5 + mod 0) x mult 1 = 5
04:03:03.117  Mech_SprintHeat_Getter - Javelin_Trilobyte_7B9F1E30 processing sprint heat modifiers: (original 5 + mod 0) x mult 1 = 5
04:03:03.117    Count of waypointsFromPath: 2  terrainWaypoints: 25
04:03:03.117  TerrainHeat: 0 = sumOfHeat: 0 / totalCells: 0
04:03:03.117  Calculating projected position heat.
04:03:03.117  CurrentPath has: 1 nodes, using destination path: (-96.0, 128.8, 41.6)
04:03:03.117    Count of waypointsFromPath: 2  terrainWaypoints: 25
04:03:03.117  Biome: DesignMaskBiomeBadlandsParched has heatSinkMulti: x0.85 
04:03:03.117  Calculated capacityMulti: 0.85 x globalHeatSinkMulti: 1 
04:03:03.117  Calculating projected position heat.
04:03:03.117  CurrentPath has: 1 nodes, using destination path: (-96.0, 128.8, 41.6)
04:03:03.117    Count of waypointsFromPath: 2  terrainWaypoints: 25
04:03:03.117  Biome: DesignMaskBiomeBadlandsParched has heatSinkMulti: x0.85 
04:03:03.117  Calculated capacityMulti: 0.85 x globalHeatSinkMulti: 1 
04:03:03.117  Mech: Javelin_Trilobyte_7B9F1E30 has adjustedNormedCap: 30.6 from normedCap: 36 x multi: 0.85
04:03:03.117  Mech: Javelin_Trilobyte_7B9F1E30 has totalHeatSinkCap: 36 from currentCap: 36 + usedCap: 0
04:03:03.117  Calculating projected position heat.
04:03:03.117  CurrentPath has: 1 nodes, using destination path: (-96.0, 128.8, 41.6)
04:03:03.117    Count of waypointsFromPath: 2  terrainWaypoints: 25
04:03:03.117  Biome: DesignMaskBiomeBadlandsParched has heatSinkMulti: x0.85 
04:03:03.117  Calculated capacityMulti: 0.85 x globalHeatSinkMulti: 1 
04:03:03.117  Calculating projected position heat.
04:03:03.117  CurrentPath has: 1 nodes, using destination path: (-96.0, 128.8, 41.6)
04:03:03.117    Count of waypointsFromPath: 2  terrainWaypoints: 25
04:03:03.117  Biome: DesignMaskBiomeBadlandsParched has heatSinkMulti: x0.85 
04:03:03.117  Calculated capacityMulti: 0.85 x globalHeatSinkMulti: 1 
04:03:03.117  Mech: Javelin_Trilobyte_7B9F1E30 has adjustedNormedCap: 30.6 from normedCap: 36 x multi: 0.85
04:03:03.117    remainingCapacity: 36  rawCapacity: -30  normedAdjustedFraction: -30
04:03:03.117    currentHeat: 0 + tempHeat: 0 + projectedHeat: 5 + cacTerrainheat: 0 + sinkableHeat: -30  =  futureHeat: 5
04:03:03.117  Threshold heat: 0 = futureHeat: 5 + sinkableHeat: -30
04:03:03.126  Mech_SprintHeat_Getter - Javelin_Trilobyte_7B9F1E30 processing sprint heat modifiers: (original 5 + mod 0) x mult 1 = 5
04:03:03.126  Mech_SprintHeat_Getter - Javelin_Trilobyte_7B9F1E30 processing sprint heat modifiers: (original 5 + mod 0) x mult 1 = 5
04:03:03.126  Mech_SprintHeat_Getter - Javelin_Trilobyte_7B9F1E30 processing sprint heat modifiers: (original 5 + mod 0) x mult 1 = 5
04:03:03.126  Mech_SprintHeat_Getter - Javelin_Trilobyte_7B9F1E30 processing sprint heat modifiers: (original 5 + mod 0) x mult 1 = 5
04:03:03.126    Count of waypointsFromPath: 2  terrainWaypoints: 25
04:03:03.126  TerrainHeat: 0 = sumOfHeat: 0 / totalCells: 0
04:03:03.126  Calculating projected position heat.
04:03:03.126  CurrentPath has: 1 nodes, using destination path: (-96.0, 128.8, 41.6)
04:03:03.126    Count of waypointsFromPath: 2  terrainWaypoints: 25
04:03:03.126  Biome: DesignMaskBiomeBadlandsParched has heatSinkMulti: x0.85 
04:03:03.126  Calculated capacityMulti: 0.85 x globalHeatSinkMulti: 1 
04:03:03.126  Calculating projected position heat.
04:03:03.126  CurrentPath has: 1 nodes, using destination path: (-96.0, 128.8, 41.6)
04:03:03.126    Count of waypointsFromPath: 2  terrainWaypoints: 25
04:03:03.126  Biome: DesignMaskBiomeBadlandsParched has heatSinkMulti: x0.85 
04:03:03.126  Calculated capacityMulti: 0.85 x globalHeatSinkMulti: 1 
04:03:03.126  Mech: Javelin_Trilobyte_7B9F1E30 has adjustedNormedCap: 30.6 from normedCap: 36 x multi: 0.85
04:03:03.126  Mech: Javelin_Trilobyte_7B9F1E30 has totalHeatSinkCap: 36 from currentCap: 36 + usedCap: 0
04:03:03.126  Calculating projected position heat.
04:03:03.127  CurrentPath has: 1 nodes, using destination path: (-96.0, 128.8, 41.6)
04:03:03.127    Count of waypointsFromPath: 2  terrainWaypoints: 25
04:03:03.127  Biome: DesignMaskBiomeBadlandsParched has heatSinkMulti: x0.85 
04:03:03.127  Calculated capacityMulti: 0.85 x globalHeatSinkMulti: 1 
04:03:03.127  Calculating projected position heat.
04:03:03.127  CurrentPath has: 1 nodes, using destination path: (-96.0, 128.8, 41.6)
04:03:03.127    Count of waypointsFromPath: 2  terrainWaypoints: 25
04:03:03.127  Biome: DesignMaskBiomeBadlandsParched has heatSinkMulti: x0.85 
04:03:03.127  Calculated capacityMulti: 0.85 x globalHeatSinkMulti: 1 
04:03:03.127  Mech: Javelin_Trilobyte_7B9F1E30 has adjustedNormedCap: 30.6 from normedCap: 36 x multi: 0.85
04:03:03.127    remainingCapacity: 36  rawCapacity: -30  normedAdjustedFraction: -30
04:03:03.127    currentHeat: 0 + tempHeat: 0 + projectedHeat: 5 + cacTerrainheat: 0 + sinkableHeat: -30  =  futureHeat: 5
04:03:03.127  Threshold heat: 0 = futureHeat: 5 + sinkableHeat: -30
04:03:03.135  Mech_SprintHeat_Getter - Javelin_Trilobyte_7B9F1E30 processing sprint heat modifiers: (original 5 + mod 0) x mult 1 = 5
04:03:03.135  Mech_SprintHeat_Getter - Javelin_Trilobyte_7B9F1E30 processing sprint heat modifiers: (original 5 + mod 0) x mult 1 = 5
04:03:03.135  Mech_SprintHeat_Getter - Javelin_Trilobyte_7B9F1E30 processing sprint heat modifiers: (original 5 + mod 0) x mult 1 = 5
04:03:03.135  Mech_SprintHeat_Getter - Javelin_Trilobyte_7B9F1E30 processing sprint heat modifiers: (original 5 + mod 0) x mult 1 = 5
04:03:03.136    Count of waypointsFromPath: 2  terrainWaypoints: 25
04:03:03.136  TerrainHeat: 0 = sumOfHeat: 0 / totalCells: 0
04:03:03.136  Calculating projected position heat.
04:03:03.136  CurrentPath has: 1 nodes, using destination path: (-96.0, 128.8, 41.6)
04:03:03.136    Count of waypointsFromPath: 2  terrainWaypoints: 25
04:03:03.136  Biome: DesignMaskBiomeBadlandsParched has heatSinkMulti: x0.85 
04:03:03.136  Calculated capacityMulti: 0.85 x globalHeatSinkMulti: 1 
04:03:03.136  Calculating projected position heat.
04:03:03.136  CurrentPath has: 1 nodes, using destination path: (-96.0, 128.8, 41.6)
04:03:03.136    Count of waypointsFromPath: 2  terrainWaypoints: 25
04:03:03.136  Biome: DesignMaskBiomeBadlandsParched has heatSinkMulti: x0.85 
04:03:03.136  Calculated capacityMulti: 0.85 x globalHeatSinkMulti: 1 
04:03:03.136  Mech: Javelin_Trilobyte_7B9F1E30 has adjustedNormedCap: 30.6 from normedCap: 36 x multi: 0.85
04:03:03.136  Mech: Javelin_Trilobyte_7B9F1E30 has totalHeatSinkCap: 36 from currentCap: 36 + usedCap: 0
04:03:03.136  Calculating projected position heat.
04:03:03.136  CurrentPath has: 1 nodes, using destination path: (-96.0, 128.8, 41.6)
04:03:03.136    Count of waypointsFromPath: 2  terrainWaypoints: 25
04:03:03.136  Biome: DesignMaskBiomeBadlandsParched has heatSinkMulti: x0.85 
04:03:03.136  Calculated capacityMulti: 0.85 x globalHeatSinkMulti: 1 
04:03:03.136  Calculating projected position heat.
04:03:03.136  CurrentPath has: 1 nodes, using destination path: (-96.0, 128.8, 41.6)
04:03:03.136    Count of waypointsFromPath: 2  terrainWaypoints: 25
04:03:03.136  Biome: DesignMaskBiomeBadlandsParched has heatSinkMulti: x0.85 
04:03:03.136  Calculated capacityMulti: 0.85 x globalHeatSinkMulti: 1 
04:03:03.136  Mech: Javelin_Trilobyte_7B9F1E30 has adjustedNormedCap: 30.6 from normedCap: 36 x multi: 0.85
04:03:03.136    remainingCapacity: 36  rawCapacity: -30  normedAdjustedFraction: -30
04:03:03.136    currentHeat: 0 + tempHeat: 0 + projectedHeat: 5 + cacTerrainheat: 0 + sinkableHeat: -30  =  futureHeat: 5
04:03:03.136  Threshold heat: 0 = futureHeat: 5 + sinkableHeat: -30
04:03:03.145  Mech_SprintHeat_Getter - Javelin_Trilobyte_7B9F1E30 processing sprint heat modifiers: (original 5 + mod 0) x mult 1 = 5
04:03:03.145  Mech_SprintHeat_Getter - Javelin_Trilobyte_7B9F1E30 processing sprint heat modifiers: (original 5 + mod 0) x mult 1 = 5
04:03:03.145  Mech_SprintHeat_Getter - Javelin_Trilobyte_7B9F1E30 processing sprint heat modifiers: (original 5 + mod 0) x mult 1 = 5
04:03:03.145  Mech_SprintHeat_Getter - Javelin_Trilobyte_7B9F1E30 processing sprint heat modifiers: (original 5 + mod 0) x mult 1 = 5
04:03:03.145    Count of waypointsFromPath: 2  terrainWaypoints: 25
04:03:03.145  TerrainHeat: 0 = sumOfHeat: 0 / totalCells: 0
04:03:03.145  Calculating projected position heat.
04:03:03.145  CurrentPath has: 1 nodes, using destination path: (-96.0, 128.8, 41.6)
04:03:03.145    Count of waypointsFromPath: 2  terrainWaypoints: 25
04:03:03.145  Biome: DesignMaskBiomeBadlandsParched has heatSinkMulti: x0.85 
04:03:03.145  Calculated capacityMulti: 0.85 x globalHeatSinkMulti: 1 
04:03:03.145  Calculating projected position heat.
04:03:03.145  CurrentPath has: 1 nodes, using destination path: (-96.0, 128.8, 41.6)
04:03:03.145    Count of waypointsFromPath: 2  terrainWaypoints: 25
04:03:03.145  Biome: DesignMaskBiomeBadlandsParched has heatSinkMulti: x0.85 
04:03:03.145  Calculated capacityMulti: 0.85 x globalHeatSinkMulti: 1 
04:03:03.145  Mech: Javelin_Trilobyte_7B9F1E30 has adjustedNormedCap: 30.6 from normedCap: 36 x multi: 0.85
04:03:03.145  Mech: Javelin_Trilobyte_7B9F1E30 has totalHeatSinkCap: 36 from currentCap: 36 + usedCap: 0
04:03:03.145  Calculating projected position heat.
04:03:03.145  CurrentPath has: 1 nodes, using destination path: (-96.0, 128.8, 41.6)
04:03:03.145    Count of waypointsFromPath: 2  terrainWaypoints: 25
04:03:03.145  Biome: DesignMaskBiomeBadlandsParched has heatSinkMulti: x0.85 
04:03:03.145  Calculated capacityMulti: 0.85 x globalHeatSinkMulti: 1 
04:03:03.145  Calculating projected position heat.
04:03:03.145  CurrentPath has: 1 nodes, using destination path: (-96.0, 128.8, 41.6)
04:03:03.145    Count of waypointsFromPath: 2  terrainWaypoints: 25
04:03:03.145  Biome: DesignMaskBiomeBadlandsParched has heatSinkMulti: x0.85 
04:03:03.145  Calculated capacityMulti: 0.85 x globalHeatSinkMulti: 1 
04:03:03.145  Mech: Javelin_Trilobyte_7B9F1E30 has adjustedNormedCap: 30.6 from normedCap: 36 x multi: 0.85
04:03:03.145    remainingCapacity: 36  rawCapacity: -30  normedAdjustedFraction: -30
04:03:03.145    currentHeat: 0 + tempHeat: 0 + projectedHeat: 5 + cacTerrainheat: 0 + sinkableHeat: -30  =  futureHeat: 5
04:03:03.145  Threshold heat: 0 = futureHeat: 5 + sinkableHeat: -30
04:03:03.154  Mech_SprintHeat_Getter - Javelin_Trilobyte_7B9F1E30 processing sprint heat modifiers: (original 5 + mod 0) x mult 1 = 5
04:03:03.154  Mech_SprintHeat_Getter - Javelin_Trilobyte_7B9F1E30 processing sprint heat modifiers: (original 5 + mod 0) x mult 1 = 5
04:03:03.154  Mech_SprintHeat_Getter - Javelin_Trilobyte_7B9F1E30 processing sprint heat modifiers: (original 5 + mod 0) x mult 1 = 5
04:03:03.155  Mech_SprintHeat_Getter - Javelin_Trilobyte_7B9F1E30 processing sprint heat modifiers: (original 5 + mod 0) x mult 1 = 5
04:03:03.155    Count of waypointsFromPath: 2  terrainWaypoints: 25
04:03:03.155  TerrainHeat: 0 = sumOfHeat: 0 / totalCells: 0
04:03:03.155  Calculating projected position heat.
04:03:03.155  CurrentPath has: 1 nodes, using destination path: (-96.0, 128.8, 41.6)
04:03:03.155    Count of waypointsFromPath: 2  terrainWaypoints: 25
04:03:03.155  Biome: DesignMaskBiomeBadlandsParched has heatSinkMulti: x0.85 
04:03:03.155  Calculated capacityMulti: 0.85 x globalHeatSinkMulti: 1 
04:03:03.155  Calculating projected position heat.
04:03:03.155  CurrentPath has: 1 nodes, using destination path: (-96.0, 128.8, 41.6)
04:03:03.155    Count of waypointsFromPath: 2  terrainWaypoints: 25
04:03:03.155  Biome: DesignMaskBiomeBadlandsParched has heatSinkMulti: x0.85 
04:03:03.155  Calculated capacityMulti: 0.85 x globalHeatSinkMulti: 1 
04:03:03.155  Mech: Javelin_Trilobyte_7B9F1E30 has adjustedNormedCap: 30.6 from normedCap: 36 x multi: 0.85
04:03:03.155  Mech: Javelin_Trilobyte_7B9F1E30 has totalHeatSinkCap: 36 from currentCap: 36 + usedCap: 0
04:03:03.155  Calculating projected position heat.
04:03:03.155  CurrentPath has: 1 nodes, using destination path: (-96.0, 128.8, 41.6)
04:03:03.155    Count of waypointsFromPath: 2  terrainWaypoints: 25
04:03:03.155  Biome: DesignMaskBiomeBadlandsParched has heatSinkMulti: x0.85 
04:03:03.155  Calculated capacityMulti: 0.85 x globalHeatSinkMulti: 1 
04:03:03.155  Calculating projected position heat.
04:03:03.155  CurrentPath has: 1 nodes, using destination path: (-96.0, 128.8, 41.6)
04:03:03.155    Count of waypointsFromPath: 2  terrainWaypoints: 25
04:03:03.155  Biome: DesignMaskBiomeBadlandsParched has heatSinkMulti: x0.85 
04:03:03.155  Calculated capacityMulti: 0.85 x globalHeatSinkMulti: 1 
04:03:03.155  Mech: Javelin_Trilobyte_7B9F1E30 has adjustedNormedCap: 30.6 from normedCap: 36 x multi: 0.85
04:03:03.155    remainingCapacity: 36  rawCapacity: -30  normedAdjustedFraction: -30
04:03:03.155    currentHeat: 0 + tempHeat: 0 + projectedHeat: 5 + cacTerrainheat: 0 + sinkableHeat: -30  =  futureHeat: 5
04:03:03.155  Threshold heat: 0 = futureHeat: 5 + sinkableHeat: -30
04:03:03.164  Mech_SprintHeat_Getter - Javelin_Trilobyte_7B9F1E30 processing sprint heat modifiers: (original 5 + mod 0) x mult 1 = 5
04:03:03.164  Mech_SprintHeat_Getter - Javelin_Trilobyte_7B9F1E30 processing sprint heat modifiers: (original 5 + mod 0) x mult 1 = 5
04:03:03.164  Mech_SprintHeat_Getter - Javelin_Trilobyte_7B9F1E30 processing sprint heat modifiers: (original 5 + mod 0) x mult 1 = 5
04:03:03.164  Mech_SprintHeat_Getter - Javelin_Trilobyte_7B9F1E30 processing sprint heat modifiers: (original 5 + mod 0) x mult 1 = 5
04:03:03.164    Count of waypointsFromPath: 2  terrainWaypoints: 25
04:03:03.164  TerrainHeat: 0 = sumOfHeat: 0 / totalCells: 0
04:03:03.164  Calculating projected position heat.
04:03:03.164  CurrentPath has: 1 nodes, using destination path: (-96.0, 128.8, 41.6)
04:03:03.164    Count of waypointsFromPath: 2  terrainWaypoints: 25
04:03:03.164  Biome: DesignMaskBiomeBadlandsParched has heatSinkMulti: x0.85 
04:03:03.164  Calculated capacityMulti: 0.85 x globalHeatSinkMulti: 1 
04:03:03.164  Calculating projected position heat.
04:03:03.164  CurrentPath has: 1 nodes, using destination path: (-96.0, 128.8, 41.6)
04:03:03.164    Count of waypointsFromPath: 2  terrainWaypoints: 25
04:03:03.164  Biome: DesignMaskBiomeBadlandsParched has heatSinkMulti: x0.85 
04:03:03.164  Calculated capacityMulti: 0.85 x globalHeatSinkMulti: 1 
04:03:03.164  Mech: Javelin_Trilobyte_7B9F1E30 has adjustedNormedCap: 30.6 from normedCap: 36 x multi: 0.85
04:03:03.164  Mech: Javelin_Trilobyte_7B9F1E30 has totalHeatSinkCap: 36 from currentCap: 36 + usedCap: 0
04:03:03.164  Calculating projected position heat.
04:03:03.164  CurrentPath has: 1 nodes, using destination path: (-96.0, 128.8, 41.6)
04:03:03.164    Count of waypointsFromPath: 2  terrainWaypoints: 25
04:03:03.164  Biome: DesignMaskBiomeBadlandsParched has heatSinkMulti: x0.85 
04:03:03.164  Calculated capacityMulti: 0.85 x globalHeatSinkMulti: 1 
04:03:03.164  Calculating projected position heat.
04:03:03.164  CurrentPath has: 1 nodes, using destination path: (-96.0, 128.8, 41.6)
04:03:03.164    Count of waypointsFromPath: 2  terrainWaypoints: 25
04:03:03.164  Biome: DesignMaskBiomeBadlandsParched has heatSinkMulti: x0.85 
04:03:03.164  Calculated capacityMulti: 0.85 x globalHeatSinkMulti: 1 
04:03:03.164  Mech: Javelin_Trilobyte_7B9F1E30 has adjustedNormedCap: 30.6 from normedCap: 36 x multi: 0.85
04:03:03.164    remainingCapacity: 36  rawCapacity: -30  normedAdjustedFraction: -30
04:03:03.164    currentHeat: 0 + tempHeat: 0 + projectedHeat: 5 + cacTerrainheat: 0 + sinkableHeat: -30  =  futureHeat: 5
04:03:03.164  Threshold heat: 0 = futureHeat: 5 + sinkableHeat: -30
04:03:03.175  Mech_SprintHeat_Getter - Javelin_Trilobyte_7B9F1E30 processing sprint heat modifiers: (original 5 + mod 0) x mult 1 = 5
04:03:03.176  Mech_SprintHeat_Getter - Javelin_Trilobyte_7B9F1E30 processing sprint heat modifiers: (original 5 + mod 0) x mult 1 = 5
04:03:03.176  Mech_SprintHeat_Getter - Javelin_Trilobyte_7B9F1E30 processing sprint heat modifiers: (original 5 + mod 0) x mult 1 = 5
04:03:03.176  Mech_SprintHeat_Getter - Javelin_Trilobyte_7B9F1E30 processing sprint heat modifiers: (original 5 + mod 0) x mult 1 = 5
04:03:03.176  Mech_SprintHeat_Getter - Javelin_Trilobyte_7B9F1E30 processing sprint heat modifiers: (original 5 + mod 0) x mult 1 = 5
04:03:03.176    Count of waypointsFromPath: 4  terrainWaypoints: 19
04:03:03.176  TerrainHeat: 0 = sumOfHeat: 0 / totalCells: 0
04:03:03.176  Calculating projected position heat.
04:03:03.176  CurrentPath has: 3 nodes, using destination path: (-72.0, 131.6, 41.6)
04:03:03.176    Count of waypointsFromPath: 4  terrainWaypoints: 19
04:03:03.176  Biome: DesignMaskBiomeBadlandsParched has heatSinkMulti: x0.85 
04:03:03.176  Calculated capacityMulti: 0.85 x globalHeatSinkMulti: 1 
04:03:03.176  Calculating projected position heat.
04:03:03.176  CurrentPath has: 3 nodes, using destination path: (-72.0, 131.6, 41.6)
04:03:03.176    Count of waypointsFromPath: 4  terrainWaypoints: 19
04:03:03.176  Biome: DesignMaskBiomeBadlandsParched has heatSinkMulti: x0.85 
04:03:03.176  Calculated capacityMulti: 0.85 x globalHeatSinkMulti: 1 
04:03:03.176  Mech: Javelin_Trilobyte_7B9F1E30 has adjustedNormedCap: 30.6 from normedCap: 36 x multi: 0.85
04:03:03.176  Mech: Javelin_Trilobyte_7B9F1E30 has totalHeatSinkCap: 36 from currentCap: 36 + usedCap: 0
04:03:03.176  Calculating projected position heat.
04:03:03.176  CurrentPath has: 3 nodes, using destination path: (-72.0, 131.6, 41.6)
04:03:03.176    Count of waypointsFromPath: 4  terrainWaypoints: 19
04:03:03.176  Biome: DesignMaskBiomeBadlandsParched has heatSinkMulti: x0.85 
04:03:03.176  Calculated capacityMulti: 0.85 x globalHeatSinkMulti: 1 
04:03:03.176  Calculating projected position heat.
04:03:03.176  CurrentPath has: 3 nodes, using destination path: (-72.0, 131.6, 41.6)
04:03:03.176    Count of waypointsFromPath: 4  terrainWaypoints: 19
04:03:03.176  Biome: DesignMaskBiomeBadlandsParched has heatSinkMulti: x0.85 
04:03:03.176  Calculated capacityMulti: 0.85 x globalHeatSinkMulti: 1 
04:03:03.176  Mech: Javelin_Trilobyte_7B9F1E30 has adjustedNormedCap: 30.6 from normedCap: 36 x multi: 0.85
04:03:03.176    remainingCapacity: 36  rawCapacity: -30  normedAdjustedFraction: -30
04:03:03.176    currentHeat: 0 + tempHeat: 0 + projectedHeat: 5 + cacTerrainheat: 0 + sinkableHeat: -30  =  futureHeat: 5
04:03:03.176  Threshold heat: 0 = futureHeat: 5 + sinkableHeat: -30
04:03:03.176  Updating heat dialog for actor: Javelin_Trilobyte_7B9F1E30
04:03:03.176    previous values:  CurrentHeat: 0  ProjectedHeat: 5  TempHeat: 0  CACTerrainHeat: 0  currentPathNodes: 1
04:03:03.176    current values:  CurrentHeat: 0  ProjectedHeat: 5  TempHeat: 0  CACTerrainHeat: 0  currentPathNodes: 3
04:03:03.176  Calculating projected position heat.
04:03:03.176  CurrentPath has: 3 nodes, using destination path: (-72.0, 131.6, 41.6)
04:03:03.176    Count of waypointsFromPath: 4  terrainWaypoints: 19
04:03:03.176  Biome: DesignMaskBiomeBadlandsParched has heatSinkMulti: x0.85 
04:03:03.176  Calculated capacityMulti: 0.85 x globalHeatSinkMulti: 1 
04:03:03.185  Mech_SprintHeat_Getter - Javelin_Trilobyte_7B9F1E30 processing sprint heat modifiers: (original 5 + mod 0) x mult 1 = 5
04:03:03.186  Mech_SprintHeat_Getter - Javelin_Trilobyte_7B9F1E30 processing sprint heat modifiers: (original 5 + mod 0) x mult 1 = 5
04:03:03.186  Mech_SprintHeat_Getter - Javelin_Trilobyte_7B9F1E30 processing sprint heat modifiers: (original 5 + mod 0) x mult 1 = 5
04:03:03.186  Mech_SprintHeat_Getter - Javelin_Trilobyte_7B9F1E30 processing sprint heat modifiers: (original 5 + mod 0) x mult 1 = 5
04:03:03.186    Count of waypointsFromPath: 4  terrainWaypoints: 19
04:03:03.186  TerrainHeat: 0 = sumOfHeat: 0 / totalCells: 0
04:03:03.186  Calculating projected position heat.
04:03:03.186  CurrentPath has: 3 nodes, using destination path: (-72.0, 131.6, 41.6)
04:03:03.186    Count of waypointsFromPath: 4  terrainWaypoints: 19
04:03:03.186  Biome: DesignMaskBiomeBadlandsParched has heatSinkMulti: x0.85 
04:03:03.186  Calculated capacityMulti: 0.85 x globalHeatSinkMulti: 1 
04:03:03.186  Calculating projected position heat.
04:03:03.186  CurrentPath has: 3 nodes, using destination path: (-72.0, 131.6, 41.6)
04:03:03.186    Count of waypointsFromPath: 4  terrainWaypoints: 19
04:03:03.186  Biome: DesignMaskBiomeBadlandsParched has heatSinkMulti: x0.85 
04:03:03.186  Calculated capacityMulti: 0.85 x globalHeatSinkMulti: 1 
04:03:03.186  Mech: Javelin_Trilobyte_7B9F1E30 has adjustedNormedCap: 30.6 from normedCap: 36 x multi: 0.85
04:03:03.186  Mech: Javelin_Trilobyte_7B9F1E30 has totalHeatSinkCap: 36 from currentCap: 36 + usedCap: 0
04:03:03.186  Calculating projected position heat.
04:03:03.186  CurrentPath has: 3 nodes, using destination path: (-72.0, 131.6, 41.6)
04:03:03.186    Count of waypointsFromPath: 4  terrainWaypoints: 19
04:03:03.186  Biome: DesignMaskBiomeBadlandsParched has heatSinkMulti: x0.85 
04:03:03.186  Calculated capacityMulti: 0.85 x globalHeatSinkMulti: 1 
04:03:03.186  Calculating projected position heat.
04:03:03.186  CurrentPath has: 3 nodes, using destination path: (-72.0, 131.6, 41.6)
04:03:03.186    Count of waypointsFromPath: 4  terrainWaypoints: 19
04:03:03.186  Biome: DesignMaskBiomeBadlandsParched has heatSinkMulti: x0.85 
04:03:03.186  Calculated capacityMulti: 0.85 x globalHeatSinkMulti: 1 
04:03:03.186  Mech: Javelin_Trilobyte_7B9F1E30 has adjustedNormedCap: 30.6 from normedCap: 36 x multi: 0.85
04:03:03.186    remainingCapacity: 36  rawCapacity: -30  normedAdjustedFraction: -30
04:03:03.186    currentHeat: 0 + tempHeat: 0 + projectedHeat: 5 + cacTerrainheat: 0 + sinkableHeat: -30  =  futureHeat: 5
04:03:03.186  Threshold heat: 0 = futureHeat: 5 + sinkableHeat: -30
04:03:03.195  Mech_SprintHeat_Getter - Javelin_Trilobyte_7B9F1E30 processing sprint heat modifiers: (original 5 + mod 0) x mult 1 = 5
04:03:03.195  Mech_SprintHeat_Getter - Javelin_Trilobyte_7B9F1E30 processing sprint heat modifiers: (original 5 + mod 0) x mult 1 = 5
04:03:03.195  Mech_SprintHeat_Getter - Javelin_Trilobyte_7B9F1E30 processing sprint heat modifiers: (original 5 + mod 0) x mult 1 = 5
04:03:03.195  Mech_SprintHeat_Getter - Javelin_Trilobyte_7B9F1E30 processing sprint heat modifiers: (original 5 + mod 0) x mult 1 = 5
04:03:03.195    Count of waypointsFromPath: 4  terrainWaypoints: 19
04:03:03.195  TerrainHeat: 0 = sumOfHeat: 0 / totalCells: 0
04:03:03.195  Calculating projected position heat.
04:03:03.195  CurrentPath has: 3 nodes, using destination path: (-72.0, 131.6, 41.6)
04:03:03.195    Count of waypointsFromPath: 4  terrainWaypoints: 19
04:03:03.195  Biome: DesignMaskBiomeBadlandsParched has heatSinkMulti: x0.85 
04:03:03.195  Calculated capacityMulti: 0.85 x globalHeatSinkMulti: 1 
04:03:03.195  Calculating projected position heat.
04:03:03.195  CurrentPath has: 3 nodes, using destination path: (-72.0, 131.6, 41.6)
04:03:03.195    Count of waypointsFromPath: 4  terrainWaypoints: 19
04:03:03.195  Biome: DesignMaskBiomeBadlandsParched has heatSinkMulti: x0.85 
04:03:03.195  Calculated capacityMulti: 0.85 x globalHeatSinkMulti: 1 
04:03:03.195  Mech: Javelin_Trilobyte_7B9F1E30 has adjustedNormedCap: 30.6 from normedCap: 36 x multi: 0.85
04:03:03.195  Mech: Javelin_Trilobyte_7B9F1E30 has totalHeatSinkCap: 36 from currentCap: 36 + usedCap: 0
04:03:03.195  Calculating projected position heat.
04:03:03.195  CurrentPath has: 3 nodes, using destination path: (-72.0, 131.6, 41.6)
04:03:03.195    Count of waypointsFromPath: 4  terrainWaypoints: 19
04:03:03.195  Biome: DesignMaskBiomeBadlandsParched has heatSinkMulti: x0.85 
04:03:03.195  Calculated capacityMulti: 0.85 x globalHeatSinkMulti: 1 
04:03:03.195  Calculating projected position heat.
04:03:03.195  CurrentPath has: 3 nodes, using destination path: (-72.0, 131.6, 41.6)
04:03:03.195    Count of waypointsFromPath: 4  terrainWaypoints: 19
04:03:03.195  Biome: DesignMaskBiomeBadlandsParched has heatSinkMulti: x0.85 
04:03:03.195  Calculated capacityMulti: 0.85 x globalHeatSinkMulti: 1 
04:03:03.195  Mech: Javelin_Trilobyte_7B9F1E30 has adjustedNormedCap: 30.6 from normedCap: 36 x multi: 0.85
04:03:03.195    remainingCapacity: 36  rawCapacity: -30  normedAdjustedFraction: -30
04:03:03.195    currentHeat: 0 + tempHeat: 0 + projectedHeat: 5 + cacTerrainheat: 0 + sinkableHeat: -30  =  futureHeat: 5
04:03:03.195  Threshold heat: 0 = futureHeat: 5 + sinkableHeat: -30
04:03:03.204  Mech_SprintHeat_Getter - Javelin_Trilobyte_7B9F1E30 processing sprint heat modifiers: (original 5 + mod 0) x mult 1 = 5
04:03:03.204  Mech_SprintHeat_Getter - Javelin_Trilobyte_7B9F1E30 processing sprint heat modifiers: (original 5 + mod 0) x mult 1 = 5
04:03:03.204  Mech_SprintHeat_Getter - Javelin_Trilobyte_7B9F1E30 processing sprint heat modifiers: (original 5 + mod 0) x mult 1 = 5
04:03:03.204  Mech_SprintHeat_Getter - Javelin_Trilobyte_7B9F1E30 processing sprint heat modifiers: (original 5 + mod 0) x mult 1 = 5
04:03:03.204    Count of waypointsFromPath: 4  terrainWaypoints: 19
04:03:03.204  TerrainHeat: 0 = sumOfHeat: 0 / totalCells: 0
04:03:03.204  Calculating projected position heat.
04:03:03.204  CurrentPath has: 3 nodes, using destination path: (-72.0, 131.6, 41.6)
04:03:03.204    Count of waypointsFromPath: 4  terrainWaypoints: 19
04:03:03.204  Biome: DesignMaskBiomeBadlandsParched has heatSinkMulti: x0.85 
04:03:03.204  Calculated capacityMulti: 0.85 x globalHeatSinkMulti: 1 
04:03:03.204  Calculating projected position heat.
04:03:03.204  CurrentPath has: 3 nodes, using destination path: (-72.0, 131.6, 41.6)
04:03:03.204    Count of waypointsFromPath: 4  terrainWaypoints: 19
04:03:03.204  Biome: DesignMaskBiomeBadlandsParched has heatSinkMulti: x0.85 
04:03:03.204  Calculated capacityMulti: 0.85 x globalHeatSinkMulti: 1 
04:03:03.204  Mech: Javelin_Trilobyte_7B9F1E30 has adjustedNormedCap: 30.6 from normedCap: 36 x multi: 0.85
04:03:03.204  Mech: Javelin_Trilobyte_7B9F1E30 has totalHeatSinkCap: 36 from currentCap: 36 + usedCap: 0
04:03:03.204  Calculating projected position heat.
04:03:03.204  CurrentPath has: 3 nodes, using destination path: (-72.0, 131.6, 41.6)
04:03:03.204    Count of waypointsFromPath: 4  terrainWaypoints: 19
04:03:03.204  Biome: DesignMaskBiomeBadlandsParched has heatSinkMulti: x0.85 
04:03:03.204  Calculated capacityMulti: 0.85 x globalHeatSinkMulti: 1 
04:03:03.204  Calculating projected position heat.
04:03:03.204  CurrentPath has: 3 nodes, using destination path: (-72.0, 131.6, 41.6)
04:03:03.204    Count of waypointsFromPath: 4  terrainWaypoints: 19
04:03:03.204  Biome: DesignMaskBiomeBadlandsParched has heatSinkMulti: x0.85 
04:03:03.204  Calculated capacityMulti: 0.85 x globalHeatSinkMulti: 1 
04:03:03.204  Mech: Javelin_Trilobyte_7B9F1E30 has adjustedNormedCap: 30.6 from normedCap: 36 x multi: 0.85
04:03:03.204    remainingCapacity: 36  rawCapacity: -30  normedAdjustedFraction: -30
04:03:03.204    currentHeat: 0 + tempHeat: 0 + projectedHeat: 5 + cacTerrainheat: 0 + sinkableHeat: -30  =  futureHeat: 5
04:03:03.204  Threshold heat: 0 = futureHeat: 5 + sinkableHeat: -30
04:03:03.213  Mech_SprintHeat_Getter - Javelin_Trilobyte_7B9F1E30 processing sprint heat modifiers: (original 5 + mod 0) x mult 1 = 5
04:03:03.213  Mech_SprintHeat_Getter - Javelin_Trilobyte_7B9F1E30 processing sprint heat modifiers: (original 5 + mod 0) x mult 1 = 5
04:03:03.213  Mech_SprintHeat_Getter - Javelin_Trilobyte_7B9F1E30 processing sprint heat modifiers: (original 5 + mod 0) x mult 1 = 5
04:03:03.213  Mech_SprintHeat_Getter - Javelin_Trilobyte_7B9F1E30 processing sprint heat modifiers: (original 5 + mod 0) x mult 1 = 5
04:03:03.213    Count of waypointsFromPath: 4  terrainWaypoints: 19
04:03:03.213  TerrainHeat: 0 = sumOfHeat: 0 / totalCells: 0
04:03:03.213  Calculating projected position heat.
04:03:03.213  CurrentPath has: 3 nodes, using destination path: (-72.0, 131.6, 41.6)
04:03:03.213    Count of waypointsFromPath: 4  terrainWaypoints: 19
04:03:03.213  Biome: DesignMaskBiomeBadlandsParched has heatSinkMulti: x0.85 
04:03:03.214  Calculated capacityMulti: 0.85 x globalHeatSinkMulti: 1 
04:03:03.214  Calculating projected position heat.
04:03:03.214  CurrentPath has: 3 nodes, using destination path: (-72.0, 131.6, 41.6)
04:03:03.214    Count of waypointsFromPath: 4  terrainWaypoints: 19
04:03:03.214  Biome: DesignMaskBiomeBadlandsParched has heatSinkMulti: x0.85 
04:03:03.214  Calculated capacityMulti: 0.85 x globalHeatSinkMulti: 1 
04:03:03.214  Mech: Javelin_Trilobyte_7B9F1E30 has adjustedNormedCap: 30.6 from normedCap: 36 x multi: 0.85
04:03:03.214  Mech: Javelin_Trilobyte_7B9F1E30 has totalHeatSinkCap: 36 from currentCap: 36 + usedCap: 0
04:03:03.214  Calculating projected position heat.
04:03:03.214  CurrentPath has: 3 nodes, using destination path: (-72.0, 131.6, 41.6)
04:03:03.214    Count of waypointsFromPath: 4  terrainWaypoints: 19
04:03:03.214  Biome: DesignMaskBiomeBadlandsParched has heatSinkMulti: x0.85 
04:03:03.214  Calculated capacityMulti: 0.85 x globalHeatSinkMulti: 1 
04:03:03.214  Calculating projected position heat.
04:03:03.214  CurrentPath has: 3 nodes, using destination path: (-72.0, 131.6, 41.6)
04:03:03.214    Count of waypointsFromPath: 4  terrainWaypoints: 19
04:03:03.214  Biome: DesignMaskBiomeBadlandsParched has heatSinkMulti: x0.85 
04:03:03.214  Calculated capacityMulti: 0.85 x globalHeatSinkMulti: 1 
04:03:03.214  Mech: Javelin_Trilobyte_7B9F1E30 has adjustedNormedCap: 30.6 from normedCap: 36 x multi: 0.85
04:03:03.214    remainingCapacity: 36  rawCapacity: -30  normedAdjustedFraction: -30
04:03:03.214    currentHeat: 0 + tempHeat: 0 + projectedHeat: 5 + cacTerrainheat: 0 + sinkableHeat: -30  =  futureHeat: 5
04:03:03.214  Threshold heat: 0 = futureHeat: 5 + sinkableHeat: -30
04:03:03.222  Mech_SprintHeat_Getter - Javelin_Trilobyte_7B9F1E30 processing sprint heat modifiers: (original 5 + mod 0) x mult 1 = 5
04:03:03.222  Mech_SprintHeat_Getter - Javelin_Trilobyte_7B9F1E30 processing sprint heat modifiers: (original 5 + mod 0) x mult 1 = 5
04:03:03.222  Mech_SprintHeat_Getter - Javelin_Trilobyte_7B9F1E30 processing sprint heat modifiers: (original 5 + mod 0) x mult 1 = 5
04:03:03.222  Mech_SprintHeat_Getter - Javelin_Trilobyte_7B9F1E30 processing sprint heat modifiers: (original 5 + mod 0) x mult 1 = 5
04:03:03.222    Count of waypointsFromPath: 4  terrainWaypoints: 19
04:03:03.222  TerrainHeat: 0 = sumOfHeat: 0 / totalCells: 0
04:03:03.223  Calculating projected position heat.
04:03:03.223  CurrentPath has: 3 nodes, using destination path: (-72.0, 131.6, 41.6)
04:03:03.223    Count of waypointsFromPath: 4  terrainWaypoints: 19
04:03:03.223  Biome: DesignMaskBiomeBadlandsParched has heatSinkMulti: x0.85 
04:03:03.223  Calculated capacityMulti: 0.85 x globalHeatSinkMulti: 1 
04:03:03.223  Calculating projected position heat.
04:03:03.223  CurrentPath has: 3 nodes, using destination path: (-72.0, 131.6, 41.6)
04:03:03.223    Count of waypointsFromPath: 4  terrainWaypoints: 19
04:03:03.223  Biome: DesignMaskBiomeBadlandsParched has heatSinkMulti: x0.85 
04:03:03.223  Calculated capacityMulti: 0.85 x globalHeatSinkMulti: 1 
04:03:03.223  Mech: Javelin_Trilobyte_7B9F1E30 has adjustedNormedCap: 30.6 from normedCap: 36 x multi: 0.85
04:03:03.223  Mech: Javelin_Trilobyte_7B9F1E30 has totalHeatSinkCap: 36 from currentCap: 36 + usedCap: 0
04:03:03.223  Calculating projected position heat.
04:03:03.223  CurrentPath has: 3 nodes, using destination path: (-72.0, 131.6, 41.6)
04:03:03.223    Count of waypointsFromPath: 4  terrainWaypoints: 19
04:03:03.223  Biome: DesignMaskBiomeBadlandsParched has heatSinkMulti: x0.85 
04:03:03.223  Calculated capacityMulti: 0.85 x globalHeatSinkMulti: 1 
04:03:03.223  Calculating projected position heat.
04:03:03.223  CurrentPath has: 3 nodes, using destination path: (-72.0, 131.6, 41.6)
04:03:03.223    Count of waypointsFromPath: 4  terrainWaypoints: 19
04:03:03.223  Biome: DesignMaskBiomeBadlandsParched has heatSinkMulti: x0.85 
04:03:03.223  Calculated capacityMulti: 0.85 x globalHeatSinkMulti: 1 
04:03:03.223  Mech: Javelin_Trilobyte_7B9F1E30 has adjustedNormedCap: 30.6 from normedCap: 36 x multi: 0.85
04:03:03.223    remainingCapacity: 36  rawCapacity: -30  normedAdjustedFraction: -30
04:03:03.223    currentHeat: 0 + tempHeat: 0 + projectedHeat: 5 + cacTerrainheat: 0 + sinkableHeat: -30  =  futureHeat: 5
04:03:03.223  Threshold heat: 0 = futureHeat: 5 + sinkableHeat: -30
04:03:03.231  Mech_SprintHeat_Getter - Javelin_Trilobyte_7B9F1E30 processing sprint heat modifiers: (original 5 + mod 0) x mult 1 = 5
04:03:03.231  Mech_SprintHeat_Getter - Javelin_Trilobyte_7B9F1E30 processing sprint heat modifiers: (original 5 + mod 0) x mult 1 = 5
04:03:03.231  Mech_SprintHeat_Getter - Javelin_Trilobyte_7B9F1E30 processing sprint heat modifiers: (original 5 + mod 0) x mult 1 = 5
04:03:03.231  Mech_SprintHeat_Getter - Javelin_Trilobyte_7B9F1E30 processing sprint heat modifiers: (original 5 + mod 0) x mult 1 = 5
04:03:03.231    Count of waypointsFromPath: 4  terrainWaypoints: 19
04:03:03.231  TerrainHeat: 0 = sumOfHeat: 0 / totalCells: 0
04:03:03.231  Calculating projected position heat.
04:03:03.231  CurrentPath has: 3 nodes, using destination path: (-72.0, 131.6, 41.6)
04:03:03.231    Count of waypointsFromPath: 4  terrainWaypoints: 19
04:03:03.231  Biome: DesignMaskBiomeBadlandsParched has heatSinkMulti: x0.85 
04:03:03.231  Calculated capacityMulti: 0.85 x globalHeatSinkMulti: 1 
04:03:03.231  Calculating projected position heat.
04:03:03.231  CurrentPath has: 3 nodes, using destination path: (-72.0, 131.6, 41.6)
04:03:03.231    Count of waypointsFromPath: 4  terrainWaypoints: 19
04:03:03.231  Biome: DesignMaskBiomeBadlandsParched has heatSinkMulti: x0.85 
04:03:03.231  Calculated capacityMulti: 0.85 x globalHeatSinkMulti: 1 
04:03:03.231  Mech: Javelin_Trilobyte_7B9F1E30 has adjustedNormedCap: 30.6 from normedCap: 36 x multi: 0.85
04:03:03.231  Mech: Javelin_Trilobyte_7B9F1E30 has totalHeatSinkCap: 36 from currentCap: 36 + usedCap: 0
04:03:03.231  Calculating projected position heat.
04:03:03.231  CurrentPath has: 3 nodes, using destination path: (-72.0, 131.6, 41.6)
04:03:03.231    Count of waypointsFromPath: 4  terrainWaypoints: 19
04:03:03.231  Biome: DesignMaskBiomeBadlandsParched has heatSinkMulti: x0.85 
04:03:03.231  Calculated capacityMulti: 0.85 x globalHeatSinkMulti: 1 
04:03:03.231  Calculating projected position heat.
04:03:03.231  CurrentPath has: 3 nodes, using destination path: (-72.0, 131.6, 41.6)
04:03:03.231    Count of waypointsFromPath: 4  terrainWaypoints: 19
04:03:03.231  Biome: DesignMaskBiomeBadlandsParched has heatSinkMulti: x0.85 
04:03:03.231  Calculated capacityMulti: 0.85 x globalHeatSinkMulti: 1 
04:03:03.231  Mech: Javelin_Trilobyte_7B9F1E30 has adjustedNormedCap: 30.6 from normedCap: 36 x multi: 0.85
04:03:03.232    remainingCapacity: 36  rawCapacity: -30  normedAdjustedFraction: -30
04:03:03.232    currentHeat: 0 + tempHeat: 0 + projectedHeat: 5 + cacTerrainheat: 0 + sinkableHeat: -30  =  futureHeat: 5
04:03:03.232  Threshold heat: 0 = futureHeat: 5 + sinkableHeat: -30
04:03:03.240  Mech_SprintHeat_Getter - Javelin_Trilobyte_7B9F1E30 processing sprint heat modifiers: (original 5 + mod 0) x mult 1 = 5
04:03:03.240  Mech_SprintHeat_Getter - Javelin_Trilobyte_7B9F1E30 processing sprint heat modifiers: (original 5 + mod 0) x mult 1 = 5
04:03:03.240  Mech_SprintHeat_Getter - Javelin_Trilobyte_7B9F1E30 processing sprint heat modifiers: (original 5 + mod 0) x mult 1 = 5
04:03:03.240  Mech_SprintHeat_Getter - Javelin_Trilobyte_7B9F1E30 processing sprint heat modifiers: (original 5 + mod 0) x mult 1 = 5
04:03:03.240    Count of waypointsFromPath: 4  terrainWaypoints: 19
04:03:03.240  TerrainHeat: 0 = sumOfHeat: 0 / totalCells: 0
04:03:03.240  Calculating projected position heat.
04:03:03.240  CurrentPath has: 3 nodes, using destination path: (-72.0, 131.6, 41.6)
04:03:03.240    Count of waypointsFromPath: 4  terrainWaypoints: 19
04:03:03.240  Biome: DesignMaskBiomeBadlandsParched has heatSinkMulti: x0.85 
04:03:03.240  Calculated capacityMulti: 0.85 x globalHeatSinkMulti: 1 
04:03:03.240  Calculating projected position heat.
04:03:03.240  CurrentPath has: 3 nodes, using destination path: (-72.0, 131.6, 41.6)
04:03:03.240    Count of waypointsFromPath: 4  terrainWaypoints: 19
04:03:03.240  Biome: DesignMaskBiomeBadlandsParched has heatSinkMulti: x0.85 
04:03:03.240  Calculated capacityMulti: 0.85 x globalHeatSinkMulti: 1 
04:03:03.240  Mech: Javelin_Trilobyte_7B9F1E30 has adjustedNormedCap: 30.6 from normedCap: 36 x multi: 0.85
04:03:03.240  Mech: Javelin_Trilobyte_7B9F1E30 has totalHeatSinkCap: 36 from currentCap: 36 + usedCap: 0
04:03:03.240  Calculating projected position heat.
04:03:03.240  CurrentPath has: 3 nodes, using destination path: (-72.0, 131.6, 41.6)
04:03:03.240    Count of waypointsFromPath: 4  terrainWaypoints: 19
04:03:03.240  Biome: DesignMaskBiomeBadlandsParched has heatSinkMulti: x0.85 
04:03:03.240  Calculated capacityMulti: 0.85 x globalHeatSinkMulti: 1 
04:03:03.240  Calculating projected position heat.
04:03:03.240  CurrentPath has: 3 nodes, using destination path: (-72.0, 131.6, 41.6)
04:03:03.240    Count of waypointsFromPath: 4  terrainWaypoints: 19
04:03:03.240  Biome: DesignMaskBiomeBadlandsParched has heatSinkMulti: x0.85 
04:03:03.240  Calculated capacityMulti: 0.85 x globalHeatSinkMulti: 1 
04:03:03.240  Mech: Javelin_Trilobyte_7B9F1E30 has adjustedNormedCap: 30.6 from normedCap: 36 x multi: 0.85
04:03:03.240    remainingCapacity: 36  rawCapacity: -30  normedAdjustedFraction: -30
04:03:03.240    currentHeat: 0 + tempHeat: 0 + projectedHeat: 5 + cacTerrainheat: 0 + sinkableHeat: -30  =  futureHeat: 5
04:03:03.240  Threshold heat: 0 = futureHeat: 5 + sinkableHeat: -30
04:03:03.252  Mech_SprintHeat_Getter - Javelin_Trilobyte_7B9F1E30 processing sprint heat modifiers: (original 5 + mod 0) x mult 1 = 5
04:03:03.252  Mech_SprintHeat_Getter - Javelin_Trilobyte_7B9F1E30 processing sprint heat modifiers: (original 5 + mod 0) x mult 1 = 5
04:03:03.253  Mech_SprintHeat_Getter - Javelin_Trilobyte_7B9F1E30 processing sprint heat modifiers: (original 5 + mod 0) x mult 1 = 5
04:03:03.253  Mech_SprintHeat_Getter - Javelin_Trilobyte_7B9F1E30 processing sprint heat modifiers: (original 5 + mod 0) x mult 1 = 5
04:03:03.253  Mech_SprintHeat_Getter - Javelin_Trilobyte_7B9F1E30 processing sprint heat modifiers: (original 5 + mod 0) x mult 1 = 5
04:03:03.253    Count of waypointsFromPath: 2  terrainWaypoints: 12
04:03:03.253  TerrainHeat: 0 = sumOfHeat: 0 / totalCells: 0
04:03:03.253  Calculating projected position heat.
04:03:03.253  CurrentPath has: 1 nodes, using destination path: (-48.0, 132.8, 41.6)
04:03:03.253    Count of waypointsFromPath: 2  terrainWaypoints: 12
04:03:03.253  Biome: DesignMaskBiomeBadlandsParched has heatSinkMulti: x0.85 
04:03:03.253  Calculated capacityMulti: 0.85 x globalHeatSinkMulti: 1 
04:03:03.253  Calculating projected position heat.
04:03:03.253  CurrentPath has: 1 nodes, using destination path: (-48.0, 132.8, 41.6)
04:03:03.253    Count of waypointsFromPath: 2  terrainWaypoints: 12
04:03:03.253  Biome: DesignMaskBiomeBadlandsParched has heatSinkMulti: x0.85 
04:03:03.253  Calculated capacityMulti: 0.85 x globalHeatSinkMulti: 1 
04:03:03.253  Mech: Javelin_Trilobyte_7B9F1E30 has adjustedNormedCap: 30.6 from normedCap: 36 x multi: 0.85
04:03:03.253  Mech: Javelin_Trilobyte_7B9F1E30 has totalHeatSinkCap: 36 from currentCap: 36 + usedCap: 0
04:03:03.253  Calculating projected position heat.
04:03:03.253  CurrentPath has: 1 nodes, using destination path: (-48.0, 132.8, 41.6)
04:03:03.253    Count of waypointsFromPath: 2  terrainWaypoints: 12
04:03:03.253  Biome: DesignMaskBiomeBadlandsParched has heatSinkMulti: x0.85 
04:03:03.253  Calculated capacityMulti: 0.85 x globalHeatSinkMulti: 1 
04:03:03.253  Calculating projected position heat.
04:03:03.253  CurrentPath has: 1 nodes, using destination path: (-48.0, 132.8, 41.6)
04:03:03.253    Count of waypointsFromPath: 2  terrainWaypoints: 12
04:03:03.253  Biome: DesignMaskBiomeBadlandsParched has heatSinkMulti: x0.85 
04:03:03.253  Calculated capacityMulti: 0.85 x globalHeatSinkMulti: 1 
04:03:03.253  Mech: Javelin_Trilobyte_7B9F1E30 has adjustedNormedCap: 30.6 from normedCap: 36 x multi: 0.85
04:03:03.253    remainingCapacity: 36  rawCapacity: -30  normedAdjustedFraction: -30
04:03:03.253    currentHeat: 0 + tempHeat: 0 + projectedHeat: 5 + cacTerrainheat: 0 + sinkableHeat: -30  =  futureHeat: 5
04:03:03.253  Threshold heat: 0 = futureHeat: 5 + sinkableHeat: -30
04:03:03.253  Updating heat dialog for actor: Javelin_Trilobyte_7B9F1E30
04:03:03.253    previous values:  CurrentHeat: 0  ProjectedHeat: 5  TempHeat: 0  CACTerrainHeat: 0  currentPathNodes: 3
04:03:03.253    current values:  CurrentHeat: 0  ProjectedHeat: 5  TempHeat: 0  CACTerrainHeat: 0  currentPathNodes: 1
04:03:03.253  Calculating projected position heat.
04:03:03.253  CurrentPath has: 1 nodes, using destination path: (-48.0, 132.8, 41.6)
04:03:03.253    Count of waypointsFromPath: 2  terrainWaypoints: 12
04:03:03.253  Biome: DesignMaskBiomeBadlandsParched has heatSinkMulti: x0.85 
04:03:03.253  Calculated capacityMulti: 0.85 x globalHeatSinkMulti: 1 
04:03:03.262  Mech_SprintHeat_Getter - Javelin_Trilobyte_7B9F1E30 processing sprint heat modifiers: (original 5 + mod 0) x mult 1 = 5
04:03:03.262  Mech_SprintHeat_Getter - Javelin_Trilobyte_7B9F1E30 processing sprint heat modifiers: (original 5 + mod 0) x mult 1 = 5
04:03:03.262  Mech_SprintHeat_Getter - Javelin_Trilobyte_7B9F1E30 processing sprint heat modifiers: (original 5 + mod 0) x mult 1 = 5
04:03:03.262  Mech_SprintHeat_Getter - Javelin_Trilobyte_7B9F1E30 processing sprint heat modifiers: (original 5 + mod 0) x mult 1 = 5
04:03:03.262    Count of waypointsFromPath: 2  terrainWaypoints: 12
04:03:03.262  TerrainHeat: 0 = sumOfHeat: 0 / totalCells: 0
04:03:03.262  Calculating projected position heat.
04:03:03.262  CurrentPath has: 1 nodes, using destination path: (-48.0, 132.8, 41.6)
04:03:03.262    Count of waypointsFromPath: 2  terrainWaypoints: 12
04:03:03.262  Biome: DesignMaskBiomeBadlandsParched has heatSinkMulti: x0.85 
04:03:03.262  Calculated capacityMulti: 0.85 x globalHeatSinkMulti: 1 
04:03:03.262  Calculating projected position heat.
04:03:03.262  CurrentPath has: 1 nodes, using destination path: (-48.0, 132.8, 41.6)
04:03:03.262    Count of waypointsFromPath: 2  terrainWaypoints: 12
04:03:03.262  Biome: DesignMaskBiomeBadlandsParched has heatSinkMulti: x0.85 
04:03:03.262  Calculated capacityMulti: 0.85 x globalHeatSinkMulti: 1 
04:03:03.262  Mech: Javelin_Trilobyte_7B9F1E30 has adjustedNormedCap: 30.6 from normedCap: 36 x multi: 0.85
04:03:03.262  Mech: Javelin_Trilobyte_7B9F1E30 has totalHeatSinkCap: 36 from currentCap: 36 + usedCap: 0
04:03:03.262  Calculating projected position heat.
04:03:03.262  CurrentPath has: 1 nodes, using destination path: (-48.0, 132.8, 41.6)
04:03:03.262    Count of waypointsFromPath: 2  terrainWaypoints: 12
04:03:03.262  Biome: DesignMaskBiomeBadlandsParched has heatSinkMulti: x0.85 
04:03:03.262  Calculated capacityMulti: 0.85 x globalHeatSinkMulti: 1 
04:03:03.262  Calculating projected position heat.
04:03:03.262  CurrentPath has: 1 nodes, using destination path: (-48.0, 132.8, 41.6)
04:03:03.262    Count of waypointsFromPath: 2  terrainWaypoints: 12
04:03:03.262  Biome: DesignMaskBiomeBadlandsParched has heatSinkMulti: x0.85 
04:03:03.262  Calculated capacityMulti: 0.85 x globalHeatSinkMulti: 1 
04:03:03.262  Mech: Javelin_Trilobyte_7B9F1E30 has adjustedNormedCap: 30.6 from normedCap: 36 x multi: 0.85
04:03:03.262    remainingCapacity: 36  rawCapacity: -30  normedAdjustedFraction: -30
04:03:03.262    currentHeat: 0 + tempHeat: 0 + projectedHeat: 5 + cacTerrainheat: 0 + sinkableHeat: -30  =  futureHeat: 5
04:03:03.262  Threshold heat: 0 = futureHeat: 5 + sinkableHeat: -30
04:03:03.270  Mech_SprintHeat_Getter - Javelin_Trilobyte_7B9F1E30 processing sprint heat modifiers: (original 5 + mod 0) x mult 1 = 5
04:03:03.270  Mech_SprintHeat_Getter - Javelin_Trilobyte_7B9F1E30 processing sprint heat modifiers: (original 5 + mod 0) x mult 1 = 5
04:03:03.270  Mech_SprintHeat_Getter - Javelin_Trilobyte_7B9F1E30 processing sprint heat modifiers: (original 5 + mod 0) x mult 1 = 5
04:03:03.270  Mech_SprintHeat_Getter - Javelin_Trilobyte_7B9F1E30 processing sprint heat modifiers: (original 5 + mod 0) x mult 1 = 5
04:03:03.270    Count of waypointsFromPath: 2  terrainWaypoints: 12
04:03:03.270  TerrainHeat: 0 = sumOfHeat: 0 / totalCells: 0
04:03:03.270  Calculating projected position heat.
04:03:03.270  CurrentPath has: 1 nodes, using destination path: (-48.0, 132.8, 41.6)
04:03:03.270    Count of waypointsFromPath: 2  terrainWaypoints: 12
04:03:03.270  Biome: DesignMaskBiomeBadlandsParched has heatSinkMulti: x0.85 
04:03:03.270  Calculated capacityMulti: 0.85 x globalHeatSinkMulti: 1 
04:03:03.270  Calculating projected position heat.
04:03:03.270  CurrentPath has: 1 nodes, using destination path: (-48.0, 132.8, 41.6)
04:03:03.270    Count of waypointsFromPath: 2  terrainWaypoints: 12
04:03:03.270  Biome: DesignMaskBiomeBadlandsParched has heatSinkMulti: x0.85 
04:03:03.270  Calculated capacityMulti: 0.85 x globalHeatSinkMulti: 1 
04:03:03.270  Mech: Javelin_Trilobyte_7B9F1E30 has adjustedNormedCap: 30.6 from normedCap: 36 x multi: 0.85
04:03:03.271  Mech: Javelin_Trilobyte_7B9F1E30 has totalHeatSinkCap: 36 from currentCap: 36 + usedCap: 0
04:03:03.271  Calculating projected position heat.
04:03:03.271  CurrentPath has: 1 nodes, using destination path: (-48.0, 132.8, 41.6)
04:03:03.271    Count of waypointsFromPath: 2  terrainWaypoints: 12
04:03:03.271  Biome: DesignMaskBiomeBadlandsParched has heatSinkMulti: x0.85 
04:03:03.271  Calculated capacityMulti: 0.85 x globalHeatSinkMulti: 1 
04:03:03.271  Calculating projected position heat.
04:03:03.271  CurrentPath has: 1 nodes, using destination path: (-48.0, 132.8, 41.6)
04:03:03.271    Count of waypointsFromPath: 2  terrainWaypoints: 12
04:03:03.271  Biome: DesignMaskBiomeBadlandsParched has heatSinkMulti: x0.85 
04:03:03.271  Calculated capacityMulti: 0.85 x globalHeatSinkMulti: 1 
04:03:03.271  Mech: Javelin_Trilobyte_7B9F1E30 has adjustedNormedCap: 30.6 from normedCap: 36 x multi: 0.85
04:03:03.271    remainingCapacity: 36  rawCapacity: -30  normedAdjustedFraction: -30
04:03:03.271    currentHeat: 0 + tempHeat: 0 + projectedHeat: 5 + cacTerrainheat: 0 + sinkableHeat: -30  =  futureHeat: 5
04:03:03.271  Threshold heat: 0 = futureHeat: 5 + sinkableHeat: -30
04:03:03.281  Mech_SprintHeat_Getter - Javelin_Trilobyte_7B9F1E30 processing sprint heat modifiers: (original 5 + mod 0) x mult 1 = 5
04:03:03.282  Mech_SprintHeat_Getter - Javelin_Trilobyte_7B9F1E30 processing sprint heat modifiers: (original 5 + mod 0) x mult 1 = 5
04:03:03.282  Mech_SprintHeat_Getter - Javelin_Trilobyte_7B9F1E30 processing sprint heat modifiers: (original 5 + mod 0) x mult 1 = 5
04:03:03.282  Mech_SprintHeat_Getter - Javelin_Trilobyte_7B9F1E30 processing sprint heat modifiers: (original 5 + mod 0) x mult 1 = 5
04:03:03.282  Mech_SprintHeat_Getter - Javelin_Trilobyte_7B9F1E30 processing sprint heat modifiers: (original 5 + mod 0) x mult 1 = 5
04:03:03.282    Count of waypointsFromPath: 2  terrainWaypoints: 10
04:03:03.282  TerrainHeat: 0 = sumOfHeat: 0 / totalCells: 0
04:03:03.282  Calculating projected position heat.
04:03:03.282  CurrentPath has: 1 nodes, using destination path: (-36.0, 135.4, 62.4)
04:03:03.282    Count of waypointsFromPath: 2  terrainWaypoints: 10
04:03:03.282  Biome: DesignMaskBiomeBadlandsParched has heatSinkMulti: x0.85 
04:03:03.282  Calculated capacityMulti: 0.85 x globalHeatSinkMulti: 1 
04:03:03.282  Calculating projected position heat.
04:03:03.282  CurrentPath has: 1 nodes, using destination path: (-36.0, 135.4, 62.4)
04:03:03.282    Count of waypointsFromPath: 2  terrainWaypoints: 10
04:03:03.282  Biome: DesignMaskBiomeBadlandsParched has heatSinkMulti: x0.85 
04:03:03.282  Calculated capacityMulti: 0.85 x globalHeatSinkMulti: 1 
04:03:03.282  Mech: Javelin_Trilobyte_7B9F1E30 has adjustedNormedCap: 30.6 from normedCap: 36 x multi: 0.85
04:03:03.282  Mech: Javelin_Trilobyte_7B9F1E30 has totalHeatSinkCap: 36 from currentCap: 36 + usedCap: 0
04:03:03.282  Calculating projected position heat.
04:03:03.282  CurrentPath has: 1 nodes, using destination path: (-36.0, 135.4, 62.4)
04:03:03.282    Count of waypointsFromPath: 2  terrainWaypoints: 10
04:03:03.282  Biome: DesignMaskBiomeBadlandsParched has heatSinkMulti: x0.85 
04:03:03.282  Calculated capacityMulti: 0.85 x globalHeatSinkMulti: 1 
04:03:03.282  Calculating projected position heat.
04:03:03.282  CurrentPath has: 1 nodes, using destination path: (-36.0, 135.4, 62.4)
04:03:03.282    Count of waypointsFromPath: 2  terrainWaypoints: 10
04:03:03.282  Biome: DesignMaskBiomeBadlandsParched has heatSinkMulti: x0.85 
04:03:03.282  Calculated capacityMulti: 0.85 x globalHeatSinkMulti: 1 
04:03:03.282  Mech: Javelin_Trilobyte_7B9F1E30 has adjustedNormedCap: 30.6 from normedCap: 36 x multi: 0.85
04:03:03.282    remainingCapacity: 36  rawCapacity: -30  normedAdjustedFraction: -30
04:03:03.282    currentHeat: 0 + tempHeat: 0 + projectedHeat: 5 + cacTerrainheat: 0 + sinkableHeat: -30  =  futureHeat: 5
04:03:03.282  Threshold heat: 0 = futureHeat: 5 + sinkableHeat: -30
04:03:03.291  Mech_SprintHeat_Getter - Javelin_Trilobyte_7B9F1E30 processing sprint heat modifiers: (original 5 + mod 0) x mult 1 = 5
04:03:03.291  Mech_SprintHeat_Getter - Javelin_Trilobyte_7B9F1E30 processing sprint heat modifiers: (original 5 + mod 0) x mult 1 = 5
04:03:03.291  Mech_SprintHeat_Getter - Javelin_Trilobyte_7B9F1E30 processing sprint heat modifiers: (original 5 + mod 0) x mult 1 = 5
04:03:03.291  Mech_SprintHeat_Getter - Javelin_Trilobyte_7B9F1E30 processing sprint heat modifiers: (original 5 + mod 0) x mult 1 = 5
04:03:03.291    Count of waypointsFromPath: 2  terrainWaypoints: 10
04:03:03.291  TerrainHeat: 0 = sumOfHeat: 0 / totalCells: 0
04:03:03.291  Calculating projected position heat.
04:03:03.291  CurrentPath has: 1 nodes, using destination path: (-36.0, 135.4, 62.4)
04:03:03.291    Count of waypointsFromPath: 2  terrainWaypoints: 10
04:03:03.291  Biome: DesignMaskBiomeBadlandsParched has heatSinkMulti: x0.85 
04:03:03.291  Calculated capacityMulti: 0.85 x globalHeatSinkMulti: 1 
04:03:03.291  Calculating projected position heat.
04:03:03.291  CurrentPath has: 1 nodes, using destination path: (-36.0, 135.4, 62.4)
04:03:03.291    Count of waypointsFromPath: 2  terrainWaypoints: 10
04:03:03.291  Biome: DesignMaskBiomeBadlandsParched has heatSinkMulti: x0.85 
04:03:03.291  Calculated capacityMulti: 0.85 x globalHeatSinkMulti: 1 
04:03:03.291  Mech: Javelin_Trilobyte_7B9F1E30 has adjustedNormedCap: 30.6 from normedCap: 36 x multi: 0.85
04:03:03.291  Mech: Javelin_Trilobyte_7B9F1E30 has totalHeatSinkCap: 36 from currentCap: 36 + usedCap: 0
04:03:03.291  Calculating projected position heat.
04:03:03.291  CurrentPath has: 1 nodes, using destination path: (-36.0, 135.4, 62.4)
04:03:03.291    Count of waypointsFromPath: 2  terrainWaypoints: 10
04:03:03.291  Biome: DesignMaskBiomeBadlandsParched has heatSinkMulti: x0.85 
04:03:03.291  Calculated capacityMulti: 0.85 x globalHeatSinkMulti: 1 
04:03:03.291  Calculating projected position heat.
04:03:03.291  CurrentPath has: 1 nodes, using destination path: (-36.0, 135.4, 62.4)
04:03:03.291    Count of waypointsFromPath: 2  terrainWaypoints: 10
04:03:03.291  Biome: DesignMaskBiomeBadlandsParched has heatSinkMulti: x0.85 
04:03:03.291  Calculated capacityMulti: 0.85 x globalHeatSinkMulti: 1 
04:03:03.291  Mech: Javelin_Trilobyte_7B9F1E30 has adjustedNormedCap: 30.6 from normedCap: 36 x multi: 0.85
04:03:03.291    remainingCapacity: 36  rawCapacity: -30  normedAdjustedFraction: -30
04:03:03.291    currentHeat: 0 + tempHeat: 0 + projectedHeat: 5 + cacTerrainheat: 0 + sinkableHeat: -30  =  futureHeat: 5
04:03:03.291  Threshold heat: 0 = futureHeat: 5 + sinkableHeat: -30
04:03:03.299  Mech_SprintHeat_Getter - Javelin_Trilobyte_7B9F1E30 processing sprint heat modifiers: (original 5 + mod 0) x mult 1 = 5
04:03:03.299  Mech_SprintHeat_Getter - Javelin_Trilobyte_7B9F1E30 processing sprint heat modifiers: (original 5 + mod 0) x mult 1 = 5
04:03:03.299  Mech_SprintHeat_Getter - Javelin_Trilobyte_7B9F1E30 processing sprint heat modifiers: (original 5 + mod 0) x mult 1 = 5
04:03:03.299  Mech_SprintHeat_Getter - Javelin_Trilobyte_7B9F1E30 processing sprint heat modifiers: (original 5 + mod 0) x mult 1 = 5
04:03:03.299    Count of waypointsFromPath: 2  terrainWaypoints: 10
04:03:03.299  TerrainHeat: 0 = sumOfHeat: 0 / totalCells: 0
04:03:03.299  Calculating projected position heat.
04:03:03.299  CurrentPath has: 1 nodes, using destination path: (-36.0, 135.4, 62.4)
04:03:03.299    Count of waypointsFromPath: 2  terrainWaypoints: 10
04:03:03.299  Biome: DesignMaskBiomeBadlandsParched has heatSinkMulti: x0.85 
04:03:03.299  Calculated capacityMulti: 0.85 x globalHeatSinkMulti: 1 
04:03:03.299  Calculating projected position heat.
04:03:03.299  CurrentPath has: 1 nodes, using destination path: (-36.0, 135.4, 62.4)
04:03:03.299    Count of waypointsFromPath: 2  terrainWaypoints: 10
04:03:03.299  Biome: DesignMaskBiomeBadlandsParched has heatSinkMulti: x0.85 
04:03:03.299  Calculated capacityMulti: 0.85 x globalHeatSinkMulti: 1 
04:03:03.299  Mech: Javelin_Trilobyte_7B9F1E30 has adjustedNormedCap: 30.6 from normedCap: 36 x multi: 0.85
04:03:03.299  Mech: Javelin_Trilobyte_7B9F1E30 has totalHeatSinkCap: 36 from currentCap: 36 + usedCap: 0
04:03:03.299  Calculating projected position heat.
04:03:03.299  CurrentPath has: 1 nodes, using destination path: (-36.0, 135.4, 62.4)
04:03:03.299    Count of waypointsFromPath: 2  terrainWaypoints: 10
04:03:03.299  Biome: DesignMaskBiomeBadlandsParched has heatSinkMulti: x0.85 
04:03:03.299  Calculated capacityMulti: 0.85 x globalHeatSinkMulti: 1 
04:03:03.299  Calculating projected position heat.
04:03:03.299  CurrentPath has: 1 nodes, using destination path: (-36.0, 135.4, 62.4)
04:03:03.299    Count of waypointsFromPath: 2  terrainWaypoints: 10
04:03:03.299  Biome: DesignMaskBiomeBadlandsParched has heatSinkMulti: x0.85 
04:03:03.299  Calculated capacityMulti: 0.85 x globalHeatSinkMulti: 1 
04:03:03.299  Mech: Javelin_Trilobyte_7B9F1E30 has adjustedNormedCap: 30.6 from normedCap: 36 x multi: 0.85
04:03:03.299    remainingCapacity: 36  rawCapacity: -30  normedAdjustedFraction: -30
04:03:03.299    currentHeat: 0 + tempHeat: 0 + projectedHeat: 5 + cacTerrainheat: 0 + sinkableHeat: -30  =  futureHeat: 5
04:03:03.299  Threshold heat: 0 = futureHeat: 5 + sinkableHeat: -30
04:03:03.308  Mech_SprintHeat_Getter - Javelin_Trilobyte_7B9F1E30 processing sprint heat modifiers: (original 5 + mod 0) x mult 1 = 5
04:03:03.308  Mech_SprintHeat_Getter - Javelin_Trilobyte_7B9F1E30 processing sprint heat modifiers: (original 5 + mod 0) x mult 1 = 5
04:03:03.308  Mech_SprintHeat_Getter - Javelin_Trilobyte_7B9F1E30 processing sprint heat modifiers: (original 5 + mod 0) x mult 1 = 5
04:03:03.308  Mech_SprintHeat_Getter - Javelin_Trilobyte_7B9F1E30 processing sprint heat modifiers: (original 5 + mod 0) x mult 1 = 5
04:03:03.308    Count of waypointsFromPath: 2  terrainWaypoints: 10
04:03:03.308  TerrainHeat: 0 = sumOfHeat: 0 / totalCells: 0
04:03:03.308  Calculating projected position heat.
04:03:03.308  CurrentPath has: 1 nodes, using destination path: (-36.0, 135.4, 62.4)
04:03:03.308    Count of waypointsFromPath: 2  terrainWaypoints: 10
04:03:03.308  Biome: DesignMaskBiomeBadlandsParched has heatSinkMulti: x0.85 
04:03:03.308  Calculated capacityMulti: 0.85 x globalHeatSinkMulti: 1 
04:03:03.308  Calculating projected position heat.
04:03:03.308  CurrentPath has: 1 nodes, using destination path: (-36.0, 135.4, 62.4)
04:03:03.308    Count of waypointsFromPath: 2  terrainWaypoints: 10
04:03:03.308  Biome: DesignMaskBiomeBadlandsParched has heatSinkMulti: x0.85 
04:03:03.308  Calculated capacityMulti: 0.85 x globalHeatSinkMulti: 1 
04:03:03.308  Mech: Javelin_Trilobyte_7B9F1E30 has adjustedNormedCap: 30.6 from normedCap: 36 x multi: 0.85
04:03:03.308  Mech: Javelin_Trilobyte_7B9F1E30 has totalHeatSinkCap: 36 from currentCap: 36 + usedCap: 0
04:03:03.308  Calculating projected position heat.
04:03:03.308  CurrentPath has: 1 nodes, using destination path: (-36.0, 135.4, 62.4)
04:03:03.308    Count of waypointsFromPath: 2  terrainWaypoints: 10
04:03:03.308  Biome: DesignMaskBiomeBadlandsParched has heatSinkMulti: x0.85 
04:03:03.308  Calculated capacityMulti: 0.85 x globalHeatSinkMulti: 1 
04:03:03.308  Calculating projected position heat.
04:03:03.308  CurrentPath has: 1 nodes, using destination path: (-36.0, 135.4, 62.4)
04:03:03.308    Count of waypointsFromPath: 2  terrainWaypoints: 10
04:03:03.308  Biome: DesignMaskBiomeBadlandsParched has heatSinkMulti: x0.85 
04:03:03.308  Calculated capacityMulti: 0.85 x globalHeatSinkMulti: 1 
04:03:03.308  Mech: Javelin_Trilobyte_7B9F1E30 has adjustedNormedCap: 30.6 from normedCap: 36 x multi: 0.85
04:03:03.308    remainingCapacity: 36  rawCapacity: -30  normedAdjustedFraction: -30
04:03:03.308    currentHeat: 0 + tempHeat: 0 + projectedHeat: 5 + cacTerrainheat: 0 + sinkableHeat: -30  =  futureHeat: 5
04:03:03.308  Threshold heat: 0 = futureHeat: 5 + sinkableHeat: -30
04:03:03.317  Mech_SprintHeat_Getter - Javelin_Trilobyte_7B9F1E30 processing sprint heat modifiers: (original 5 + mod 0) x mult 1 = 5
04:03:03.317  Mech_SprintHeat_Getter - Javelin_Trilobyte_7B9F1E30 processing sprint heat modifiers: (original 5 + mod 0) x mult 1 = 5
04:03:03.317  Mech_SprintHeat_Getter - Javelin_Trilobyte_7B9F1E30 processing sprint heat modifiers: (original 5 + mod 0) x mult 1 = 5
04:03:03.317  Mech_SprintHeat_Getter - Javelin_Trilobyte_7B9F1E30 processing sprint heat modifiers: (original 5 + mod 0) x mult 1 = 5
04:03:03.317    Count of waypointsFromPath: 2  terrainWaypoints: 10
04:03:03.317  TerrainHeat: 0 = sumOfHeat: 0 / totalCells: 0
04:03:03.317  Calculating projected position heat.
04:03:03.317  CurrentPath has: 1 nodes, using destination path: (-36.0, 135.4, 62.4)
04:03:03.317    Count of waypointsFromPath: 2  terrainWaypoints: 10
04:03:03.317  Biome: DesignMaskBiomeBadlandsParched has heatSinkMulti: x0.85 
04:03:03.317  Calculated capacityMulti: 0.85 x globalHeatSinkMulti: 1 
04:03:03.317  Calculating projected position heat.
04:03:03.317  CurrentPath has: 1 nodes, using destination path: (-36.0, 135.4, 62.4)
04:03:03.317    Count of waypointsFromPath: 2  terrainWaypoints: 10
04:03:03.317  Biome: DesignMaskBiomeBadlandsParched has heatSinkMulti: x0.85 
04:03:03.317  Calculated capacityMulti: 0.85 x globalHeatSinkMulti: 1 
04:03:03.317  Mech: Javelin_Trilobyte_7B9F1E30 has adjustedNormedCap: 30.6 from normedCap: 36 x multi: 0.85
04:03:03.317  Mech: Javelin_Trilobyte_7B9F1E30 has totalHeatSinkCap: 36 from currentCap: 36 + usedCap: 0
04:03:03.317  Calculating projected position heat.
04:03:03.317  CurrentPath has: 1 nodes, using destination path: (-36.0, 135.4, 62.4)
04:03:03.317    Count of waypointsFromPath: 2  terrainWaypoints: 10
04:03:03.317  Biome: DesignMaskBiomeBadlandsParched has heatSinkMulti: x0.85 
04:03:03.317  Calculated capacityMulti: 0.85 x globalHeatSinkMulti: 1 
04:03:03.317  Calculating projected position heat.
04:03:03.317  CurrentPath has: 1 nodes, using destination path: (-36.0, 135.4, 62.4)
04:03:03.317    Count of waypointsFromPath: 2  terrainWaypoints: 10
04:03:03.317  Biome: DesignMaskBiomeBadlandsParched has heatSinkMulti: x0.85 
04:03:03.317  Calculated capacityMulti: 0.85 x globalHeatSinkMulti: 1 
04:03:03.317  Mech: Javelin_Trilobyte_7B9F1E30 has adjustedNormedCap: 30.6 from normedCap: 36 x multi: 0.85
04:03:03.317    remainingCapacity: 36  rawCapacity: -30  normedAdjustedFraction: -30
04:03:03.317    currentHeat: 0 + tempHeat: 0 + projectedHeat: 5 + cacTerrainheat: 0 + sinkableHeat: -30  =  futureHeat: 5
04:03:03.317  Threshold heat: 0 = futureHeat: 5 + sinkableHeat: -30
04:03:03.326  Mech_SprintHeat_Getter - Javelin_Trilobyte_7B9F1E30 processing sprint heat modifiers: (original 5 + mod 0) x mult 1 = 5
04:03:03.326  Mech_SprintHeat_Getter - Javelin_Trilobyte_7B9F1E30 processing sprint heat modifiers: (original 5 + mod 0) x mult 1 = 5
04:03:03.326  Mech_SprintHeat_Getter - Javelin_Trilobyte_7B9F1E30 processing sprint heat modifiers: (original 5 + mod 0) x mult 1 = 5
04:03:03.326  Mech_SprintHeat_Getter - Javelin_Trilobyte_7B9F1E30 processing sprint heat modifiers: (original 5 + mod 0) x mult 1 = 5
04:03:03.326    Count of waypointsFromPath: 2  terrainWaypoints: 10
04:03:03.326  TerrainHeat: 0 = sumOfHeat: 0 / totalCells: 0
04:03:03.326  Calculating projected position heat.
04:03:03.326  CurrentPath has: 1 nodes, using destination path: (-36.0, 135.4, 62.4)
04:03:03.326    Count of waypointsFromPath: 2  terrainWaypoints: 10
04:03:03.326  Biome: DesignMaskBiomeBadlandsParched has heatSinkMulti: x0.85 
04:03:03.326  Calculated capacityMulti: 0.85 x globalHeatSinkMulti: 1 
04:03:03.326  Calculating projected position heat.
04:03:03.326  CurrentPath has: 1 nodes, using destination path: (-36.0, 135.4, 62.4)
04:03:03.326    Count of waypointsFromPath: 2  terrainWaypoints: 10
04:03:03.326  Biome: DesignMaskBiomeBadlandsParched has heatSinkMulti: x0.85 
04:03:03.326  Calculated capacityMulti: 0.85 x globalHeatSinkMulti: 1 
04:03:03.326  Mech: Javelin_Trilobyte_7B9F1E30 has adjustedNormedCap: 30.6 from normedCap: 36 x multi: 0.85
04:03:03.326  Mech: Javelin_Trilobyte_7B9F1E30 has totalHeatSinkCap: 36 from currentCap: 36 + usedCap: 0
04:03:03.326  Calculating projected position heat.
04:03:03.326  CurrentPath has: 1 nodes, using destination path: (-36.0, 135.4, 62.4)
04:03:03.326    Count of waypointsFromPath: 2  terrainWaypoints: 10
04:03:03.326  Biome: DesignMaskBiomeBadlandsParched has heatSinkMulti: x0.85 
04:03:03.326  Calculated capacityMulti: 0.85 x globalHeatSinkMulti: 1 
04:03:03.326  Calculating projected position heat.
04:03:03.326  CurrentPath has: 1 nodes, using destination path: (-36.0, 135.4, 62.4)
04:03:03.326    Count of waypointsFromPath: 2  terrainWaypoints: 10
04:03:03.326  Biome: DesignMaskBiomeBadlandsParched has heatSinkMulti: x0.85 
04:03:03.326  Calculated capacityMulti: 0.85 x globalHeatSinkMulti: 1 
04:03:03.326  Mech: Javelin_Trilobyte_7B9F1E30 has adjustedNormedCap: 30.6 from normedCap: 36 x multi: 0.85
04:03:03.326    remainingCapacity: 36  rawCapacity: -30  normedAdjustedFraction: -30
04:03:03.326    currentHeat: 0 + tempHeat: 0 + projectedHeat: 5 + cacTerrainheat: 0 + sinkableHeat: -30  =  futureHeat: 5
04:03:03.326  Threshold heat: 0 = futureHeat: 5 + sinkableHeat: -30
04:03:03.334  Mech_SprintHeat_Getter - Javelin_Trilobyte_7B9F1E30 processing sprint heat modifiers: (original 5 + mod 0) x mult 1 = 5
04:03:03.334  Mech_SprintHeat_Getter - Javelin_Trilobyte_7B9F1E30 processing sprint heat modifiers: (original 5 + mod 0) x mult 1 = 5
04:03:03.334  Mech_SprintHeat_Getter - Javelin_Trilobyte_7B9F1E30 processing sprint heat modifiers: (original 5 + mod 0) x mult 1 = 5
04:03:03.334  Mech_SprintHeat_Getter - Javelin_Trilobyte_7B9F1E30 processing sprint heat modifiers: (original 5 + mod 0) x mult 1 = 5
04:03:03.334    Count of waypointsFromPath: 2  terrainWaypoints: 10
04:03:03.334  TerrainHeat: 0 = sumOfHeat: 0 / totalCells: 0
04:03:03.334  Calculating projected position heat.
04:03:03.334  CurrentPath has: 1 nodes, using destination path: (-36.0, 135.4, 62.4)
04:03:03.335    Count of waypointsFromPath: 2  terrainWaypoints: 10
04:03:03.335  Biome: DesignMaskBiomeBadlandsParched has heatSinkMulti: x0.85 
04:03:03.335  Calculated capacityMulti: 0.85 x globalHeatSinkMulti: 1 
04:03:03.335  Calculating projected position heat.
04:03:03.335  CurrentPath has: 1 nodes, using destination path: (-36.0, 135.4, 62.4)
04:03:03.335    Count of waypointsFromPath: 2  terrainWaypoints: 10
04:03:03.335  Biome: DesignMaskBiomeBadlandsParched has heatSinkMulti: x0.85 
04:03:03.335  Calculated capacityMulti: 0.85 x globalHeatSinkMulti: 1 
04:03:03.335  Mech: Javelin_Trilobyte_7B9F1E30 has adjustedNormedCap: 30.6 from normedCap: 36 x multi: 0.85
04:03:03.335  Mech: Javelin_Trilobyte_7B9F1E30 has totalHeatSinkCap: 36 from currentCap: 36 + usedCap: 0
04:03:03.335  Calculating projected position heat.
04:03:03.335  CurrentPath has: 1 nodes, using destination path: (-36.0, 135.4, 62.4)
04:03:03.335    Count of waypointsFromPath: 2  terrainWaypoints: 10
04:03:03.335  Biome: DesignMaskBiomeBadlandsParched has heatSinkMulti: x0.85 
04:03:03.335  Calculated capacityMulti: 0.85 x globalHeatSinkMulti: 1 
04:03:03.335  Calculating projected position heat.
04:03:03.335  CurrentPath has: 1 nodes, using destination path: (-36.0, 135.4, 62.4)
04:03:03.335    Count of waypointsFromPath: 2  terrainWaypoints: 10
04:03:03.335  Biome: DesignMaskBiomeBadlandsParched has heatSinkMulti: x0.85 
04:03:03.335  Calculated capacityMulti: 0.85 x globalHeatSinkMulti: 1 
04:03:03.335  Mech: Javelin_Trilobyte_7B9F1E30 has adjustedNormedCap: 30.6 from normedCap: 36 x multi: 0.85
04:03:03.335    remainingCapacity: 36  rawCapacity: -30  normedAdjustedFraction: -30
04:03:03.335    currentHeat: 0 + tempHeat: 0 + projectedHeat: 5 + cacTerrainheat: 0 + sinkableHeat: -30  =  futureHeat: 5
04:03:03.335  Threshold heat: 0 = futureHeat: 5 + sinkableHeat: -30
04:03:03.346  Mech_SprintHeat_Getter - Javelin_Trilobyte_7B9F1E30 processing sprint heat modifiers: (original 5 + mod 0) x mult 1 = 5
04:03:03.346  Mech_SprintHeat_Getter - Javelin_Trilobyte_7B9F1E30 processing sprint heat modifiers: (original 5 + mod 0) x mult 1 = 5
04:03:03.346  Mech_SprintHeat_Getter - Javelin_Trilobyte_7B9F1E30 processing sprint heat modifiers: (original 5 + mod 0) x mult 1 = 5
04:03:03.346  Mech_SprintHeat_Getter - Javelin_Trilobyte_7B9F1E30 processing sprint heat modifiers: (original 5 + mod 0) x mult 1 = 5
04:03:03.346  Mech_SprintHeat_Getter - Javelin_Trilobyte_7B9F1E30 processing sprint heat modifiers: (original 5 + mod 0) x mult 1 = 5
04:03:03.346  Calculating projected position heat.
04:03:03.346  Current path is null or has 0 count, skipping.
04:03:03.346  Biome: DesignMaskBiomeBadlandsParched has heatSinkMulti: x0.85 
04:03:03.346  Calculated capacityMulti: 0.85 x globalHeatSinkMulti: 1 
04:03:03.346  Calculating projected position heat.
04:03:03.346  Current path is null or has 0 count, skipping.
04:03:03.346  Biome: DesignMaskBiomeBadlandsParched has heatSinkMulti: x0.85 
04:03:03.346  Calculated capacityMulti: 0.85 x globalHeatSinkMulti: 1 
04:03:03.346  Mech: Javelin_Trilobyte_7B9F1E30 has adjustedNormedCap: 30.6 from normedCap: 36 x multi: 0.85
04:03:03.346  Mech: Javelin_Trilobyte_7B9F1E30 has totalHeatSinkCap: 36 from currentCap: 36 + usedCap: 0
04:03:03.346  Calculating projected position heat.
04:03:03.346  Current path is null or has 0 count, skipping.
04:03:03.346  Biome: DesignMaskBiomeBadlandsParched has heatSinkMulti: x0.85 
04:03:03.346  Calculated capacityMulti: 0.85 x globalHeatSinkMulti: 1 
04:03:03.346  Calculating projected position heat.
04:03:03.346  Current path is null or has 0 count, skipping.
04:03:03.346  Biome: DesignMaskBiomeBadlandsParched has heatSinkMulti: x0.85 
04:03:03.346  Calculated capacityMulti: 0.85 x globalHeatSinkMulti: 1 
04:03:03.346  Mech: Javelin_Trilobyte_7B9F1E30 has adjustedNormedCap: 30.6 from normedCap: 36 x multi: 0.85
04:03:03.346    remainingCapacity: 36  rawCapacity: -30  normedAdjustedFraction: -30
04:03:03.346    currentHeat: 0 + tempHeat: 0 + projectedHeat: 5 + cacTerrainheat: 0 + sinkableHeat: -30  =  futureHeat: 5
04:03:03.346  Threshold heat: 0 = futureHeat: 5 + sinkableHeat: -30
04:03:03.346  Updating heat dialog for actor: Javelin_Trilobyte_7B9F1E30
04:03:03.346    previous values:  CurrentHeat: 0  ProjectedHeat: 5  TempHeat: 0  CACTerrainHeat: 0  currentPathNodes: 1
04:03:03.346    current values:  CurrentHeat: 0  ProjectedHeat: 5  TempHeat: 0  CACTerrainHeat: 0  currentPathNodes: 0
04:03:03.346  Calculating projected position heat.
04:03:03.347  Current path is null or has 0 count, skipping.
04:03:03.347  Biome: DesignMaskBiomeBadlandsParched has heatSinkMulti: x0.85 
04:03:03.347  Calculated capacityMulti: 0.85 x globalHeatSinkMulti: 1 
04:03:03.355  Mech_SprintHeat_Getter - Javelin_Trilobyte_7B9F1E30 processing sprint heat modifiers: (original 5 + mod 0) x mult 1 = 5
04:03:03.355  Mech_SprintHeat_Getter - Javelin_Trilobyte_7B9F1E30 processing sprint heat modifiers: (original 5 + mod 0) x mult 1 = 5
04:03:03.355  Mech_SprintHeat_Getter - Javelin_Trilobyte_7B9F1E30 processing sprint heat modifiers: (original 5 + mod 0) x mult 1 = 5
04:03:03.355  Mech_SprintHeat_Getter - Javelin_Trilobyte_7B9F1E30 processing sprint heat modifiers: (original 5 + mod 0) x mult 1 = 5
04:03:03.355  Mech_SprintHeat_Getter - Javelin_Trilobyte_7B9F1E30 processing sprint heat modifiers: (original 5 + mod 0) x mult 1 = 5
04:03:03.355  Calculating projected position heat.
04:03:03.355  Current path is null or has 0 count, skipping.
04:03:03.355  Biome: DesignMaskBiomeBadlandsParched has heatSinkMulti: x0.85 
04:03:03.355  Calculated capacityMulti: 0.85 x globalHeatSinkMulti: 1 
04:03:03.355  Calculating projected position heat.
04:03:03.355  Current path is null or has 0 count, skipping.
04:03:03.355  Biome: DesignMaskBiomeBadlandsParched has heatSinkMulti: x0.85 
04:03:03.355  Calculated capacityMulti: 0.85 x globalHeatSinkMulti: 1 
04:03:03.355  Mech: Javelin_Trilobyte_7B9F1E30 has adjustedNormedCap: 30.6 from normedCap: 36 x multi: 0.85
04:03:03.355  Mech: Javelin_Trilobyte_7B9F1E30 has totalHeatSinkCap: 36 from currentCap: 36 + usedCap: 0
04:03:03.355  Calculating projected position heat.
04:03:03.356  Current path is null or has 0 count, skipping.
04:03:03.356  Biome: DesignMaskBiomeBadlandsParched has heatSinkMulti: x0.85 
04:03:03.356  Calculated capacityMulti: 0.85 x globalHeatSinkMulti: 1 
04:03:03.356  Calculating projected position heat.
04:03:03.356  Current path is null or has 0 count, skipping.
04:03:03.356  Biome: DesignMaskBiomeBadlandsParched has heatSinkMulti: x0.85 
04:03:03.356  Calculated capacityMulti: 0.85 x globalHeatSinkMulti: 1 
04:03:03.356  Mech: Javelin_Trilobyte_7B9F1E30 has adjustedNormedCap: 30.6 from normedCap: 36 x multi: 0.85
04:03:03.356    remainingCapacity: 36  rawCapacity: -30  normedAdjustedFraction: -30
04:03:03.356    currentHeat: 0 + tempHeat: 0 + projectedHeat: 5 + cacTerrainheat: 0 + sinkableHeat: -30  =  futureHeat: 5
04:03:03.356  Threshold heat: 0 = futureHeat: 5 + sinkableHeat: -30
04:03:03.365  Mech_SprintHeat_Getter - Javelin_Trilobyte_7B9F1E30 processing sprint heat modifiers: (original 5 + mod 0) x mult 1 = 5
04:03:03.365  Mech_SprintHeat_Getter - Javelin_Trilobyte_7B9F1E30 processing sprint heat modifiers: (original 5 + mod 0) x mult 1 = 5
04:03:03.365  Mech_SprintHeat_Getter - Javelin_Trilobyte_7B9F1E30 processing sprint heat modifiers: (original 5 + mod 0) x mult 1 = 5
04:03:03.365  Mech_SprintHeat_Getter - Javelin_Trilobyte_7B9F1E30 processing sprint heat modifiers: (original 5 + mod 0) x mult 1 = 5
04:03:03.365  Mech_SprintHeat_Getter - Javelin_Trilobyte_7B9F1E30 processing sprint heat modifiers: (original 5 + mod 0) x mult 1 = 5
04:03:03.365  Calculating projected position heat.
04:03:03.365  Current path is null or has 0 count, skipping.
04:03:03.365  Biome: DesignMaskBiomeBadlandsParched has heatSinkMulti: x0.85 
04:03:03.365  Calculated capacityMulti: 0.85 x globalHeatSinkMulti: 1 
04:03:03.365  Calculating projected position heat.
04:03:03.365  Current path is null or has 0 count, skipping.
04:03:03.365  Biome: DesignMaskBiomeBadlandsParched has heatSinkMulti: x0.85 
04:03:03.365  Calculated capacityMulti: 0.85 x globalHeatSinkMulti: 1 
04:03:03.365  Mech: Javelin_Trilobyte_7B9F1E30 has adjustedNormedCap: 30.6 from normedCap: 36 x multi: 0.85
04:03:03.365  Mech: Javelin_Trilobyte_7B9F1E30 has totalHeatSinkCap: 36 from currentCap: 36 + usedCap: 0
04:03:03.365  Calculating projected position heat.
04:03:03.365  Current path is null or has 0 count, skipping.
04:03:03.365  Biome: DesignMaskBiomeBadlandsParched has heatSinkMulti: x0.85 
04:03:03.365  Calculated capacityMulti: 0.85 x globalHeatSinkMulti: 1 
04:03:03.365  Calculating projected position heat.
04:03:03.365  Current path is null or has 0 count, skipping.
04:03:03.365  Biome: DesignMaskBiomeBadlandsParched has heatSinkMulti: x0.85 
04:03:03.365  Calculated capacityMulti: 0.85 x globalHeatSinkMulti: 1 
04:03:03.365  Mech: Javelin_Trilobyte_7B9F1E30 has adjustedNormedCap: 30.6 from normedCap: 36 x multi: 0.85
04:03:03.365    remainingCapacity: 36  rawCapacity: -30  normedAdjustedFraction: -30
04:03:03.365    currentHeat: 0 + tempHeat: 0 + projectedHeat: 5 + cacTerrainheat: 0 + sinkableHeat: -30  =  futureHeat: 5
04:03:03.365  Threshold heat: 0 = futureHeat: 5 + sinkableHeat: -30
04:03:03.373  Mech_SprintHeat_Getter - Javelin_Trilobyte_7B9F1E30 processing sprint heat modifiers: (original 5 + mod 0) x mult 1 = 5
04:03:03.373  Mech_SprintHeat_Getter - Javelin_Trilobyte_7B9F1E30 processing sprint heat modifiers: (original 5 + mod 0) x mult 1 = 5
04:03:03.373  Mech_SprintHeat_Getter - Javelin_Trilobyte_7B9F1E30 processing sprint heat modifiers: (original 5 + mod 0) x mult 1 = 5
04:03:03.373  Mech_SprintHeat_Getter - Javelin_Trilobyte_7B9F1E30 processing sprint heat modifiers: (original 5 + mod 0) x mult 1 = 5
04:03:03.373  Mech_SprintHeat_Getter - Javelin_Trilobyte_7B9F1E30 processing sprint heat modifiers: (original 5 + mod 0) x mult 1 = 5
04:03:03.373  Calculating projected position heat.
04:03:03.373  Current path is null or has 0 count, skipping.
04:03:03.373  Biome: DesignMaskBiomeBadlandsParched has heatSinkMulti: x0.85 
04:03:03.373  Calculated capacityMulti: 0.85 x globalHeatSinkMulti: 1 
04:03:03.373  Calculating projected position heat.
04:03:03.373  Current path is null or has 0 count, skipping.
04:03:03.373  Biome: DesignMaskBiomeBadlandsParched has heatSinkMulti: x0.85 
04:03:03.373  Calculated capacityMulti: 0.85 x globalHeatSinkMulti: 1 
04:03:03.373  Mech: Javelin_Trilobyte_7B9F1E30 has adjustedNormedCap: 30.6 from normedCap: 36 x multi: 0.85
04:03:03.373  Mech: Javelin_Trilobyte_7B9F1E30 has totalHeatSinkCap: 36 from currentCap: 36 + usedCap: 0
04:03:03.373  Calculating projected position heat.
04:03:03.373  Current path is null or has 0 count, skipping.
04:03:03.373  Biome: DesignMaskBiomeBadlandsParched has heatSinkMulti: x0.85 
04:03:03.373  Calculated capacityMulti: 0.85 x globalHeatSinkMulti: 1 
04:03:03.373  Calculating projected position heat.
04:03:03.373  Current path is null or has 0 count, skipping.
04:03:03.373  Biome: DesignMaskBiomeBadlandsParched has heatSinkMulti: x0.85 
04:03:03.373  Calculated capacityMulti: 0.85 x globalHeatSinkMulti: 1 
04:03:03.373  Mech: Javelin_Trilobyte_7B9F1E30 has adjustedNormedCap: 30.6 from normedCap: 36 x multi: 0.85
04:03:03.373    remainingCapacity: 36  rawCapacity: -30  normedAdjustedFraction: -30
04:03:03.373    currentHeat: 0 + tempHeat: 0 + projectedHeat: 5 + cacTerrainheat: 0 + sinkableHeat: -30  =  futureHeat: 5
04:03:03.373  Threshold heat: 0 = futureHeat: 5 + sinkableHeat: -30
04:03:03.384  Mech_SprintHeat_Getter - Javelin_Trilobyte_7B9F1E30 processing sprint heat modifiers: (original 5 + mod 0) x mult 1 = 5
04:03:03.385  Mech_SprintHeat_Getter - Javelin_Trilobyte_7B9F1E30 processing sprint heat modifiers: (original 5 + mod 0) x mult 1 = 5
04:03:03.385  Mech_SprintHeat_Getter - Javelin_Trilobyte_7B9F1E30 processing sprint heat modifiers: (original 5 + mod 0) x mult 1 = 5
04:03:03.385  Mech_SprintHeat_Getter - Javelin_Trilobyte_7B9F1E30 processing sprint heat modifiers: (original 5 + mod 0) x mult 1 = 5
04:03:03.385  Mech_SprintHeat_Getter - Javelin_Trilobyte_7B9F1E30 processing sprint heat modifiers: (original 5 + mod 0) x mult 1 = 5
04:03:03.385    Count of waypointsFromPath: 2  terrainWaypoints: 7
04:03:03.385  TerrainHeat: 0 = sumOfHeat: 0 / totalCells: 0
04:03:03.385  Calculating projected position heat.
04:03:03.385  CurrentPath has: 1 nodes, using destination path: (-24.0, 140.9, 83.1)
04:03:03.385    Count of waypointsFromPath: 2  terrainWaypoints: 7
04:03:03.385  Biome: DesignMaskBiomeBadlandsParched has heatSinkMulti: x0.85 
04:03:03.385  Calculated capacityMulti: 0.85 x globalHeatSinkMulti: 1 
04:03:03.385  Calculating projected position heat.
04:03:03.385  CurrentPath has: 1 nodes, using destination path: (-24.0, 140.9, 83.1)
04:03:03.385    Count of waypointsFromPath: 2  terrainWaypoints: 7
04:03:03.385  Biome: DesignMaskBiomeBadlandsParched has heatSinkMulti: x0.85 
04:03:03.385  Calculated capacityMulti: 0.85 x globalHeatSinkMulti: 1 
04:03:03.385  Mech: Javelin_Trilobyte_7B9F1E30 has adjustedNormedCap: 30.6 from normedCap: 36 x multi: 0.85
04:03:03.385  Mech: Javelin_Trilobyte_7B9F1E30 has totalHeatSinkCap: 36 from currentCap: 36 + usedCap: 0
04:03:03.385  Calculating projected position heat.
04:03:03.385  CurrentPath has: 1 nodes, using destination path: (-24.0, 140.9, 83.1)
04:03:03.385    Count of waypointsFromPath: 2  terrainWaypoints: 7
04:03:03.385  Biome: DesignMaskBiomeBadlandsParched has heatSinkMulti: x0.85 
04:03:03.385  Calculated capacityMulti: 0.85 x globalHeatSinkMulti: 1 
04:03:03.385  Calculating projected position heat.
04:03:03.385  CurrentPath has: 1 nodes, using destination path: (-24.0, 140.9, 83.1)
04:03:03.385    Count of waypointsFromPath: 2  terrainWaypoints: 7
04:03:03.385  Biome: DesignMaskBiomeBadlandsParched has heatSinkMulti: x0.85 
04:03:03.385  Calculated capacityMulti: 0.85 x globalHeatSinkMulti: 1 
04:03:03.385  Mech: Javelin_Trilobyte_7B9F1E30 has adjustedNormedCap: 30.6 from normedCap: 36 x multi: 0.85
04:03:03.385    remainingCapacity: 36  rawCapacity: -30  normedAdjustedFraction: -30
04:03:03.385    currentHeat: 0 + tempHeat: 0 + projectedHeat: 5 + cacTerrainheat: 0 + sinkableHeat: -30  =  futureHeat: 5
04:03:03.385  Threshold heat: 0 = futureHeat: 5 + sinkableHeat: -30
04:03:03.385  Updating heat dialog for actor: Javelin_Trilobyte_7B9F1E30
04:03:03.385    previous values:  CurrentHeat: 0  ProjectedHeat: 5  TempHeat: 0  CACTerrainHeat: 0  currentPathNodes: 0
04:03:03.385    current values:  CurrentHeat: 0  ProjectedHeat: 5  TempHeat: 0  CACTerrainHeat: 0  currentPathNodes: 1
04:03:03.386  Calculating projected position heat.
04:03:03.386  CurrentPath has: 1 nodes, using destination path: (-24.0, 140.9, 83.1)
04:03:03.386    Count of waypointsFromPath: 2  terrainWaypoints: 7
04:03:03.386  Biome: DesignMaskBiomeBadlandsParched has heatSinkMulti: x0.85 
04:03:03.386  Calculated capacityMulti: 0.85 x globalHeatSinkMulti: 1 
04:03:03.395  Mech_SprintHeat_Getter - Javelin_Trilobyte_7B9F1E30 processing sprint heat modifiers: (original 5 + mod 0) x mult 1 = 5
04:03:03.395  Mech_SprintHeat_Getter - Javelin_Trilobyte_7B9F1E30 processing sprint heat modifiers: (original 5 + mod 0) x mult 1 = 5
04:03:03.395  Mech_SprintHeat_Getter - Javelin_Trilobyte_7B9F1E30 processing sprint heat modifiers: (original 5 + mod 0) x mult 1 = 5
04:03:03.395  Mech_SprintHeat_Getter - Javelin_Trilobyte_7B9F1E30 processing sprint heat modifiers: (original 5 + mod 0) x mult 1 = 5
04:03:03.395    Count of waypointsFromPath: 2  terrainWaypoints: 7
04:03:03.395  TerrainHeat: 0 = sumOfHeat: 0 / totalCells: 0
04:03:03.395  Calculating projected position heat.
04:03:03.395  CurrentPath has: 1 nodes, using destination path: (-24.0, 140.9, 83.1)
04:03:03.395    Count of waypointsFromPath: 2  terrainWaypoints: 7
04:03:03.395  Biome: DesignMaskBiomeBadlandsParched has heatSinkMulti: x0.85 
04:03:03.395  Calculated capacityMulti: 0.85 x globalHeatSinkMulti: 1 
04:03:03.395  Calculating projected position heat.
04:03:03.395  CurrentPath has: 1 nodes, using destination path: (-24.0, 140.9, 83.1)
04:03:03.396    Count of waypointsFromPath: 2  terrainWaypoints: 7
04:03:03.396  Biome: DesignMaskBiomeBadlandsParched has heatSinkMulti: x0.85 
04:03:03.396  Calculated capacityMulti: 0.85 x globalHeatSinkMulti: 1 
04:03:03.396  Mech: Javelin_Trilobyte_7B9F1E30 has adjustedNormedCap: 30.6 from normedCap: 36 x multi: 0.85
04:03:03.396  Mech: Javelin_Trilobyte_7B9F1E30 has totalHeatSinkCap: 36 from currentCap: 36 + usedCap: 0
04:03:03.396  Calculating projected position heat.
04:03:03.396  CurrentPath has: 1 nodes, using destination path: (-24.0, 140.9, 83.1)
04:03:03.396    Count of waypointsFromPath: 2  terrainWaypoints: 7
04:03:03.396  Biome: DesignMaskBiomeBadlandsParched has heatSinkMulti: x0.85 
04:03:03.396  Calculated capacityMulti: 0.85 x globalHeatSinkMulti: 1 
04:03:03.396  Calculating projected position heat.
04:03:03.396  CurrentPath has: 1 nodes, using destination path: (-24.0, 140.9, 83.1)
04:03:03.396    Count of waypointsFromPath: 2  terrainWaypoints: 7
04:03:03.396  Biome: DesignMaskBiomeBadlandsParched has heatSinkMulti: x0.85 
04:03:03.396  Calculated capacityMulti: 0.85 x globalHeatSinkMulti: 1 
04:03:03.396  Mech: Javelin_Trilobyte_7B9F1E30 has adjustedNormedCap: 30.6 from normedCap: 36 x multi: 0.85
04:03:03.396    remainingCapacity: 36  rawCapacity: -30  normedAdjustedFraction: -30
04:03:03.396    currentHeat: 0 + tempHeat: 0 + projectedHeat: 5 + cacTerrainheat: 0 + sinkableHeat: -30  =  futureHeat: 5
04:03:03.396  Threshold heat: 0 = futureHeat: 5 + sinkableHeat: -30
04:03:03.403  Mech_SprintHeat_Getter - Javelin_Trilobyte_7B9F1E30 processing sprint heat modifiers: (original 5 + mod 0) x mult 1 = 5
04:03:03.403  Mech_SprintHeat_Getter - Javelin_Trilobyte_7B9F1E30 processing sprint heat modifiers: (original 5 + mod 0) x mult 1 = 5
04:03:03.403  Mech_SprintHeat_Getter - Javelin_Trilobyte_7B9F1E30 processing sprint heat modifiers: (original 5 + mod 0) x mult 1 = 5
04:03:03.404  Mech_SprintHeat_Getter - Javelin_Trilobyte_7B9F1E30 processing sprint heat modifiers: (original 5 + mod 0) x mult 1 = 5
04:03:03.404    Count of waypointsFromPath: 2  terrainWaypoints: 7
04:03:03.404  TerrainHeat: 0 = sumOfHeat: 0 / totalCells: 0
04:03:03.404  Calculating projected position heat.
04:03:03.404  CurrentPath has: 1 nodes, using destination path: (-24.0, 140.9, 83.1)
04:03:03.404    Count of waypointsFromPath: 2  terrainWaypoints: 7
04:03:03.404  Biome: DesignMaskBiomeBadlandsParched has heatSinkMulti: x0.85 
04:03:03.404  Calculated capacityMulti: 0.85 x globalHeatSinkMulti: 1 
04:03:03.404  Calculating projected position heat.
04:03:03.404  CurrentPath has: 1 nodes, using destination path: (-24.0, 140.9, 83.1)
04:03:03.404    Count of waypointsFromPath: 2  terrainWaypoints: 7
04:03:03.404  Biome: DesignMaskBiomeBadlandsParched has heatSinkMulti: x0.85 
04:03:03.404  Calculated capacityMulti: 0.85 x globalHeatSinkMulti: 1 
04:03:03.404  Mech: Javelin_Trilobyte_7B9F1E30 has adjustedNormedCap: 30.6 from normedCap: 36 x multi: 0.85
04:03:03.404  Mech: Javelin_Trilobyte_7B9F1E30 has totalHeatSinkCap: 36 from currentCap: 36 + usedCap: 0
04:03:03.404  Calculating projected position heat.
04:03:03.404  CurrentPath has: 1 nodes, using destination path: (-24.0, 140.9, 83.1)
04:03:03.404    Count of waypointsFromPath: 2  terrainWaypoints: 7
04:03:03.404  Biome: DesignMaskBiomeBadlandsParched has heatSinkMulti: x0.85 
04:03:03.404  Calculated capacityMulti: 0.85 x globalHeatSinkMulti: 1 
04:03:03.404  Calculating projected position heat.
04:03:03.404  CurrentPath has: 1 nodes, using destination path: (-24.0, 140.9, 83.1)
04:03:03.404    Count of waypointsFromPath: 2  terrainWaypoints: 7
04:03:03.404  Biome: DesignMaskBiomeBadlandsParched has heatSinkMulti: x0.85 
04:03:03.404  Calculated capacityMulti: 0.85 x globalHeatSinkMulti: 1 
04:03:03.404  Mech: Javelin_Trilobyte_7B9F1E30 has adjustedNormedCap: 30.6 from normedCap: 36 x multi: 0.85
04:03:03.404    remainingCapacity: 36  rawCapacity: -30  normedAdjustedFraction: -30
04:03:03.404    currentHeat: 0 + tempHeat: 0 + projectedHeat: 5 + cacTerrainheat: 0 + sinkableHeat: -30  =  futureHeat: 5
04:03:03.404  Threshold heat: 0 = futureHeat: 5 + sinkableHeat: -30
04:03:03.412  Mech_SprintHeat_Getter - Javelin_Trilobyte_7B9F1E30 processing sprint heat modifiers: (original 5 + mod 0) x mult 1 = 5
04:03:03.412  Mech_SprintHeat_Getter - Javelin_Trilobyte_7B9F1E30 processing sprint heat modifiers: (original 5 + mod 0) x mult 1 = 5
04:03:03.412  Mech_SprintHeat_Getter - Javelin_Trilobyte_7B9F1E30 processing sprint heat modifiers: (original 5 + mod 0) x mult 1 = 5
04:03:03.412  Mech_SprintHeat_Getter - Javelin_Trilobyte_7B9F1E30 processing sprint heat modifiers: (original 5 + mod 0) x mult 1 = 5
04:03:03.412    Count of waypointsFromPath: 2  terrainWaypoints: 7
04:03:03.412  TerrainHeat: 0 = sumOfHeat: 0 / totalCells: 0
04:03:03.412  Calculating projected position heat.
04:03:03.412  CurrentPath has: 1 nodes, using destination path: (-24.0, 140.9, 83.1)
04:03:03.412    Count of waypointsFromPath: 2  terrainWaypoints: 7
04:03:03.412  Biome: DesignMaskBiomeBadlandsParched has heatSinkMulti: x0.85 
04:03:03.412  Calculated capacityMulti: 0.85 x globalHeatSinkMulti: 1 
04:03:03.412  Calculating projected position heat.
04:03:03.412  CurrentPath has: 1 nodes, using destination path: (-24.0, 140.9, 83.1)
04:03:03.412    Count of waypointsFromPath: 2  terrainWaypoints: 7
04:03:03.412  Biome: DesignMaskBiomeBadlandsParched has heatSinkMulti: x0.85 
04:03:03.412  Calculated capacityMulti: 0.85 x globalHeatSinkMulti: 1 
04:03:03.412  Mech: Javelin_Trilobyte_7B9F1E30 has adjustedNormedCap: 30.6 from normedCap: 36 x multi: 0.85
04:03:03.412  Mech: Javelin_Trilobyte_7B9F1E30 has totalHeatSinkCap: 36 from currentCap: 36 + usedCap: 0
04:03:03.412  Calculating projected position heat.
04:03:03.412  CurrentPath has: 1 nodes, using destination path: (-24.0, 140.9, 83.1)
04:03:03.412    Count of waypointsFromPath: 2  terrainWaypoints: 7
04:03:03.412  Biome: DesignMaskBiomeBadlandsParched has heatSinkMulti: x0.85 
04:03:03.412  Calculated capacityMulti: 0.85 x globalHeatSinkMulti: 1 
04:03:03.412  Calculating projected position heat.
04:03:03.412  CurrentPath has: 1 nodes, using destination path: (-24.0, 140.9, 83.1)
04:03:03.412    Count of waypointsFromPath: 2  terrainWaypoints: 7
04:03:03.412  Biome: DesignMaskBiomeBadlandsParched has heatSinkMulti: x0.85 
04:03:03.412  Calculated capacityMulti: 0.85 x globalHeatSinkMulti: 1 
04:03:03.412  Mech: Javelin_Trilobyte_7B9F1E30 has adjustedNormedCap: 30.6 from normedCap: 36 x multi: 0.85
04:03:03.412    remainingCapacity: 36  rawCapacity: -30  normedAdjustedFraction: -30
04:03:03.412    currentHeat: 0 + tempHeat: 0 + projectedHeat: 5 + cacTerrainheat: 0 + sinkableHeat: -30  =  futureHeat: 5
04:03:03.412  Threshold heat: 0 = futureHeat: 5 + sinkableHeat: -30
04:03:03.422  Mech_SprintHeat_Getter - Javelin_Trilobyte_7B9F1E30 processing sprint heat modifiers: (original 5 + mod 0) x mult 1 = 5
04:03:03.423  Mech_SprintHeat_Getter - Javelin_Trilobyte_7B9F1E30 processing sprint heat modifiers: (original 5 + mod 0) x mult 1 = 5
04:03:03.423  Mech_SprintHeat_Getter - Javelin_Trilobyte_7B9F1E30 processing sprint heat modifiers: (original 5 + mod 0) x mult 1 = 5
04:03:03.423  Mech_SprintHeat_Getter - Javelin_Trilobyte_7B9F1E30 processing sprint heat modifiers: (original 5 + mod 0) x mult 1 = 5
04:03:03.423  Mech_SprintHeat_Getter - Javelin_Trilobyte_7B9F1E30 processing sprint heat modifiers: (original 5 + mod 0) x mult 1 = 5
04:03:03.423    Count of waypointsFromPath: 2  terrainWaypoints: 13
04:03:03.423  TerrainHeat: 0 = sumOfHeat: 0 / totalCells: 0
04:03:03.423  Calculating projected position heat.
04:03:03.423  CurrentPath has: 1 nodes, using destination path: (0.0, 148.5, 83.1)
04:03:03.423    Count of waypointsFromPath: 2  terrainWaypoints: 13
04:03:03.423  Biome: DesignMaskBiomeBadlandsParched has heatSinkMulti: x0.85 
04:03:03.423  Calculated capacityMulti: 0.85 x globalHeatSinkMulti: 1 
04:03:03.423  Calculating projected position heat.
04:03:03.423  CurrentPath has: 1 nodes, using destination path: (0.0, 148.5, 83.1)
04:03:03.423    Count of waypointsFromPath: 2  terrainWaypoints: 13
04:03:03.423  Biome: DesignMaskBiomeBadlandsParched has heatSinkMulti: x0.85 
04:03:03.423  Calculated capacityMulti: 0.85 x globalHeatSinkMulti: 1 
04:03:03.423  Mech: Javelin_Trilobyte_7B9F1E30 has adjustedNormedCap: 30.6 from normedCap: 36 x multi: 0.85
04:03:03.423  Mech: Javelin_Trilobyte_7B9F1E30 has totalHeatSinkCap: 36 from currentCap: 36 + usedCap: 0
04:03:03.423  Calculating projected position heat.
04:03:03.423  CurrentPath has: 1 nodes, using destination path: (0.0, 148.5, 83.1)
04:03:03.423    Count of waypointsFromPath: 2  terrainWaypoints: 13
04:03:03.423  Biome: DesignMaskBiomeBadlandsParched has heatSinkMulti: x0.85 
04:03:03.423  Calculated capacityMulti: 0.85 x globalHeatSinkMulti: 1 
04:03:03.423  Calculating projected position heat.
04:03:03.423  CurrentPath has: 1 nodes, using destination path: (0.0, 148.5, 83.1)
04:03:03.423    Count of waypointsFromPath: 2  terrainWaypoints: 13
04:03:03.423  Biome: DesignMaskBiomeBadlandsParched has heatSinkMulti: x0.85 
04:03:03.423  Calculated capacityMulti: 0.85 x globalHeatSinkMulti: 1 
04:03:03.423  Mech: Javelin_Trilobyte_7B9F1E30 has adjustedNormedCap: 30.6 from normedCap: 36 x multi: 0.85
04:03:03.423    remainingCapacity: 36  rawCapacity: -30  normedAdjustedFraction: -30
04:03:03.423    currentHeat: 0 + tempHeat: 0 + projectedHeat: 5 + cacTerrainheat: 0 + sinkableHeat: -30  =  futureHeat: 5
04:03:03.423  Threshold heat: 0 = futureHeat: 5 + sinkableHeat: -30
04:03:03.432  Mech_SprintHeat_Getter - Javelin_Trilobyte_7B9F1E30 processing sprint heat modifiers: (original 5 + mod 0) x mult 1 = 5
04:03:03.432  Mech_SprintHeat_Getter - Javelin_Trilobyte_7B9F1E30 processing sprint heat modifiers: (original 5 + mod 0) x mult 1 = 5
04:03:03.432  Mech_SprintHeat_Getter - Javelin_Trilobyte_7B9F1E30 processing sprint heat modifiers: (original 5 + mod 0) x mult 1 = 5
04:03:03.432  Mech_SprintHeat_Getter - Javelin_Trilobyte_7B9F1E30 processing sprint heat modifiers: (original 5 + mod 0) x mult 1 = 5
04:03:03.432    Count of waypointsFromPath: 2  terrainWaypoints: 13
04:03:03.432  TerrainHeat: 0 = sumOfHeat: 0 / totalCells: 0
04:03:03.432  Calculating projected position heat.
04:03:03.432  CurrentPath has: 1 nodes, using destination path: (0.0, 148.5, 83.1)
04:03:03.432    Count of waypointsFromPath: 2  terrainWaypoints: 13
04:03:03.432  Biome: DesignMaskBiomeBadlandsParched has heatSinkMulti: x0.85 
04:03:03.432  Calculated capacityMulti: 0.85 x globalHeatSinkMulti: 1 
04:03:03.432  Calculating projected position heat.
04:03:03.432  CurrentPath has: 1 nodes, using destination path: (0.0, 148.5, 83.1)
04:03:03.432    Count of waypointsFromPath: 2  terrainWaypoints: 13
04:03:03.432  Biome: DesignMaskBiomeBadlandsParched has heatSinkMulti: x0.85 
04:03:03.432  Calculated capacityMulti: 0.85 x globalHeatSinkMulti: 1 
04:03:03.432  Mech: Javelin_Trilobyte_7B9F1E30 has adjustedNormedCap: 30.6 from normedCap: 36 x multi: 0.85
04:03:03.432  Mech: Javelin_Trilobyte_7B9F1E30 has totalHeatSinkCap: 36 from currentCap: 36 + usedCap: 0
04:03:03.432  Calculating projected position heat.
04:03:03.432  CurrentPath has: 1 nodes, using destination path: (0.0, 148.5, 83.1)
04:03:03.432    Count of waypointsFromPath: 2  terrainWaypoints: 13
04:03:03.432  Biome: DesignMaskBiomeBadlandsParched has heatSinkMulti: x0.85 
04:03:03.432  Calculated capacityMulti: 0.85 x globalHeatSinkMulti: 1 
04:03:03.432  Calculating projected position heat.
04:03:03.432  CurrentPath has: 1 nodes, using destination path: (0.0, 148.5, 83.1)
04:03:03.432    Count of waypointsFromPath: 2  terrainWaypoints: 13
04:03:03.432  Biome: DesignMaskBiomeBadlandsParched has heatSinkMulti: x0.85 
04:03:03.432  Calculated capacityMulti: 0.85 x globalHeatSinkMulti: 1 
04:03:03.432  Mech: Javelin_Trilobyte_7B9F1E30 has adjustedNormedCap: 30.6 from normedCap: 36 x multi: 0.85
04:03:03.432    remainingCapacity: 36  rawCapacity: -30  normedAdjustedFraction: -30
04:03:03.432    currentHeat: 0 + tempHeat: 0 + projectedHeat: 5 + cacTerrainheat: 0 + sinkableHeat: -30  =  futureHeat: 5
04:03:03.432  Threshold heat: 0 = futureHeat: 5 + sinkableHeat: -30
04:03:03.442  Mech_SprintHeat_Getter - Javelin_Trilobyte_7B9F1E30 processing sprint heat modifiers: (original 5 + mod 0) x mult 1 = 5
04:03:03.442  Mech_SprintHeat_Getter - Javelin_Trilobyte_7B9F1E30 processing sprint heat modifiers: (original 5 + mod 0) x mult 1 = 5
04:03:03.442  Mech_SprintHeat_Getter - Javelin_Trilobyte_7B9F1E30 processing sprint heat modifiers: (original 5 + mod 0) x mult 1 = 5
04:03:03.442  Mech_SprintHeat_Getter - Javelin_Trilobyte_7B9F1E30 processing sprint heat modifiers: (original 5 + mod 0) x mult 1 = 5
04:03:03.442  Mech_SprintHeat_Getter - Javelin_Trilobyte_7B9F1E30 processing sprint heat modifiers: (original 5 + mod 0) x mult 1 = 5
04:03:03.442    Count of waypointsFromPath: 2  terrainWaypoints: 21
04:03:03.442  TerrainHeat: 0 = sumOfHeat: 0 / totalCells: 0
04:03:03.442  Calculating projected position heat.
04:03:03.443  CurrentPath has: 1 nodes, using destination path: (12.0, 157.4, 103.9)
04:03:03.443    Count of waypointsFromPath: 2  terrainWaypoints: 21
04:03:03.443  Biome: DesignMaskBiomeBadlandsParched has heatSinkMulti: x0.85 
04:03:03.443  Calculated capacityMulti: 0.85 x globalHeatSinkMulti: 1 
04:03:03.443  Calculating projected position heat.
04:03:03.443  CurrentPath has: 1 nodes, using destination path: (12.0, 157.4, 103.9)
04:03:03.443    Count of waypointsFromPath: 2  terrainWaypoints: 21
04:03:03.443  Biome: DesignMaskBiomeBadlandsParched has heatSinkMulti: x0.85 
04:03:03.443  Calculated capacityMulti: 0.85 x globalHeatSinkMulti: 1 
04:03:03.443  Mech: Javelin_Trilobyte_7B9F1E30 has adjustedNormedCap: 30.6 from normedCap: 36 x multi: 0.85
04:03:03.443  Mech: Javelin_Trilobyte_7B9F1E30 has totalHeatSinkCap: 36 from currentCap: 36 + usedCap: 0
04:03:03.443  Calculating projected position heat.
04:03:03.443  CurrentPath has: 1 nodes, using destination path: (12.0, 157.4, 103.9)
04:03:03.443    Count of waypointsFromPath: 2  terrainWaypoints: 21
04:03:03.443  Biome: DesignMaskBiomeBadlandsParched has heatSinkMulti: x0.85 
04:03:03.443  Calculated capacityMulti: 0.85 x globalHeatSinkMulti: 1 
04:03:03.443  Calculating projected position heat.
04:03:03.443  CurrentPath has: 1 nodes, using destination path: (12.0, 157.4, 103.9)
04:03:03.443    Count of waypointsFromPath: 2  terrainWaypoints: 21
04:03:03.443  Biome: DesignMaskBiomeBadlandsParched has heatSinkMulti: x0.85 
04:03:03.443  Calculated capacityMulti: 0.85 x globalHeatSinkMulti: 1 
04:03:03.443  Mech: Javelin_Trilobyte_7B9F1E30 has adjustedNormedCap: 30.6 from normedCap: 36 x multi: 0.85
04:03:03.443    remainingCapacity: 36  rawCapacity: -30  normedAdjustedFraction: -30
04:03:03.443    currentHeat: 0 + tempHeat: 0 + projectedHeat: 5 + cacTerrainheat: 0 + sinkableHeat: -30  =  futureHeat: 5
04:03:03.443  Threshold heat: 0 = futureHeat: 5 + sinkableHeat: -30
04:03:03.453  Mech_SprintHeat_Getter - Javelin_Trilobyte_7B9F1E30 processing sprint heat modifiers: (original 5 + mod 0) x mult 1 = 5
04:03:03.454  Mech_SprintHeat_Getter - Javelin_Trilobyte_7B9F1E30 processing sprint heat modifiers: (original 5 + mod 0) x mult 1 = 5
04:03:03.454  Mech_SprintHeat_Getter - Javelin_Trilobyte_7B9F1E30 processing sprint heat modifiers: (original 5 + mod 0) x mult 1 = 5
04:03:03.454  Mech_SprintHeat_Getter - Javelin_Trilobyte_7B9F1E30 processing sprint heat modifiers: (original 5 + mod 0) x mult 1 = 5
04:03:03.454  Mech_SprintHeat_Getter - Javelin_Trilobyte_7B9F1E30 processing sprint heat modifiers: (original 5 + mod 0) x mult 1 = 5
04:03:03.454    Count of waypointsFromPath: 2  terrainWaypoints: 27
04:03:03.454  TerrainHeat: 0 = sumOfHeat: 0 / totalCells: 0
04:03:03.454  Calculating projected position heat.
04:03:03.454  CurrentPath has: 1 nodes, using destination path: (36.0, 167.8, 103.9)
04:03:03.454    Count of waypointsFromPath: 2  terrainWaypoints: 27
04:03:03.454  Biome: DesignMaskBiomeBadlandsParched has heatSinkMulti: x0.85 
04:03:03.454  Calculated capacityMulti: 0.85 x globalHeatSinkMulti: 1 
04:03:03.454  Calculating projected position heat.
04:03:03.454  CurrentPath has: 1 nodes, using destination path: (36.0, 167.8, 103.9)
04:03:03.454    Count of waypointsFromPath: 2  terrainWaypoints: 27
04:03:03.454  Biome: DesignMaskBiomeBadlandsParched has heatSinkMulti: x0.85 
04:03:03.454  Calculated capacityMulti: 0.85 x globalHeatSinkMulti: 1 
04:03:03.454  Mech: Javelin_Trilobyte_7B9F1E30 has adjustedNormedCap: 30.6 from normedCap: 36 x multi: 0.85
04:03:03.454  Mech: Javelin_Trilobyte_7B9F1E30 has totalHeatSinkCap: 36 from currentCap: 36 + usedCap: 0
04:03:03.454  Calculating projected position heat.
04:03:03.454  CurrentPath has: 1 nodes, using destination path: (36.0, 167.8, 103.9)
04:03:03.454    Count of waypointsFromPath: 2  terrainWaypoints: 27
04:03:03.454  Biome: DesignMaskBiomeBadlandsParched has heatSinkMulti: x0.85 
04:03:03.454  Calculated capacityMulti: 0.85 x globalHeatSinkMulti: 1 
04:03:03.454  Calculating projected position heat.
04:03:03.454  CurrentPath has: 1 nodes, using destination path: (36.0, 167.8, 103.9)
04:03:03.454    Count of waypointsFromPath: 2  terrainWaypoints: 27
04:03:03.454  Biome: DesignMaskBiomeBadlandsParched has heatSinkMulti: x0.85 
04:03:03.454  Calculated capacityMulti: 0.85 x globalHeatSinkMulti: 1 
04:03:03.454  Mech: Javelin_Trilobyte_7B9F1E30 has adjustedNormedCap: 30.6 from normedCap: 36 x multi: 0.85
04:03:03.454    remainingCapacity: 36  rawCapacity: -30  normedAdjustedFraction: -30
04:03:03.454    currentHeat: 0 + tempHeat: 0 + projectedHeat: 5 + cacTerrainheat: 0 + sinkableHeat: -30  =  futureHeat: 5
04:03:03.454  Threshold heat: 0 = futureHeat: 5 + sinkableHeat: -30
04:03:03.462  Mech_SprintHeat_Getter - Javelin_Trilobyte_7B9F1E30 processing sprint heat modifiers: (original 5 + mod 0) x mult 1 = 5
04:03:03.462  Mech_SprintHeat_Getter - Javelin_Trilobyte_7B9F1E30 processing sprint heat modifiers: (original 5 + mod 0) x mult 1 = 5
04:03:03.462  Mech_SprintHeat_Getter - Javelin_Trilobyte_7B9F1E30 processing sprint heat modifiers: (original 5 + mod 0) x mult 1 = 5
04:03:03.462  Mech_SprintHeat_Getter - Javelin_Trilobyte_7B9F1E30 processing sprint heat modifiers: (original 5 + mod 0) x mult 1 = 5
04:03:03.462    Count of waypointsFromPath: 2  terrainWaypoints: 27
04:03:03.462  TerrainHeat: 0 = sumOfHeat: 0 / totalCells: 0
04:03:03.462  Calculating projected position heat.
04:03:03.462  CurrentPath has: 1 nodes, using destination path: (36.0, 167.8, 103.9)
04:03:03.462    Count of waypointsFromPath: 2  terrainWaypoints: 27
04:03:03.462  Biome: DesignMaskBiomeBadlandsParched has heatSinkMulti: x0.85 
04:03:03.462  Calculated capacityMulti: 0.85 x globalHeatSinkMulti: 1 
04:03:03.462  Calculating projected position heat.
04:03:03.462  CurrentPath has: 1 nodes, using destination path: (36.0, 167.8, 103.9)
04:03:03.462    Count of waypointsFromPath: 2  terrainWaypoints: 27
04:03:03.462  Biome: DesignMaskBiomeBadlandsParched has heatSinkMulti: x0.85 
04:03:03.462  Calculated capacityMulti: 0.85 x globalHeatSinkMulti: 1 
04:03:03.463  Mech: Javelin_Trilobyte_7B9F1E30 has adjustedNormedCap: 30.6 from normedCap: 36 x multi: 0.85
04:03:03.463  Mech: Javelin_Trilobyte_7B9F1E30 has totalHeatSinkCap: 36 from currentCap: 36 + usedCap: 0
04:03:03.463  Calculating projected position heat.
04:03:03.463  CurrentPath has: 1 nodes, using destination path: (36.0, 167.8, 103.9)
04:03:03.463    Count of waypointsFromPath: 2  terrainWaypoints: 27
04:03:03.463  Biome: DesignMaskBiomeBadlandsParched has heatSinkMulti: x0.85 
04:03:03.463  Calculated capacityMulti: 0.85 x globalHeatSinkMulti: 1 
04:03:03.463  Calculating projected position heat.
04:03:03.463  CurrentPath has: 1 nodes, using destination path: (36.0, 167.8, 103.9)
04:03:03.463    Count of waypointsFromPath: 2  terrainWaypoints: 27
04:03:03.463  Biome: DesignMaskBiomeBadlandsParched has heatSinkMulti: x0.85 
04:03:03.463  Calculated capacityMulti: 0.85 x globalHeatSinkMulti: 1 
04:03:03.463  Mech: Javelin_Trilobyte_7B9F1E30 has adjustedNormedCap: 30.6 from normedCap: 36 x multi: 0.85
04:03:03.463    remainingCapacity: 36  rawCapacity: -30  normedAdjustedFraction: -30
04:03:03.463    currentHeat: 0 + tempHeat: 0 + projectedHeat: 5 + cacTerrainheat: 0 + sinkableHeat: -30  =  futureHeat: 5
04:03:03.463  Threshold heat: 0 = futureHeat: 5 + sinkableHeat: -30
04:03:03.473  Mech_SprintHeat_Getter - Javelin_Trilobyte_7B9F1E30 processing sprint heat modifiers: (original 5 + mod 0) x mult 1 = 5
04:03:03.474  Mech_SprintHeat_Getter - Javelin_Trilobyte_7B9F1E30 processing sprint heat modifiers: (original 5 + mod 0) x mult 1 = 5
04:03:03.474  Mech_SprintHeat_Getter - Javelin_Trilobyte_7B9F1E30 processing sprint heat modifiers: (original 5 + mod 0) x mult 1 = 5
04:03:03.474  Mech_SprintHeat_Getter - Javelin_Trilobyte_7B9F1E30 processing sprint heat modifiers: (original 5 + mod 0) x mult 1 = 5
04:03:03.474  Mech_SprintHeat_Getter - Javelin_Trilobyte_7B9F1E30 processing sprint heat modifiers: (original 5 + mod 0) x mult 1 = 5
04:03:03.474    Count of waypointsFromPath: 3  terrainWaypoints: 34
04:03:03.474  TerrainHeat: 0 = sumOfHeat: 0 / totalCells: 0
04:03:03.474  Calculating projected position heat.
04:03:03.474  CurrentPath has: 2 nodes, using destination path: (60.0, 172.5, 103.9)
04:03:03.474    Count of waypointsFromPath: 3  terrainWaypoints: 34
04:03:03.474  Biome: DesignMaskBiomeBadlandsParched has heatSinkMulti: x0.85 
04:03:03.474  Calculated capacityMulti: 0.85 x globalHeatSinkMulti: 1 
04:03:03.474  Calculating projected position heat.
04:03:03.474  CurrentPath has: 2 nodes, using destination path: (60.0, 172.5, 103.9)
04:03:03.474    Count of waypointsFromPath: 3  terrainWaypoints: 34
04:03:03.474  Biome: DesignMaskBiomeBadlandsParched has heatSinkMulti: x0.85 
04:03:03.474  Calculated capacityMulti: 0.85 x globalHeatSinkMulti: 1 
04:03:03.474  Mech: Javelin_Trilobyte_7B9F1E30 has adjustedNormedCap: 30.6 from normedCap: 36 x multi: 0.85
04:03:03.474  Mech: Javelin_Trilobyte_7B9F1E30 has totalHeatSinkCap: 36 from currentCap: 36 + usedCap: 0
04:03:03.474  Calculating projected position heat.
04:03:03.474  CurrentPath has: 2 nodes, using destination path: (60.0, 172.5, 103.9)
04:03:03.474    Count of waypointsFromPath: 3  terrainWaypoints: 34
04:03:03.474  Biome: DesignMaskBiomeBadlandsParched has heatSinkMulti: x0.85 
04:03:03.474  Calculated capacityMulti: 0.85 x globalHeatSinkMulti: 1 
04:03:03.474  Calculating projected position heat.
04:03:03.474  CurrentPath has: 2 nodes, using destination path: (60.0, 172.5, 103.9)
04:03:03.474    Count of waypointsFromPath: 3  terrainWaypoints: 34
04:03:03.474  Biome: DesignMaskBiomeBadlandsParched has heatSinkMulti: x0.85 
04:03:03.474  Calculated capacityMulti: 0.85 x globalHeatSinkMulti: 1 
04:03:03.474  Mech: Javelin_Trilobyte_7B9F1E30 has adjustedNormedCap: 30.6 from normedCap: 36 x multi: 0.85
04:03:03.474    remainingCapacity: 36  rawCapacity: -30  normedAdjustedFraction: -30
04:03:03.474    currentHeat: 0 + tempHeat: 0 + projectedHeat: 5 + cacTerrainheat: 0 + sinkableHeat: -30  =  futureHeat: 5
04:03:03.474  Threshold heat: 0 = futureHeat: 5 + sinkableHeat: -30
04:03:03.474  Updating heat dialog for actor: Javelin_Trilobyte_7B9F1E30
04:03:03.474    previous values:  CurrentHeat: 0  ProjectedHeat: 5  TempHeat: 0  CACTerrainHeat: 0  currentPathNodes: 1
04:03:03.474    current values:  CurrentHeat: 0  ProjectedHeat: 5  TempHeat: 0  CACTerrainHeat: 0  currentPathNodes: 2
04:03:03.474  Calculating projected position heat.
04:03:03.474  CurrentPath has: 2 nodes, using destination path: (60.0, 172.5, 103.9)
04:03:03.474    Count of waypointsFromPath: 3  terrainWaypoints: 34
04:03:03.474  Biome: DesignMaskBiomeBadlandsParched has heatSinkMulti: x0.85 
04:03:03.474  Calculated capacityMulti: 0.85 x globalHeatSinkMulti: 1 
04:03:03.486  Mech_SprintHeat_Getter - Javelin_Trilobyte_7B9F1E30 processing sprint heat modifiers: (original 5 + mod 0) x mult 1 = 5
04:03:03.486  Mech_SprintHeat_Getter - Javelin_Trilobyte_7B9F1E30 processing sprint heat modifiers: (original 5 + mod 0) x mult 1 = 5
04:03:03.486  Mech_SprintHeat_Getter - Javelin_Trilobyte_7B9F1E30 processing sprint heat modifiers: (original 5 + mod 0) x mult 1 = 5
04:03:03.486  Mech_SprintHeat_Getter - Javelin_Trilobyte_7B9F1E30 processing sprint heat modifiers: (original 5 + mod 0) x mult 1 = 5
04:03:03.486  Mech_SprintHeat_Getter - Javelin_Trilobyte_7B9F1E30 processing sprint heat modifiers: (original 5 + mod 0) x mult 1 = 5
04:03:03.486    Count of waypointsFromPath: 6  terrainWaypoints: 40
04:03:03.486  TerrainHeat: 0 = sumOfHeat: 0 / totalCells: 0
04:03:03.486  Calculating projected position heat.
04:03:03.486  CurrentPath has: 5 nodes, using destination path: (84.0, 179.6, 103.9)
04:03:03.486    Count of waypointsFromPath: 6  terrainWaypoints: 40
04:03:03.486  Biome: DesignMaskBiomeBadlandsParched has heatSinkMulti: x0.85 
04:03:03.486  Calculated capacityMulti: 0.85 x globalHeatSinkMulti: 1 
04:03:03.486  Calculating projected position heat.
04:03:03.486  CurrentPath has: 5 nodes, using destination path: (84.0, 179.6, 103.9)
04:03:03.486    Count of waypointsFromPath: 6  terrainWaypoints: 40
04:03:03.486  Biome: DesignMaskBiomeBadlandsParched has heatSinkMulti: x0.85 
04:03:03.486  Calculated capacityMulti: 0.85 x globalHeatSinkMulti: 1 
04:03:03.486  Mech: Javelin_Trilobyte_7B9F1E30 has adjustedNormedCap: 30.6 from normedCap: 36 x multi: 0.85
04:03:03.486  Mech: Javelin_Trilobyte_7B9F1E30 has totalHeatSinkCap: 36 from currentCap: 36 + usedCap: 0
04:03:03.486  Calculating projected position heat.
04:03:03.486  CurrentPath has: 5 nodes, using destination path: (84.0, 179.6, 103.9)
04:03:03.486    Count of waypointsFromPath: 6  terrainWaypoints: 40
04:03:03.486  Biome: DesignMaskBiomeBadlandsParched has heatSinkMulti: x0.85 
04:03:03.486  Calculated capacityMulti: 0.85 x globalHeatSinkMulti: 1 
04:03:03.486  Calculating projected position heat.
04:03:03.486  CurrentPath has: 5 nodes, using destination path: (84.0, 179.6, 103.9)
04:03:03.486    Count of waypointsFromPath: 6  terrainWaypoints: 40
04:03:03.486  Biome: DesignMaskBiomeBadlandsParched has heatSinkMulti: x0.85 
04:03:03.486  Calculated capacityMulti: 0.85 x globalHeatSinkMulti: 1 
04:03:03.486  Mech: Javelin_Trilobyte_7B9F1E30 has adjustedNormedCap: 30.6 from normedCap: 36 x multi: 0.85
04:03:03.486    remainingCapacity: 36  rawCapacity: -30  normedAdjustedFraction: -30
04:03:03.486    currentHeat: 0 + tempHeat: 0 + projectedHeat: 5 + cacTerrainheat: 0 + sinkableHeat: -30  =  futureHeat: 5
04:03:03.486  Threshold heat: 0 = futureHeat: 5 + sinkableHeat: -30
04:03:03.486  Updating heat dialog for actor: Javelin_Trilobyte_7B9F1E30
04:03:03.486    previous values:  CurrentHeat: 0  ProjectedHeat: 5  TempHeat: 0  CACTerrainHeat: 0  currentPathNodes: 2
04:03:03.486    current values:  CurrentHeat: 0  ProjectedHeat: 5  TempHeat: 0  CACTerrainHeat: 0  currentPathNodes: 5
04:03:03.487  Calculating projected position heat.
04:03:03.487  CurrentPath has: 5 nodes, using destination path: (84.0, 179.6, 103.9)
04:03:03.487    Count of waypointsFromPath: 6  terrainWaypoints: 40
04:03:03.487  Biome: DesignMaskBiomeBadlandsParched has heatSinkMulti: x0.85 
04:03:03.487  Calculated capacityMulti: 0.85 x globalHeatSinkMulti: 1 
04:03:03.494  Mech_SprintHeat_Getter - Javelin_Trilobyte_7B9F1E30 processing sprint heat modifiers: (original 5 + mod 0) x mult 1 = 5
04:03:03.494  Mech_SprintHeat_Getter - Javelin_Trilobyte_7B9F1E30 processing sprint heat modifiers: (original 5 + mod 0) x mult 1 = 5
04:03:03.494  Mech_SprintHeat_Getter - Javelin_Trilobyte_7B9F1E30 processing sprint heat modifiers: (original 5 + mod 0) x mult 1 = 5
04:03:03.494  Mech_SprintHeat_Getter - Javelin_Trilobyte_7B9F1E30 processing sprint heat modifiers: (original 5 + mod 0) x mult 1 = 5
04:03:03.494    Count of waypointsFromPath: 6  terrainWaypoints: 40
04:03:03.494  TerrainHeat: 0 = sumOfHeat: 0 / totalCells: 0
04:03:03.494  Calculating projected position heat.
04:03:03.494  CurrentPath has: 5 nodes, using destination path: (84.0, 179.6, 103.9)
04:03:03.494    Count of waypointsFromPath: 6  terrainWaypoints: 40
04:03:03.494  Biome: DesignMaskBiomeBadlandsParched has heatSinkMulti: x0.85 
04:03:03.494  Calculated capacityMulti: 0.85 x globalHeatSinkMulti: 1 
04:03:03.494  Calculating projected position heat.
04:03:03.494  CurrentPath has: 5 nodes, using destination path: (84.0, 179.6, 103.9)
04:03:03.494    Count of waypointsFromPath: 6  terrainWaypoints: 40
04:03:03.494  Biome: DesignMaskBiomeBadlandsParched has heatSinkMulti: x0.85 
04:03:03.494  Calculated capacityMulti: 0.85 x globalHeatSinkMulti: 1 
04:03:03.494  Mech: Javelin_Trilobyte_7B9F1E30 has adjustedNormedCap: 30.6 from normedCap: 36 x multi: 0.85
04:03:03.494  Mech: Javelin_Trilobyte_7B9F1E30 has totalHeatSinkCap: 36 from currentCap: 36 + usedCap: 0
04:03:03.494  Calculating projected position heat.
04:03:03.494  CurrentPath has: 5 nodes, using destination path: (84.0, 179.6, 103.9)
04:03:03.494    Count of waypointsFromPath: 6  terrainWaypoints: 40
04:03:03.494  Biome: DesignMaskBiomeBadlandsParched has heatSinkMulti: x0.85 
04:03:03.494  Calculated capacityMulti: 0.85 x globalHeatSinkMulti: 1 
04:03:03.494  Calculating projected position heat.
04:03:03.494  CurrentPath has: 5 nodes, using destination path: (84.0, 179.6, 103.9)
04:03:03.494    Count of waypointsFromPath: 6  terrainWaypoints: 40
04:03:03.494  Biome: DesignMaskBiomeBadlandsParched has heatSinkMulti: x0.85 
04:03:03.494  Calculated capacityMulti: 0.85 x globalHeatSinkMulti: 1 
04:03:03.494  Mech: Javelin_Trilobyte_7B9F1E30 has adjustedNormedCap: 30.6 from normedCap: 36 x multi: 0.85
04:03:03.494    remainingCapacity: 36  rawCapacity: -30  normedAdjustedFraction: -30
04:03:03.494    currentHeat: 0 + tempHeat: 0 + projectedHeat: 5 + cacTerrainheat: 0 + sinkableHeat: -30  =  futureHeat: 5
04:03:03.494  Threshold heat: 0 = futureHeat: 5 + sinkableHeat: -30
04:03:03.504  Mech_SprintHeat_Getter - Javelin_Trilobyte_7B9F1E30 processing sprint heat modifiers: (original 5 + mod 0) x mult 1 = 5
04:03:03.505  Mech_SprintHeat_Getter - Javelin_Trilobyte_7B9F1E30 processing sprint heat modifiers: (original 5 + mod 0) x mult 1 = 5
04:03:03.505  Mech_SprintHeat_Getter - Javelin_Trilobyte_7B9F1E30 processing sprint heat modifiers: (original 5 + mod 0) x mult 1 = 5
04:03:03.505  Mech_SprintHeat_Getter - Javelin_Trilobyte_7B9F1E30 processing sprint heat modifiers: (original 5 + mod 0) x mult 1 = 5
04:03:03.505  Mech_SprintHeat_Getter - Javelin_Trilobyte_7B9F1E30 processing sprint heat modifiers: (original 5 + mod 0) x mult 1 = 5
04:03:03.505    Count of waypointsFromPath: 8  terrainWaypoints: 49
04:03:03.505  TerrainHeat: 0 = sumOfHeat: 0 / totalCells: 0
04:03:03.505  Calculating projected position heat.
04:03:03.505  CurrentPath has: 7 nodes, using destination path: (96.0, 189.6, 124.7)
04:03:03.505    Count of waypointsFromPath: 8  terrainWaypoints: 49
04:03:03.505  Biome: DesignMaskBiomeBadlandsParched has heatSinkMulti: x0.85 
04:03:03.505  Calculated capacityMulti: 0.85 x globalHeatSinkMulti: 1 
04:03:03.505  Calculating projected position heat.
04:03:03.505  CurrentPath has: 7 nodes, using destination path: (96.0, 189.6, 124.7)
04:03:03.505    Count of waypointsFromPath: 8  terrainWaypoints: 49
04:03:03.505  Biome: DesignMaskBiomeBadlandsParched has heatSinkMulti: x0.85 
04:03:03.505  Calculated capacityMulti: 0.85 x globalHeatSinkMulti: 1 
04:03:03.505  Mech: Javelin_Trilobyte_7B9F1E30 has adjustedNormedCap: 30.6 from normedCap: 36 x multi: 0.85
04:03:03.505  Mech: Javelin_Trilobyte_7B9F1E30 has totalHeatSinkCap: 36 from currentCap: 36 + usedCap: 0
04:03:03.505  Calculating projected position heat.
04:03:03.505  CurrentPath has: 7 nodes, using destination path: (96.0, 189.6, 124.7)
04:03:03.505    Count of waypointsFromPath: 8  terrainWaypoints: 49
04:03:03.505  Biome: DesignMaskBiomeBadlandsParched has heatSinkMulti: x0.85 
04:03:03.505  Calculated capacityMulti: 0.85 x globalHeatSinkMulti: 1 
04:03:03.505  Calculating projected position heat.
04:03:03.505  CurrentPath has: 7 nodes, using destination path: (96.0, 189.6, 124.7)
04:03:03.505    Count of waypointsFromPath: 8  terrainWaypoints: 49
04:03:03.505  Biome: DesignMaskBiomeBadlandsParched has heatSinkMulti: x0.85 
04:03:03.505  Calculated capacityMulti: 0.85 x globalHeatSinkMulti: 1 
04:03:03.505  Mech: Javelin_Trilobyte_7B9F1E30 has adjustedNormedCap: 30.6 from normedCap: 36 x multi: 0.85
04:03:03.505    remainingCapacity: 36  rawCapacity: -30  normedAdjustedFraction: -30
04:03:03.505    currentHeat: 0 + tempHeat: 0 + projectedHeat: 5 + cacTerrainheat: 0 + sinkableHeat: -30  =  futureHeat: 5
04:03:03.505  Threshold heat: 0 = futureHeat: 5 + sinkableHeat: -30
04:03:03.505  Updating heat dialog for actor: Javelin_Trilobyte_7B9F1E30
04:03:03.505    previous values:  CurrentHeat: 0  ProjectedHeat: 5  TempHeat: 0  CACTerrainHeat: 0  currentPathNodes: 5
04:03:03.505    current values:  CurrentHeat: 0  ProjectedHeat: 5  TempHeat: 0  CACTerrainHeat: 0  currentPathNodes: 7
04:03:03.506  Calculating projected position heat.
04:03:03.506  CurrentPath has: 7 nodes, using destination path: (96.0, 189.6, 124.7)
04:03:03.506    Count of waypointsFromPath: 8  terrainWaypoints: 49
04:03:03.506  Biome: DesignMaskBiomeBadlandsParched has heatSinkMulti: x0.85 
04:03:03.506  Calculated capacityMulti: 0.85 x globalHeatSinkMulti: 1 
04:03:03.517  Mech_SprintHeat_Getter - Javelin_Trilobyte_7B9F1E30 processing sprint heat modifiers: (original 5 + mod 0) x mult 1 = 5
04:03:03.518  Mech_SprintHeat_Getter - Javelin_Trilobyte_7B9F1E30 processing sprint heat modifiers: (original 5 + mod 0) x mult 1 = 5
04:03:03.518  Mech_SprintHeat_Getter - Javelin_Trilobyte_7B9F1E30 processing sprint heat modifiers: (original 5 + mod 0) x mult 1 = 5
04:03:03.518  Mech_SprintHeat_Getter - Javelin_Trilobyte_7B9F1E30 processing sprint heat modifiers: (original 5 + mod 0) x mult 1 = 5
04:03:03.518  Mech_SprintHeat_Getter - Javelin_Trilobyte_7B9F1E30 processing sprint heat modifiers: (original 5 + mod 0) x mult 1 = 5
04:03:03.518    Count of waypointsFromPath: 8  terrainWaypoints: 55
04:03:03.518  TerrainHeat: 0 = sumOfHeat: 0 / totalCells: 0
04:03:03.518  Calculating projected position heat.
04:03:03.518  CurrentPath has: 7 nodes, using destination path: (120.0, 192.2, 124.7)
04:03:03.518    Count of waypointsFromPath: 8  terrainWaypoints: 55
04:03:03.518  Biome: DesignMaskBiomeBadlandsParched has heatSinkMulti: x0.85 
04:03:03.518  Calculated capacityMulti: 0.85 x globalHeatSinkMulti: 1 
04:03:03.518  Calculating projected position heat.
04:03:03.518  CurrentPath has: 7 nodes, using destination path: (120.0, 192.2, 124.7)
04:03:03.518    Count of waypointsFromPath: 8  terrainWaypoints: 55
04:03:03.518  Biome: DesignMaskBiomeBadlandsParched has heatSinkMulti: x0.85 
04:03:03.518  Calculated capacityMulti: 0.85 x globalHeatSinkMulti: 1 
04:03:03.518  Mech: Javelin_Trilobyte_7B9F1E30 has adjustedNormedCap: 30.6 from normedCap: 36 x multi: 0.85
04:03:03.518  Mech: Javelin_Trilobyte_7B9F1E30 has totalHeatSinkCap: 36 from currentCap: 36 + usedCap: 0
04:03:03.518  Calculating projected position heat.
04:03:03.518  CurrentPath has: 7 nodes, using destination path: (120.0, 192.2, 124.7)
04:03:03.518    Count of waypointsFromPath: 8  terrainWaypoints: 55
04:03:03.518  Biome: DesignMaskBiomeBadlandsParched has heatSinkMulti: x0.85 
04:03:03.518  Calculated capacityMulti: 0.85 x globalHeatSinkMulti: 1 
04:03:03.518  Calculating projected position heat.
04:03:03.518  CurrentPath has: 7 nodes, using destination path: (120.0, 192.2, 124.7)
04:03:03.518    Count of waypointsFromPath: 8  terrainWaypoints: 55
04:03:03.518  Biome: DesignMaskBiomeBadlandsParched has heatSinkMulti: x0.85 
04:03:03.518  Calculated capacityMulti: 0.85 x globalHeatSinkMulti: 1 
04:03:03.518  Mech: Javelin_Trilobyte_7B9F1E30 has adjustedNormedCap: 30.6 from normedCap: 36 x multi: 0.85
04:03:03.518    remainingCapacity: 36  rawCapacity: -30  normedAdjustedFraction: -30
04:03:03.518    currentHeat: 0 + tempHeat: 0 + projectedHeat: 5 + cacTerrainheat: 0 + sinkableHeat: -30  =  futureHeat: 5
04:03:03.518  Threshold heat: 0 = futureHeat: 5 + sinkableHeat: -30
04:03:03.530  Mech_SprintHeat_Getter - Javelin_Trilobyte_7B9F1E30 processing sprint heat modifiers: (original 5 + mod 0) x mult 1 = 5
04:03:03.531  Mech_SprintHeat_Getter - Javelin_Trilobyte_7B9F1E30 processing sprint heat modifiers: (original 5 + mod 0) x mult 1 = 5
04:03:03.531  Mech_SprintHeat_Getter - Javelin_Trilobyte_7B9F1E30 processing sprint heat modifiers: (original 5 + mod 0) x mult 1 = 5
04:03:03.531  Mech_SprintHeat_Getter - Javelin_Trilobyte_7B9F1E30 processing sprint heat modifiers: (original 5 + mod 0) x mult 1 = 5
04:03:03.531  Mech_SprintHeat_Getter - Javelin_Trilobyte_7B9F1E30 processing sprint heat modifiers: (original 5 + mod 0) x mult 1 = 5
04:03:03.531    Count of waypointsFromPath: 4  terrainWaypoints: 52
04:03:03.531  TerrainHeat: 0 = sumOfHeat: 0 / totalCells: 0
04:03:03.531  Calculating projected position heat.
04:03:03.531  CurrentPath has: 3 nodes, using destination path: (132.0, 159.2, 62.4)
04:03:03.531    Count of waypointsFromPath: 4  terrainWaypoints: 52
04:03:03.531  Biome: DesignMaskBiomeBadlandsParched has heatSinkMulti: x0.85 
04:03:03.531  Calculated capacityMulti: 0.85 x globalHeatSinkMulti: 1 
04:03:03.531  Calculating projected position heat.
04:03:03.531  CurrentPath has: 3 nodes, using destination path: (132.0, 159.2, 62.4)
04:03:03.531    Count of waypointsFromPath: 4  terrainWaypoints: 52
04:03:03.531  Biome: DesignMaskBiomeBadlandsParched has heatSinkMulti: x0.85 
04:03:03.531  Calculated capacityMulti: 0.85 x globalHeatSinkMulti: 1 
04:03:03.531  Mech: Javelin_Trilobyte_7B9F1E30 has adjustedNormedCap: 30.6 from normedCap: 36 x multi: 0.85
04:03:03.531  Mech: Javelin_Trilobyte_7B9F1E30 has totalHeatSinkCap: 36 from currentCap: 36 + usedCap: 0
04:03:03.531  Calculating projected position heat.
04:03:03.531  CurrentPath has: 3 nodes, using destination path: (132.0, 159.2, 62.4)
04:03:03.531    Count of waypointsFromPath: 4  terrainWaypoints: 52
04:03:03.531  Biome: DesignMaskBiomeBadlandsParched has heatSinkMulti: x0.85 
04:03:03.531  Calculated capacityMulti: 0.85 x globalHeatSinkMulti: 1 
04:03:03.531  Calculating projected position heat.
04:03:03.531  CurrentPath has: 3 nodes, using destination path: (132.0, 159.2, 62.4)
04:03:03.531    Count of waypointsFromPath: 4  terrainWaypoints: 52
04:03:03.531  Biome: DesignMaskBiomeBadlandsParched has heatSinkMulti: x0.85 
04:03:03.531  Calculated capacityMulti: 0.85 x globalHeatSinkMulti: 1 
04:03:03.531  Mech: Javelin_Trilobyte_7B9F1E30 has adjustedNormedCap: 30.6 from normedCap: 36 x multi: 0.85
04:03:03.531    remainingCapacity: 36  rawCapacity: -30  normedAdjustedFraction: -30
04:03:03.531    currentHeat: 0 + tempHeat: 0 + projectedHeat: 5 + cacTerrainheat: 0 + sinkableHeat: -30  =  futureHeat: 5
04:03:03.531  Threshold heat: 0 = futureHeat: 5 + sinkableHeat: -30
04:03:03.531  Updating heat dialog for actor: Javelin_Trilobyte_7B9F1E30
04:03:03.531    previous values:  CurrentHeat: 0  ProjectedHeat: 5  TempHeat: 0  CACTerrainHeat: 0  currentPathNodes: 7
04:03:03.531    current values:  CurrentHeat: 0  ProjectedHeat: 5  TempHeat: 0  CACTerrainHeat: 0  currentPathNodes: 3
04:03:03.531  Calculating projected position heat.
04:03:03.531  CurrentPath has: 3 nodes, using destination path: (132.0, 159.2, 62.4)
04:03:03.531    Count of waypointsFromPath: 4  terrainWaypoints: 52
04:03:03.531  Biome: DesignMaskBiomeBadlandsParched has heatSinkMulti: x0.85 
04:03:03.531  Calculated capacityMulti: 0.85 x globalHeatSinkMulti: 1 
04:03:03.541  Mech_SprintHeat_Getter - Javelin_Trilobyte_7B9F1E30 processing sprint heat modifiers: (original 5 + mod 0) x mult 1 = 5
04:03:03.541  Mech_SprintHeat_Getter - Javelin_Trilobyte_7B9F1E30 processing sprint heat modifiers: (original 5 + mod 0) x mult 1 = 5
04:03:03.541  Mech_SprintHeat_Getter - Javelin_Trilobyte_7B9F1E30 processing sprint heat modifiers: (original 5 + mod 0) x mult 1 = 5
04:03:03.541  Mech_SprintHeat_Getter - Javelin_Trilobyte_7B9F1E30 processing sprint heat modifiers: (original 5 + mod 0) x mult 1 = 5
04:03:03.541    Count of waypointsFromPath: 4  terrainWaypoints: 52
04:03:03.541  TerrainHeat: 0 = sumOfHeat: 0 / totalCells: 0
04:03:03.541  Calculating projected position heat.
04:03:03.541  CurrentPath has: 3 nodes, using destination path: (132.0, 159.2, 62.4)
04:03:03.541    Count of waypointsFromPath: 4  terrainWaypoints: 52
04:03:03.541  Biome: DesignMaskBiomeBadlandsParched has heatSinkMulti: x0.85 
04:03:03.541  Calculated capacityMulti: 0.85 x globalHeatSinkMulti: 1 
04:03:03.541  Calculating projected position heat.
04:03:03.541  CurrentPath has: 3 nodes, using destination path: (132.0, 159.2, 62.4)
04:03:03.541    Count of waypointsFromPath: 4  terrainWaypoints: 52
04:03:03.541  Biome: DesignMaskBiomeBadlandsParched has heatSinkMulti: x0.85 
04:03:03.541  Calculated capacityMulti: 0.85 x globalHeatSinkMulti: 1 
04:03:03.541  Mech: Javelin_Trilobyte_7B9F1E30 has adjustedNormedCap: 30.6 from normedCap: 36 x multi: 0.85
04:03:03.541  Mech: Javelin_Trilobyte_7B9F1E30 has totalHeatSinkCap: 36 from currentCap: 36 + usedCap: 0
04:03:03.541  Calculating projected position heat.
04:03:03.541  CurrentPath has: 3 nodes, using destination path: (132.0, 159.2, 62.4)
04:03:03.541    Count of waypointsFromPath: 4  terrainWaypoints: 52
04:03:03.541  Biome: DesignMaskBiomeBadlandsParched has heatSinkMulti: x0.85 
04:03:03.541  Calculated capacityMulti: 0.85 x globalHeatSinkMulti: 1 
04:03:03.541  Calculating projected position heat.
04:03:03.541  CurrentPath has: 3 nodes, using destination path: (132.0, 159.2, 62.4)
04:03:03.541    Count of waypointsFromPath: 4  terrainWaypoints: 52
04:03:03.541  Biome: DesignMaskBiomeBadlandsParched has heatSinkMulti: x0.85 
04:03:03.541  Calculated capacityMulti: 0.85 x globalHeatSinkMulti: 1 
04:03:03.541  Mech: Javelin_Trilobyte_7B9F1E30 has adjustedNormedCap: 30.6 from normedCap: 36 x multi: 0.85
04:03:03.541    remainingCapacity: 36  rawCapacity: -30  normedAdjustedFraction: -30
04:03:03.541    currentHeat: 0 + tempHeat: 0 + projectedHeat: 5 + cacTerrainheat: 0 + sinkableHeat: -30  =  futureHeat: 5
04:03:03.541  Threshold heat: 0 = futureHeat: 5 + sinkableHeat: -30
04:03:03.552  Mech_SprintHeat_Getter - Javelin_Trilobyte_7B9F1E30 processing sprint heat modifiers: (original 5 + mod 0) x mult 1 = 5
04:03:03.553  Mech_SprintHeat_Getter - Javelin_Trilobyte_7B9F1E30 processing sprint heat modifiers: (original 5 + mod 0) x mult 1 = 5
04:03:03.553  Mech_SprintHeat_Getter - Javelin_Trilobyte_7B9F1E30 processing sprint heat modifiers: (original 5 + mod 0) x mult 1 = 5
04:03:03.553  Mech_SprintHeat_Getter - Javelin_Trilobyte_7B9F1E30 processing sprint heat modifiers: (original 5 + mod 0) x mult 1 = 5
04:03:03.553  Mech_SprintHeat_Getter - Javelin_Trilobyte_7B9F1E30 processing sprint heat modifiers: (original 5 + mod 0) x mult 1 = 5
04:03:03.553    Count of waypointsFromPath: 8  terrainWaypoints: 55
04:03:03.553  TerrainHeat: 0 = sumOfHeat: 0 / totalCells: 0
04:03:03.553  Calculating projected position heat.
04:03:03.553  CurrentPath has: 7 nodes, using destination path: (120.0, 192.2, 124.7)
04:03:03.553    Count of waypointsFromPath: 8  terrainWaypoints: 55
04:03:03.553  Biome: DesignMaskBiomeBadlandsParched has heatSinkMulti: x0.85 
04:03:03.553  Calculated capacityMulti: 0.85 x globalHeatSinkMulti: 1 
04:03:03.553  Calculating projected position heat.
04:03:03.553  CurrentPath has: 7 nodes, using destination path: (120.0, 192.2, 124.7)
04:03:03.553    Count of waypointsFromPath: 8  terrainWaypoints: 55
04:03:03.553  Biome: DesignMaskBiomeBadlandsParched has heatSinkMulti: x0.85 
04:03:03.553  Calculated capacityMulti: 0.85 x globalHeatSinkMulti: 1 
04:03:03.553  Mech: Javelin_Trilobyte_7B9F1E30 has adjustedNormedCap: 30.6 from normedCap: 36 x multi: 0.85
04:03:03.553  Mech: Javelin_Trilobyte_7B9F1E30 has totalHeatSinkCap: 36 from currentCap: 36 + usedCap: 0
04:03:03.553  Calculating projected position heat.
04:03:03.553  CurrentPath has: 7 nodes, using destination path: (120.0, 192.2, 124.7)
04:03:03.553    Count of waypointsFromPath: 8  terrainWaypoints: 55
04:03:03.553  Biome: DesignMaskBiomeBadlandsParched has heatSinkMulti: x0.85 
04:03:03.553  Calculated capacityMulti: 0.85 x globalHeatSinkMulti: 1 
04:03:03.553  Calculating projected position heat.
04:03:03.553  CurrentPath has: 7 nodes, using destination path: (120.0, 192.2, 124.7)
04:03:03.553    Count of waypointsFromPath: 8  terrainWaypoints: 55
04:03:03.553  Biome: DesignMaskBiomeBadlandsParched has heatSinkMulti: x0.85 
04:03:03.553  Calculated capacityMulti: 0.85 x globalHeatSinkMulti: 1 
04:03:03.553  Mech: Javelin_Trilobyte_7B9F1E30 has adjustedNormedCap: 30.6 from normedCap: 36 x multi: 0.85
04:03:03.553    remainingCapacity: 36  rawCapacity: -30  normedAdjustedFraction: -30
04:03:03.553    currentHeat: 0 + tempHeat: 0 + projectedHeat: 5 + cacTerrainheat: 0 + sinkableHeat: -30  =  futureHeat: 5
04:03:03.553  Threshold heat: 0 = futureHeat: 5 + sinkableHeat: -30
04:03:03.553  Updating heat dialog for actor: Javelin_Trilobyte_7B9F1E30
04:03:03.553    previous values:  CurrentHeat: 0  ProjectedHeat: 5  TempHeat: 0  CACTerrainHeat: 0  currentPathNodes: 3
04:03:03.553    current values:  CurrentHeat: 0  ProjectedHeat: 5  TempHeat: 0  CACTerrainHeat: 0  currentPathNodes: 7
04:03:03.553  Calculating projected position heat.
04:03:03.553  CurrentPath has: 7 nodes, using destination path: (120.0, 192.2, 124.7)
04:03:03.553    Count of waypointsFromPath: 8  terrainWaypoints: 55
04:03:03.553  Biome: DesignMaskBiomeBadlandsParched has heatSinkMulti: x0.85 
04:03:03.553  Calculated capacityMulti: 0.85 x globalHeatSinkMulti: 1 
04:03:03.562  Mech_SprintHeat_Getter - Javelin_Trilobyte_7B9F1E30 processing sprint heat modifiers: (original 5 + mod 0) x mult 1 = 5
04:03:03.562  Mech_SprintHeat_Getter - Javelin_Trilobyte_7B9F1E30 processing sprint heat modifiers: (original 5 + mod 0) x mult 1 = 5
04:03:03.562  Mech_SprintHeat_Getter - Javelin_Trilobyte_7B9F1E30 processing sprint heat modifiers: (original 5 + mod 0) x mult 1 = 5
04:03:03.562  Mech_SprintHeat_Getter - Javelin_Trilobyte_7B9F1E30 processing sprint heat modifiers: (original 5 + mod 0) x mult 1 = 5
04:03:03.562    Count of waypointsFromPath: 8  terrainWaypoints: 55
04:03:03.562  TerrainHeat: 0 = sumOfHeat: 0 / totalCells: 0
04:03:03.562  Calculating projected position heat.
04:03:03.562  CurrentPath has: 7 nodes, using destination path: (120.0, 192.2, 124.7)
04:03:03.562    Count of waypointsFromPath: 8  terrainWaypoints: 55
04:03:03.562  Biome: DesignMaskBiomeBadlandsParched has heatSinkMulti: x0.85 
04:03:03.562  Calculated capacityMulti: 0.85 x globalHeatSinkMulti: 1 
04:03:03.562  Calculating projected position heat.
04:03:03.562  CurrentPath has: 7 nodes, using destination path: (120.0, 192.2, 124.7)
04:03:03.562    Count of waypointsFromPath: 8  terrainWaypoints: 55
04:03:03.562  Biome: DesignMaskBiomeBadlandsParched has heatSinkMulti: x0.85 
04:03:03.562  Calculated capacityMulti: 0.85 x globalHeatSinkMulti: 1 
04:03:03.562  Mech: Javelin_Trilobyte_7B9F1E30 has adjustedNormedCap: 30.6 from normedCap: 36 x multi: 0.85
04:03:03.562  Mech: Javelin_Trilobyte_7B9F1E30 has totalHeatSinkCap: 36 from currentCap: 36 + usedCap: 0
04:03:03.562  Calculating projected position heat.
04:03:03.562  CurrentPath has: 7 nodes, using destination path: (120.0, 192.2, 124.7)
04:03:03.562    Count of waypointsFromPath: 8  terrainWaypoints: 55
04:03:03.562  Biome: DesignMaskBiomeBadlandsParched has heatSinkMulti: x0.85 
04:03:03.562  Calculated capacityMulti: 0.85 x globalHeatSinkMulti: 1 
04:03:03.562  Calculating projected position heat.
04:03:03.562  CurrentPath has: 7 nodes, using destination path: (120.0, 192.2, 124.7)
04:03:03.562    Count of waypointsFromPath: 8  terrainWaypoints: 55
04:03:03.562  Biome: DesignMaskBiomeBadlandsParched has heatSinkMulti: x0.85 
04:03:03.562  Calculated capacityMulti: 0.85 x globalHeatSinkMulti: 1 
04:03:03.562  Mech: Javelin_Trilobyte_7B9F1E30 has adjustedNormedCap: 30.6 from normedCap: 36 x multi: 0.85
04:03:03.562    remainingCapacity: 36  rawCapacity: -30  normedAdjustedFraction: -30
04:03:03.562    currentHeat: 0 + tempHeat: 0 + projectedHeat: 5 + cacTerrainheat: 0 + sinkableHeat: -30  =  futureHeat: 5
04:03:03.562  Threshold heat: 0 = futureHeat: 5 + sinkableHeat: -30
04:03:03.571  Mech_SprintHeat_Getter - Javelin_Trilobyte_7B9F1E30 processing sprint heat modifiers: (original 5 + mod 0) x mult 1 = 5
04:03:03.571  Mech_SprintHeat_Getter - Javelin_Trilobyte_7B9F1E30 processing sprint heat modifiers: (original 5 + mod 0) x mult 1 = 5
04:03:03.571  Mech_SprintHeat_Getter - Javelin_Trilobyte_7B9F1E30 processing sprint heat modifiers: (original 5 + mod 0) x mult 1 = 5
04:03:03.571  Mech_SprintHeat_Getter - Javelin_Trilobyte_7B9F1E30 processing sprint heat modifiers: (original 5 + mod 0) x mult 1 = 5
04:03:03.571    Count of waypointsFromPath: 8  terrainWaypoints: 55
04:03:03.571  TerrainHeat: 0 = sumOfHeat: 0 / totalCells: 0
04:03:03.571  Calculating projected position heat.
04:03:03.571  CurrentPath has: 7 nodes, using destination path: (120.0, 192.2, 124.7)
04:03:03.571    Count of waypointsFromPath: 8  terrainWaypoints: 55
04:03:03.571  Biome: DesignMaskBiomeBadlandsParched has heatSinkMulti: x0.85 
04:03:03.571  Calculated capacityMulti: 0.85 x globalHeatSinkMulti: 1 
04:03:03.571  Calculating projected position heat.
04:03:03.571  CurrentPath has: 7 nodes, using destination path: (120.0, 192.2, 124.7)
04:03:03.571    Count of waypointsFromPath: 8  terrainWaypoints: 55
04:03:03.571  Biome: DesignMaskBiomeBadlandsParched has heatSinkMulti: x0.85 
04:03:03.571  Calculated capacityMulti: 0.85 x globalHeatSinkMulti: 1 
04:03:03.571  Mech: Javelin_Trilobyte_7B9F1E30 has adjustedNormedCap: 30.6 from normedCap: 36 x multi: 0.85
04:03:03.571  Mech: Javelin_Trilobyte_7B9F1E30 has totalHeatSinkCap: 36 from currentCap: 36 + usedCap: 0
04:03:03.571  Calculating projected position heat.
04:03:03.571  CurrentPath has: 7 nodes, using destination path: (120.0, 192.2, 124.7)
04:03:03.571    Count of waypointsFromPath: 8  terrainWaypoints: 55
04:03:03.571  Biome: DesignMaskBiomeBadlandsParched has heatSinkMulti: x0.85 
04:03:03.571  Calculated capacityMulti: 0.85 x globalHeatSinkMulti: 1 
04:03:03.571  Calculating projected position heat.
04:03:03.571  CurrentPath has: 7 nodes, using destination path: (120.0, 192.2, 124.7)
04:03:03.571    Count of waypointsFromPath: 8  terrainWaypoints: 55
04:03:03.571  Biome: DesignMaskBiomeBadlandsParched has heatSinkMulti: x0.85 
04:03:03.571  Calculated capacityMulti: 0.85 x globalHeatSinkMulti: 1 
04:03:03.571  Mech: Javelin_Trilobyte_7B9F1E30 has adjustedNormedCap: 30.6 from normedCap: 36 x multi: 0.85
04:03:03.571    remainingCapacity: 36  rawCapacity: -30  normedAdjustedFraction: -30
04:03:03.571    currentHeat: 0 + tempHeat: 0 + projectedHeat: 5 + cacTerrainheat: 0 + sinkableHeat: -30  =  futureHeat: 5
04:03:03.571  Threshold heat: 0 = futureHeat: 5 + sinkableHeat: -30
04:03:03.579  Mech_SprintHeat_Getter - Javelin_Trilobyte_7B9F1E30 processing sprint heat modifiers: (original 5 + mod 0) x mult 1 = 5
04:03:03.579  Mech_SprintHeat_Getter - Javelin_Trilobyte_7B9F1E30 processing sprint heat modifiers: (original 5 + mod 0) x mult 1 = 5
04:03:03.579  Mech_SprintHeat_Getter - Javelin_Trilobyte_7B9F1E30 processing sprint heat modifiers: (original 5 + mod 0) x mult 1 = 5
04:03:03.579  Mech_SprintHeat_Getter - Javelin_Trilobyte_7B9F1E30 processing sprint heat modifiers: (original 5 + mod 0) x mult 1 = 5
04:03:03.580  Mech_SprintHeat_Getter - Javelin_Trilobyte_7B9F1E30 processing sprint heat modifiers: (original 5 + mod 0) x mult 1 = 5
04:03:03.580    Count of waypointsFromPath: 8  terrainWaypoints: 55
04:03:03.580  TerrainHeat: 0 = sumOfHeat: 0 / totalCells: 0
04:03:03.580  Calculating projected position heat.
04:03:03.580  CurrentPath has: 7 nodes, using destination path: (120.0, 192.2, 124.7)
04:03:03.580    Count of waypointsFromPath: 8  terrainWaypoints: 55
04:03:03.580  Biome: DesignMaskBiomeBadlandsParched has heatSinkMulti: x0.85 
04:03:03.580  Calculated capacityMulti: 0.85 x globalHeatSinkMulti: 1 
04:03:03.580  Calculating projected position heat.
04:03:03.580  CurrentPath has: 7 nodes, using destination path: (120.0, 192.2, 124.7)
04:03:03.580    Count of waypointsFromPath: 8  terrainWaypoints: 55
04:03:03.580  Biome: DesignMaskBiomeBadlandsParched has heatSinkMulti: x0.85 
04:03:03.580  Calculated capacityMulti: 0.85 x globalHeatSinkMulti: 1 
04:03:03.580  Mech: Javelin_Trilobyte_7B9F1E30 has adjustedNormedCap: 30.6 from normedCap: 36 x multi: 0.85
04:03:03.580  Mech: Javelin_Trilobyte_7B9F1E30 has totalHeatSinkCap: 36 from currentCap: 36 + usedCap: 0
04:03:03.580  Calculating projected position heat.
04:03:03.580  CurrentPath has: 7 nodes, using destination path: (120.0, 192.2, 124.7)
04:03:03.580    Count of waypointsFromPath: 8  terrainWaypoints: 55
04:03:03.580  Biome: DesignMaskBiomeBadlandsParched has heatSinkMulti: x0.85 
04:03:03.580  Calculated capacityMulti: 0.85 x globalHeatSinkMulti: 1 
04:03:03.580  Calculating projected position heat.
04:03:03.580  CurrentPath has: 7 nodes, using destination path: (120.0, 192.2, 124.7)
04:03:03.580    Count of waypointsFromPath: 8  terrainWaypoints: 55
04:03:03.580  Biome: DesignMaskBiomeBadlandsParched has heatSinkMulti: x0.85 
04:03:03.580  Calculated capacityMulti: 0.85 x globalHeatSinkMulti: 1 
04:03:03.580  Mech: Javelin_Trilobyte_7B9F1E30 has adjustedNormedCap: 30.6 from normedCap: 36 x multi: 0.85
04:03:03.580    remainingCapacity: 36  rawCapacity: -30  normedAdjustedFraction: -30
04:03:03.580    currentHeat: 0 + tempHeat: 0 + projectedHeat: 5 + cacTerrainheat: 0 + sinkableHeat: -30  =  futureHeat: 5
04:03:03.580  Threshold heat: 0 = futureHeat: 5 + sinkableHeat: -30
04:03:03.588  Mech_SprintHeat_Getter - Javelin_Trilobyte_7B9F1E30 processing sprint heat modifiers: (original 5 + mod 0) x mult 1 = 5
04:03:03.588  Mech_SprintHeat_Getter - Javelin_Trilobyte_7B9F1E30 processing sprint heat modifiers: (original 5 + mod 0) x mult 1 = 5
04:03:03.588  Mech_SprintHeat_Getter - Javelin_Trilobyte_7B9F1E30 processing sprint heat modifiers: (original 5 + mod 0) x mult 1 = 5
04:03:03.588  Mech_SprintHeat_Getter - Javelin_Trilobyte_7B9F1E30 processing sprint heat modifiers: (original 5 + mod 0) x mult 1 = 5
04:03:03.588  Mech_SprintHeat_Getter - Javelin_Trilobyte_7B9F1E30 processing sprint heat modifiers: (original 5 + mod 0) x mult 1 = 5
04:03:03.588    Count of waypointsFromPath: 8  terrainWaypoints: 55
04:03:03.588  TerrainHeat: 0 = sumOfHeat: 0 / totalCells: 0
04:03:03.588  Calculating projected position heat.
04:03:03.588  CurrentPath has: 7 nodes, using destination path: (120.0, 192.2, 124.7)
04:03:03.588    Count of waypointsFromPath: 8  terrainWaypoints: 55
04:03:03.588  Biome: DesignMaskBiomeBadlandsParched has heatSinkMulti: x0.85 
04:03:03.588  Calculated capacityMulti: 0.85 x globalHeatSinkMulti: 1 
04:03:03.589  Calculating projected position heat.
04:03:03.589  CurrentPath has: 7 nodes, using destination path: (120.0, 192.2, 124.7)
04:03:03.589    Count of waypointsFromPath: 8  terrainWaypoints: 55
04:03:03.589  Biome: DesignMaskBiomeBadlandsParched has heatSinkMulti: x0.85 
04:03:03.589  Calculated capacityMulti: 0.85 x globalHeatSinkMulti: 1 
04:03:03.589  Mech: Javelin_Trilobyte_7B9F1E30 has adjustedNormedCap: 30.6 from normedCap: 36 x multi: 0.85
04:03:03.589  Mech: Javelin_Trilobyte_7B9F1E30 has totalHeatSinkCap: 36 from currentCap: 36 + usedCap: 0
04:03:03.589  Calculating projected position heat.
04:03:03.589  CurrentPath has: 7 nodes, using destination path: (120.0, 192.2, 124.7)
04:03:03.589    Count of waypointsFromPath: 8  terrainWaypoints: 55
04:03:03.589  Biome: DesignMaskBiomeBadlandsParched has heatSinkMulti: x0.85 
04:03:03.589  Calculated capacityMulti: 0.85 x globalHeatSinkMulti: 1 
04:03:03.589  Calculating projected position heat.
04:03:03.589  CurrentPath has: 7 nodes, using destination path: (120.0, 192.2, 124.7)
04:03:03.589    Count of waypointsFromPath: 8  terrainWaypoints: 55
04:03:03.589  Biome: DesignMaskBiomeBadlandsParched has heatSinkMulti: x0.85 
04:03:03.589  Calculated capacityMulti: 0.85 x globalHeatSinkMulti: 1 
04:03:03.589  Mech: Javelin_Trilobyte_7B9F1E30 has adjustedNormedCap: 30.6 from normedCap: 36 x multi: 0.85
04:03:03.589    remainingCapacity: 36  rawCapacity: -30  normedAdjustedFraction: -30
04:03:03.589    currentHeat: 0 + tempHeat: 0 + projectedHeat: 5 + cacTerrainheat: 0 + sinkableHeat: -30  =  futureHeat: 5
04:03:03.589  Threshold heat: 0 = futureHeat: 5 + sinkableHeat: -30
04:03:03.600  Mech_SprintHeat_Getter - Javelin_Trilobyte_7B9F1E30 processing sprint heat modifiers: (original 5 + mod 0) x mult 1 = 5
04:03:03.600  Mech_SprintHeat_Getter - Javelin_Trilobyte_7B9F1E30 processing sprint heat modifiers: (original 5 + mod 0) x mult 1 = 5
04:03:03.600  Mech_SprintHeat_Getter - Javelin_Trilobyte_7B9F1E30 processing sprint heat modifiers: (original 5 + mod 0) x mult 1 = 5
04:03:03.600  Mech_SprintHeat_Getter - Javelin_Trilobyte_7B9F1E30 processing sprint heat modifiers: (original 5 + mod 0) x mult 1 = 5
04:03:03.600  Mech_SprintHeat_Getter - Javelin_Trilobyte_7B9F1E30 processing sprint heat modifiers: (original 5 + mod 0) x mult 1 = 5
04:03:03.601    Count of waypointsFromPath: 8  terrainWaypoints: 55
04:03:03.601  TerrainHeat: 0 = sumOfHeat: 0 / totalCells: 0
04:03:03.601  Calculating projected position heat.
04:03:03.601  CurrentPath has: 7 nodes, using destination path: (120.0, 192.2, 124.7)
04:03:03.601    Count of waypointsFromPath: 8  terrainWaypoints: 55
04:03:03.601  Biome: DesignMaskBiomeBadlandsParched has heatSinkMulti: x0.85 
04:03:03.601  Calculated capacityMulti: 0.85 x globalHeatSinkMulti: 1 
04:03:03.601  Calculating projected position heat.
04:03:03.601  CurrentPath has: 7 nodes, using destination path: (120.0, 192.2, 124.7)
04:03:03.601    Count of waypointsFromPath: 8  terrainWaypoints: 55
04:03:03.601  Biome: DesignMaskBiomeBadlandsParched has heatSinkMulti: x0.85 
04:03:03.601  Calculated capacityMulti: 0.85 x globalHeatSinkMulti: 1 
04:03:03.601  Mech: Javelin_Trilobyte_7B9F1E30 has adjustedNormedCap: 30.6 from normedCap: 36 x multi: 0.85
04:03:03.601  Mech: Javelin_Trilobyte_7B9F1E30 has totalHeatSinkCap: 36 from currentCap: 36 + usedCap: 0
04:03:03.601  Calculating projected position heat.
04:03:03.601  CurrentPath has: 7 nodes, using destination path: (120.0, 192.2, 124.7)
04:03:03.601    Count of waypointsFromPath: 8  terrainWaypoints: 55
04:03:03.601  Biome: DesignMaskBiomeBadlandsParched has heatSinkMulti: x0.85 
04:03:03.601  Calculated capacityMulti: 0.85 x globalHeatSinkMulti: 1 
04:03:03.601  Calculating projected position heat.
04:03:03.601  CurrentPath has: 7 nodes, using destination path: (120.0, 192.2, 124.7)
04:03:03.601    Count of waypointsFromPath: 8  terrainWaypoints: 55
04:03:03.601  Biome: DesignMaskBiomeBadlandsParched has heatSinkMulti: x0.85 
04:03:03.601  Calculated capacityMulti: 0.85 x globalHeatSinkMulti: 1 
04:03:03.601  Mech: Javelin_Trilobyte_7B9F1E30 has adjustedNormedCap: 30.6 from normedCap: 36 x multi: 0.85
04:03:03.601    remainingCapacity: 36  rawCapacity: -30  normedAdjustedFraction: -30
04:03:03.601    currentHeat: 0 + tempHeat: 0 + projectedHeat: 5 + cacTerrainheat: 0 + sinkableHeat: -30  =  futureHeat: 5
04:03:03.601  Threshold heat: 0 = futureHeat: 5 + sinkableHeat: -30
04:03:03.611  Mech_SprintHeat_Getter - Javelin_Trilobyte_7B9F1E30 processing sprint heat modifiers: (original 5 + mod 0) x mult 1 = 5
04:03:03.611  Mech_SprintHeat_Getter - Javelin_Trilobyte_7B9F1E30 processing sprint heat modifiers: (original 5 + mod 0) x mult 1 = 5
04:03:03.611  Mech_SprintHeat_Getter - Javelin_Trilobyte_7B9F1E30 processing sprint heat modifiers: (original 5 + mod 0) x mult 1 = 5
04:03:03.611  Mech_SprintHeat_Getter - Javelin_Trilobyte_7B9F1E30 processing sprint heat modifiers: (original 5 + mod 0) x mult 1 = 5
04:03:03.611  Mech_SprintHeat_Getter - Javelin_Trilobyte_7B9F1E30 processing sprint heat modifiers: (original 5 + mod 0) x mult 1 = 5
04:03:03.611    Count of waypointsFromPath: 8  terrainWaypoints: 55
04:03:03.611  TerrainHeat: 0 = sumOfHeat: 0 / totalCells: 0
04:03:03.611  Calculating projected position heat.
04:03:03.611  CurrentPath has: 7 nodes, using destination path: (120.0, 192.2, 124.7)
04:03:03.611    Count of waypointsFromPath: 8  terrainWaypoints: 55
04:03:03.611  Biome: DesignMaskBiomeBadlandsParched has heatSinkMulti: x0.85 
04:03:03.611  Calculated capacityMulti: 0.85 x globalHeatSinkMulti: 1 
04:03:03.611  Calculating projected position heat.
04:03:03.611  CurrentPath has: 7 nodes, using destination path: (120.0, 192.2, 124.7)
04:03:03.611    Count of waypointsFromPath: 8  terrainWaypoints: 55
04:03:03.611  Biome: DesignMaskBiomeBadlandsParched has heatSinkMulti: x0.85 
04:03:03.611  Calculated capacityMulti: 0.85 x globalHeatSinkMulti: 1 
04:03:03.611  Mech: Javelin_Trilobyte_7B9F1E30 has adjustedNormedCap: 30.6 from normedCap: 36 x multi: 0.85
04:03:03.611  Mech: Javelin_Trilobyte_7B9F1E30 has totalHeatSinkCap: 36 from currentCap: 36 + usedCap: 0
04:03:03.611  Calculating projected position heat.
04:03:03.611  CurrentPath has: 7 nodes, using destination path: (120.0, 192.2, 124.7)
04:03:03.611    Count of waypointsFromPath: 8  terrainWaypoints: 55
04:03:03.611  Biome: DesignMaskBiomeBadlandsParched has heatSinkMulti: x0.85 
04:03:03.611  Calculated capacityMulti: 0.85 x globalHeatSinkMulti: 1 
04:03:03.611  Calculating projected position heat.
04:03:03.611  CurrentPath has: 7 nodes, using destination path: (120.0, 192.2, 124.7)
04:03:03.611    Count of waypointsFromPath: 8  terrainWaypoints: 55
04:03:03.611  Biome: DesignMaskBiomeBadlandsParched has heatSinkMulti: x0.85 
04:03:03.611  Calculated capacityMulti: 0.85 x globalHeatSinkMulti: 1 
04:03:03.611  Mech: Javelin_Trilobyte_7B9F1E30 has adjustedNormedCap: 30.6 from normedCap: 36 x multi: 0.85
04:03:03.611    remainingCapacity: 36  rawCapacity: -30  normedAdjustedFraction: -30
04:03:03.612    currentHeat: 0 + tempHeat: 0 + projectedHeat: 5 + cacTerrainheat: 0 + sinkableHeat: -30  =  futureHeat: 5
04:03:03.612  Threshold heat: 0 = futureHeat: 5 + sinkableHeat: -30
04:03:03.619  Mech_SprintHeat_Getter - Javelin_Trilobyte_7B9F1E30 processing sprint heat modifiers: (original 5 + mod 0) x mult 1 = 5
04:03:03.619  Mech_SprintHeat_Getter - Javelin_Trilobyte_7B9F1E30 processing sprint heat modifiers: (original 5 + mod 0) x mult 1 = 5
04:03:03.619  Mech_SprintHeat_Getter - Javelin_Trilobyte_7B9F1E30 processing sprint heat modifiers: (original 5 + mod 0) x mult 1 = 5
04:03:03.619  Mech_SprintHeat_Getter - Javelin_Trilobyte_7B9F1E30 processing sprint heat modifiers: (original 5 + mod 0) x mult 1 = 5
04:03:03.620  Mech_SprintHeat_Getter - Javelin_Trilobyte_7B9F1E30 processing sprint heat modifiers: (original 5 + mod 0) x mult 1 = 5
04:03:03.620    Count of waypointsFromPath: 8  terrainWaypoints: 55
04:03:03.620  TerrainHeat: 0 = sumOfHeat: 0 / totalCells: 0
04:03:03.620  Calculating projected position heat.
04:03:03.620  CurrentPath has: 7 nodes, using destination path: (120.0, 192.2, 124.7)
04:03:03.620    Count of waypointsFromPath: 8  terrainWaypoints: 55
04:03:03.620  Biome: DesignMaskBiomeBadlandsParched has heatSinkMulti: x0.85 
04:03:03.620  Calculated capacityMulti: 0.85 x globalHeatSinkMulti: 1 
04:03:03.620  Calculating projected position heat.
04:03:03.620  CurrentPath has: 7 nodes, using destination path: (120.0, 192.2, 124.7)
04:03:03.620    Count of waypointsFromPath: 8  terrainWaypoints: 55
04:03:03.620  Biome: DesignMaskBiomeBadlandsParched has heatSinkMulti: x0.85 
04:03:03.620  Calculated capacityMulti: 0.85 x globalHeatSinkMulti: 1 
04:03:03.620  Mech: Javelin_Trilobyte_7B9F1E30 has adjustedNormedCap: 30.6 from normedCap: 36 x multi: 0.85
04:03:03.620  Mech: Javelin_Trilobyte_7B9F1E30 has totalHeatSinkCap: 36 from currentCap: 36 + usedCap: 0
04:03:03.620  Calculating projected position heat.
04:03:03.620  CurrentPath has: 7 nodes, using destination path: (120.0, 192.2, 124.7)
04:03:03.620    Count of waypointsFromPath: 8  terrainWaypoints: 55
04:03:03.620  Biome: DesignMaskBiomeBadlandsParched has heatSinkMulti: x0.85 
04:03:03.620  Calculated capacityMulti: 0.85 x globalHeatSinkMulti: 1 
04:03:03.620  Calculating projected position heat.
04:03:03.620  CurrentPath has: 7 nodes, using destination path: (120.0, 192.2, 124.7)
04:03:03.620    Count of waypointsFromPath: 8  terrainWaypoints: 55
04:03:03.620  Biome: DesignMaskBiomeBadlandsParched has heatSinkMulti: x0.85 
04:03:03.620  Calculated capacityMulti: 0.85 x globalHeatSinkMulti: 1 
04:03:03.620  Mech: Javelin_Trilobyte_7B9F1E30 has adjustedNormedCap: 30.6 from normedCap: 36 x multi: 0.85
04:03:03.620    remainingCapacity: 36  rawCapacity: -30  normedAdjustedFraction: -30
04:03:03.620    currentHeat: 0 + tempHeat: 0 + projectedHeat: 5 + cacTerrainheat: 0 + sinkableHeat: -30  =  futureHeat: 5
04:03:03.620  Threshold heat: 0 = futureHeat: 5 + sinkableHeat: -30
04:03:03.633  Mech_SprintHeat_Getter - Javelin_Trilobyte_7B9F1E30 processing sprint heat modifiers: (original 5 + mod 0) x mult 1 = 5
04:03:03.633  Mech_SprintHeat_Getter - Javelin_Trilobyte_7B9F1E30 processing sprint heat modifiers: (original 5 + mod 0) x mult 1 = 5
04:03:03.633  Mech_SprintHeat_Getter - Javelin_Trilobyte_7B9F1E30 processing sprint heat modifiers: (original 5 + mod 0) x mult 1 = 5
04:03:03.633  Mech_SprintHeat_Getter - Javelin_Trilobyte_7B9F1E30 processing sprint heat modifiers: (original 5 + mod 0) x mult 1 = 5
04:03:03.633  Mech_SprintHeat_Getter - Javelin_Trilobyte_7B9F1E30 processing sprint heat modifiers: (original 5 + mod 0) x mult 1 = 5
04:03:03.633    Count of waypointsFromPath: 8  terrainWaypoints: 55
04:03:03.633  TerrainHeat: 0 = sumOfHeat: 0 / totalCells: 0
04:03:03.633  Calculating projected position heat.
04:03:03.633  CurrentPath has: 7 nodes, using destination path: (120.0, 192.2, 124.7)
04:03:03.633    Count of waypointsFromPath: 8  terrainWaypoints: 55
04:03:03.633  Biome: DesignMaskBiomeBadlandsParched has heatSinkMulti: x0.85 
04:03:03.633  Calculated capacityMulti: 0.85 x globalHeatSinkMulti: 1 
04:03:03.633  Calculating projected position heat.
04:03:03.633  CurrentPath has: 7 nodes, using destination path: (120.0, 192.2, 124.7)
04:03:03.633    Count of waypointsFromPath: 8  terrainWaypoints: 55
04:03:03.633  Biome: DesignMaskBiomeBadlandsParched has heatSinkMulti: x0.85 
04:03:03.633  Calculated capacityMulti: 0.85 x globalHeatSinkMulti: 1 
04:03:03.633  Mech: Javelin_Trilobyte_7B9F1E30 has adjustedNormedCap: 30.6 from normedCap: 36 x multi: 0.85
04:03:03.633  Mech: Javelin_Trilobyte_7B9F1E30 has totalHeatSinkCap: 36 from currentCap: 36 + usedCap: 0
04:03:03.633  Calculating projected position heat.
04:03:03.633  CurrentPath has: 7 nodes, using destination path: (120.0, 192.2, 124.7)
04:03:03.633    Count of waypointsFromPath: 8  terrainWaypoints: 55
04:03:03.633  Biome: DesignMaskBiomeBadlandsParched has heatSinkMulti: x0.85 
04:03:03.633  Calculated capacityMulti: 0.85 x globalHeatSinkMulti: 1 
04:03:03.633  Calculating projected position heat.
04:03:03.633  CurrentPath has: 7 nodes, using destination path: (120.0, 192.2, 124.7)
04:03:03.633    Count of waypointsFromPath: 8  terrainWaypoints: 55
04:03:03.633  Biome: DesignMaskBiomeBadlandsParched has heatSinkMulti: x0.85 
04:03:03.633  Calculated capacityMulti: 0.85 x globalHeatSinkMulti: 1 
04:03:03.633  Mech: Javelin_Trilobyte_7B9F1E30 has adjustedNormedCap: 30.6 from normedCap: 36 x multi: 0.85
04:03:03.633    remainingCapacity: 36  rawCapacity: -30  normedAdjustedFraction: -30
04:03:03.633    currentHeat: 0 + tempHeat: 0 + projectedHeat: 5 + cacTerrainheat: 0 + sinkableHeat: -30  =  futureHeat: 5
04:03:03.633  Threshold heat: 0 = futureHeat: 5 + sinkableHeat: -30
04:03:03.643  Mech_SprintHeat_Getter - Javelin_Trilobyte_7B9F1E30 processing sprint heat modifiers: (original 5 + mod 0) x mult 1 = 5
04:03:03.643  Mech_SprintHeat_Getter - Javelin_Trilobyte_7B9F1E30 processing sprint heat modifiers: (original 5 + mod 0) x mult 1 = 5
04:03:03.643  Mech_SprintHeat_Getter - Javelin_Trilobyte_7B9F1E30 processing sprint heat modifiers: (original 5 + mod 0) x mult 1 = 5
04:03:03.643  Mech_SprintHeat_Getter - Javelin_Trilobyte_7B9F1E30 processing sprint heat modifiers: (original 5 + mod 0) x mult 1 = 5
04:03:03.643    Count of waypointsFromPath: 8  terrainWaypoints: 55
04:03:03.643  TerrainHeat: 0 = sumOfHeat: 0 / totalCells: 0
04:03:03.643  Calculating projected position heat.
04:03:03.643  CurrentPath has: 7 nodes, using destination path: (120.0, 192.2, 124.7)
04:03:03.643    Count of waypointsFromPath: 8  terrainWaypoints: 55
04:03:03.643  Biome: DesignMaskBiomeBadlandsParched has heatSinkMulti: x0.85 
04:03:03.643  Calculated capacityMulti: 0.85 x globalHeatSinkMulti: 1 
04:03:03.643  Calculating projected position heat.
04:03:03.643  CurrentPath has: 7 nodes, using destination path: (120.0, 192.2, 124.7)
04:03:03.643    Count of waypointsFromPath: 8  terrainWaypoints: 55
04:03:03.643  Biome: DesignMaskBiomeBadlandsParched has heatSinkMulti: x0.85 
04:03:03.643  Calculated capacityMulti: 0.85 x globalHeatSinkMulti: 1 
04:03:03.643  Mech: Javelin_Trilobyte_7B9F1E30 has adjustedNormedCap: 30.6 from normedCap: 36 x multi: 0.85
04:03:03.643  Mech: Javelin_Trilobyte_7B9F1E30 has totalHeatSinkCap: 36 from currentCap: 36 + usedCap: 0
04:03:03.643  Calculating projected position heat.
04:03:03.643  CurrentPath has: 7 nodes, using destination path: (120.0, 192.2, 124.7)
04:03:03.643    Count of waypointsFromPath: 8  terrainWaypoints: 55
04:03:03.643  Biome: DesignMaskBiomeBadlandsParched has heatSinkMulti: x0.85 
04:03:03.643  Calculated capacityMulti: 0.85 x globalHeatSinkMulti: 1 
04:03:03.643  Calculating projected position heat.
04:03:03.643  CurrentPath has: 7 nodes, using destination path: (120.0, 192.2, 124.7)
04:03:03.643    Count of waypointsFromPath: 8  terrainWaypoints: 55
04:03:03.643  Biome: DesignMaskBiomeBadlandsParched has heatSinkMulti: x0.85 
04:03:03.643  Calculated capacityMulti: 0.85 x globalHeatSinkMulti: 1 
04:03:03.643  Mech: Javelin_Trilobyte_7B9F1E30 has adjustedNormedCap: 30.6 from normedCap: 36 x multi: 0.85
04:03:03.643    remainingCapacity: 36  rawCapacity: -30  normedAdjustedFraction: -30
04:03:03.643    currentHeat: 0 + tempHeat: 0 + projectedHeat: 5 + cacTerrainheat: 0 + sinkableHeat: -30  =  futureHeat: 5
04:03:03.643  Threshold heat: 0 = futureHeat: 5 + sinkableHeat: -30
04:03:03.652  Mech_SprintHeat_Getter - Javelin_Trilobyte_7B9F1E30 processing sprint heat modifiers: (original 5 + mod 0) x mult 1 = 5
04:03:03.652  Mech_SprintHeat_Getter - Javelin_Trilobyte_7B9F1E30 processing sprint heat modifiers: (original 5 + mod 0) x mult 1 = 5
04:03:03.652  Mech_SprintHeat_Getter - Javelin_Trilobyte_7B9F1E30 processing sprint heat modifiers: (original 5 + mod 0) x mult 1 = 5
04:03:03.652  Mech_SprintHeat_Getter - Javelin_Trilobyte_7B9F1E30 processing sprint heat modifiers: (original 5 + mod 0) x mult 1 = 5
04:03:03.652    Count of waypointsFromPath: 8  terrainWaypoints: 55
04:03:03.652  TerrainHeat: 0 = sumOfHeat: 0 / totalCells: 0
04:03:03.652  Calculating projected position heat.
04:03:03.652  CurrentPath has: 7 nodes, using destination path: (120.0, 192.2, 124.7)
04:03:03.652    Count of waypointsFromPath: 8  terrainWaypoints: 55
04:03:03.652  Biome: DesignMaskBiomeBadlandsParched has heatSinkMulti: x0.85 
04:03:03.652  Calculated capacityMulti: 0.85 x globalHeatSinkMulti: 1 
04:03:03.652  Calculating projected position heat.
04:03:03.652  CurrentPath has: 7 nodes, using destination path: (120.0, 192.2, 124.7)
04:03:03.652    Count of waypointsFromPath: 8  terrainWaypoints: 55
04:03:03.652  Biome: DesignMaskBiomeBadlandsParched has heatSinkMulti: x0.85 
04:03:03.652  Calculated capacityMulti: 0.85 x globalHeatSinkMulti: 1 
04:03:03.652  Mech: Javelin_Trilobyte_7B9F1E30 has adjustedNormedCap: 30.6 from normedCap: 36 x multi: 0.85
04:03:03.652  Mech: Javelin_Trilobyte_7B9F1E30 has totalHeatSinkCap: 36 from currentCap: 36 + usedCap: 0
04:03:03.652  Calculating projected position heat.
04:03:03.652  CurrentPath has: 7 nodes, using destination path: (120.0, 192.2, 124.7)
04:03:03.652    Count of waypointsFromPath: 8  terrainWaypoints: 55
04:03:03.652  Biome: DesignMaskBiomeBadlandsParched has heatSinkMulti: x0.85 
04:03:03.652  Calculated capacityMulti: 0.85 x globalHeatSinkMulti: 1 
04:03:03.652  Calculating projected position heat.
04:03:03.652  CurrentPath has: 7 nodes, using destination path: (120.0, 192.2, 124.7)
04:03:03.652    Count of waypointsFromPath: 8  terrainWaypoints: 55
04:03:03.652  Biome: DesignMaskBiomeBadlandsParched has heatSinkMulti: x0.85 
04:03:03.652  Calculated capacityMulti: 0.85 x globalHeatSinkMulti: 1 
04:03:03.652  Mech: Javelin_Trilobyte_7B9F1E30 has adjustedNormedCap: 30.6 from normedCap: 36 x multi: 0.85
04:03:03.652    remainingCapacity: 36  rawCapacity: -30  normedAdjustedFraction: -30
04:03:03.652    currentHeat: 0 + tempHeat: 0 + projectedHeat: 5 + cacTerrainheat: 0 + sinkableHeat: -30  =  futureHeat: 5
04:03:03.652  Threshold heat: 0 = futureHeat: 5 + sinkableHeat: -30
04:03:03.661  Mech_SprintHeat_Getter - Javelin_Trilobyte_7B9F1E30 processing sprint heat modifiers: (original 5 + mod 0) x mult 1 = 5
04:03:03.661  Mech_SprintHeat_Getter - Javelin_Trilobyte_7B9F1E30 processing sprint heat modifiers: (original 5 + mod 0) x mult 1 = 5
04:03:03.661  Mech_SprintHeat_Getter - Javelin_Trilobyte_7B9F1E30 processing sprint heat modifiers: (original 5 + mod 0) x mult 1 = 5
04:03:03.661  Mech_SprintHeat_Getter - Javelin_Trilobyte_7B9F1E30 processing sprint heat modifiers: (original 5 + mod 0) x mult 1 = 5
04:03:03.661    Count of waypointsFromPath: 8  terrainWaypoints: 55
04:03:03.661  TerrainHeat: 0 = sumOfHeat: 0 / totalCells: 0
04:03:03.661  Calculating projected position heat.
04:03:03.661  CurrentPath has: 7 nodes, using destination path: (120.0, 192.2, 124.7)
04:03:03.661    Count of waypointsFromPath: 8  terrainWaypoints: 55
04:03:03.661  Biome: DesignMaskBiomeBadlandsParched has heatSinkMulti: x0.85 
04:03:03.661  Calculated capacityMulti: 0.85 x globalHeatSinkMulti: 1 
04:03:03.661  Calculating projected position heat.
04:03:03.661  CurrentPath has: 7 nodes, using destination path: (120.0, 192.2, 124.7)
04:03:03.661    Count of waypointsFromPath: 8  terrainWaypoints: 55
04:03:03.661  Biome: DesignMaskBiomeBadlandsParched has heatSinkMulti: x0.85 
04:03:03.661  Calculated capacityMulti: 0.85 x globalHeatSinkMulti: 1 
04:03:03.661  Mech: Javelin_Trilobyte_7B9F1E30 has adjustedNormedCap: 30.6 from normedCap: 36 x multi: 0.85
04:03:03.661  Mech: Javelin_Trilobyte_7B9F1E30 has totalHeatSinkCap: 36 from currentCap: 36 + usedCap: 0
04:03:03.661  Calculating projected position heat.
04:03:03.661  CurrentPath has: 7 nodes, using destination path: (120.0, 192.2, 124.7)
04:03:03.661    Count of waypointsFromPath: 8  terrainWaypoints: 55
04:03:03.661  Biome: DesignMaskBiomeBadlandsParched has heatSinkMulti: x0.85 
04:03:03.661  Calculated capacityMulti: 0.85 x globalHeatSinkMulti: 1 
04:03:03.661  Calculating projected position heat.
04:03:03.661  CurrentPath has: 7 nodes, using destination path: (120.0, 192.2, 124.7)
04:03:03.661    Count of waypointsFromPath: 8  terrainWaypoints: 55
04:03:03.661  Biome: DesignMaskBiomeBadlandsParched has heatSinkMulti: x0.85 
04:03:03.661  Calculated capacityMulti: 0.85 x globalHeatSinkMulti: 1 
04:03:03.661  Mech: Javelin_Trilobyte_7B9F1E30 has adjustedNormedCap: 30.6 from normedCap: 36 x multi: 0.85
04:03:03.661    remainingCapacity: 36  rawCapacity: -30  normedAdjustedFraction: -30
04:03:03.661    currentHeat: 0 + tempHeat: 0 + projectedHeat: 5 + cacTerrainheat: 0 + sinkableHeat: -30  =  futureHeat: 5
04:03:03.661  Threshold heat: 0 = futureHeat: 5 + sinkableHeat: -30
04:03:03.669  Mech_SprintHeat_Getter - Javelin_Trilobyte_7B9F1E30 processing sprint heat modifiers: (original 5 + mod 0) x mult 1 = 5
04:03:03.669  Mech_SprintHeat_Getter - Javelin_Trilobyte_7B9F1E30 processing sprint heat modifiers: (original 5 + mod 0) x mult 1 = 5
04:03:03.669  Mech_SprintHeat_Getter - Javelin_Trilobyte_7B9F1E30 processing sprint heat modifiers: (original 5 + mod 0) x mult 1 = 5
04:03:03.669  Mech_SprintHeat_Getter - Javelin_Trilobyte_7B9F1E30 processing sprint heat modifiers: (original 5 + mod 0) x mult 1 = 5
04:03:03.669    Count of waypointsFromPath: 8  terrainWaypoints: 55
04:03:03.669  TerrainHeat: 0 = sumOfHeat: 0 / totalCells: 0
04:03:03.669  Calculating projected position heat.
04:03:03.669  CurrentPath has: 7 nodes, using destination path: (120.0, 192.2, 124.7)
04:03:03.669    Count of waypointsFromPath: 8  terrainWaypoints: 55
04:03:03.669  Biome: DesignMaskBiomeBadlandsParched has heatSinkMulti: x0.85 
04:03:03.669  Calculated capacityMulti: 0.85 x globalHeatSinkMulti: 1 
04:03:03.669  Calculating projected position heat.
04:03:03.669  CurrentPath has: 7 nodes, using destination path: (120.0, 192.2, 124.7)
04:03:03.669    Count of waypointsFromPath: 8  terrainWaypoints: 55
04:03:03.669  Biome: DesignMaskBiomeBadlandsParched has heatSinkMulti: x0.85 
04:03:03.669  Calculated capacityMulti: 0.85 x globalHeatSinkMulti: 1 
04:03:03.669  Mech: Javelin_Trilobyte_7B9F1E30 has adjustedNormedCap: 30.6 from normedCap: 36 x multi: 0.85
04:03:03.669  Mech: Javelin_Trilobyte_7B9F1E30 has totalHeatSinkCap: 36 from currentCap: 36 + usedCap: 0
04:03:03.669  Calculating projected position heat.
04:03:03.669  CurrentPath has: 7 nodes, using destination path: (120.0, 192.2, 124.7)
04:03:03.669    Count of waypointsFromPath: 8  terrainWaypoints: 55
04:03:03.669  Biome: DesignMaskBiomeBadlandsParched has heatSinkMulti: x0.85 
04:03:03.669  Calculated capacityMulti: 0.85 x globalHeatSinkMulti: 1 
04:03:03.669  Calculating projected position heat.
04:03:03.669  CurrentPath has: 7 nodes, using destination path: (120.0, 192.2, 124.7)
04:03:03.669    Count of waypointsFromPath: 8  terrainWaypoints: 55
04:03:03.669  Biome: DesignMaskBiomeBadlandsParched has heatSinkMulti: x0.85 
04:03:03.669  Calculated capacityMulti: 0.85 x globalHeatSinkMulti: 1 
04:03:03.669  Mech: Javelin_Trilobyte_7B9F1E30 has adjustedNormedCap: 30.6 from normedCap: 36 x multi: 0.85
04:03:03.669    remainingCapacity: 36  rawCapacity: -30  normedAdjustedFraction: -30
04:03:03.670    currentHeat: 0 + tempHeat: 0 + projectedHeat: 5 + cacTerrainheat: 0 + sinkableHeat: -30  =  futureHeat: 5
04:03:03.670  Threshold heat: 0 = futureHeat: 5 + sinkableHeat: -30
04:03:03.678  Mech_SprintHeat_Getter - Javelin_Trilobyte_7B9F1E30 processing sprint heat modifiers: (original 5 + mod 0) x mult 1 = 5
04:03:03.678  Mech_SprintHeat_Getter - Javelin_Trilobyte_7B9F1E30 processing sprint heat modifiers: (original 5 + mod 0) x mult 1 = 5
04:03:03.678  Mech_SprintHeat_Getter - Javelin_Trilobyte_7B9F1E30 processing sprint heat modifiers: (original 5 + mod 0) x mult 1 = 5
04:03:03.678  Mech_SprintHeat_Getter - Javelin_Trilobyte_7B9F1E30 processing sprint heat modifiers: (original 5 + mod 0) x mult 1 = 5
04:03:03.678    Count of waypointsFromPath: 8  terrainWaypoints: 55
04:03:03.678  TerrainHeat: 0 = sumOfHeat: 0 / totalCells: 0
04:03:03.678  Calculating projected position heat.
04:03:03.678  CurrentPath has: 7 nodes, using destination path: (120.0, 192.2, 124.7)
04:03:03.678    Count of waypointsFromPath: 8  terrainWaypoints: 55
04:03:03.678  Biome: DesignMaskBiomeBadlandsParched has heatSinkMulti: x0.85 
04:03:03.678  Calculated capacityMulti: 0.85 x globalHeatSinkMulti: 1 
04:03:03.678  Calculating projected position heat.
04:03:03.678  CurrentPath has: 7 nodes, using destination path: (120.0, 192.2, 124.7)
04:03:03.678    Count of waypointsFromPath: 8  terrainWaypoints: 55
04:03:03.678  Biome: DesignMaskBiomeBadlandsParched has heatSinkMulti: x0.85 
04:03:03.678  Calculated capacityMulti: 0.85 x globalHeatSinkMulti: 1 
04:03:03.678  Mech: Javelin_Trilobyte_7B9F1E30 has adjustedNormedCap: 30.6 from normedCap: 36 x multi: 0.85
04:03:03.678  Mech: Javelin_Trilobyte_7B9F1E30 has totalHeatSinkCap: 36 from currentCap: 36 + usedCap: 0
04:03:03.678  Calculating projected position heat.
04:03:03.678  CurrentPath has: 7 nodes, using destination path: (120.0, 192.2, 124.7)
04:03:03.678    Count of waypointsFromPath: 8  terrainWaypoints: 55
04:03:03.678  Biome: DesignMaskBiomeBadlandsParched has heatSinkMulti: x0.85 
04:03:03.678  Calculated capacityMulti: 0.85 x globalHeatSinkMulti: 1 
04:03:03.678  Calculating projected position heat.
04:03:03.678  CurrentPath has: 7 nodes, using destination path: (120.0, 192.2, 124.7)
04:03:03.678    Count of waypointsFromPath: 8  terrainWaypoints: 55
04:03:03.678  Biome: DesignMaskBiomeBadlandsParched has heatSinkMulti: x0.85 
04:03:03.678  Calculated capacityMulti: 0.85 x globalHeatSinkMulti: 1 
04:03:03.678  Mech: Javelin_Trilobyte_7B9F1E30 has adjustedNormedCap: 30.6 from normedCap: 36 x multi: 0.85
04:03:03.678    remainingCapacity: 36  rawCapacity: -30  normedAdjustedFraction: -30
04:03:03.678    currentHeat: 0 + tempHeat: 0 + projectedHeat: 5 + cacTerrainheat: 0 + sinkableHeat: -30  =  futureHeat: 5
04:03:03.678  Threshold heat: 0 = futureHeat: 5 + sinkableHeat: -30
04:03:03.687  Mech_SprintHeat_Getter - Javelin_Trilobyte_7B9F1E30 processing sprint heat modifiers: (original 5 + mod 0) x mult 1 = 5
04:03:03.687  Mech_SprintHeat_Getter - Javelin_Trilobyte_7B9F1E30 processing sprint heat modifiers: (original 5 + mod 0) x mult 1 = 5
04:03:03.687  Mech_SprintHeat_Getter - Javelin_Trilobyte_7B9F1E30 processing sprint heat modifiers: (original 5 + mod 0) x mult 1 = 5
04:03:03.687  Mech_SprintHeat_Getter - Javelin_Trilobyte_7B9F1E30 processing sprint heat modifiers: (original 5 + mod 0) x mult 1 = 5
04:03:03.687    Count of waypointsFromPath: 8  terrainWaypoints: 55
04:03:03.687  TerrainHeat: 0 = sumOfHeat: 0 / totalCells: 0
04:03:03.687  Calculating projected position heat.
04:03:03.687  CurrentPath has: 7 nodes, using destination path: (120.0, 192.2, 124.7)
04:03:03.687    Count of waypointsFromPath: 8  terrainWaypoints: 55
04:03:03.687  Biome: DesignMaskBiomeBadlandsParched has heatSinkMulti: x0.85 
04:03:03.687  Calculated capacityMulti: 0.85 x globalHeatSinkMulti: 1 
04:03:03.687  Calculating projected position heat.
04:03:03.687  CurrentPath has: 7 nodes, using destination path: (120.0, 192.2, 124.7)
04:03:03.687    Count of waypointsFromPath: 8  terrainWaypoints: 55
04:03:03.687  Biome: DesignMaskBiomeBadlandsParched has heatSinkMulti: x0.85 
04:03:03.687  Calculated capacityMulti: 0.85 x globalHeatSinkMulti: 1 
04:03:03.687  Mech: Javelin_Trilobyte_7B9F1E30 has adjustedNormedCap: 30.6 from normedCap: 36 x multi: 0.85
04:03:03.687  Mech: Javelin_Trilobyte_7B9F1E30 has totalHeatSinkCap: 36 from currentCap: 36 + usedCap: 0
04:03:03.687  Calculating projected position heat.
04:03:03.687  CurrentPath has: 7 nodes, using destination path: (120.0, 192.2, 124.7)
04:03:03.687    Count of waypointsFromPath: 8  terrainWaypoints: 55
04:03:03.687  Biome: DesignMaskBiomeBadlandsParched has heatSinkMulti: x0.85 
04:03:03.687  Calculated capacityMulti: 0.85 x globalHeatSinkMulti: 1 
04:03:03.687  Calculating projected position heat.
04:03:03.687  CurrentPath has: 7 nodes, using destination path: (120.0, 192.2, 124.7)
04:03:03.687    Count of waypointsFromPath: 8  terrainWaypoints: 55
04:03:03.687  Biome: DesignMaskBiomeBadlandsParched has heatSinkMulti: x0.85 
04:03:03.687  Calculated capacityMulti: 0.85 x globalHeatSinkMulti: 1 
04:03:03.687  Mech: Javelin_Trilobyte_7B9F1E30 has adjustedNormedCap: 30.6 from normedCap: 36 x multi: 0.85
04:03:03.687    remainingCapacity: 36  rawCapacity: -30  normedAdjustedFraction: -30
04:03:03.687    currentHeat: 0 + tempHeat: 0 + projectedHeat: 5 + cacTerrainheat: 0 + sinkableHeat: -30  =  futureHeat: 5
04:03:03.687  Threshold heat: 0 = futureHeat: 5 + sinkableHeat: -30
04:03:03.694  Mech_SprintHeat_Getter - Javelin_Trilobyte_7B9F1E30 processing sprint heat modifiers: (original 5 + mod 0) x mult 1 = 5
04:03:03.695  Mech_SprintHeat_Getter - Javelin_Trilobyte_7B9F1E30 processing sprint heat modifiers: (original 5 + mod 0) x mult 1 = 5
04:03:03.695  Mech_SprintHeat_Getter - Javelin_Trilobyte_7B9F1E30 processing sprint heat modifiers: (original 5 + mod 0) x mult 1 = 5
04:03:03.695  Mech_SprintHeat_Getter - Javelin_Trilobyte_7B9F1E30 processing sprint heat modifiers: (original 5 + mod 0) x mult 1 = 5
04:03:03.695    Count of waypointsFromPath: 8  terrainWaypoints: 55
04:03:03.695  TerrainHeat: 0 = sumOfHeat: 0 / totalCells: 0
04:03:03.695  Calculating projected position heat.
04:03:03.695  CurrentPath has: 7 nodes, using destination path: (120.0, 192.2, 124.7)
04:03:03.695    Count of waypointsFromPath: 8  terrainWaypoints: 55
04:03:03.695  Biome: DesignMaskBiomeBadlandsParched has heatSinkMulti: x0.85 
04:03:03.695  Calculated capacityMulti: 0.85 x globalHeatSinkMulti: 1 
04:03:03.695  Calculating projected position heat.
04:03:03.695  CurrentPath has: 7 nodes, using destination path: (120.0, 192.2, 124.7)
04:03:03.695    Count of waypointsFromPath: 8  terrainWaypoints: 55
04:03:03.695  Biome: DesignMaskBiomeBadlandsParched has heatSinkMulti: x0.85 
04:03:03.695  Calculated capacityMulti: 0.85 x globalHeatSinkMulti: 1 
04:03:03.695  Mech: Javelin_Trilobyte_7B9F1E30 has adjustedNormedCap: 30.6 from normedCap: 36 x multi: 0.85
04:03:03.695  Mech: Javelin_Trilobyte_7B9F1E30 has totalHeatSinkCap: 36 from currentCap: 36 + usedCap: 0
04:03:03.695  Calculating projected position heat.
04:03:03.695  CurrentPath has: 7 nodes, using destination path: (120.0, 192.2, 124.7)
04:03:03.695    Count of waypointsFromPath: 8  terrainWaypoints: 55
04:03:03.695  Biome: DesignMaskBiomeBadlandsParched has heatSinkMulti: x0.85 
04:03:03.695  Calculated capacityMulti: 0.85 x globalHeatSinkMulti: 1 
04:03:03.695  Calculating projected position heat.
04:03:03.695  CurrentPath has: 7 nodes, using destination path: (120.0, 192.2, 124.7)
04:03:03.695    Count of waypointsFromPath: 8  terrainWaypoints: 55
04:03:03.695  Biome: DesignMaskBiomeBadlandsParched has heatSinkMulti: x0.85 
04:03:03.695  Calculated capacityMulti: 0.85 x globalHeatSinkMulti: 1 
04:03:03.695  Mech: Javelin_Trilobyte_7B9F1E30 has adjustedNormedCap: 30.6 from normedCap: 36 x multi: 0.85
04:03:03.695    remainingCapacity: 36  rawCapacity: -30  normedAdjustedFraction: -30
04:03:03.695    currentHeat: 0 + tempHeat: 0 + projectedHeat: 5 + cacTerrainheat: 0 + sinkableHeat: -30  =  futureHeat: 5
04:03:03.695  Threshold heat: 0 = futureHeat: 5 + sinkableHeat: -30
04:03:03.703  Mech_SprintHeat_Getter - Javelin_Trilobyte_7B9F1E30 processing sprint heat modifiers: (original 5 + mod 0) x mult 1 = 5
04:03:03.703  Mech_SprintHeat_Getter - Javelin_Trilobyte_7B9F1E30 processing sprint heat modifiers: (original 5 + mod 0) x mult 1 = 5
04:03:03.703  Mech_SprintHeat_Getter - Javelin_Trilobyte_7B9F1E30 processing sprint heat modifiers: (original 5 + mod 0) x mult 1 = 5
04:03:03.703  Mech_SprintHeat_Getter - Javelin_Trilobyte_7B9F1E30 processing sprint heat modifiers: (original 5 + mod 0) x mult 1 = 5
04:03:03.703    Count of waypointsFromPath: 8  terrainWaypoints: 55
04:03:03.703  TerrainHeat: 0 = sumOfHeat: 0 / totalCells: 0
04:03:03.703  Calculating projected position heat.
04:03:03.703  CurrentPath has: 7 nodes, using destination path: (120.0, 192.2, 124.7)
04:03:03.703    Count of waypointsFromPath: 8  terrainWaypoints: 55
04:03:03.703  Biome: DesignMaskBiomeBadlandsParched has heatSinkMulti: x0.85 
04:03:03.703  Calculated capacityMulti: 0.85 x globalHeatSinkMulti: 1 
04:03:03.703  Calculating projected position heat.
04:03:03.703  CurrentPath has: 7 nodes, using destination path: (120.0, 192.2, 124.7)
04:03:03.703    Count of waypointsFromPath: 8  terrainWaypoints: 55
04:03:03.703  Biome: DesignMaskBiomeBadlandsParched has heatSinkMulti: x0.85 
04:03:03.703  Calculated capacityMulti: 0.85 x globalHeatSinkMulti: 1 
04:03:03.703  Mech: Javelin_Trilobyte_7B9F1E30 has adjustedNormedCap: 30.6 from normedCap: 36 x multi: 0.85
04:03:03.703  Mech: Javelin_Trilobyte_7B9F1E30 has totalHeatSinkCap: 36 from currentCap: 36 + usedCap: 0
04:03:03.703  Calculating projected position heat.
04:03:03.703  CurrentPath has: 7 nodes, using destination path: (120.0, 192.2, 124.7)
04:03:03.703    Count of waypointsFromPath: 8  terrainWaypoints: 55
04:03:03.703  Biome: DesignMaskBiomeBadlandsParched has heatSinkMulti: x0.85 
04:03:03.703  Calculated capacityMulti: 0.85 x globalHeatSinkMulti: 1 
04:03:03.703  Calculating projected position heat.
04:03:03.703  CurrentPath has: 7 nodes, using destination path: (120.0, 192.2, 124.7)
04:03:03.703    Count of waypointsFromPath: 8  terrainWaypoints: 55
04:03:03.703  Biome: DesignMaskBiomeBadlandsParched has heatSinkMulti: x0.85 
04:03:03.703  Calculated capacityMulti: 0.85 x globalHeatSinkMulti: 1 
04:03:03.703  Mech: Javelin_Trilobyte_7B9F1E30 has adjustedNormedCap: 30.6 from normedCap: 36 x multi: 0.85
04:03:03.703    remainingCapacity: 36  rawCapacity: -30  normedAdjustedFraction: -30
04:03:03.703    currentHeat: 0 + tempHeat: 0 + projectedHeat: 5 + cacTerrainheat: 0 + sinkableHeat: -30  =  futureHeat: 5
04:03:03.703  Threshold heat: 0 = futureHeat: 5 + sinkableHeat: -30
04:03:03.712  Mech_SprintHeat_Getter - Javelin_Trilobyte_7B9F1E30 processing sprint heat modifiers: (original 5 + mod 0) x mult 1 = 5
04:03:03.712  Mech_SprintHeat_Getter - Javelin_Trilobyte_7B9F1E30 processing sprint heat modifiers: (original 5 + mod 0) x mult 1 = 5
04:03:03.712  Mech_SprintHeat_Getter - Javelin_Trilobyte_7B9F1E30 processing sprint heat modifiers: (original 5 + mod 0) x mult 1 = 5
04:03:03.712  Mech_SprintHeat_Getter - Javelin_Trilobyte_7B9F1E30 processing sprint heat modifiers: (original 5 + mod 0) x mult 1 = 5
04:03:03.712    Count of waypointsFromPath: 8  terrainWaypoints: 55
04:03:03.712  TerrainHeat: 0 = sumOfHeat: 0 / totalCells: 0
04:03:03.712  Calculating projected position heat.
04:03:03.712  CurrentPath has: 7 nodes, using destination path: (120.0, 192.2, 124.7)
04:03:03.712    Count of waypointsFromPath: 8  terrainWaypoints: 55
04:03:03.712  Biome: DesignMaskBiomeBadlandsParched has heatSinkMulti: x0.85 
04:03:03.712  Calculated capacityMulti: 0.85 x globalHeatSinkMulti: 1 
04:03:03.712  Calculating projected position heat.
04:03:03.712  CurrentPath has: 7 nodes, using destination path: (120.0, 192.2, 124.7)
04:03:03.712    Count of waypointsFromPath: 8  terrainWaypoints: 55
04:03:03.712  Biome: DesignMaskBiomeBadlandsParched has heatSinkMulti: x0.85 
04:03:03.712  Calculated capacityMulti: 0.85 x globalHeatSinkMulti: 1 
04:03:03.712  Mech: Javelin_Trilobyte_7B9F1E30 has adjustedNormedCap: 30.6 from normedCap: 36 x multi: 0.85
04:03:03.712  Mech: Javelin_Trilobyte_7B9F1E30 has totalHeatSinkCap: 36 from currentCap: 36 + usedCap: 0
04:03:03.712  Calculating projected position heat.
04:03:03.712  CurrentPath has: 7 nodes, using destination path: (120.0, 192.2, 124.7)
04:03:03.712    Count of waypointsFromPath: 8  terrainWaypoints: 55
04:03:03.712  Biome: DesignMaskBiomeBadlandsParched has heatSinkMulti: x0.85 
04:03:03.712  Calculated capacityMulti: 0.85 x globalHeatSinkMulti: 1 
04:03:03.712  Calculating projected position heat.
04:03:03.712  CurrentPath has: 7 nodes, using destination path: (120.0, 192.2, 124.7)
04:03:03.712    Count of waypointsFromPath: 8  terrainWaypoints: 55
04:03:03.712  Biome: DesignMaskBiomeBadlandsParched has heatSinkMulti: x0.85 
04:03:03.712  Calculated capacityMulti: 0.85 x globalHeatSinkMulti: 1 
04:03:03.712  Mech: Javelin_Trilobyte_7B9F1E30 has adjustedNormedCap: 30.6 from normedCap: 36 x multi: 0.85
04:03:03.712    remainingCapacity: 36  rawCapacity: -30  normedAdjustedFraction: -30
04:03:03.712    currentHeat: 0 + tempHeat: 0 + projectedHeat: 5 + cacTerrainheat: 0 + sinkableHeat: -30  =  futureHeat: 5
04:03:03.712  Threshold heat: 0 = futureHeat: 5 + sinkableHeat: -30
04:03:03.720  Mech_SprintHeat_Getter - Javelin_Trilobyte_7B9F1E30 processing sprint heat modifiers: (original 5 + mod 0) x mult 1 = 5
04:03:03.720  Mech_SprintHeat_Getter - Javelin_Trilobyte_7B9F1E30 processing sprint heat modifiers: (original 5 + mod 0) x mult 1 = 5
04:03:03.720  Mech_SprintHeat_Getter - Javelin_Trilobyte_7B9F1E30 processing sprint heat modifiers: (original 5 + mod 0) x mult 1 = 5
04:03:03.720  Mech_SprintHeat_Getter - Javelin_Trilobyte_7B9F1E30 processing sprint heat modifiers: (original 5 + mod 0) x mult 1 = 5
04:03:03.720    Count of waypointsFromPath: 8  terrainWaypoints: 55
04:03:03.720  TerrainHeat: 0 = sumOfHeat: 0 / totalCells: 0
04:03:03.720  Calculating projected position heat.
04:03:03.720  CurrentPath has: 7 nodes, using destination path: (120.0, 192.2, 124.7)
04:03:03.720    Count of waypointsFromPath: 8  terrainWaypoints: 55
04:03:03.720  Biome: DesignMaskBiomeBadlandsParched has heatSinkMulti: x0.85 
04:03:03.720  Calculated capacityMulti: 0.85 x globalHeatSinkMulti: 1 
04:03:03.720  Calculating projected position heat.
04:03:03.720  CurrentPath has: 7 nodes, using destination path: (120.0, 192.2, 124.7)
04:03:03.720    Count of waypointsFromPath: 8  terrainWaypoints: 55
04:03:03.720  Biome: DesignMaskBiomeBadlandsParched has heatSinkMulti: x0.85 
04:03:03.720  Calculated capacityMulti: 0.85 x globalHeatSinkMulti: 1 
04:03:03.720  Mech: Javelin_Trilobyte_7B9F1E30 has adjustedNormedCap: 30.6 from normedCap: 36 x multi: 0.85
04:03:03.720  Mech: Javelin_Trilobyte_7B9F1E30 has totalHeatSinkCap: 36 from currentCap: 36 + usedCap: 0
04:03:03.720  Calculating projected position heat.
04:03:03.720  CurrentPath has: 7 nodes, using destination path: (120.0, 192.2, 124.7)
04:03:03.720    Count of waypointsFromPath: 8  terrainWaypoints: 55
04:03:03.720  Biome: DesignMaskBiomeBadlandsParched has heatSinkMulti: x0.85 
04:03:03.720  Calculated capacityMulti: 0.85 x globalHeatSinkMulti: 1 
04:03:03.720  Calculating projected position heat.
04:03:03.720  CurrentPath has: 7 nodes, using destination path: (120.0, 192.2, 124.7)
04:03:03.720    Count of waypointsFromPath: 8  terrainWaypoints: 55
04:03:03.720  Biome: DesignMaskBiomeBadlandsParched has heatSinkMulti: x0.85 
04:03:03.720  Calculated capacityMulti: 0.85 x globalHeatSinkMulti: 1 
04:03:03.720  Mech: Javelin_Trilobyte_7B9F1E30 has adjustedNormedCap: 30.6 from normedCap: 36 x multi: 0.85
04:03:03.720    remainingCapacity: 36  rawCapacity: -30  normedAdjustedFraction: -30
04:03:03.720    currentHeat: 0 + tempHeat: 0 + projectedHeat: 5 + cacTerrainheat: 0 + sinkableHeat: -30  =  futureHeat: 5
04:03:03.720  Threshold heat: 0 = futureHeat: 5 + sinkableHeat: -30
04:03:03.728  Mech_SprintHeat_Getter - Javelin_Trilobyte_7B9F1E30 processing sprint heat modifiers: (original 5 + mod 0) x mult 1 = 5
04:03:03.728  Mech_SprintHeat_Getter - Javelin_Trilobyte_7B9F1E30 processing sprint heat modifiers: (original 5 + mod 0) x mult 1 = 5
04:03:03.728  Mech_SprintHeat_Getter - Javelin_Trilobyte_7B9F1E30 processing sprint heat modifiers: (original 5 + mod 0) x mult 1 = 5
04:03:03.728  Mech_SprintHeat_Getter - Javelin_Trilobyte_7B9F1E30 processing sprint heat modifiers: (original 5 + mod 0) x mult 1 = 5
04:03:03.728    Count of waypointsFromPath: 8  terrainWaypoints: 55
04:03:03.728  TerrainHeat: 0 = sumOfHeat: 0 / totalCells: 0
04:03:03.728  Calculating projected position heat.
04:03:03.728  CurrentPath has: 7 nodes, using destination path: (120.0, 192.2, 124.7)
04:03:03.729    Count of waypointsFromPath: 8  terrainWaypoints: 55
04:03:03.729  Biome: DesignMaskBiomeBadlandsParched has heatSinkMulti: x0.85 
04:03:03.729  Calculated capacityMulti: 0.85 x globalHeatSinkMulti: 1 
04:03:03.729  Calculating projected position heat.
04:03:03.729  CurrentPath has: 7 nodes, using destination path: (120.0, 192.2, 124.7)
04:03:03.729    Count of waypointsFromPath: 8  terrainWaypoints: 55
04:03:03.729  Biome: DesignMaskBiomeBadlandsParched has heatSinkMulti: x0.85 
04:03:03.729  Calculated capacityMulti: 0.85 x globalHeatSinkMulti: 1 
04:03:03.729  Mech: Javelin_Trilobyte_7B9F1E30 has adjustedNormedCap: 30.6 from normedCap: 36 x multi: 0.85
04:03:03.729  Mech: Javelin_Trilobyte_7B9F1E30 has totalHeatSinkCap: 36 from currentCap: 36 + usedCap: 0
04:03:03.729  Calculating projected position heat.
04:03:03.729  CurrentPath has: 7 nodes, using destination path: (120.0, 192.2, 124.7)
04:03:03.729    Count of waypointsFromPath: 8  terrainWaypoints: 55
04:03:03.729  Biome: DesignMaskBiomeBadlandsParched has heatSinkMulti: x0.85 
04:03:03.729  Calculated capacityMulti: 0.85 x globalHeatSinkMulti: 1 
04:03:03.729  Calculating projected position heat.
04:03:03.729  CurrentPath has: 7 nodes, using destination path: (120.0, 192.2, 124.7)
04:03:03.729    Count of waypointsFromPath: 8  terrainWaypoints: 55
04:03:03.729  Biome: DesignMaskBiomeBadlandsParched has heatSinkMulti: x0.85 
04:03:03.729  Calculated capacityMulti: 0.85 x globalHeatSinkMulti: 1 
04:03:03.729  Mech: Javelin_Trilobyte_7B9F1E30 has adjustedNormedCap: 30.6 from normedCap: 36 x multi: 0.85
04:03:03.729    remainingCapacity: 36  rawCapacity: -30  normedAdjustedFraction: -30
04:03:03.729    currentHeat: 0 + tempHeat: 0 + projectedHeat: 5 + cacTerrainheat: 0 + sinkableHeat: -30  =  futureHeat: 5
04:03:03.729  Threshold heat: 0 = futureHeat: 5 + sinkableHeat: -30
04:03:03.736  Mech_SprintHeat_Getter - Javelin_Trilobyte_7B9F1E30 processing sprint heat modifiers: (original 5 + mod 0) x mult 1 = 5
04:03:03.736  Mech_SprintHeat_Getter - Javelin_Trilobyte_7B9F1E30 processing sprint heat modifiers: (original 5 + mod 0) x mult 1 = 5
04:03:03.736  Mech_SprintHeat_Getter - Javelin_Trilobyte_7B9F1E30 processing sprint heat modifiers: (original 5 + mod 0) x mult 1 = 5
04:03:03.737  Mech_SprintHeat_Getter - Javelin_Trilobyte_7B9F1E30 processing sprint heat modifiers: (original 5 + mod 0) x mult 1 = 5
04:03:03.737    Count of waypointsFromPath: 8  terrainWaypoints: 55
04:03:03.737  TerrainHeat: 0 = sumOfHeat: 0 / totalCells: 0
04:03:03.737  Calculating projected position heat.
04:03:03.737  CurrentPath has: 7 nodes, using destination path: (120.0, 192.2, 124.7)
04:03:03.737    Count of waypointsFromPath: 8  terrainWaypoints: 55
04:03:03.737  Biome: DesignMaskBiomeBadlandsParched has heatSinkMulti: x0.85 
04:03:03.737  Calculated capacityMulti: 0.85 x globalHeatSinkMulti: 1 
04:03:03.737  Calculating projected position heat.
04:03:03.737  CurrentPath has: 7 nodes, using destination path: (120.0, 192.2, 124.7)
04:03:03.737    Count of waypointsFromPath: 8  terrainWaypoints: 55
04:03:03.737  Biome: DesignMaskBiomeBadlandsParched has heatSinkMulti: x0.85 
04:03:03.737  Calculated capacityMulti: 0.85 x globalHeatSinkMulti: 1 
04:03:03.737  Mech: Javelin_Trilobyte_7B9F1E30 has adjustedNormedCap: 30.6 from normedCap: 36 x multi: 0.85
04:03:03.737  Mech: Javelin_Trilobyte_7B9F1E30 has totalHeatSinkCap: 36 from currentCap: 36 + usedCap: 0
04:03:03.737  Calculating projected position heat.
04:03:03.737  CurrentPath has: 7 nodes, using destination path: (120.0, 192.2, 124.7)
04:03:03.737    Count of waypointsFromPath: 8  terrainWaypoints: 55
04:03:03.737  Biome: DesignMaskBiomeBadlandsParched has heatSinkMulti: x0.85 
04:03:03.737  Calculated capacityMulti: 0.85 x globalHeatSinkMulti: 1 
04:03:03.737  Calculating projected position heat.
04:03:03.737  CurrentPath has: 7 nodes, using destination path: (120.0, 192.2, 124.7)
04:03:03.737    Count of waypointsFromPath: 8  terrainWaypoints: 55
04:03:03.737  Biome: DesignMaskBiomeBadlandsParched has heatSinkMulti: x0.85 
04:03:03.737  Calculated capacityMulti: 0.85 x globalHeatSinkMulti: 1 
04:03:03.737  Mech: Javelin_Trilobyte_7B9F1E30 has adjustedNormedCap: 30.6 from normedCap: 36 x multi: 0.85
04:03:03.737    remainingCapacity: 36  rawCapacity: -30  normedAdjustedFraction: -30
04:03:03.737    currentHeat: 0 + tempHeat: 0 + projectedHeat: 5 + cacTerrainheat: 0 + sinkableHeat: -30  =  futureHeat: 5
04:03:03.737  Threshold heat: 0 = futureHeat: 5 + sinkableHeat: -30
04:03:03.745  Mech_SprintHeat_Getter - Javelin_Trilobyte_7B9F1E30 processing sprint heat modifiers: (original 5 + mod 0) x mult 1 = 5
04:03:03.745  Mech_SprintHeat_Getter - Javelin_Trilobyte_7B9F1E30 processing sprint heat modifiers: (original 5 + mod 0) x mult 1 = 5
04:03:03.745  Mech_SprintHeat_Getter - Javelin_Trilobyte_7B9F1E30 processing sprint heat modifiers: (original 5 + mod 0) x mult 1 = 5
04:03:03.745  Mech_SprintHeat_Getter - Javelin_Trilobyte_7B9F1E30 processing sprint heat modifiers: (original 5 + mod 0) x mult 1 = 5
04:03:03.745    Count of waypointsFromPath: 8  terrainWaypoints: 55
04:03:03.745  TerrainHeat: 0 = sumOfHeat: 0 / totalCells: 0
04:03:03.745  Calculating projected position heat.
04:03:03.745  CurrentPath has: 7 nodes, using destination path: (120.0, 192.2, 124.7)
04:03:03.745    Count of waypointsFromPath: 8  terrainWaypoints: 55
04:03:03.745  Biome: DesignMaskBiomeBadlandsParched has heatSinkMulti: x0.85 
04:03:03.745  Calculated capacityMulti: 0.85 x globalHeatSinkMulti: 1 
04:03:03.745  Calculating projected position heat.
04:03:03.745  CurrentPath has: 7 nodes, using destination path: (120.0, 192.2, 124.7)
04:03:03.745    Count of waypointsFromPath: 8  terrainWaypoints: 55
04:03:03.745  Biome: DesignMaskBiomeBadlandsParched has heatSinkMulti: x0.85 
04:03:03.745  Calculated capacityMulti: 0.85 x globalHeatSinkMulti: 1 
04:03:03.745  Mech: Javelin_Trilobyte_7B9F1E30 has adjustedNormedCap: 30.6 from normedCap: 36 x multi: 0.85
04:03:03.745  Mech: Javelin_Trilobyte_7B9F1E30 has totalHeatSinkCap: 36 from currentCap: 36 + usedCap: 0
04:03:03.745  Calculating projected position heat.
04:03:03.745  CurrentPath has: 7 nodes, using destination path: (120.0, 192.2, 124.7)
04:03:03.745    Count of waypointsFromPath: 8  terrainWaypoints: 55
04:03:03.745  Biome: DesignMaskBiomeBadlandsParched has heatSinkMulti: x0.85 
04:03:03.745  Calculated capacityMulti: 0.85 x globalHeatSinkMulti: 1 
04:03:03.745  Calculating projected position heat.
04:03:03.745  CurrentPath has: 7 nodes, using destination path: (120.0, 192.2, 124.7)
04:03:03.745    Count of waypointsFromPath: 8  terrainWaypoints: 55
04:03:03.745  Biome: DesignMaskBiomeBadlandsParched has heatSinkMulti: x0.85 
04:03:03.745  Calculated capacityMulti: 0.85 x globalHeatSinkMulti: 1 
04:03:03.745  Mech: Javelin_Trilobyte_7B9F1E30 has adjustedNormedCap: 30.6 from normedCap: 36 x multi: 0.85
04:03:03.745    remainingCapacity: 36  rawCapacity: -30  normedAdjustedFraction: -30
04:03:03.745    currentHeat: 0 + tempHeat: 0 + projectedHeat: 5 + cacTerrainheat: 0 + sinkableHeat: -30  =  futureHeat: 5
04:03:03.745  Threshold heat: 0 = futureHeat: 5 + sinkableHeat: -30
04:03:03.753  Mech_SprintHeat_Getter - Javelin_Trilobyte_7B9F1E30 processing sprint heat modifiers: (original 5 + mod 0) x mult 1 = 5
04:03:03.753  Mech_SprintHeat_Getter - Javelin_Trilobyte_7B9F1E30 processing sprint heat modifiers: (original 5 + mod 0) x mult 1 = 5
04:03:03.753  Mech_SprintHeat_Getter - Javelin_Trilobyte_7B9F1E30 processing sprint heat modifiers: (original 5 + mod 0) x mult 1 = 5
04:03:03.753  Mech_SprintHeat_Getter - Javelin_Trilobyte_7B9F1E30 processing sprint heat modifiers: (original 5 + mod 0) x mult 1 = 5
04:03:03.753    Count of waypointsFromPath: 8  terrainWaypoints: 55
04:03:03.753  TerrainHeat: 0 = sumOfHeat: 0 / totalCells: 0
04:03:03.753  Calculating projected position heat.
04:03:03.753  CurrentPath has: 7 nodes, using destination path: (120.0, 192.2, 124.7)
04:03:03.753    Count of waypointsFromPath: 8  terrainWaypoints: 55
04:03:03.753  Biome: DesignMaskBiomeBadlandsParched has heatSinkMulti: x0.85 
04:03:03.753  Calculated capacityMulti: 0.85 x globalHeatSinkMulti: 1 
04:03:03.753  Calculating projected position heat.
04:03:03.753  CurrentPath has: 7 nodes, using destination path: (120.0, 192.2, 124.7)
04:03:03.753    Count of waypointsFromPath: 8  terrainWaypoints: 55
04:03:03.753  Biome: DesignMaskBiomeBadlandsParched has heatSinkMulti: x0.85 
04:03:03.753  Calculated capacityMulti: 0.85 x globalHeatSinkMulti: 1 
04:03:03.753  Mech: Javelin_Trilobyte_7B9F1E30 has adjustedNormedCap: 30.6 from normedCap: 36 x multi: 0.85
04:03:03.753  Mech: Javelin_Trilobyte_7B9F1E30 has totalHeatSinkCap: 36 from currentCap: 36 + usedCap: 0
04:03:03.753  Calculating projected position heat.
04:03:03.753  CurrentPath has: 7 nodes, using destination path: (120.0, 192.2, 124.7)
04:03:03.753    Count of waypointsFromPath: 8  terrainWaypoints: 55
04:03:03.753  Biome: DesignMaskBiomeBadlandsParched has heatSinkMulti: x0.85 
04:03:03.753  Calculated capacityMulti: 0.85 x globalHeatSinkMulti: 1 
04:03:03.753  Calculating projected position heat.
04:03:03.754  CurrentPath has: 7 nodes, using destination path: (120.0, 192.2, 124.7)
04:03:03.754    Count of waypointsFromPath: 8  terrainWaypoints: 55
04:03:03.754  Biome: DesignMaskBiomeBadlandsParched has heatSinkMulti: x0.85 
04:03:03.754  Calculated capacityMulti: 0.85 x globalHeatSinkMulti: 1 
04:03:03.754  Mech: Javelin_Trilobyte_7B9F1E30 has adjustedNormedCap: 30.6 from normedCap: 36 x multi: 0.85
04:03:03.754    remainingCapacity: 36  rawCapacity: -30  normedAdjustedFraction: -30
04:03:03.754    currentHeat: 0 + tempHeat: 0 + projectedHeat: 5 + cacTerrainheat: 0 + sinkableHeat: -30  =  futureHeat: 5
04:03:03.754  Threshold heat: 0 = futureHeat: 5 + sinkableHeat: -30
04:03:03.762  Mech_SprintHeat_Getter - Javelin_Trilobyte_7B9F1E30 processing sprint heat modifiers: (original 5 + mod 0) x mult 1 = 5
04:03:03.762  Mech_SprintHeat_Getter - Javelin_Trilobyte_7B9F1E30 processing sprint heat modifiers: (original 5 + mod 0) x mult 1 = 5
04:03:03.762  Mech_SprintHeat_Getter - Javelin_Trilobyte_7B9F1E30 processing sprint heat modifiers: (original 5 + mod 0) x mult 1 = 5
04:03:03.762  Mech_SprintHeat_Getter - Javelin_Trilobyte_7B9F1E30 processing sprint heat modifiers: (original 5 + mod 0) x mult 1 = 5
04:03:03.762    Count of waypointsFromPath: 8  terrainWaypoints: 55
04:03:03.762  TerrainHeat: 0 = sumOfHeat: 0 / totalCells: 0
04:03:03.762  Calculating projected position heat.
04:03:03.762  CurrentPath has: 7 nodes, using destination path: (120.0, 192.2, 124.7)
04:03:03.762    Count of waypointsFromPath: 8  terrainWaypoints: 55
04:03:03.762  Biome: DesignMaskBiomeBadlandsParched has heatSinkMulti: x0.85 
04:03:03.762  Calculated capacityMulti: 0.85 x globalHeatSinkMulti: 1 
04:03:03.762  Calculating projected position heat.
04:03:03.762  CurrentPath has: 7 nodes, using destination path: (120.0, 192.2, 124.7)
04:03:03.762    Count of waypointsFromPath: 8  terrainWaypoints: 55
04:03:03.762  Biome: DesignMaskBiomeBadlandsParched has heatSinkMulti: x0.85 
04:03:03.762  Calculated capacityMulti: 0.85 x globalHeatSinkMulti: 1 
04:03:03.762  Mech: Javelin_Trilobyte_7B9F1E30 has adjustedNormedCap: 30.6 from normedCap: 36 x multi: 0.85
04:03:03.762  Mech: Javelin_Trilobyte_7B9F1E30 has totalHeatSinkCap: 36 from currentCap: 36 + usedCap: 0
04:03:03.762  Calculating projected position heat.
04:03:03.762  CurrentPath has: 7 nodes, using destination path: (120.0, 192.2, 124.7)
04:03:03.762    Count of waypointsFromPath: 8  terrainWaypoints: 55
04:03:03.762  Biome: DesignMaskBiomeBadlandsParched has heatSinkMulti: x0.85 
04:03:03.762  Calculated capacityMulti: 0.85 x globalHeatSinkMulti: 1 
04:03:03.762  Calculating projected position heat.
04:03:03.762  CurrentPath has: 7 nodes, using destination path: (120.0, 192.2, 124.7)
04:03:03.762    Count of waypointsFromPath: 8  terrainWaypoints: 55
04:03:03.762  Biome: DesignMaskBiomeBadlandsParched has heatSinkMulti: x0.85 
04:03:03.762  Calculated capacityMulti: 0.85 x globalHeatSinkMulti: 1 
04:03:03.762  Mech: Javelin_Trilobyte_7B9F1E30 has adjustedNormedCap: 30.6 from normedCap: 36 x multi: 0.85
04:03:03.762    remainingCapacity: 36  rawCapacity: -30  normedAdjustedFraction: -30
04:03:03.762    currentHeat: 0 + tempHeat: 0 + projectedHeat: 5 + cacTerrainheat: 0 + sinkableHeat: -30  =  futureHeat: 5
04:03:03.762  Threshold heat: 0 = futureHeat: 5 + sinkableHeat: -30
04:03:03.771  Mech_SprintHeat_Getter - Javelin_Trilobyte_7B9F1E30 processing sprint heat modifiers: (original 5 + mod 0) x mult 1 = 5
04:03:03.771  Mech_SprintHeat_Getter - Javelin_Trilobyte_7B9F1E30 processing sprint heat modifiers: (original 5 + mod 0) x mult 1 = 5
04:03:03.771  Mech_SprintHeat_Getter - Javelin_Trilobyte_7B9F1E30 processing sprint heat modifiers: (original 5 + mod 0) x mult 1 = 5
04:03:03.771  Mech_SprintHeat_Getter - Javelin_Trilobyte_7B9F1E30 processing sprint heat modifiers: (original 5 + mod 0) x mult 1 = 5
04:03:03.771    Count of waypointsFromPath: 8  terrainWaypoints: 55
04:03:03.771  TerrainHeat: 0 = sumOfHeat: 0 / totalCells: 0
04:03:03.771  Calculating projected position heat.
04:03:03.771  CurrentPath has: 7 nodes, using destination path: (120.0, 192.2, 124.7)
04:03:03.771    Count of waypointsFromPath: 8  terrainWaypoints: 55
04:03:03.771  Biome: DesignMaskBiomeBadlandsParched has heatSinkMulti: x0.85 
04:03:03.771  Calculated capacityMulti: 0.85 x globalHeatSinkMulti: 1 
04:03:03.771  Calculating projected position heat.
04:03:03.771  CurrentPath has: 7 nodes, using destination path: (120.0, 192.2, 124.7)
04:03:03.771    Count of waypointsFromPath: 8  terrainWaypoints: 55
04:03:03.771  Biome: DesignMaskBiomeBadlandsParched has heatSinkMulti: x0.85 
04:03:03.771  Calculated capacityMulti: 0.85 x globalHeatSinkMulti: 1 
04:03:03.771  Mech: Javelin_Trilobyte_7B9F1E30 has adjustedNormedCap: 30.6 from normedCap: 36 x multi: 0.85
04:03:03.771  Mech: Javelin_Trilobyte_7B9F1E30 has totalHeatSinkCap: 36 from currentCap: 36 + usedCap: 0
04:03:03.771  Calculating projected position heat.
04:03:03.771  CurrentPath has: 7 nodes, using destination path: (120.0, 192.2, 124.7)
04:03:03.771    Count of waypointsFromPath: 8  terrainWaypoints: 55
04:03:03.771  Biome: DesignMaskBiomeBadlandsParched has heatSinkMulti: x0.85 
04:03:03.771  Calculated capacityMulti: 0.85 x globalHeatSinkMulti: 1 
04:03:03.771  Calculating projected position heat.
04:03:03.771  CurrentPath has: 7 nodes, using destination path: (120.0, 192.2, 124.7)
04:03:03.771    Count of waypointsFromPath: 8  terrainWaypoints: 55
04:03:03.771  Biome: DesignMaskBiomeBadlandsParched has heatSinkMulti: x0.85 
04:03:03.771  Calculated capacityMulti: 0.85 x globalHeatSinkMulti: 1 
04:03:03.771  Mech: Javelin_Trilobyte_7B9F1E30 has adjustedNormedCap: 30.6 from normedCap: 36 x multi: 0.85
04:03:03.771    remainingCapacity: 36  rawCapacity: -30  normedAdjustedFraction: -30
04:03:03.771    currentHeat: 0 + tempHeat: 0 + projectedHeat: 5 + cacTerrainheat: 0 + sinkableHeat: -30  =  futureHeat: 5
04:03:03.771  Threshold heat: 0 = futureHeat: 5 + sinkableHeat: -30
04:03:03.779  Mech_SprintHeat_Getter - Javelin_Trilobyte_7B9F1E30 processing sprint heat modifiers: (original 5 + mod 0) x mult 1 = 5
04:03:03.779  Mech_SprintHeat_Getter - Javelin_Trilobyte_7B9F1E30 processing sprint heat modifiers: (original 5 + mod 0) x mult 1 = 5
04:03:03.779  Mech_SprintHeat_Getter - Javelin_Trilobyte_7B9F1E30 processing sprint heat modifiers: (original 5 + mod 0) x mult 1 = 5
04:03:03.779  Mech_SprintHeat_Getter - Javelin_Trilobyte_7B9F1E30 processing sprint heat modifiers: (original 5 + mod 0) x mult 1 = 5
04:03:03.779    Count of waypointsFromPath: 8  terrainWaypoints: 55
04:03:03.779  TerrainHeat: 0 = sumOfHeat: 0 / totalCells: 0
04:03:03.779  Calculating projected position heat.
04:03:03.779  CurrentPath has: 7 nodes, using destination path: (120.0, 192.2, 124.7)
04:03:03.779    Count of waypointsFromPath: 8  terrainWaypoints: 55
04:03:03.779  Biome: DesignMaskBiomeBadlandsParched has heatSinkMulti: x0.85 
04:03:03.779  Calculated capacityMulti: 0.85 x globalHeatSinkMulti: 1 
04:03:03.779  Calculating projected position heat.
04:03:03.779  CurrentPath has: 7 nodes, using destination path: (120.0, 192.2, 124.7)
04:03:03.779    Count of waypointsFromPath: 8  terrainWaypoints: 55
04:03:03.779  Biome: DesignMaskBiomeBadlandsParched has heatSinkMulti: x0.85 
04:03:03.779  Calculated capacityMulti: 0.85 x globalHeatSinkMulti: 1 
04:03:03.779  Mech: Javelin_Trilobyte_7B9F1E30 has adjustedNormedCap: 30.6 from normedCap: 36 x multi: 0.85
04:03:03.779  Mech: Javelin_Trilobyte_7B9F1E30 has totalHeatSinkCap: 36 from currentCap: 36 + usedCap: 0
04:03:03.779  Calculating projected position heat.
04:03:03.779  CurrentPath has: 7 nodes, using destination path: (120.0, 192.2, 124.7)
04:03:03.779    Count of waypointsFromPath: 8  terrainWaypoints: 55
04:03:03.779  Biome: DesignMaskBiomeBadlandsParched has heatSinkMulti: x0.85 
04:03:03.779  Calculated capacityMulti: 0.85 x globalHeatSinkMulti: 1 
04:03:03.779  Calculating projected position heat.
04:03:03.779  CurrentPath has: 7 nodes, using destination path: (120.0, 192.2, 124.7)
04:03:03.779    Count of waypointsFromPath: 8  terrainWaypoints: 55
04:03:03.779  Biome: DesignMaskBiomeBadlandsParched has heatSinkMulti: x0.85 
04:03:03.779  Calculated capacityMulti: 0.85 x globalHeatSinkMulti: 1 
04:03:03.779  Mech: Javelin_Trilobyte_7B9F1E30 has adjustedNormedCap: 30.6 from normedCap: 36 x multi: 0.85
04:03:03.779    remainingCapacity: 36  rawCapacity: -30  normedAdjustedFraction: -30
04:03:03.779    currentHeat: 0 + tempHeat: 0 + projectedHeat: 5 + cacTerrainheat: 0 + sinkableHeat: -30  =  futureHeat: 5
04:03:03.779  Threshold heat: 0 = futureHeat: 5 + sinkableHeat: -30
04:03:03.787  Mech_SprintHeat_Getter - Javelin_Trilobyte_7B9F1E30 processing sprint heat modifiers: (original 5 + mod 0) x mult 1 = 5
04:03:03.787  Mech_SprintHeat_Getter - Javelin_Trilobyte_7B9F1E30 processing sprint heat modifiers: (original 5 + mod 0) x mult 1 = 5
04:03:03.787  Mech_SprintHeat_Getter - Javelin_Trilobyte_7B9F1E30 processing sprint heat modifiers: (original 5 + mod 0) x mult 1 = 5
04:03:03.787  Mech_SprintHeat_Getter - Javelin_Trilobyte_7B9F1E30 processing sprint heat modifiers: (original 5 + mod 0) x mult 1 = 5
04:03:03.787    Count of waypointsFromPath: 8  terrainWaypoints: 55
04:03:03.787  TerrainHeat: 0 = sumOfHeat: 0 / totalCells: 0
04:03:03.787  Calculating projected position heat.
04:03:03.787  CurrentPath has: 7 nodes, using destination path: (120.0, 192.2, 124.7)
04:03:03.787    Count of waypointsFromPath: 8  terrainWaypoints: 55
04:03:03.787  Biome: DesignMaskBiomeBadlandsParched has heatSinkMulti: x0.85 
04:03:03.787  Calculated capacityMulti: 0.85 x globalHeatSinkMulti: 1 
04:03:03.787  Calculating projected position heat.
04:03:03.787  CurrentPath has: 7 nodes, using destination path: (120.0, 192.2, 124.7)
04:03:03.787    Count of waypointsFromPath: 8  terrainWaypoints: 55
04:03:03.787  Biome: DesignMaskBiomeBadlandsParched has heatSinkMulti: x0.85 
04:03:03.787  Calculated capacityMulti: 0.85 x globalHeatSinkMulti: 1 
04:03:03.787  Mech: Javelin_Trilobyte_7B9F1E30 has adjustedNormedCap: 30.6 from normedCap: 36 x multi: 0.85
04:03:03.787  Mech: Javelin_Trilobyte_7B9F1E30 has totalHeatSinkCap: 36 from currentCap: 36 + usedCap: 0
04:03:03.787  Calculating projected position heat.
04:03:03.787  CurrentPath has: 7 nodes, using destination path: (120.0, 192.2, 124.7)
04:03:03.787    Count of waypointsFromPath: 8  terrainWaypoints: 55
04:03:03.787  Biome: DesignMaskBiomeBadlandsParched has heatSinkMulti: x0.85 
04:03:03.787  Calculated capacityMulti: 0.85 x globalHeatSinkMulti: 1 
04:03:03.787  Calculating projected position heat.
04:03:03.787  CurrentPath has: 7 nodes, using destination path: (120.0, 192.2, 124.7)
04:03:03.787    Count of waypointsFromPath: 8  terrainWaypoints: 55
04:03:03.787  Biome: DesignMaskBiomeBadlandsParched has heatSinkMulti: x0.85 
04:03:03.787  Calculated capacityMulti: 0.85 x globalHeatSinkMulti: 1 
04:03:03.787  Mech: Javelin_Trilobyte_7B9F1E30 has adjustedNormedCap: 30.6 from normedCap: 36 x multi: 0.85
04:03:03.787    remainingCapacity: 36  rawCapacity: -30  normedAdjustedFraction: -30
04:03:03.787    currentHeat: 0 + tempHeat: 0 + projectedHeat: 5 + cacTerrainheat: 0 + sinkableHeat: -30  =  futureHeat: 5
04:03:03.787  Threshold heat: 0 = futureHeat: 5 + sinkableHeat: -30
04:03:03.796  Mech_SprintHeat_Getter - Javelin_Trilobyte_7B9F1E30 processing sprint heat modifiers: (original 5 + mod 0) x mult 1 = 5
04:03:03.796  Mech_SprintHeat_Getter - Javelin_Trilobyte_7B9F1E30 processing sprint heat modifiers: (original 5 + mod 0) x mult 1 = 5
04:03:03.796  Mech_SprintHeat_Getter - Javelin_Trilobyte_7B9F1E30 processing sprint heat modifiers: (original 5 + mod 0) x mult 1 = 5
04:03:03.796  Mech_SprintHeat_Getter - Javelin_Trilobyte_7B9F1E30 processing sprint heat modifiers: (original 5 + mod 0) x mult 1 = 5
04:03:03.796    Count of waypointsFromPath: 8  terrainWaypoints: 55
04:03:03.796  TerrainHeat: 0 = sumOfHeat: 0 / totalCells: 0
04:03:03.796  Calculating projected position heat.
04:03:03.796  CurrentPath has: 7 nodes, using destination path: (120.0, 192.2, 124.7)
04:03:03.796    Count of waypointsFromPath: 8  terrainWaypoints: 55
04:03:03.796  Biome: DesignMaskBiomeBadlandsParched has heatSinkMulti: x0.85 
04:03:03.796  Calculated capacityMulti: 0.85 x globalHeatSinkMulti: 1 
04:03:03.796  Calculating projected position heat.
04:03:03.796  CurrentPath has: 7 nodes, using destination path: (120.0, 192.2, 124.7)
04:03:03.796    Count of waypointsFromPath: 8  terrainWaypoints: 55
04:03:03.796  Biome: DesignMaskBiomeBadlandsParched has heatSinkMulti: x0.85 
04:03:03.796  Calculated capacityMulti: 0.85 x globalHeatSinkMulti: 1 
04:03:03.796  Mech: Javelin_Trilobyte_7B9F1E30 has adjustedNormedCap: 30.6 from normedCap: 36 x multi: 0.85
04:03:03.796  Mech: Javelin_Trilobyte_7B9F1E30 has totalHeatSinkCap: 36 from currentCap: 36 + usedCap: 0
04:03:03.796  Calculating projected position heat.
04:03:03.796  CurrentPath has: 7 nodes, using destination path: (120.0, 192.2, 124.7)
04:03:03.796    Count of waypointsFromPath: 8  terrainWaypoints: 55
04:03:03.796  Biome: DesignMaskBiomeBadlandsParched has heatSinkMulti: x0.85 
04:03:03.796  Calculated capacityMulti: 0.85 x globalHeatSinkMulti: 1 
04:03:03.796  Calculating projected position heat.
04:03:03.796  CurrentPath has: 7 nodes, using destination path: (120.0, 192.2, 124.7)
04:03:03.796    Count of waypointsFromPath: 8  terrainWaypoints: 55
04:03:03.796  Biome: DesignMaskBiomeBadlandsParched has heatSinkMulti: x0.85 
04:03:03.796  Calculated capacityMulti: 0.85 x globalHeatSinkMulti: 1 
04:03:03.796  Mech: Javelin_Trilobyte_7B9F1E30 has adjustedNormedCap: 30.6 from normedCap: 36 x multi: 0.85
04:03:03.796    remainingCapacity: 36  rawCapacity: -30  normedAdjustedFraction: -30
04:03:03.796    currentHeat: 0 + tempHeat: 0 + projectedHeat: 5 + cacTerrainheat: 0 + sinkableHeat: -30  =  futureHeat: 5
04:03:03.796  Threshold heat: 0 = futureHeat: 5 + sinkableHeat: -30
04:03:03.804  Mech_SprintHeat_Getter - Javelin_Trilobyte_7B9F1E30 processing sprint heat modifiers: (original 5 + mod 0) x mult 1 = 5
04:03:03.804  Mech_SprintHeat_Getter - Javelin_Trilobyte_7B9F1E30 processing sprint heat modifiers: (original 5 + mod 0) x mult 1 = 5
04:03:03.804  Mech_SprintHeat_Getter - Javelin_Trilobyte_7B9F1E30 processing sprint heat modifiers: (original 5 + mod 0) x mult 1 = 5
04:03:03.804  Mech_SprintHeat_Getter - Javelin_Trilobyte_7B9F1E30 processing sprint heat modifiers: (original 5 + mod 0) x mult 1 = 5
04:03:03.804    Count of waypointsFromPath: 8  terrainWaypoints: 55
04:03:03.804  TerrainHeat: 0 = sumOfHeat: 0 / totalCells: 0
04:03:03.804  Calculating projected position heat.
04:03:03.804  CurrentPath has: 7 nodes, using destination path: (120.0, 192.2, 124.7)
04:03:03.804    Count of waypointsFromPath: 8  terrainWaypoints: 55
04:03:03.804  Biome: DesignMaskBiomeBadlandsParched has heatSinkMulti: x0.85 
04:03:03.804  Calculated capacityMulti: 0.85 x globalHeatSinkMulti: 1 
04:03:03.804  Calculating projected position heat.
04:03:03.804  CurrentPath has: 7 nodes, using destination path: (120.0, 192.2, 124.7)
04:03:03.804    Count of waypointsFromPath: 8  terrainWaypoints: 55
04:03:03.804  Biome: DesignMaskBiomeBadlandsParched has heatSinkMulti: x0.85 
04:03:03.804  Calculated capacityMulti: 0.85 x globalHeatSinkMulti: 1 
04:03:03.804  Mech: Javelin_Trilobyte_7B9F1E30 has adjustedNormedCap: 30.6 from normedCap: 36 x multi: 0.85
04:03:03.804  Mech: Javelin_Trilobyte_7B9F1E30 has totalHeatSinkCap: 36 from currentCap: 36 + usedCap: 0
04:03:03.804  Calculating projected position heat.
04:03:03.804  CurrentPath has: 7 nodes, using destination path: (120.0, 192.2, 124.7)
04:03:03.804    Count of waypointsFromPath: 8  terrainWaypoints: 55
04:03:03.804  Biome: DesignMaskBiomeBadlandsParched has heatSinkMulti: x0.85 
04:03:03.804  Calculated capacityMulti: 0.85 x globalHeatSinkMulti: 1 
04:03:03.804  Calculating projected position heat.
04:03:03.804  CurrentPath has: 7 nodes, using destination path: (120.0, 192.2, 124.7)
04:03:03.804    Count of waypointsFromPath: 8  terrainWaypoints: 55
04:03:03.804  Biome: DesignMaskBiomeBadlandsParched has heatSinkMulti: x0.85 
04:03:03.804  Calculated capacityMulti: 0.85 x globalHeatSinkMulti: 1 
04:03:03.804  Mech: Javelin_Trilobyte_7B9F1E30 has adjustedNormedCap: 30.6 from normedCap: 36 x multi: 0.85
04:03:03.804    remainingCapacity: 36  rawCapacity: -30  normedAdjustedFraction: -30
04:03:03.804    currentHeat: 0 + tempHeat: 0 + projectedHeat: 5 + cacTerrainheat: 0 + sinkableHeat: -30  =  futureHeat: 5
04:03:03.804  Threshold heat: 0 = futureHeat: 5 + sinkableHeat: -30
04:03:03.813  Mech_SprintHeat_Getter - Javelin_Trilobyte_7B9F1E30 processing sprint heat modifiers: (original 5 + mod 0) x mult 1 = 5
04:03:03.813  Mech_SprintHeat_Getter - Javelin_Trilobyte_7B9F1E30 processing sprint heat modifiers: (original 5 + mod 0) x mult 1 = 5
04:03:03.813  Mech_SprintHeat_Getter - Javelin_Trilobyte_7B9F1E30 processing sprint heat modifiers: (original 5 + mod 0) x mult 1 = 5
04:03:03.813  Mech_SprintHeat_Getter - Javelin_Trilobyte_7B9F1E30 processing sprint heat modifiers: (original 5 + mod 0) x mult 1 = 5
04:03:03.813    Count of waypointsFromPath: 8  terrainWaypoints: 55
04:03:03.813  TerrainHeat: 0 = sumOfHeat: 0 / totalCells: 0
04:03:03.813  Calculating projected position heat.
04:03:03.813  CurrentPath has: 7 nodes, using destination path: (120.0, 192.2, 124.7)
04:03:03.813    Count of waypointsFromPath: 8  terrainWaypoints: 55
04:03:03.813  Biome: DesignMaskBiomeBadlandsParched has heatSinkMulti: x0.85 
04:03:03.813  Calculated capacityMulti: 0.85 x globalHeatSinkMulti: 1 
04:03:03.813  Calculating projected position heat.
04:03:03.813  CurrentPath has: 7 nodes, using destination path: (120.0, 192.2, 124.7)
04:03:03.813    Count of waypointsFromPath: 8  terrainWaypoints: 55
04:03:03.813  Biome: DesignMaskBiomeBadlandsParched has heatSinkMulti: x0.85 
04:03:03.813  Calculated capacityMulti: 0.85 x globalHeatSinkMulti: 1 
04:03:03.813  Mech: Javelin_Trilobyte_7B9F1E30 has adjustedNormedCap: 30.6 from normedCap: 36 x multi: 0.85
04:03:03.813  Mech: Javelin_Trilobyte_7B9F1E30 has totalHeatSinkCap: 36 from currentCap: 36 + usedCap: 0
04:03:03.813  Calculating projected position heat.
04:03:03.813  CurrentPath has: 7 nodes, using destination path: (120.0, 192.2, 124.7)
04:03:03.813    Count of waypointsFromPath: 8  terrainWaypoints: 55
04:03:03.813  Biome: DesignMaskBiomeBadlandsParched has heatSinkMulti: x0.85 
04:03:03.813  Calculated capacityMulti: 0.85 x globalHeatSinkMulti: 1 
04:03:03.813  Calculating projected position heat.
04:03:03.813  CurrentPath has: 7 nodes, using destination path: (120.0, 192.2, 124.7)
04:03:03.813    Count of waypointsFromPath: 8  terrainWaypoints: 55
04:03:03.813  Biome: DesignMaskBiomeBadlandsParched has heatSinkMulti: x0.85 
04:03:03.813  Calculated capacityMulti: 0.85 x globalHeatSinkMulti: 1 
04:03:03.813  Mech: Javelin_Trilobyte_7B9F1E30 has adjustedNormedCap: 30.6 from normedCap: 36 x multi: 0.85
04:03:03.813    remainingCapacity: 36  rawCapacity: -30  normedAdjustedFraction: -30
04:03:03.813    currentHeat: 0 + tempHeat: 0 + projectedHeat: 5 + cacTerrainheat: 0 + sinkableHeat: -30  =  futureHeat: 5
04:03:03.813  Threshold heat: 0 = futureHeat: 5 + sinkableHeat: -30
04:03:03.821  Mech_SprintHeat_Getter - Javelin_Trilobyte_7B9F1E30 processing sprint heat modifiers: (original 5 + mod 0) x mult 1 = 5
04:03:03.821  Mech_SprintHeat_Getter - Javelin_Trilobyte_7B9F1E30 processing sprint heat modifiers: (original 5 + mod 0) x mult 1 = 5
04:03:03.821  Mech_SprintHeat_Getter - Javelin_Trilobyte_7B9F1E30 processing sprint heat modifiers: (original 5 + mod 0) x mult 1 = 5
04:03:03.821  Mech_SprintHeat_Getter - Javelin_Trilobyte_7B9F1E30 processing sprint heat modifiers: (original 5 + mod 0) x mult 1 = 5
04:03:03.821    Count of waypointsFromPath: 8  terrainWaypoints: 55
04:03:03.821  TerrainHeat: 0 = sumOfHeat: 0 / totalCells: 0
04:03:03.821  Calculating projected position heat.
04:03:03.821  CurrentPath has: 7 nodes, using destination path: (120.0, 192.2, 124.7)
04:03:03.821    Count of waypointsFromPath: 8  terrainWaypoints: 55
04:03:03.821  Biome: DesignMaskBiomeBadlandsParched has heatSinkMulti: x0.85 
04:03:03.821  Calculated capacityMulti: 0.85 x globalHeatSinkMulti: 1 
04:03:03.821  Calculating projected position heat.
04:03:03.821  CurrentPath has: 7 nodes, using destination path: (120.0, 192.2, 124.7)
04:03:03.821    Count of waypointsFromPath: 8  terrainWaypoints: 55
04:03:03.821  Biome: DesignMaskBiomeBadlandsParched has heatSinkMulti: x0.85 
04:03:03.821  Calculated capacityMulti: 0.85 x globalHeatSinkMulti: 1 
04:03:03.821  Mech: Javelin_Trilobyte_7B9F1E30 has adjustedNormedCap: 30.6 from normedCap: 36 x multi: 0.85
04:03:03.821  Mech: Javelin_Trilobyte_7B9F1E30 has totalHeatSinkCap: 36 from currentCap: 36 + usedCap: 0
04:03:03.821  Calculating projected position heat.
04:03:03.821  CurrentPath has: 7 nodes, using destination path: (120.0, 192.2, 124.7)
04:03:03.821    Count of waypointsFromPath: 8  terrainWaypoints: 55
04:03:03.821  Biome: DesignMaskBiomeBadlandsParched has heatSinkMulti: x0.85 
04:03:03.821  Calculated capacityMulti: 0.85 x globalHeatSinkMulti: 1 
04:03:03.821  Calculating projected position heat.
04:03:03.821  CurrentPath has: 7 nodes, using destination path: (120.0, 192.2, 124.7)
04:03:03.821    Count of waypointsFromPath: 8  terrainWaypoints: 55
04:03:03.821  Biome: DesignMaskBiomeBadlandsParched has heatSinkMulti: x0.85 
04:03:03.821  Calculated capacityMulti: 0.85 x globalHeatSinkMulti: 1 
04:03:03.821  Mech: Javelin_Trilobyte_7B9F1E30 has adjustedNormedCap: 30.6 from normedCap: 36 x multi: 0.85
04:03:03.821    remainingCapacity: 36  rawCapacity: -30  normedAdjustedFraction: -30
04:03:03.821    currentHeat: 0 + tempHeat: 0 + projectedHeat: 5 + cacTerrainheat: 0 + sinkableHeat: -30  =  futureHeat: 5
04:03:03.821  Threshold heat: 0 = futureHeat: 5 + sinkableHeat: -30
04:03:03.829  Mech_SprintHeat_Getter - Javelin_Trilobyte_7B9F1E30 processing sprint heat modifiers: (original 5 + mod 0) x mult 1 = 5
04:03:03.829  Mech_SprintHeat_Getter - Javelin_Trilobyte_7B9F1E30 processing sprint heat modifiers: (original 5 + mod 0) x mult 1 = 5
04:03:03.829  Mech_SprintHeat_Getter - Javelin_Trilobyte_7B9F1E30 processing sprint heat modifiers: (original 5 + mod 0) x mult 1 = 5
04:03:03.829  Mech_SprintHeat_Getter - Javelin_Trilobyte_7B9F1E30 processing sprint heat modifiers: (original 5 + mod 0) x mult 1 = 5
04:03:03.829    Count of waypointsFromPath: 8  terrainWaypoints: 55
04:03:03.829  TerrainHeat: 0 = sumOfHeat: 0 / totalCells: 0
04:03:03.829  Calculating projected position heat.
04:03:03.829  CurrentPath has: 7 nodes, using destination path: (120.0, 192.2, 124.7)
04:03:03.829    Count of waypointsFromPath: 8  terrainWaypoints: 55
04:03:03.829  Biome: DesignMaskBiomeBadlandsParched has heatSinkMulti: x0.85 
04:03:03.829  Calculated capacityMulti: 0.85 x globalHeatSinkMulti: 1 
04:03:03.829  Calculating projected position heat.
04:03:03.829  CurrentPath has: 7 nodes, using destination path: (120.0, 192.2, 124.7)
04:03:03.829    Count of waypointsFromPath: 8  terrainWaypoints: 55
04:03:03.830  Biome: DesignMaskBiomeBadlandsParched has heatSinkMulti: x0.85 
04:03:03.830  Calculated capacityMulti: 0.85 x globalHeatSinkMulti: 1 
04:03:03.830  Mech: Javelin_Trilobyte_7B9F1E30 has adjustedNormedCap: 30.6 from normedCap: 36 x multi: 0.85
04:03:03.830  Mech: Javelin_Trilobyte_7B9F1E30 has totalHeatSinkCap: 36 from currentCap: 36 + usedCap: 0
04:03:03.830  Calculating projected position heat.
04:03:03.830  CurrentPath has: 7 nodes, using destination path: (120.0, 192.2, 124.7)
04:03:03.830    Count of waypointsFromPath: 8  terrainWaypoints: 55
04:03:03.830  Biome: DesignMaskBiomeBadlandsParched has heatSinkMulti: x0.85 
04:03:03.830  Calculated capacityMulti: 0.85 x globalHeatSinkMulti: 1 
04:03:03.830  Calculating projected position heat.
04:03:03.830  CurrentPath has: 7 nodes, using destination path: (120.0, 192.2, 124.7)
04:03:03.830    Count of waypointsFromPath: 8  terrainWaypoints: 55
04:03:03.830  Biome: DesignMaskBiomeBadlandsParched has heatSinkMulti: x0.85 
04:03:03.830  Calculated capacityMulti: 0.85 x globalHeatSinkMulti: 1 
04:03:03.830  Mech: Javelin_Trilobyte_7B9F1E30 has adjustedNormedCap: 30.6 from normedCap: 36 x multi: 0.85
04:03:03.830    remainingCapacity: 36  rawCapacity: -30  normedAdjustedFraction: -30
04:03:03.830    currentHeat: 0 + tempHeat: 0 + projectedHeat: 5 + cacTerrainheat: 0 + sinkableHeat: -30  =  futureHeat: 5
04:03:03.830  Threshold heat: 0 = futureHeat: 5 + sinkableHeat: -30
04:03:03.839  Mech_SprintHeat_Getter - Javelin_Trilobyte_7B9F1E30 processing sprint heat modifiers: (original 5 + mod 0) x mult 1 = 5
04:03:03.839  Mech_SprintHeat_Getter - Javelin_Trilobyte_7B9F1E30 processing sprint heat modifiers: (original 5 + mod 0) x mult 1 = 5
04:03:03.839  Mech_SprintHeat_Getter - Javelin_Trilobyte_7B9F1E30 processing sprint heat modifiers: (original 5 + mod 0) x mult 1 = 5
04:03:03.839  Mech_SprintHeat_Getter - Javelin_Trilobyte_7B9F1E30 processing sprint heat modifiers: (original 5 + mod 0) x mult 1 = 5
04:03:03.839    Count of waypointsFromPath: 8  terrainWaypoints: 55
04:03:03.839  TerrainHeat: 0 = sumOfHeat: 0 / totalCells: 0
04:03:03.839  Calculating projected position heat.
04:03:03.839  CurrentPath has: 7 nodes, using destination path: (120.0, 192.2, 124.7)
04:03:03.839    Count of waypointsFromPath: 8  terrainWaypoints: 55
04:03:03.839  Biome: DesignMaskBiomeBadlandsParched has heatSinkMulti: x0.85 
04:03:03.839  Calculated capacityMulti: 0.85 x globalHeatSinkMulti: 1 
04:03:03.839  Calculating projected position heat.
04:03:03.839  CurrentPath has: 7 nodes, using destination path: (120.0, 192.2, 124.7)
04:03:03.839    Count of waypointsFromPath: 8  terrainWaypoints: 55
04:03:03.839  Biome: DesignMaskBiomeBadlandsParched has heatSinkMulti: x0.85 
04:03:03.839  Calculated capacityMulti: 0.85 x globalHeatSinkMulti: 1 
04:03:03.839  Mech: Javelin_Trilobyte_7B9F1E30 has adjustedNormedCap: 30.6 from normedCap: 36 x multi: 0.85
04:03:03.839  Mech: Javelin_Trilobyte_7B9F1E30 has totalHeatSinkCap: 36 from currentCap: 36 + usedCap: 0
04:03:03.839  Calculating projected position heat.
04:03:03.839  CurrentPath has: 7 nodes, using destination path: (120.0, 192.2, 124.7)
04:03:03.839    Count of waypointsFromPath: 8  terrainWaypoints: 55
04:03:03.839  Biome: DesignMaskBiomeBadlandsParched has heatSinkMulti: x0.85 
04:03:03.839  Calculated capacityMulti: 0.85 x globalHeatSinkMulti: 1 
04:03:03.839  Calculating projected position heat.
04:03:03.839  CurrentPath has: 7 nodes, using destination path: (120.0, 192.2, 124.7)
04:03:03.839    Count of waypointsFromPath: 8  terrainWaypoints: 55
04:03:03.839  Biome: DesignMaskBiomeBadlandsParched has heatSinkMulti: x0.85 
04:03:03.839  Calculated capacityMulti: 0.85 x globalHeatSinkMulti: 1 
04:03:03.839  Mech: Javelin_Trilobyte_7B9F1E30 has adjustedNormedCap: 30.6 from normedCap: 36 x multi: 0.85
04:03:03.839    remainingCapacity: 36  rawCapacity: -30  normedAdjustedFraction: -30
04:03:03.839    currentHeat: 0 + tempHeat: 0 + projectedHeat: 5 + cacTerrainheat: 0 + sinkableHeat: -30  =  futureHeat: 5
04:03:03.839  Threshold heat: 0 = futureHeat: 5 + sinkableHeat: -30
04:03:03.847  Mech_SprintHeat_Getter - Javelin_Trilobyte_7B9F1E30 processing sprint heat modifiers: (original 5 + mod 0) x mult 1 = 5
04:03:03.847  Mech_SprintHeat_Getter - Javelin_Trilobyte_7B9F1E30 processing sprint heat modifiers: (original 5 + mod 0) x mult 1 = 5
04:03:03.847  Mech_SprintHeat_Getter - Javelin_Trilobyte_7B9F1E30 processing sprint heat modifiers: (original 5 + mod 0) x mult 1 = 5
04:03:03.847  Mech_SprintHeat_Getter - Javelin_Trilobyte_7B9F1E30 processing sprint heat modifiers: (original 5 + mod 0) x mult 1 = 5
04:03:03.847    Count of waypointsFromPath: 8  terrainWaypoints: 55
04:03:03.847  TerrainHeat: 0 = sumOfHeat: 0 / totalCells: 0
04:03:03.847  Calculating projected position heat.
04:03:03.847  CurrentPath has: 7 nodes, using destination path: (120.0, 192.2, 124.7)
04:03:03.847    Count of waypointsFromPath: 8  terrainWaypoints: 55
04:03:03.847  Biome: DesignMaskBiomeBadlandsParched has heatSinkMulti: x0.85 
04:03:03.847  Calculated capacityMulti: 0.85 x globalHeatSinkMulti: 1 
04:03:03.847  Calculating projected position heat.
04:03:03.847  CurrentPath has: 7 nodes, using destination path: (120.0, 192.2, 124.7)
04:03:03.847    Count of waypointsFromPath: 8  terrainWaypoints: 55
04:03:03.847  Biome: DesignMaskBiomeBadlandsParched has heatSinkMulti: x0.85 
04:03:03.847  Calculated capacityMulti: 0.85 x globalHeatSinkMulti: 1 
04:03:03.847  Mech: Javelin_Trilobyte_7B9F1E30 has adjustedNormedCap: 30.6 from normedCap: 36 x multi: 0.85
04:03:03.847  Mech: Javelin_Trilobyte_7B9F1E30 has totalHeatSinkCap: 36 from currentCap: 36 + usedCap: 0
04:03:03.847  Calculating projected position heat.
04:03:03.847  CurrentPath has: 7 nodes, using destination path: (120.0, 192.2, 124.7)
04:03:03.847    Count of waypointsFromPath: 8  terrainWaypoints: 55
04:03:03.847  Biome: DesignMaskBiomeBadlandsParched has heatSinkMulti: x0.85 
04:03:03.847  Calculated capacityMulti: 0.85 x globalHeatSinkMulti: 1 
04:03:03.847  Calculating projected position heat.
04:03:03.847  CurrentPath has: 7 nodes, using destination path: (120.0, 192.2, 124.7)
04:03:03.847    Count of waypointsFromPath: 8  terrainWaypoints: 55
04:03:03.847  Biome: DesignMaskBiomeBadlandsParched has heatSinkMulti: x0.85 
04:03:03.847  Calculated capacityMulti: 0.85 x globalHeatSinkMulti: 1 
04:03:03.847  Mech: Javelin_Trilobyte_7B9F1E30 has adjustedNormedCap: 30.6 from normedCap: 36 x multi: 0.85
04:03:03.847    remainingCapacity: 36  rawCapacity: -30  normedAdjustedFraction: -30
04:03:03.847    currentHeat: 0 + tempHeat: 0 + projectedHeat: 5 + cacTerrainheat: 0 + sinkableHeat: -30  =  futureHeat: 5
04:03:03.847  Threshold heat: 0 = futureHeat: 5 + sinkableHeat: -30
04:03:03.854  Mech_SprintHeat_Getter - Javelin_Trilobyte_7B9F1E30 processing sprint heat modifiers: (original 5 + mod 0) x mult 1 = 5
04:03:03.855  Mech_SprintHeat_Getter - Javelin_Trilobyte_7B9F1E30 processing sprint heat modifiers: (original 5 + mod 0) x mult 1 = 5
04:03:03.855  Mech_SprintHeat_Getter - Javelin_Trilobyte_7B9F1E30 processing sprint heat modifiers: (original 5 + mod 0) x mult 1 = 5
04:03:03.855  Mech_SprintHeat_Getter - Javelin_Trilobyte_7B9F1E30 processing sprint heat modifiers: (original 5 + mod 0) x mult 1 = 5
04:03:03.855    Count of waypointsFromPath: 8  terrainWaypoints: 55
04:03:03.855  TerrainHeat: 0 = sumOfHeat: 0 / totalCells: 0
04:03:03.855  Calculating projected position heat.
04:03:03.855  CurrentPath has: 7 nodes, using destination path: (120.0, 192.2, 124.7)
04:03:03.855    Count of waypointsFromPath: 8  terrainWaypoints: 55
04:03:03.855  Biome: DesignMaskBiomeBadlandsParched has heatSinkMulti: x0.85 
04:03:03.855  Calculated capacityMulti: 0.85 x globalHeatSinkMulti: 1 
04:03:03.855  Calculating projected position heat.
04:03:03.855  CurrentPath has: 7 nodes, using destination path: (120.0, 192.2, 124.7)
04:03:03.855    Count of waypointsFromPath: 8  terrainWaypoints: 55
04:03:03.855  Biome: DesignMaskBiomeBadlandsParched has heatSinkMulti: x0.85 
04:03:03.855  Calculated capacityMulti: 0.85 x globalHeatSinkMulti: 1 
04:03:03.855  Mech: Javelin_Trilobyte_7B9F1E30 has adjustedNormedCap: 30.6 from normedCap: 36 x multi: 0.85
04:03:03.855  Mech: Javelin_Trilobyte_7B9F1E30 has totalHeatSinkCap: 36 from currentCap: 36 + usedCap: 0
04:03:03.855  Calculating projected position heat.
04:03:03.855  CurrentPath has: 7 nodes, using destination path: (120.0, 192.2, 124.7)
04:03:03.855    Count of waypointsFromPath: 8  terrainWaypoints: 55
04:03:03.855  Biome: DesignMaskBiomeBadlandsParched has heatSinkMulti: x0.85 
04:03:03.855  Calculated capacityMulti: 0.85 x globalHeatSinkMulti: 1 
04:03:03.855  Calculating projected position heat.
04:03:03.855  CurrentPath has: 7 nodes, using destination path: (120.0, 192.2, 124.7)
04:03:03.855    Count of waypointsFromPath: 8  terrainWaypoints: 55
04:03:03.855  Biome: DesignMaskBiomeBadlandsParched has heatSinkMulti: x0.85 
04:03:03.855  Calculated capacityMulti: 0.85 x globalHeatSinkMulti: 1 
04:03:03.855  Mech: Javelin_Trilobyte_7B9F1E30 has adjustedNormedCap: 30.6 from normedCap: 36 x multi: 0.85
04:03:03.855    remainingCapacity: 36  rawCapacity: -30  normedAdjustedFraction: -30
04:03:03.855    currentHeat: 0 + tempHeat: 0 + projectedHeat: 5 + cacTerrainheat: 0 + sinkableHeat: -30  =  futureHeat: 5
04:03:03.855  Threshold heat: 0 = futureHeat: 5 + sinkableHeat: -30
04:03:03.866  Mech_SprintHeat_Getter - Javelin_Trilobyte_7B9F1E30 processing sprint heat modifiers: (original 5 + mod 0) x mult 1 = 5
04:03:03.866  Mech_SprintHeat_Getter - Javelin_Trilobyte_7B9F1E30 processing sprint heat modifiers: (original 5 + mod 0) x mult 1 = 5
04:03:03.866  Mech_SprintHeat_Getter - Javelin_Trilobyte_7B9F1E30 processing sprint heat modifiers: (original 5 + mod 0) x mult 1 = 5
04:03:03.866  Mech_SprintHeat_Getter - Javelin_Trilobyte_7B9F1E30 processing sprint heat modifiers: (original 5 + mod 0) x mult 1 = 5
04:03:03.866    Count of waypointsFromPath: 8  terrainWaypoints: 55
04:03:03.866  TerrainHeat: 0 = sumOfHeat: 0 / totalCells: 0
04:03:03.866  Calculating projected position heat.
04:03:03.866  CurrentPath has: 7 nodes, using destination path: (120.0, 192.2, 124.7)
04:03:03.866    Count of waypointsFromPath: 8  terrainWaypoints: 55
04:03:03.866  Biome: DesignMaskBiomeBadlandsParched has heatSinkMulti: x0.85 
04:03:03.866  Calculated capacityMulti: 0.85 x globalHeatSinkMulti: 1 
04:03:03.866  Calculating projected position heat.
04:03:03.866  CurrentPath has: 7 nodes, using destination path: (120.0, 192.2, 124.7)
04:03:03.866    Count of waypointsFromPath: 8  terrainWaypoints: 55
04:03:03.866  Biome: DesignMaskBiomeBadlandsParched has heatSinkMulti: x0.85 
04:03:03.866  Calculated capacityMulti: 0.85 x globalHeatSinkMulti: 1 
04:03:03.866  Mech: Javelin_Trilobyte_7B9F1E30 has adjustedNormedCap: 30.6 from normedCap: 36 x multi: 0.85
04:03:03.866  Mech: Javelin_Trilobyte_7B9F1E30 has totalHeatSinkCap: 36 from currentCap: 36 + usedCap: 0
04:03:03.866  Calculating projected position heat.
04:03:03.866  CurrentPath has: 7 nodes, using destination path: (120.0, 192.2, 124.7)
04:03:03.866    Count of waypointsFromPath: 8  terrainWaypoints: 55
04:03:03.866  Biome: DesignMaskBiomeBadlandsParched has heatSinkMulti: x0.85 
04:03:03.866  Calculated capacityMulti: 0.85 x globalHeatSinkMulti: 1 
04:03:03.866  Calculating projected position heat.
04:03:03.866  CurrentPath has: 7 nodes, using destination path: (120.0, 192.2, 124.7)
04:03:03.866    Count of waypointsFromPath: 8  terrainWaypoints: 55
04:03:03.866  Biome: DesignMaskBiomeBadlandsParched has heatSinkMulti: x0.85 
04:03:03.866  Calculated capacityMulti: 0.85 x globalHeatSinkMulti: 1 
04:03:03.866  Mech: Javelin_Trilobyte_7B9F1E30 has adjustedNormedCap: 30.6 from normedCap: 36 x multi: 0.85
04:03:03.866    remainingCapacity: 36  rawCapacity: -30  normedAdjustedFraction: -30
04:03:03.866    currentHeat: 0 + tempHeat: 0 + projectedHeat: 5 + cacTerrainheat: 0 + sinkableHeat: -30  =  futureHeat: 5
04:03:03.866  Threshold heat: 0 = futureHeat: 5 + sinkableHeat: -30
04:03:03.875  Mech_SprintHeat_Getter - Javelin_Trilobyte_7B9F1E30 processing sprint heat modifiers: (original 5 + mod 0) x mult 1 = 5
04:03:03.875  Mech_SprintHeat_Getter - Javelin_Trilobyte_7B9F1E30 processing sprint heat modifiers: (original 5 + mod 0) x mult 1 = 5
04:03:03.875  Mech_SprintHeat_Getter - Javelin_Trilobyte_7B9F1E30 processing sprint heat modifiers: (original 5 + mod 0) x mult 1 = 5
04:03:03.875  Mech_SprintHeat_Getter - Javelin_Trilobyte_7B9F1E30 processing sprint heat modifiers: (original 5 + mod 0) x mult 1 = 5
04:03:03.875    Count of waypointsFromPath: 8  terrainWaypoints: 55
04:03:03.875  TerrainHeat: 0 = sumOfHeat: 0 / totalCells: 0
04:03:03.875  Calculating projected position heat.
04:03:03.875  CurrentPath has: 7 nodes, using destination path: (120.0, 192.2, 124.7)
04:03:03.875    Count of waypointsFromPath: 8  terrainWaypoints: 55
04:03:03.875  Biome: DesignMaskBiomeBadlandsParched has heatSinkMulti: x0.85 
04:03:03.875  Calculated capacityMulti: 0.85 x globalHeatSinkMulti: 1 
04:03:03.875  Calculating projected position heat.
04:03:03.875  CurrentPath has: 7 nodes, using destination path: (120.0, 192.2, 124.7)
04:03:03.875    Count of waypointsFromPath: 8  terrainWaypoints: 55
04:03:03.875  Biome: DesignMaskBiomeBadlandsParched has heatSinkMulti: x0.85 
04:03:03.875  Calculated capacityMulti: 0.85 x globalHeatSinkMulti: 1 
04:03:03.875  Mech: Javelin_Trilobyte_7B9F1E30 has adjustedNormedCap: 30.6 from normedCap: 36 x multi: 0.85
04:03:03.875  Mech: Javelin_Trilobyte_7B9F1E30 has totalHeatSinkCap: 36 from currentCap: 36 + usedCap: 0
04:03:03.875  Calculating projected position heat.
04:03:03.875  CurrentPath has: 7 nodes, using destination path: (120.0, 192.2, 124.7)
04:03:03.875    Count of waypointsFromPath: 8  terrainWaypoints: 55
04:03:03.875  Biome: DesignMaskBiomeBadlandsParched has heatSinkMulti: x0.85 
04:03:03.875  Calculated capacityMulti: 0.85 x globalHeatSinkMulti: 1 
04:03:03.875  Calculating projected position heat.
04:03:03.875  CurrentPath has: 7 nodes, using destination path: (120.0, 192.2, 124.7)
04:03:03.875    Count of waypointsFromPath: 8  terrainWaypoints: 55
04:03:03.875  Biome: DesignMaskBiomeBadlandsParched has heatSinkMulti: x0.85 
04:03:03.875  Calculated capacityMulti: 0.85 x globalHeatSinkMulti: 1 
04:03:03.875  Mech: Javelin_Trilobyte_7B9F1E30 has adjustedNormedCap: 30.6 from normedCap: 36 x multi: 0.85
04:03:03.875    remainingCapacity: 36  rawCapacity: -30  normedAdjustedFraction: -30
04:03:03.875    currentHeat: 0 + tempHeat: 0 + projectedHeat: 5 + cacTerrainheat: 0 + sinkableHeat: -30  =  futureHeat: 5
04:03:03.875  Threshold heat: 0 = futureHeat: 5 + sinkableHeat: -30
04:03:03.883  Mech_SprintHeat_Getter - Javelin_Trilobyte_7B9F1E30 processing sprint heat modifiers: (original 5 + mod 0) x mult 1 = 5
04:03:03.883  Mech_SprintHeat_Getter - Javelin_Trilobyte_7B9F1E30 processing sprint heat modifiers: (original 5 + mod 0) x mult 1 = 5
04:03:03.883  Mech_SprintHeat_Getter - Javelin_Trilobyte_7B9F1E30 processing sprint heat modifiers: (original 5 + mod 0) x mult 1 = 5
04:03:03.883  Mech_SprintHeat_Getter - Javelin_Trilobyte_7B9F1E30 processing sprint heat modifiers: (original 5 + mod 0) x mult 1 = 5
04:03:03.883    Count of waypointsFromPath: 8  terrainWaypoints: 55
04:03:03.883  TerrainHeat: 0 = sumOfHeat: 0 / totalCells: 0
04:03:03.883  Calculating projected position heat.
04:03:03.883  CurrentPath has: 7 nodes, using destination path: (120.0, 192.2, 124.7)
04:03:03.883    Count of waypointsFromPath: 8  terrainWaypoints: 55
04:03:03.883  Biome: DesignMaskBiomeBadlandsParched has heatSinkMulti: x0.85 
04:03:03.883  Calculated capacityMulti: 0.85 x globalHeatSinkMulti: 1 
04:03:03.883  Calculating projected position heat.
04:03:03.883  CurrentPath has: 7 nodes, using destination path: (120.0, 192.2, 124.7)
04:03:03.883    Count of waypointsFromPath: 8  terrainWaypoints: 55
04:03:03.883  Biome: DesignMaskBiomeBadlandsParched has heatSinkMulti: x0.85 
04:03:03.883  Calculated capacityMulti: 0.85 x globalHeatSinkMulti: 1 
04:03:03.883  Mech: Javelin_Trilobyte_7B9F1E30 has adjustedNormedCap: 30.6 from normedCap: 36 x multi: 0.85
04:03:03.883  Mech: Javelin_Trilobyte_7B9F1E30 has totalHeatSinkCap: 36 from currentCap: 36 + usedCap: 0
04:03:03.883  Calculating projected position heat.
04:03:03.883  CurrentPath has: 7 nodes, using destination path: (120.0, 192.2, 124.7)
04:03:03.883    Count of waypointsFromPath: 8  terrainWaypoints: 55
04:03:03.883  Biome: DesignMaskBiomeBadlandsParched has heatSinkMulti: x0.85 
04:03:03.883  Calculated capacityMulti: 0.85 x globalHeatSinkMulti: 1 
04:03:03.883  Calculating projected position heat.
04:03:03.883  CurrentPath has: 7 nodes, using destination path: (120.0, 192.2, 124.7)
04:03:03.883    Count of waypointsFromPath: 8  terrainWaypoints: 55
04:03:03.883  Biome: DesignMaskBiomeBadlandsParched has heatSinkMulti: x0.85 
04:03:03.883  Calculated capacityMulti: 0.85 x globalHeatSinkMulti: 1 
04:03:03.883  Mech: Javelin_Trilobyte_7B9F1E30 has adjustedNormedCap: 30.6 from normedCap: 36 x multi: 0.85
04:03:03.883    remainingCapacity: 36  rawCapacity: -30  normedAdjustedFraction: -30
04:03:03.883    currentHeat: 0 + tempHeat: 0 + projectedHeat: 5 + cacTerrainheat: 0 + sinkableHeat: -30  =  futureHeat: 5
04:03:03.883  Threshold heat: 0 = futureHeat: 5 + sinkableHeat: -30
04:03:03.891  Mech_SprintHeat_Getter - Javelin_Trilobyte_7B9F1E30 processing sprint heat modifiers: (original 5 + mod 0) x mult 1 = 5
04:03:03.891  Mech_SprintHeat_Getter - Javelin_Trilobyte_7B9F1E30 processing sprint heat modifiers: (original 5 + mod 0) x mult 1 = 5
04:03:03.892  Mech_SprintHeat_Getter - Javelin_Trilobyte_7B9F1E30 processing sprint heat modifiers: (original 5 + mod 0) x mult 1 = 5
04:03:03.892  Mech_SprintHeat_Getter - Javelin_Trilobyte_7B9F1E30 processing sprint heat modifiers: (original 5 + mod 0) x mult 1 = 5
04:03:03.892    Count of waypointsFromPath: 8  terrainWaypoints: 55
04:03:03.892  TerrainHeat: 0 = sumOfHeat: 0 / totalCells: 0
04:03:03.892  Calculating projected position heat.
04:03:03.892  CurrentPath has: 7 nodes, using destination path: (120.0, 192.2, 124.7)
04:03:03.892    Count of waypointsFromPath: 8  terrainWaypoints: 55
04:03:03.892  Biome: DesignMaskBiomeBadlandsParched has heatSinkMulti: x0.85 
04:03:03.892  Calculated capacityMulti: 0.85 x globalHeatSinkMulti: 1 
04:03:03.892  Calculating projected position heat.
04:03:03.892  CurrentPath has: 7 nodes, using destination path: (120.0, 192.2, 124.7)
04:03:03.892    Count of waypointsFromPath: 8  terrainWaypoints: 55
04:03:03.892  Biome: DesignMaskBiomeBadlandsParched has heatSinkMulti: x0.85 
04:03:03.892  Calculated capacityMulti: 0.85 x globalHeatSinkMulti: 1 
04:03:03.892  Mech: Javelin_Trilobyte_7B9F1E30 has adjustedNormedCap: 30.6 from normedCap: 36 x multi: 0.85
04:03:03.892  Mech: Javelin_Trilobyte_7B9F1E30 has totalHeatSinkCap: 36 from currentCap: 36 + usedCap: 0
04:03:03.892  Calculating projected position heat.
04:03:03.892  CurrentPath has: 7 nodes, using destination path: (120.0, 192.2, 124.7)
04:03:03.892    Count of waypointsFromPath: 8  terrainWaypoints: 55
04:03:03.892  Biome: DesignMaskBiomeBadlandsParched has heatSinkMulti: x0.85 
04:03:03.892  Calculated capacityMulti: 0.85 x globalHeatSinkMulti: 1 
04:03:03.892  Calculating projected position heat.
04:03:03.892  CurrentPath has: 7 nodes, using destination path: (120.0, 192.2, 124.7)
04:03:03.892    Count of waypointsFromPath: 8  terrainWaypoints: 55
04:03:03.892  Biome: DesignMaskBiomeBadlandsParched has heatSinkMulti: x0.85 
04:03:03.892  Calculated capacityMulti: 0.85 x globalHeatSinkMulti: 1 
04:03:03.892  Mech: Javelin_Trilobyte_7B9F1E30 has adjustedNormedCap: 30.6 from normedCap: 36 x multi: 0.85
04:03:03.892    remainingCapacity: 36  rawCapacity: -30  normedAdjustedFraction: -30
04:03:03.892    currentHeat: 0 + tempHeat: 0 + projectedHeat: 5 + cacTerrainheat: 0 + sinkableHeat: -30  =  futureHeat: 5
04:03:03.892  Threshold heat: 0 = futureHeat: 5 + sinkableHeat: -30
04:03:03.900  Mech_SprintHeat_Getter - Javelin_Trilobyte_7B9F1E30 processing sprint heat modifiers: (original 5 + mod 0) x mult 1 = 5
04:03:03.901  Mech_SprintHeat_Getter - Javelin_Trilobyte_7B9F1E30 processing sprint heat modifiers: (original 5 + mod 0) x mult 1 = 5
04:03:03.901  Mech_SprintHeat_Getter - Javelin_Trilobyte_7B9F1E30 processing sprint heat modifiers: (original 5 + mod 0) x mult 1 = 5
04:03:03.901  Mech_SprintHeat_Getter - Javelin_Trilobyte_7B9F1E30 processing sprint heat modifiers: (original 5 + mod 0) x mult 1 = 5
04:03:03.901    Count of waypointsFromPath: 8  terrainWaypoints: 55
04:03:03.901  TerrainHeat: 0 = sumOfHeat: 0 / totalCells: 0
04:03:03.901  Calculating projected position heat.
04:03:03.901  CurrentPath has: 7 nodes, using destination path: (120.0, 192.2, 124.7)
04:03:03.901    Count of waypointsFromPath: 8  terrainWaypoints: 55
04:03:03.901  Biome: DesignMaskBiomeBadlandsParched has heatSinkMulti: x0.85 
04:03:03.901  Calculated capacityMulti: 0.85 x globalHeatSinkMulti: 1 
04:03:03.901  Calculating projected position heat.
04:03:03.901  CurrentPath has: 7 nodes, using destination path: (120.0, 192.2, 124.7)
04:03:03.901    Count of waypointsFromPath: 8  terrainWaypoints: 55
04:03:03.901  Biome: DesignMaskBiomeBadlandsParched has heatSinkMulti: x0.85 
04:03:03.901  Calculated capacityMulti: 0.85 x globalHeatSinkMulti: 1 
04:03:03.901  Mech: Javelin_Trilobyte_7B9F1E30 has adjustedNormedCap: 30.6 from normedCap: 36 x multi: 0.85
04:03:03.901  Mech: Javelin_Trilobyte_7B9F1E30 has totalHeatSinkCap: 36 from currentCap: 36 + usedCap: 0
04:03:03.901  Calculating projected position heat.
04:03:03.901  CurrentPath has: 7 nodes, using destination path: (120.0, 192.2, 124.7)
04:03:03.901    Count of waypointsFromPath: 8  terrainWaypoints: 55
04:03:03.901  Biome: DesignMaskBiomeBadlandsParched has heatSinkMulti: x0.85 
04:03:03.901  Calculated capacityMulti: 0.85 x globalHeatSinkMulti: 1 
04:03:03.901  Calculating projected position heat.
04:03:03.901  CurrentPath has: 7 nodes, using destination path: (120.0, 192.2, 124.7)
04:03:03.901    Count of waypointsFromPath: 8  terrainWaypoints: 55
04:03:03.901  Biome: DesignMaskBiomeBadlandsParched has heatSinkMulti: x0.85 
04:03:03.901  Calculated capacityMulti: 0.85 x globalHeatSinkMulti: 1 
04:03:03.901  Mech: Javelin_Trilobyte_7B9F1E30 has adjustedNormedCap: 30.6 from normedCap: 36 x multi: 0.85
04:03:03.901    remainingCapacity: 36  rawCapacity: -30  normedAdjustedFraction: -30
04:03:03.901    currentHeat: 0 + tempHeat: 0 + projectedHeat: 5 + cacTerrainheat: 0 + sinkableHeat: -30  =  futureHeat: 5
04:03:03.901  Threshold heat: 0 = futureHeat: 5 + sinkableHeat: -30
04:03:03.908  Mech_SprintHeat_Getter - Javelin_Trilobyte_7B9F1E30 processing sprint heat modifiers: (original 5 + mod 0) x mult 1 = 5
04:03:03.908  Mech_SprintHeat_Getter - Javelin_Trilobyte_7B9F1E30 processing sprint heat modifiers: (original 5 + mod 0) x mult 1 = 5
04:03:03.908  Mech_SprintHeat_Getter - Javelin_Trilobyte_7B9F1E30 processing sprint heat modifiers: (original 5 + mod 0) x mult 1 = 5
04:03:03.908  Mech_SprintHeat_Getter - Javelin_Trilobyte_7B9F1E30 processing sprint heat modifiers: (original 5 + mod 0) x mult 1 = 5
04:03:03.908    Count of waypointsFromPath: 8  terrainWaypoints: 55
04:03:03.908  TerrainHeat: 0 = sumOfHeat: 0 / totalCells: 0
04:03:03.908  Calculating projected position heat.
04:03:03.908  CurrentPath has: 7 nodes, using destination path: (120.0, 192.2, 124.7)
04:03:03.909    Count of waypointsFromPath: 8  terrainWaypoints: 55
04:03:03.909  Biome: DesignMaskBiomeBadlandsParched has heatSinkMulti: x0.85 
04:03:03.909  Calculated capacityMulti: 0.85 x globalHeatSinkMulti: 1 
04:03:03.909  Calculating projected position heat.
04:03:03.909  CurrentPath has: 7 nodes, using destination path: (120.0, 192.2, 124.7)
04:03:03.909    Count of waypointsFromPath: 8  terrainWaypoints: 55
04:03:03.909  Biome: DesignMaskBiomeBadlandsParched has heatSinkMulti: x0.85 
04:03:03.909  Calculated capacityMulti: 0.85 x globalHeatSinkMulti: 1 
04:03:03.909  Mech: Javelin_Trilobyte_7B9F1E30 has adjustedNormedCap: 30.6 from normedCap: 36 x multi: 0.85
04:03:03.909  Mech: Javelin_Trilobyte_7B9F1E30 has totalHeatSinkCap: 36 from currentCap: 36 + usedCap: 0
04:03:03.909  Calculating projected position heat.
04:03:03.909  CurrentPath has: 7 nodes, using destination path: (120.0, 192.2, 124.7)
04:03:03.909    Count of waypointsFromPath: 8  terrainWaypoints: 55
04:03:03.909  Biome: DesignMaskBiomeBadlandsParched has heatSinkMulti: x0.85 
04:03:03.909  Calculated capacityMulti: 0.85 x globalHeatSinkMulti: 1 
04:03:03.909  Calculating projected position heat.
04:03:03.909  CurrentPath has: 7 nodes, using destination path: (120.0, 192.2, 124.7)
04:03:03.909    Count of waypointsFromPath: 8  terrainWaypoints: 55
04:03:03.909  Biome: DesignMaskBiomeBadlandsParched has heatSinkMulti: x0.85 
04:03:03.909  Calculated capacityMulti: 0.85 x globalHeatSinkMulti: 1 
04:03:03.909  Mech: Javelin_Trilobyte_7B9F1E30 has adjustedNormedCap: 30.6 from normedCap: 36 x multi: 0.85
04:03:03.909    remainingCapacity: 36  rawCapacity: -30  normedAdjustedFraction: -30
04:03:03.909    currentHeat: 0 + tempHeat: 0 + projectedHeat: 5 + cacTerrainheat: 0 + sinkableHeat: -30  =  futureHeat: 5
04:03:03.909  Threshold heat: 0 = futureHeat: 5 + sinkableHeat: -30
04:03:03.916  Mech_SprintHeat_Getter - Javelin_Trilobyte_7B9F1E30 processing sprint heat modifiers: (original 5 + mod 0) x mult 1 = 5
04:03:03.917  Mech_SprintHeat_Getter - Javelin_Trilobyte_7B9F1E30 processing sprint heat modifiers: (original 5 + mod 0) x mult 1 = 5
04:03:03.917  Mech_SprintHeat_Getter - Javelin_Trilobyte_7B9F1E30 processing sprint heat modifiers: (original 5 + mod 0) x mult 1 = 5
04:03:03.917  Mech_SprintHeat_Getter - Javelin_Trilobyte_7B9F1E30 processing sprint heat modifiers: (original 5 + mod 0) x mult 1 = 5
04:03:03.917    Count of waypointsFromPath: 8  terrainWaypoints: 55
04:03:03.917  TerrainHeat: 0 = sumOfHeat: 0 / totalCells: 0
04:03:03.917  Calculating projected position heat.
04:03:03.917  CurrentPath has: 7 nodes, using destination path: (120.0, 192.2, 124.7)
04:03:03.917    Count of waypointsFromPath: 8  terrainWaypoints: 55
04:03:03.917  Biome: DesignMaskBiomeBadlandsParched has heatSinkMulti: x0.85 
04:03:03.917  Calculated capacityMulti: 0.85 x globalHeatSinkMulti: 1 
04:03:03.917  Calculating projected position heat.
04:03:03.917  CurrentPath has: 7 nodes, using destination path: (120.0, 192.2, 124.7)
04:03:03.917    Count of waypointsFromPath: 8  terrainWaypoints: 55
04:03:03.917  Biome: DesignMaskBiomeBadlandsParched has heatSinkMulti: x0.85 
04:03:03.917  Calculated capacityMulti: 0.85 x globalHeatSinkMulti: 1 
04:03:03.917  Mech: Javelin_Trilobyte_7B9F1E30 has adjustedNormedCap: 30.6 from normedCap: 36 x multi: 0.85
04:03:03.917  Mech: Javelin_Trilobyte_7B9F1E30 has totalHeatSinkCap: 36 from currentCap: 36 + usedCap: 0
04:03:03.917  Calculating projected position heat.
04:03:03.917  CurrentPath has: 7 nodes, using destination path: (120.0, 192.2, 124.7)
04:03:03.917    Count of waypointsFromPath: 8  terrainWaypoints: 55
04:03:03.917  Biome: DesignMaskBiomeBadlandsParched has heatSinkMulti: x0.85 
04:03:03.917  Calculated capacityMulti: 0.85 x globalHeatSinkMulti: 1 
04:03:03.917  Calculating projected position heat.
04:03:03.917  CurrentPath has: 7 nodes, using destination path: (120.0, 192.2, 124.7)
04:03:03.917    Count of waypointsFromPath: 8  terrainWaypoints: 55
04:03:03.917  Biome: DesignMaskBiomeBadlandsParched has heatSinkMulti: x0.85 
04:03:03.917  Calculated capacityMulti: 0.85 x globalHeatSinkMulti: 1 
04:03:03.917  Mech: Javelin_Trilobyte_7B9F1E30 has adjustedNormedCap: 30.6 from normedCap: 36 x multi: 0.85
04:03:03.917    remainingCapacity: 36  rawCapacity: -30  normedAdjustedFraction: -30
04:03:03.917    currentHeat: 0 + tempHeat: 0 + projectedHeat: 5 + cacTerrainheat: 0 + sinkableHeat: -30  =  futureHeat: 5
04:03:03.917  Threshold heat: 0 = futureHeat: 5 + sinkableHeat: -30
04:03:03.925  Mech_SprintHeat_Getter - Javelin_Trilobyte_7B9F1E30 processing sprint heat modifiers: (original 5 + mod 0) x mult 1 = 5
04:03:03.925  Mech_SprintHeat_Getter - Javelin_Trilobyte_7B9F1E30 processing sprint heat modifiers: (original 5 + mod 0) x mult 1 = 5
04:03:03.925  Mech_SprintHeat_Getter - Javelin_Trilobyte_7B9F1E30 processing sprint heat modifiers: (original 5 + mod 0) x mult 1 = 5
04:03:03.925  Mech_SprintHeat_Getter - Javelin_Trilobyte_7B9F1E30 processing sprint heat modifiers: (original 5 + mod 0) x mult 1 = 5
04:03:03.925    Count of waypointsFromPath: 8  terrainWaypoints: 55
04:03:03.925  TerrainHeat: 0 = sumOfHeat: 0 / totalCells: 0
04:03:03.925  Calculating projected position heat.
04:03:03.925  CurrentPath has: 7 nodes, using destination path: (120.0, 192.2, 124.7)
04:03:03.925    Count of waypointsFromPath: 8  terrainWaypoints: 55
04:03:03.925  Biome: DesignMaskBiomeBadlandsParched has heatSinkMulti: x0.85 
04:03:03.925  Calculated capacityMulti: 0.85 x globalHeatSinkMulti: 1 
04:03:03.925  Calculating projected position heat.
04:03:03.925  CurrentPath has: 7 nodes, using destination path: (120.0, 192.2, 124.7)
04:03:03.925    Count of waypointsFromPath: 8  terrainWaypoints: 55
04:03:03.925  Biome: DesignMaskBiomeBadlandsParched has heatSinkMulti: x0.85 
04:03:03.925  Calculated capacityMulti: 0.85 x globalHeatSinkMulti: 1 
04:03:03.925  Mech: Javelin_Trilobyte_7B9F1E30 has adjustedNormedCap: 30.6 from normedCap: 36 x multi: 0.85
04:03:03.925  Mech: Javelin_Trilobyte_7B9F1E30 has totalHeatSinkCap: 36 from currentCap: 36 + usedCap: 0
04:03:03.925  Calculating projected position heat.
04:03:03.925  CurrentPath has: 7 nodes, using destination path: (120.0, 192.2, 124.7)
04:03:03.925    Count of waypointsFromPath: 8  terrainWaypoints: 55
04:03:03.925  Biome: DesignMaskBiomeBadlandsParched has heatSinkMulti: x0.85 
04:03:03.925  Calculated capacityMulti: 0.85 x globalHeatSinkMulti: 1 
04:03:03.925  Calculating projected position heat.
04:03:03.925  CurrentPath has: 7 nodes, using destination path: (120.0, 192.2, 124.7)
04:03:03.925    Count of waypointsFromPath: 8  terrainWaypoints: 55
04:03:03.925  Biome: DesignMaskBiomeBadlandsParched has heatSinkMulti: x0.85 
04:03:03.925  Calculated capacityMulti: 0.85 x globalHeatSinkMulti: 1 
04:03:03.925  Mech: Javelin_Trilobyte_7B9F1E30 has adjustedNormedCap: 30.6 from normedCap: 36 x multi: 0.85
04:03:03.925    remainingCapacity: 36  rawCapacity: -30  normedAdjustedFraction: -30
04:03:03.925    currentHeat: 0 + tempHeat: 0 + projectedHeat: 5 + cacTerrainheat: 0 + sinkableHeat: -30  =  futureHeat: 5
04:03:03.925  Threshold heat: 0 = futureHeat: 5 + sinkableHeat: -30
04:03:03.933  Mech_SprintHeat_Getter - Javelin_Trilobyte_7B9F1E30 processing sprint heat modifiers: (original 5 + mod 0) x mult 1 = 5
04:03:03.933  Mech_SprintHeat_Getter - Javelin_Trilobyte_7B9F1E30 processing sprint heat modifiers: (original 5 + mod 0) x mult 1 = 5
04:03:03.933  Mech_SprintHeat_Getter - Javelin_Trilobyte_7B9F1E30 processing sprint heat modifiers: (original 5 + mod 0) x mult 1 = 5
04:03:03.933  Mech_SprintHeat_Getter - Javelin_Trilobyte_7B9F1E30 processing sprint heat modifiers: (original 5 + mod 0) x mult 1 = 5
04:03:03.933    Count of waypointsFromPath: 8  terrainWaypoints: 55
04:03:03.933  TerrainHeat: 0 = sumOfHeat: 0 / totalCells: 0
04:03:03.933  Calculating projected position heat.
04:03:03.933  CurrentPath has: 7 nodes, using destination path: (120.0, 192.2, 124.7)
04:03:03.933    Count of waypointsFromPath: 8  terrainWaypoints: 55
04:03:03.933  Biome: DesignMaskBiomeBadlandsParched has heatSinkMulti: x0.85 
04:03:03.933  Calculated capacityMulti: 0.85 x globalHeatSinkMulti: 1 
04:03:03.933  Calculating projected position heat.
04:03:03.933  CurrentPath has: 7 nodes, using destination path: (120.0, 192.2, 124.7)
04:03:03.933    Count of waypointsFromPath: 8  terrainWaypoints: 55
04:03:03.933  Biome: DesignMaskBiomeBadlandsParched has heatSinkMulti: x0.85 
04:03:03.933  Calculated capacityMulti: 0.85 x globalHeatSinkMulti: 1 
04:03:03.933  Mech: Javelin_Trilobyte_7B9F1E30 has adjustedNormedCap: 30.6 from normedCap: 36 x multi: 0.85
04:03:03.933  Mech: Javelin_Trilobyte_7B9F1E30 has totalHeatSinkCap: 36 from currentCap: 36 + usedCap: 0
04:03:03.933  Calculating projected position heat.
04:03:03.933  CurrentPath has: 7 nodes, using destination path: (120.0, 192.2, 124.7)
04:03:03.933    Count of waypointsFromPath: 8  terrainWaypoints: 55
04:03:03.933  Biome: DesignMaskBiomeBadlandsParched has heatSinkMulti: x0.85 
04:03:03.933  Calculated capacityMulti: 0.85 x globalHeatSinkMulti: 1 
04:03:03.933  Calculating projected position heat.
04:03:03.933  CurrentPath has: 7 nodes, using destination path: (120.0, 192.2, 124.7)
04:03:03.933    Count of waypointsFromPath: 8  terrainWaypoints: 55
04:03:03.933  Biome: DesignMaskBiomeBadlandsParched has heatSinkMulti: x0.85 
04:03:03.933  Calculated capacityMulti: 0.85 x globalHeatSinkMulti: 1 
04:03:03.933  Mech: Javelin_Trilobyte_7B9F1E30 has adjustedNormedCap: 30.6 from normedCap: 36 x multi: 0.85
04:03:03.933    remainingCapacity: 36  rawCapacity: -30  normedAdjustedFraction: -30
04:03:03.933    currentHeat: 0 + tempHeat: 0 + projectedHeat: 5 + cacTerrainheat: 0 + sinkableHeat: -30  =  futureHeat: 5
04:03:03.933  Threshold heat: 0 = futureHeat: 5 + sinkableHeat: -30
04:03:03.942  Mech_SprintHeat_Getter - Javelin_Trilobyte_7B9F1E30 processing sprint heat modifiers: (original 5 + mod 0) x mult 1 = 5
04:03:03.942  Mech_SprintHeat_Getter - Javelin_Trilobyte_7B9F1E30 processing sprint heat modifiers: (original 5 + mod 0) x mult 1 = 5
04:03:03.942  Mech_SprintHeat_Getter - Javelin_Trilobyte_7B9F1E30 processing sprint heat modifiers: (original 5 + mod 0) x mult 1 = 5
04:03:03.942  Mech_SprintHeat_Getter - Javelin_Trilobyte_7B9F1E30 processing sprint heat modifiers: (original 5 + mod 0) x mult 1 = 5
04:03:03.942    Count of waypointsFromPath: 8  terrainWaypoints: 55
04:03:03.942  TerrainHeat: 0 = sumOfHeat: 0 / totalCells: 0
04:03:03.942  Calculating projected position heat.
04:03:03.942  CurrentPath has: 7 nodes, using destination path: (120.0, 192.2, 124.7)
04:03:03.942    Count of waypointsFromPath: 8  terrainWaypoints: 55
04:03:03.942  Biome: DesignMaskBiomeBadlandsParched has heatSinkMulti: x0.85 
04:03:03.942  Calculated capacityMulti: 0.85 x globalHeatSinkMulti: 1 
04:03:03.942  Calculating projected position heat.
04:03:03.942  CurrentPath has: 7 nodes, using destination path: (120.0, 192.2, 124.7)
04:03:03.942    Count of waypointsFromPath: 8  terrainWaypoints: 55
04:03:03.942  Biome: DesignMaskBiomeBadlandsParched has heatSinkMulti: x0.85 
04:03:03.942  Calculated capacityMulti: 0.85 x globalHeatSinkMulti: 1 
04:03:03.942  Mech: Javelin_Trilobyte_7B9F1E30 has adjustedNormedCap: 30.6 from normedCap: 36 x multi: 0.85
04:03:03.942  Mech: Javelin_Trilobyte_7B9F1E30 has totalHeatSinkCap: 36 from currentCap: 36 + usedCap: 0
04:03:03.942  Calculating projected position heat.
04:03:03.942  CurrentPath has: 7 nodes, using destination path: (120.0, 192.2, 124.7)
04:03:03.942    Count of waypointsFromPath: 8  terrainWaypoints: 55
04:03:03.942  Biome: DesignMaskBiomeBadlandsParched has heatSinkMulti: x0.85 
04:03:03.942  Calculated capacityMulti: 0.85 x globalHeatSinkMulti: 1 
04:03:03.942  Calculating projected position heat.
04:03:03.942  CurrentPath has: 7 nodes, using destination path: (120.0, 192.2, 124.7)
04:03:03.942    Count of waypointsFromPath: 8  terrainWaypoints: 55
04:03:03.942  Biome: DesignMaskBiomeBadlandsParched has heatSinkMulti: x0.85 
04:03:03.942  Calculated capacityMulti: 0.85 x globalHeatSinkMulti: 1 
04:03:03.942  Mech: Javelin_Trilobyte_7B9F1E30 has adjustedNormedCap: 30.6 from normedCap: 36 x multi: 0.85
04:03:03.942    remainingCapacity: 36  rawCapacity: -30  normedAdjustedFraction: -30
04:03:03.942    currentHeat: 0 + tempHeat: 0 + projectedHeat: 5 + cacTerrainheat: 0 + sinkableHeat: -30  =  futureHeat: 5
04:03:03.942  Threshold heat: 0 = futureHeat: 5 + sinkableHeat: -30
04:03:03.950  Mech_SprintHeat_Getter - Javelin_Trilobyte_7B9F1E30 processing sprint heat modifiers: (original 5 + mod 0) x mult 1 = 5
04:03:03.950  Mech_SprintHeat_Getter - Javelin_Trilobyte_7B9F1E30 processing sprint heat modifiers: (original 5 + mod 0) x mult 1 = 5
04:03:03.950  Mech_SprintHeat_Getter - Javelin_Trilobyte_7B9F1E30 processing sprint heat modifiers: (original 5 + mod 0) x mult 1 = 5
04:03:03.950  Mech_SprintHeat_Getter - Javelin_Trilobyte_7B9F1E30 processing sprint heat modifiers: (original 5 + mod 0) x mult 1 = 5
04:03:03.950    Count of waypointsFromPath: 8  terrainWaypoints: 55
04:03:03.950  TerrainHeat: 0 = sumOfHeat: 0 / totalCells: 0
04:03:03.950  Calculating projected position heat.
04:03:03.950  CurrentPath has: 7 nodes, using destination path: (120.0, 192.2, 124.7)
04:03:03.950    Count of waypointsFromPath: 8  terrainWaypoints: 55
04:03:03.950  Biome: DesignMaskBiomeBadlandsParched has heatSinkMulti: x0.85 
04:03:03.950  Calculated capacityMulti: 0.85 x globalHeatSinkMulti: 1 
04:03:03.950  Calculating projected position heat.
04:03:03.950  CurrentPath has: 7 nodes, using destination path: (120.0, 192.2, 124.7)
04:03:03.950    Count of waypointsFromPath: 8  terrainWaypoints: 55
04:03:03.950  Biome: DesignMaskBiomeBadlandsParched has heatSinkMulti: x0.85 
04:03:03.950  Calculated capacityMulti: 0.85 x globalHeatSinkMulti: 1 
04:03:03.950  Mech: Javelin_Trilobyte_7B9F1E30 has adjustedNormedCap: 30.6 from normedCap: 36 x multi: 0.85
04:03:03.950  Mech: Javelin_Trilobyte_7B9F1E30 has totalHeatSinkCap: 36 from currentCap: 36 + usedCap: 0
04:03:03.950  Calculating projected position heat.
04:03:03.950  CurrentPath has: 7 nodes, using destination path: (120.0, 192.2, 124.7)
04:03:03.950    Count of waypointsFromPath: 8  terrainWaypoints: 55
04:03:03.950  Biome: DesignMaskBiomeBadlandsParched has heatSinkMulti: x0.85 
04:03:03.950  Calculated capacityMulti: 0.85 x globalHeatSinkMulti: 1 
04:03:03.950  Calculating projected position heat.
04:03:03.950  CurrentPath has: 7 nodes, using destination path: (120.0, 192.2, 124.7)
04:03:03.950    Count of waypointsFromPath: 8  terrainWaypoints: 55
04:03:03.950  Biome: DesignMaskBiomeBadlandsParched has heatSinkMulti: x0.85 
04:03:03.950  Calculated capacityMulti: 0.85 x globalHeatSinkMulti: 1 
04:03:03.950  Mech: Javelin_Trilobyte_7B9F1E30 has adjustedNormedCap: 30.6 from normedCap: 36 x multi: 0.85
04:03:03.950    remainingCapacity: 36  rawCapacity: -30  normedAdjustedFraction: -30
04:03:03.950    currentHeat: 0 + tempHeat: 0 + projectedHeat: 5 + cacTerrainheat: 0 + sinkableHeat: -30  =  futureHeat: 5
04:03:03.950  Threshold heat: 0 = futureHeat: 5 + sinkableHeat: -30
04:03:03.957  Mech_SprintHeat_Getter - Javelin_Trilobyte_7B9F1E30 processing sprint heat modifiers: (original 5 + mod 0) x mult 1 = 5
04:03:03.957  Mech_SprintHeat_Getter - Javelin_Trilobyte_7B9F1E30 processing sprint heat modifiers: (original 5 + mod 0) x mult 1 = 5
04:03:03.957  Mech_SprintHeat_Getter - Javelin_Trilobyte_7B9F1E30 processing sprint heat modifiers: (original 5 + mod 0) x mult 1 = 5
04:03:03.957  Mech_SprintHeat_Getter - Javelin_Trilobyte_7B9F1E30 processing sprint heat modifiers: (original 5 + mod 0) x mult 1 = 5
04:03:03.957    Count of waypointsFromPath: 8  terrainWaypoints: 55
04:03:03.957  TerrainHeat: 0 = sumOfHeat: 0 / totalCells: 0
04:03:03.959  Calculating projected position heat.
04:03:03.959  CurrentPath has: 7 nodes, using destination path: (120.0, 192.2, 124.7)
04:03:03.959    Count of waypointsFromPath: 8  terrainWaypoints: 55
04:03:03.959  Biome: DesignMaskBiomeBadlandsParched has heatSinkMulti: x0.85 
04:03:03.959  Calculated capacityMulti: 0.85 x globalHeatSinkMulti: 1 
04:03:03.959  Calculating projected position heat.
04:03:03.959  CurrentPath has: 7 nodes, using destination path: (120.0, 192.2, 124.7)
04:03:03.959    Count of waypointsFromPath: 8  terrainWaypoints: 55
04:03:03.959  Biome: DesignMaskBiomeBadlandsParched has heatSinkMulti: x0.85 
04:03:03.959  Calculated capacityMulti: 0.85 x globalHeatSinkMulti: 1 
04:03:03.959  Mech: Javelin_Trilobyte_7B9F1E30 has adjustedNormedCap: 30.6 from normedCap: 36 x multi: 0.85
04:03:03.959  Mech: Javelin_Trilobyte_7B9F1E30 has totalHeatSinkCap: 36 from currentCap: 36 + usedCap: 0
04:03:03.959  Calculating projected position heat.
04:03:03.959  CurrentPath has: 7 nodes, using destination path: (120.0, 192.2, 124.7)
04:03:03.959    Count of waypointsFromPath: 8  terrainWaypoints: 55
04:03:03.959  Biome: DesignMaskBiomeBadlandsParched has heatSinkMulti: x0.85 
04:03:03.959  Calculated capacityMulti: 0.85 x globalHeatSinkMulti: 1 
04:03:03.959  Calculating projected position heat.
04:03:03.959  CurrentPath has: 7 nodes, using destination path: (120.0, 192.2, 124.7)
04:03:03.959    Count of waypointsFromPath: 8  terrainWaypoints: 55
04:03:03.959  Biome: DesignMaskBiomeBadlandsParched has heatSinkMulti: x0.85 
04:03:03.959  Calculated capacityMulti: 0.85 x globalHeatSinkMulti: 1 
04:03:03.959  Mech: Javelin_Trilobyte_7B9F1E30 has adjustedNormedCap: 30.6 from normedCap: 36 x multi: 0.85
04:03:03.959    remainingCapacity: 36  rawCapacity: -30  normedAdjustedFraction: -30
04:03:03.959    currentHeat: 0 + tempHeat: 0 + projectedHeat: 5 + cacTerrainheat: 0 + sinkableHeat: -30  =  futureHeat: 5
04:03:03.959  Threshold heat: 0 = futureHeat: 5 + sinkableHeat: -30
04:03:03.966  Mech_SprintHeat_Getter - Javelin_Trilobyte_7B9F1E30 processing sprint heat modifiers: (original 5 + mod 0) x mult 1 = 5
04:03:03.966  Mech_SprintHeat_Getter - Javelin_Trilobyte_7B9F1E30 processing sprint heat modifiers: (original 5 + mod 0) x mult 1 = 5
04:03:03.966  Mech_SprintHeat_Getter - Javelin_Trilobyte_7B9F1E30 processing sprint heat modifiers: (original 5 + mod 0) x mult 1 = 5
04:03:03.966  Mech_SprintHeat_Getter - Javelin_Trilobyte_7B9F1E30 processing sprint heat modifiers: (original 5 + mod 0) x mult 1 = 5
04:03:03.966    Count of waypointsFromPath: 8  terrainWaypoints: 55
04:03:03.966  TerrainHeat: 0 = sumOfHeat: 0 / totalCells: 0
04:03:03.966  Calculating projected position heat.
04:03:03.966  CurrentPath has: 7 nodes, using destination path: (120.0, 192.2, 124.7)
04:03:03.966    Count of waypointsFromPath: 8  terrainWaypoints: 55
04:03:03.966  Biome: DesignMaskBiomeBadlandsParched has heatSinkMulti: x0.85 
04:03:03.966  Calculated capacityMulti: 0.85 x globalHeatSinkMulti: 1 
04:03:03.966  Calculating projected position heat.
04:03:03.966  CurrentPath has: 7 nodes, using destination path: (120.0, 192.2, 124.7)
04:03:03.966    Count of waypointsFromPath: 8  terrainWaypoints: 55
04:03:03.966  Biome: DesignMaskBiomeBadlandsParched has heatSinkMulti: x0.85 
04:03:03.966  Calculated capacityMulti: 0.85 x globalHeatSinkMulti: 1 
04:03:03.966  Mech: Javelin_Trilobyte_7B9F1E30 has adjustedNormedCap: 30.6 from normedCap: 36 x multi: 0.85
04:03:03.967  Mech: Javelin_Trilobyte_7B9F1E30 has totalHeatSinkCap: 36 from currentCap: 36 + usedCap: 0
04:03:03.967  Calculating projected position heat.
04:03:03.967  CurrentPath has: 7 nodes, using destination path: (120.0, 192.2, 124.7)
04:03:03.967    Count of waypointsFromPath: 8  terrainWaypoints: 55
04:03:03.967  Biome: DesignMaskBiomeBadlandsParched has heatSinkMulti: x0.85 
04:03:03.967  Calculated capacityMulti: 0.85 x globalHeatSinkMulti: 1 
04:03:03.967  Calculating projected position heat.
04:03:03.967  CurrentPath has: 7 nodes, using destination path: (120.0, 192.2, 124.7)
04:03:03.967    Count of waypointsFromPath: 8  terrainWaypoints: 55
04:03:03.967  Biome: DesignMaskBiomeBadlandsParched has heatSinkMulti: x0.85 
04:03:03.967  Calculated capacityMulti: 0.85 x globalHeatSinkMulti: 1 
04:03:03.967  Mech: Javelin_Trilobyte_7B9F1E30 has adjustedNormedCap: 30.6 from normedCap: 36 x multi: 0.85
04:03:03.967    remainingCapacity: 36  rawCapacity: -30  normedAdjustedFraction: -30
04:03:03.967    currentHeat: 0 + tempHeat: 0 + projectedHeat: 5 + cacTerrainheat: 0 + sinkableHeat: -30  =  futureHeat: 5
04:03:03.967  Threshold heat: 0 = futureHeat: 5 + sinkableHeat: -30
04:03:03.974  Mech_SprintHeat_Getter - Javelin_Trilobyte_7B9F1E30 processing sprint heat modifiers: (original 5 + mod 0) x mult 1 = 5
04:03:03.974  Mech_SprintHeat_Getter - Javelin_Trilobyte_7B9F1E30 processing sprint heat modifiers: (original 5 + mod 0) x mult 1 = 5
04:03:03.975  Mech_SprintHeat_Getter - Javelin_Trilobyte_7B9F1E30 processing sprint heat modifiers: (original 5 + mod 0) x mult 1 = 5
04:03:03.975  Mech_SprintHeat_Getter - Javelin_Trilobyte_7B9F1E30 processing sprint heat modifiers: (original 5 + mod 0) x mult 1 = 5
04:03:03.975    Count of waypointsFromPath: 8  terrainWaypoints: 55
04:03:03.975  TerrainHeat: 0 = sumOfHeat: 0 / totalCells: 0
04:03:03.975  Calculating projected position heat.
04:03:03.975  CurrentPath has: 7 nodes, using destination path: (120.0, 192.2, 124.7)
04:03:03.975    Count of waypointsFromPath: 8  terrainWaypoints: 55
04:03:03.975  Biome: DesignMaskBiomeBadlandsParched has heatSinkMulti: x0.85 
04:03:03.975  Calculated capacityMulti: 0.85 x globalHeatSinkMulti: 1 
04:03:03.975  Calculating projected position heat.
04:03:03.975  CurrentPath has: 7 nodes, using destination path: (120.0, 192.2, 124.7)
04:03:03.975    Count of waypointsFromPath: 8  terrainWaypoints: 55
04:03:03.975  Biome: DesignMaskBiomeBadlandsParched has heatSinkMulti: x0.85 
04:03:03.975  Calculated capacityMulti: 0.85 x globalHeatSinkMulti: 1 
04:03:03.975  Mech: Javelin_Trilobyte_7B9F1E30 has adjustedNormedCap: 30.6 from normedCap: 36 x multi: 0.85
04:03:03.975  Mech: Javelin_Trilobyte_7B9F1E30 has totalHeatSinkCap: 36 from currentCap: 36 + usedCap: 0
04:03:03.975  Calculating projected position heat.
04:03:03.975  CurrentPath has: 7 nodes, using destination path: (120.0, 192.2, 124.7)
04:03:03.975    Count of waypointsFromPath: 8  terrainWaypoints: 55
04:03:03.975  Biome: DesignMaskBiomeBadlandsParched has heatSinkMulti: x0.85 
04:03:03.975  Calculated capacityMulti: 0.85 x globalHeatSinkMulti: 1 
04:03:03.975  Calculating projected position heat.
04:03:03.975  CurrentPath has: 7 nodes, using destination path: (120.0, 192.2, 124.7)
04:03:03.975    Count of waypointsFromPath: 8  terrainWaypoints: 55
04:03:03.975  Biome: DesignMaskBiomeBadlandsParched has heatSinkMulti: x0.85 
04:03:03.975  Calculated capacityMulti: 0.85 x globalHeatSinkMulti: 1 
04:03:03.975  Mech: Javelin_Trilobyte_7B9F1E30 has adjustedNormedCap: 30.6 from normedCap: 36 x multi: 0.85
04:03:03.975    remainingCapacity: 36  rawCapacity: -30  normedAdjustedFraction: -30
04:03:03.975    currentHeat: 0 + tempHeat: 0 + projectedHeat: 5 + cacTerrainheat: 0 + sinkableHeat: -30  =  futureHeat: 5
04:03:03.975  Threshold heat: 0 = futureHeat: 5 + sinkableHeat: -30
04:03:03.983  Mech_SprintHeat_Getter - Javelin_Trilobyte_7B9F1E30 processing sprint heat modifiers: (original 5 + mod 0) x mult 1 = 5
04:03:03.983  Mech_SprintHeat_Getter - Javelin_Trilobyte_7B9F1E30 processing sprint heat modifiers: (original 5 + mod 0) x mult 1 = 5
04:03:03.983  Mech_SprintHeat_Getter - Javelin_Trilobyte_7B9F1E30 processing sprint heat modifiers: (original 5 + mod 0) x mult 1 = 5
04:03:03.983  Mech_SprintHeat_Getter - Javelin_Trilobyte_7B9F1E30 processing sprint heat modifiers: (original 5 + mod 0) x mult 1 = 5
04:03:03.983    Count of waypointsFromPath: 8  terrainWaypoints: 55
04:03:03.983  TerrainHeat: 0 = sumOfHeat: 0 / totalCells: 0
04:03:03.983  Calculating projected position heat.
04:03:03.983  CurrentPath has: 7 nodes, using destination path: (120.0, 192.2, 124.7)
04:03:03.983    Count of waypointsFromPath: 8  terrainWaypoints: 55
04:03:03.983  Biome: DesignMaskBiomeBadlandsParched has heatSinkMulti: x0.85 
04:03:03.983  Calculated capacityMulti: 0.85 x globalHeatSinkMulti: 1 
04:03:03.983  Calculating projected position heat.
04:03:03.983  CurrentPath has: 7 nodes, using destination path: (120.0, 192.2, 124.7)
04:03:03.983    Count of waypointsFromPath: 8  terrainWaypoints: 55
04:03:03.983  Biome: DesignMaskBiomeBadlandsParched has heatSinkMulti: x0.85 
04:03:03.983  Calculated capacityMulti: 0.85 x globalHeatSinkMulti: 1 
04:03:03.983  Mech: Javelin_Trilobyte_7B9F1E30 has adjustedNormedCap: 30.6 from normedCap: 36 x multi: 0.85
04:03:03.983  Mech: Javelin_Trilobyte_7B9F1E30 has totalHeatSinkCap: 36 from currentCap: 36 + usedCap: 0
04:03:03.983  Calculating projected position heat.
04:03:03.983  CurrentPath has: 7 nodes, using destination path: (120.0, 192.2, 124.7)
04:03:03.983    Count of waypointsFromPath: 8  terrainWaypoints: 55
04:03:03.983  Biome: DesignMaskBiomeBadlandsParched has heatSinkMulti: x0.85 
04:03:03.983  Calculated capacityMulti: 0.85 x globalHeatSinkMulti: 1 
04:03:03.983  Calculating projected position heat.
04:03:03.983  CurrentPath has: 7 nodes, using destination path: (120.0, 192.2, 124.7)
04:03:03.983    Count of waypointsFromPath: 8  terrainWaypoints: 55
04:03:03.983  Biome: DesignMaskBiomeBadlandsParched has heatSinkMulti: x0.85 
04:03:03.983  Calculated capacityMulti: 0.85 x globalHeatSinkMulti: 1 
04:03:03.983  Mech: Javelin_Trilobyte_7B9F1E30 has adjustedNormedCap: 30.6 from normedCap: 36 x multi: 0.85
04:03:03.983    remainingCapacity: 36  rawCapacity: -30  normedAdjustedFraction: -30
04:03:03.983    currentHeat: 0 + tempHeat: 0 + projectedHeat: 5 + cacTerrainheat: 0 + sinkableHeat: -30  =  futureHeat: 5
04:03:03.983  Threshold heat: 0 = futureHeat: 5 + sinkableHeat: -30
04:03:03.991  Mech_SprintHeat_Getter - Javelin_Trilobyte_7B9F1E30 processing sprint heat modifiers: (original 5 + mod 0) x mult 1 = 5
04:03:03.991  Mech_SprintHeat_Getter - Javelin_Trilobyte_7B9F1E30 processing sprint heat modifiers: (original 5 + mod 0) x mult 1 = 5
04:03:03.991  Mech_SprintHeat_Getter - Javelin_Trilobyte_7B9F1E30 processing sprint heat modifiers: (original 5 + mod 0) x mult 1 = 5
04:03:03.991  Mech_SprintHeat_Getter - Javelin_Trilobyte_7B9F1E30 processing sprint heat modifiers: (original 5 + mod 0) x mult 1 = 5
04:03:03.991    Count of waypointsFromPath: 8  terrainWaypoints: 55
04:03:03.991  TerrainHeat: 0 = sumOfHeat: 0 / totalCells: 0
04:03:03.991  Calculating projected position heat.
04:03:03.991  CurrentPath has: 7 nodes, using destination path: (120.0, 192.2, 124.7)
04:03:03.991    Count of waypointsFromPath: 8  terrainWaypoints: 55
04:03:03.991  Biome: DesignMaskBiomeBadlandsParched has heatSinkMulti: x0.85 
04:03:03.991  Calculated capacityMulti: 0.85 x globalHeatSinkMulti: 1 
04:03:03.991  Calculating projected position heat.
04:03:03.991  CurrentPath has: 7 nodes, using destination path: (120.0, 192.2, 124.7)
04:03:03.991    Count of waypointsFromPath: 8  terrainWaypoints: 55
04:03:03.991  Biome: DesignMaskBiomeBadlandsParched has heatSinkMulti: x0.85 
04:03:03.991  Calculated capacityMulti: 0.85 x globalHeatSinkMulti: 1 
04:03:03.991  Mech: Javelin_Trilobyte_7B9F1E30 has adjustedNormedCap: 30.6 from normedCap: 36 x multi: 0.85
04:03:03.991  Mech: Javelin_Trilobyte_7B9F1E30 has totalHeatSinkCap: 36 from currentCap: 36 + usedCap: 0
04:03:03.991  Calculating projected position heat.
04:03:03.991  CurrentPath has: 7 nodes, using destination path: (120.0, 192.2, 124.7)
04:03:03.991    Count of waypointsFromPath: 8  terrainWaypoints: 55
04:03:03.991  Biome: DesignMaskBiomeBadlandsParched has heatSinkMulti: x0.85 
04:03:03.991  Calculated capacityMulti: 0.85 x globalHeatSinkMulti: 1 
04:03:03.991  Calculating projected position heat.
04:03:03.991  CurrentPath has: 7 nodes, using destination path: (120.0, 192.2, 124.7)
04:03:03.991    Count of waypointsFromPath: 8  terrainWaypoints: 55
04:03:03.991  Biome: DesignMaskBiomeBadlandsParched has heatSinkMulti: x0.85 
04:03:03.991  Calculated capacityMulti: 0.85 x globalHeatSinkMulti: 1 
04:03:03.991  Mech: Javelin_Trilobyte_7B9F1E30 has adjustedNormedCap: 30.6 from normedCap: 36 x multi: 0.85
04:03:03.991    remainingCapacity: 36  rawCapacity: -30  normedAdjustedFraction: -30
04:03:03.991    currentHeat: 0 + tempHeat: 0 + projectedHeat: 5 + cacTerrainheat: 0 + sinkableHeat: -30  =  futureHeat: 5
04:03:03.991  Threshold heat: 0 = futureHeat: 5 + sinkableHeat: -30
04:03:04.000  Mech_SprintHeat_Getter - Javelin_Trilobyte_7B9F1E30 processing sprint heat modifiers: (original 5 + mod 0) x mult 1 = 5
04:03:04.000  Mech_SprintHeat_Getter - Javelin_Trilobyte_7B9F1E30 processing sprint heat modifiers: (original 5 + mod 0) x mult 1 = 5
04:03:04.000  Mech_SprintHeat_Getter - Javelin_Trilobyte_7B9F1E30 processing sprint heat modifiers: (original 5 + mod 0) x mult 1 = 5
04:03:04.000  Mech_SprintHeat_Getter - Javelin_Trilobyte_7B9F1E30 processing sprint heat modifiers: (original 5 + mod 0) x mult 1 = 5
04:03:04.000    Count of waypointsFromPath: 8  terrainWaypoints: 55
04:03:04.000  TerrainHeat: 0 = sumOfHeat: 0 / totalCells: 0
04:03:04.000  Calculating projected position heat.
04:03:04.000  CurrentPath has: 7 nodes, using destination path: (120.0, 192.2, 124.7)
04:03:04.000    Count of waypointsFromPath: 8  terrainWaypoints: 55
04:03:04.000  Biome: DesignMaskBiomeBadlandsParched has heatSinkMulti: x0.85 
04:03:04.000  Calculated capacityMulti: 0.85 x globalHeatSinkMulti: 1 
04:03:04.000  Calculating projected position heat.
04:03:04.000  CurrentPath has: 7 nodes, using destination path: (120.0, 192.2, 124.7)
04:03:04.000    Count of waypointsFromPath: 8  terrainWaypoints: 55
04:03:04.000  Biome: DesignMaskBiomeBadlandsParched has heatSinkMulti: x0.85 
04:03:04.000  Calculated capacityMulti: 0.85 x globalHeatSinkMulti: 1 
04:03:04.000  Mech: Javelin_Trilobyte_7B9F1E30 has adjustedNormedCap: 30.6 from normedCap: 36 x multi: 0.85
04:03:04.000  Mech: Javelin_Trilobyte_7B9F1E30 has totalHeatSinkCap: 36 from currentCap: 36 + usedCap: 0
04:03:04.000  Calculating projected position heat.
04:03:04.000  CurrentPath has: 7 nodes, using destination path: (120.0, 192.2, 124.7)
04:03:04.000    Count of waypointsFromPath: 8  terrainWaypoints: 55
04:03:04.000  Biome: DesignMaskBiomeBadlandsParched has heatSinkMulti: x0.85 
04:03:04.000  Calculated capacityMulti: 0.85 x globalHeatSinkMulti: 1 
04:03:04.000  Calculating projected position heat.
04:03:04.000  CurrentPath has: 7 nodes, using destination path: (120.0, 192.2, 124.7)
04:03:04.000    Count of waypointsFromPath: 8  terrainWaypoints: 55
04:03:04.000  Biome: DesignMaskBiomeBadlandsParched has heatSinkMulti: x0.85 
04:03:04.000  Calculated capacityMulti: 0.85 x globalHeatSinkMulti: 1 
04:03:04.000  Mech: Javelin_Trilobyte_7B9F1E30 has adjustedNormedCap: 30.6 from normedCap: 36 x multi: 0.85
04:03:04.000    remainingCapacity: 36  rawCapacity: -30  normedAdjustedFraction: -30
04:03:04.000    currentHeat: 0 + tempHeat: 0 + projectedHeat: 5 + cacTerrainheat: 0 + sinkableHeat: -30  =  futureHeat: 5
04:03:04.000  Threshold heat: 0 = futureHeat: 5 + sinkableHeat: -30
04:03:04.008  Mech_SprintHeat_Getter - Javelin_Trilobyte_7B9F1E30 processing sprint heat modifiers: (original 5 + mod 0) x mult 1 = 5
04:03:04.008  Mech_SprintHeat_Getter - Javelin_Trilobyte_7B9F1E30 processing sprint heat modifiers: (original 5 + mod 0) x mult 1 = 5
04:03:04.008  Mech_SprintHeat_Getter - Javelin_Trilobyte_7B9F1E30 processing sprint heat modifiers: (original 5 + mod 0) x mult 1 = 5
04:03:04.008  Mech_SprintHeat_Getter - Javelin_Trilobyte_7B9F1E30 processing sprint heat modifiers: (original 5 + mod 0) x mult 1 = 5
04:03:04.008    Count of waypointsFromPath: 8  terrainWaypoints: 55
04:03:04.008  TerrainHeat: 0 = sumOfHeat: 0 / totalCells: 0
04:03:04.008  Calculating projected position heat.
04:03:04.008  CurrentPath has: 7 nodes, using destination path: (120.0, 192.2, 124.7)
04:03:04.008    Count of waypointsFromPath: 8  terrainWaypoints: 55
04:03:04.008  Biome: DesignMaskBiomeBadlandsParched has heatSinkMulti: x0.85 
04:03:04.008  Calculated capacityMulti: 0.85 x globalHeatSinkMulti: 1 
04:03:04.008  Calculating projected position heat.
04:03:04.008  CurrentPath has: 7 nodes, using destination path: (120.0, 192.2, 124.7)
04:03:04.008    Count of waypointsFromPath: 8  terrainWaypoints: 55
04:03:04.008  Biome: DesignMaskBiomeBadlandsParched has heatSinkMulti: x0.85 
04:03:04.008  Calculated capacityMulti: 0.85 x globalHeatSinkMulti: 1 
04:03:04.008  Mech: Javelin_Trilobyte_7B9F1E30 has adjustedNormedCap: 30.6 from normedCap: 36 x multi: 0.85
04:03:04.008  Mech: Javelin_Trilobyte_7B9F1E30 has totalHeatSinkCap: 36 from currentCap: 36 + usedCap: 0
04:03:04.008  Calculating projected position heat.
04:03:04.008  CurrentPath has: 7 nodes, using destination path: (120.0, 192.2, 124.7)
04:03:04.008    Count of waypointsFromPath: 8  terrainWaypoints: 55
04:03:04.008  Biome: DesignMaskBiomeBadlandsParched has heatSinkMulti: x0.85 
04:03:04.008  Calculated capacityMulti: 0.85 x globalHeatSinkMulti: 1 
04:03:04.008  Calculating projected position heat.
04:03:04.008  CurrentPath has: 7 nodes, using destination path: (120.0, 192.2, 124.7)
04:03:04.008    Count of waypointsFromPath: 8  terrainWaypoints: 55
04:03:04.008  Biome: DesignMaskBiomeBadlandsParched has heatSinkMulti: x0.85 
04:03:04.008  Calculated capacityMulti: 0.85 x globalHeatSinkMulti: 1 
04:03:04.008  Mech: Javelin_Trilobyte_7B9F1E30 has adjustedNormedCap: 30.6 from normedCap: 36 x multi: 0.85
04:03:04.008    remainingCapacity: 36  rawCapacity: -30  normedAdjustedFraction: -30
04:03:04.008    currentHeat: 0 + tempHeat: 0 + projectedHeat: 5 + cacTerrainheat: 0 + sinkableHeat: -30  =  futureHeat: 5
04:03:04.008  Threshold heat: 0 = futureHeat: 5 + sinkableHeat: -30
04:03:04.016  Mech_SprintHeat_Getter - Javelin_Trilobyte_7B9F1E30 processing sprint heat modifiers: (original 5 + mod 0) x mult 1 = 5
04:03:04.016  Mech_SprintHeat_Getter - Javelin_Trilobyte_7B9F1E30 processing sprint heat modifiers: (original 5 + mod 0) x mult 1 = 5
04:03:04.016  Mech_SprintHeat_Getter - Javelin_Trilobyte_7B9F1E30 processing sprint heat modifiers: (original 5 + mod 0) x mult 1 = 5
04:03:04.016  Mech_SprintHeat_Getter - Javelin_Trilobyte_7B9F1E30 processing sprint heat modifiers: (original 5 + mod 0) x mult 1 = 5
04:03:04.016    Count of waypointsFromPath: 8  terrainWaypoints: 55
04:03:04.016  TerrainHeat: 0 = sumOfHeat: 0 / totalCells: 0
04:03:04.016  Calculating projected position heat.
04:03:04.016  CurrentPath has: 7 nodes, using destination path: (120.0, 192.2, 124.7)
04:03:04.016    Count of waypointsFromPath: 8  terrainWaypoints: 55
04:03:04.016  Biome: DesignMaskBiomeBadlandsParched has heatSinkMulti: x0.85 
04:03:04.016  Calculated capacityMulti: 0.85 x globalHeatSinkMulti: 1 
04:03:04.016  Calculating projected position heat.
04:03:04.016  CurrentPath has: 7 nodes, using destination path: (120.0, 192.2, 124.7)
04:03:04.016    Count of waypointsFromPath: 8  terrainWaypoints: 55
04:03:04.016  Biome: DesignMaskBiomeBadlandsParched has heatSinkMulti: x0.85 
04:03:04.016  Calculated capacityMulti: 0.85 x globalHeatSinkMulti: 1 
04:03:04.016  Mech: Javelin_Trilobyte_7B9F1E30 has adjustedNormedCap: 30.6 from normedCap: 36 x multi: 0.85
04:03:04.016  Mech: Javelin_Trilobyte_7B9F1E30 has totalHeatSinkCap: 36 from currentCap: 36 + usedCap: 0
04:03:04.016  Calculating projected position heat.
04:03:04.016  CurrentPath has: 7 nodes, using destination path: (120.0, 192.2, 124.7)
04:03:04.016    Count of waypointsFromPath: 8  terrainWaypoints: 55
04:03:04.016  Biome: DesignMaskBiomeBadlandsParched has heatSinkMulti: x0.85 
04:03:04.016  Calculated capacityMulti: 0.85 x globalHeatSinkMulti: 1 
04:03:04.016  Calculating projected position heat.
04:03:04.016  CurrentPath has: 7 nodes, using destination path: (120.0, 192.2, 124.7)
04:03:04.016    Count of waypointsFromPath: 8  terrainWaypoints: 55
04:03:04.016  Biome: DesignMaskBiomeBadlandsParched has heatSinkMulti: x0.85 
04:03:04.016  Calculated capacityMulti: 0.85 x globalHeatSinkMulti: 1 
04:03:04.016  Mech: Javelin_Trilobyte_7B9F1E30 has adjustedNormedCap: 30.6 from normedCap: 36 x multi: 0.85
04:03:04.016    remainingCapacity: 36  rawCapacity: -30  normedAdjustedFraction: -30
04:03:04.016    currentHeat: 0 + tempHeat: 0 + projectedHeat: 5 + cacTerrainheat: 0 + sinkableHeat: -30  =  futureHeat: 5
04:03:04.016  Threshold heat: 0 = futureHeat: 5 + sinkableHeat: -30
04:03:04.024  Mech_SprintHeat_Getter - Javelin_Trilobyte_7B9F1E30 processing sprint heat modifiers: (original 5 + mod 0) x mult 1 = 5
04:03:04.024  Mech_SprintHeat_Getter - Javelin_Trilobyte_7B9F1E30 processing sprint heat modifiers: (original 5 + mod 0) x mult 1 = 5
04:03:04.024  Mech_SprintHeat_Getter - Javelin_Trilobyte_7B9F1E30 processing sprint heat modifiers: (original 5 + mod 0) x mult 1 = 5
04:03:04.024  Mech_SprintHeat_Getter - Javelin_Trilobyte_7B9F1E30 processing sprint heat modifiers: (original 5 + mod 0) x mult 1 = 5
04:03:04.024    Count of waypointsFromPath: 8  terrainWaypoints: 55
04:03:04.024  TerrainHeat: 0 = sumOfHeat: 0 / totalCells: 0
04:03:04.024  Calculating projected position heat.
04:03:04.024  CurrentPath has: 7 nodes, using destination path: (120.0, 192.2, 124.7)
04:03:04.024    Count of waypointsFromPath: 8  terrainWaypoints: 55
04:03:04.024  Biome: DesignMaskBiomeBadlandsParched has heatSinkMulti: x0.85 
04:03:04.024  Calculated capacityMulti: 0.85 x globalHeatSinkMulti: 1 
04:03:04.024  Calculating projected position heat.
04:03:04.024  CurrentPath has: 7 nodes, using destination path: (120.0, 192.2, 124.7)
04:03:04.024    Count of waypointsFromPath: 8  terrainWaypoints: 55
04:03:04.024  Biome: DesignMaskBiomeBadlandsParched has heatSinkMulti: x0.85 
04:03:04.024  Calculated capacityMulti: 0.85 x globalHeatSinkMulti: 1 
04:03:04.024  Mech: Javelin_Trilobyte_7B9F1E30 has adjustedNormedCap: 30.6 from normedCap: 36 x multi: 0.85
04:03:04.025  Mech: Javelin_Trilobyte_7B9F1E30 has totalHeatSinkCap: 36 from currentCap: 36 + usedCap: 0
04:03:04.025  Calculating projected position heat.
04:03:04.025  CurrentPath has: 7 nodes, using destination path: (120.0, 192.2, 124.7)
04:03:04.025    Count of waypointsFromPath: 8  terrainWaypoints: 55
04:03:04.025  Biome: DesignMaskBiomeBadlandsParched has heatSinkMulti: x0.85 
04:03:04.025  Calculated capacityMulti: 0.85 x globalHeatSinkMulti: 1 
04:03:04.025  Calculating projected position heat.
04:03:04.025  CurrentPath has: 7 nodes, using destination path: (120.0, 192.2, 124.7)
04:03:04.025    Count of waypointsFromPath: 8  terrainWaypoints: 55
04:03:04.025  Biome: DesignMaskBiomeBadlandsParched has heatSinkMulti: x0.85 
04:03:04.025  Calculated capacityMulti: 0.85 x globalHeatSinkMulti: 1 
04:03:04.025  Mech: Javelin_Trilobyte_7B9F1E30 has adjustedNormedCap: 30.6 from normedCap: 36 x multi: 0.85
04:03:04.025    remainingCapacity: 36  rawCapacity: -30  normedAdjustedFraction: -30
04:03:04.025    currentHeat: 0 + tempHeat: 0 + projectedHeat: 5 + cacTerrainheat: 0 + sinkableHeat: -30  =  futureHeat: 5
04:03:04.025  Threshold heat: 0 = futureHeat: 5 + sinkableHeat: -30
04:03:04.032  Mech_SprintHeat_Getter - Javelin_Trilobyte_7B9F1E30 processing sprint heat modifiers: (original 5 + mod 0) x mult 1 = 5
04:03:04.032  Mech_SprintHeat_Getter - Javelin_Trilobyte_7B9F1E30 processing sprint heat modifiers: (original 5 + mod 0) x mult 1 = 5
04:03:04.032  Mech_SprintHeat_Getter - Javelin_Trilobyte_7B9F1E30 processing sprint heat modifiers: (original 5 + mod 0) x mult 1 = 5
04:03:04.032  Mech_SprintHeat_Getter - Javelin_Trilobyte_7B9F1E30 processing sprint heat modifiers: (original 5 + mod 0) x mult 1 = 5
04:03:04.032    Count of waypointsFromPath: 8  terrainWaypoints: 55
04:03:04.032  TerrainHeat: 0 = sumOfHeat: 0 / totalCells: 0
04:03:04.032  Calculating projected position heat.
04:03:04.032  CurrentPath has: 7 nodes, using destination path: (120.0, 192.2, 124.7)
04:03:04.032    Count of waypointsFromPath: 8  terrainWaypoints: 55
04:03:04.032  Biome: DesignMaskBiomeBadlandsParched has heatSinkMulti: x0.85 
04:03:04.032  Calculated capacityMulti: 0.85 x globalHeatSinkMulti: 1 
04:03:04.032  Calculating projected position heat.
04:03:04.032  CurrentPath has: 7 nodes, using destination path: (120.0, 192.2, 124.7)
04:03:04.032    Count of waypointsFromPath: 8  terrainWaypoints: 55
04:03:04.032  Biome: DesignMaskBiomeBadlandsParched has heatSinkMulti: x0.85 
04:03:04.032  Calculated capacityMulti: 0.85 x globalHeatSinkMulti: 1 
04:03:04.032  Mech: Javelin_Trilobyte_7B9F1E30 has adjustedNormedCap: 30.6 from normedCap: 36 x multi: 0.85
04:03:04.032  Mech: Javelin_Trilobyte_7B9F1E30 has totalHeatSinkCap: 36 from currentCap: 36 + usedCap: 0
04:03:04.032  Calculating projected position heat.
04:03:04.032  CurrentPath has: 7 nodes, using destination path: (120.0, 192.2, 124.7)
04:03:04.032    Count of waypointsFromPath: 8  terrainWaypoints: 55
04:03:04.032  Biome: DesignMaskBiomeBadlandsParched has heatSinkMulti: x0.85 
04:03:04.032  Calculated capacityMulti: 0.85 x globalHeatSinkMulti: 1 
04:03:04.032  Calculating projected position heat.
04:03:04.032  CurrentPath has: 7 nodes, using destination path: (120.0, 192.2, 124.7)
04:03:04.032    Count of waypointsFromPath: 8  terrainWaypoints: 55
04:03:04.032  Biome: DesignMaskBiomeBadlandsParched has heatSinkMulti: x0.85 
04:03:04.032  Calculated capacityMulti: 0.85 x globalHeatSinkMulti: 1 
04:03:04.032  Mech: Javelin_Trilobyte_7B9F1E30 has adjustedNormedCap: 30.6 from normedCap: 36 x multi: 0.85
04:03:04.032    remainingCapacity: 36  rawCapacity: -30  normedAdjustedFraction: -30
04:03:04.032    currentHeat: 0 + tempHeat: 0 + projectedHeat: 5 + cacTerrainheat: 0 + sinkableHeat: -30  =  futureHeat: 5
04:03:04.032  Threshold heat: 0 = futureHeat: 5 + sinkableHeat: -30
04:03:04.041  Mech_SprintHeat_Getter - Javelin_Trilobyte_7B9F1E30 processing sprint heat modifiers: (original 5 + mod 0) x mult 1 = 5
04:03:04.041  Mech_SprintHeat_Getter - Javelin_Trilobyte_7B9F1E30 processing sprint heat modifiers: (original 5 + mod 0) x mult 1 = 5
04:03:04.041  Mech_SprintHeat_Getter - Javelin_Trilobyte_7B9F1E30 processing sprint heat modifiers: (original 5 + mod 0) x mult 1 = 5
04:03:04.041  Mech_SprintHeat_Getter - Javelin_Trilobyte_7B9F1E30 processing sprint heat modifiers: (original 5 + mod 0) x mult 1 = 5
04:03:04.041    Count of waypointsFromPath: 8  terrainWaypoints: 55
04:03:04.041  TerrainHeat: 0 = sumOfHeat: 0 / totalCells: 0
04:03:04.041  Calculating projected position heat.
04:03:04.041  CurrentPath has: 7 nodes, using destination path: (120.0, 192.2, 124.7)
04:03:04.041    Count of waypointsFromPath: 8  terrainWaypoints: 55
04:03:04.041  Biome: DesignMaskBiomeBadlandsParched has heatSinkMulti: x0.85 
04:03:04.041  Calculated capacityMulti: 0.85 x globalHeatSinkMulti: 1 
04:03:04.041  Calculating projected position heat.
04:03:04.041  CurrentPath has: 7 nodes, using destination path: (120.0, 192.2, 124.7)
04:03:04.041    Count of waypointsFromPath: 8  terrainWaypoints: 55
04:03:04.041  Biome: DesignMaskBiomeBadlandsParched has heatSinkMulti: x0.85 
04:03:04.041  Calculated capacityMulti: 0.85 x globalHeatSinkMulti: 1 
04:03:04.041  Mech: Javelin_Trilobyte_7B9F1E30 has adjustedNormedCap: 30.6 from normedCap: 36 x multi: 0.85
04:03:04.042  Mech: Javelin_Trilobyte_7B9F1E30 has totalHeatSinkCap: 36 from currentCap: 36 + usedCap: 0
04:03:04.042  Calculating projected position heat.
04:03:04.042  CurrentPath has: 7 nodes, using destination path: (120.0, 192.2, 124.7)
04:03:04.042    Count of waypointsFromPath: 8  terrainWaypoints: 55
04:03:04.042  Biome: DesignMaskBiomeBadlandsParched has heatSinkMulti: x0.85 
04:03:04.042  Calculated capacityMulti: 0.85 x globalHeatSinkMulti: 1 
04:03:04.042  Calculating projected position heat.
04:03:04.042  CurrentPath has: 7 nodes, using destination path: (120.0, 192.2, 124.7)
04:03:04.042    Count of waypointsFromPath: 8  terrainWaypoints: 55
04:03:04.042  Biome: DesignMaskBiomeBadlandsParched has heatSinkMulti: x0.85 
04:03:04.042  Calculated capacityMulti: 0.85 x globalHeatSinkMulti: 1 
04:03:04.042  Mech: Javelin_Trilobyte_7B9F1E30 has adjustedNormedCap: 30.6 from normedCap: 36 x multi: 0.85
04:03:04.042    remainingCapacity: 36  rawCapacity: -30  normedAdjustedFraction: -30
04:03:04.042    currentHeat: 0 + tempHeat: 0 + projectedHeat: 5 + cacTerrainheat: 0 + sinkableHeat: -30  =  futureHeat: 5
04:03:04.042  Threshold heat: 0 = futureHeat: 5 + sinkableHeat: -30
04:03:04.049  Mech_SprintHeat_Getter - Javelin_Trilobyte_7B9F1E30 processing sprint heat modifiers: (original 5 + mod 0) x mult 1 = 5
04:03:04.049  Mech_SprintHeat_Getter - Javelin_Trilobyte_7B9F1E30 processing sprint heat modifiers: (original 5 + mod 0) x mult 1 = 5
04:03:04.049  Mech_SprintHeat_Getter - Javelin_Trilobyte_7B9F1E30 processing sprint heat modifiers: (original 5 + mod 0) x mult 1 = 5
04:03:04.049  Mech_SprintHeat_Getter - Javelin_Trilobyte_7B9F1E30 processing sprint heat modifiers: (original 5 + mod 0) x mult 1 = 5
04:03:04.049    Count of waypointsFromPath: 8  terrainWaypoints: 55
04:03:04.049  TerrainHeat: 0 = sumOfHeat: 0 / totalCells: 0
04:03:04.049  Calculating projected position heat.
04:03:04.049  CurrentPath has: 7 nodes, using destination path: (120.0, 192.2, 124.7)
04:03:04.049    Count of waypointsFromPath: 8  terrainWaypoints: 55
04:03:04.049  Biome: DesignMaskBiomeBadlandsParched has heatSinkMulti: x0.85 
04:03:04.049  Calculated capacityMulti: 0.85 x globalHeatSinkMulti: 1 
04:03:04.049  Calculating projected position heat.
04:03:04.049  CurrentPath has: 7 nodes, using destination path: (120.0, 192.2, 124.7)
04:03:04.050    Count of waypointsFromPath: 8  terrainWaypoints: 55
04:03:04.050  Biome: DesignMaskBiomeBadlandsParched has heatSinkMulti: x0.85 
04:03:04.050  Calculated capacityMulti: 0.85 x globalHeatSinkMulti: 1 
04:03:04.050  Mech: Javelin_Trilobyte_7B9F1E30 has adjustedNormedCap: 30.6 from normedCap: 36 x multi: 0.85
04:03:04.050  Mech: Javelin_Trilobyte_7B9F1E30 has totalHeatSinkCap: 36 from currentCap: 36 + usedCap: 0
04:03:04.050  Calculating projected position heat.
04:03:04.050  CurrentPath has: 7 nodes, using destination path: (120.0, 192.2, 124.7)
04:03:04.050    Count of waypointsFromPath: 8  terrainWaypoints: 55
04:03:04.050  Biome: DesignMaskBiomeBadlandsParched has heatSinkMulti: x0.85 
04:03:04.050  Calculated capacityMulti: 0.85 x globalHeatSinkMulti: 1 
04:03:04.050  Calculating projected position heat.
04:03:04.050  CurrentPath has: 7 nodes, using destination path: (120.0, 192.2, 124.7)
04:03:04.050    Count of waypointsFromPath: 8  terrainWaypoints: 55
04:03:04.050  Biome: DesignMaskBiomeBadlandsParched has heatSinkMulti: x0.85 
04:03:04.050  Calculated capacityMulti: 0.85 x globalHeatSinkMulti: 1 
04:03:04.050  Mech: Javelin_Trilobyte_7B9F1E30 has adjustedNormedCap: 30.6 from normedCap: 36 x multi: 0.85
04:03:04.050    remainingCapacity: 36  rawCapacity: -30  normedAdjustedFraction: -30
04:03:04.050    currentHeat: 0 + tempHeat: 0 + projectedHeat: 5 + cacTerrainheat: 0 + sinkableHeat: -30  =  futureHeat: 5
04:03:04.050  Threshold heat: 0 = futureHeat: 5 + sinkableHeat: -30
04:03:04.057  Mech_SprintHeat_Getter - Javelin_Trilobyte_7B9F1E30 processing sprint heat modifiers: (original 5 + mod 0) x mult 1 = 5
04:03:04.057  Mech_SprintHeat_Getter - Javelin_Trilobyte_7B9F1E30 processing sprint heat modifiers: (original 5 + mod 0) x mult 1 = 5
04:03:04.058  Mech_SprintHeat_Getter - Javelin_Trilobyte_7B9F1E30 processing sprint heat modifiers: (original 5 + mod 0) x mult 1 = 5
04:03:04.058  Mech_SprintHeat_Getter - Javelin_Trilobyte_7B9F1E30 processing sprint heat modifiers: (original 5 + mod 0) x mult 1 = 5
04:03:04.058    Count of waypointsFromPath: 8  terrainWaypoints: 55
04:03:04.058  TerrainHeat: 0 = sumOfHeat: 0 / totalCells: 0
04:03:04.058  Calculating projected position heat.
04:03:04.058  CurrentPath has: 7 nodes, using destination path: (120.0, 192.2, 124.7)
04:03:04.058    Count of waypointsFromPath: 8  terrainWaypoints: 55
04:03:04.058  Biome: DesignMaskBiomeBadlandsParched has heatSinkMulti: x0.85 
04:03:04.058  Calculated capacityMulti: 0.85 x globalHeatSinkMulti: 1 
04:03:04.058  Calculating projected position heat.
04:03:04.058  CurrentPath has: 7 nodes, using destination path: (120.0, 192.2, 124.7)
04:03:04.058    Count of waypointsFromPath: 8  terrainWaypoints: 55
04:03:04.058  Biome: DesignMaskBiomeBadlandsParched has heatSinkMulti: x0.85 
04:03:04.058  Calculated capacityMulti: 0.85 x globalHeatSinkMulti: 1 
04:03:04.058  Mech: Javelin_Trilobyte_7B9F1E30 has adjustedNormedCap: 30.6 from normedCap: 36 x multi: 0.85
04:03:04.058  Mech: Javelin_Trilobyte_7B9F1E30 has totalHeatSinkCap: 36 from currentCap: 36 + usedCap: 0
04:03:04.058  Calculating projected position heat.
04:03:04.058  CurrentPath has: 7 nodes, using destination path: (120.0, 192.2, 124.7)
04:03:04.058    Count of waypointsFromPath: 8  terrainWaypoints: 55
04:03:04.058  Biome: DesignMaskBiomeBadlandsParched has heatSinkMulti: x0.85 
04:03:04.058  Calculated capacityMulti: 0.85 x globalHeatSinkMulti: 1 
04:03:04.058  Calculating projected position heat.
04:03:04.058  CurrentPath has: 7 nodes, using destination path: (120.0, 192.2, 124.7)
04:03:04.058    Count of waypointsFromPath: 8  terrainWaypoints: 55
04:03:04.058  Biome: DesignMaskBiomeBadlandsParched has heatSinkMulti: x0.85 
04:03:04.058  Calculated capacityMulti: 0.85 x globalHeatSinkMulti: 1 
04:03:04.058  Mech: Javelin_Trilobyte_7B9F1E30 has adjustedNormedCap: 30.6 from normedCap: 36 x multi: 0.85
04:03:04.058    remainingCapacity: 36  rawCapacity: -30  normedAdjustedFraction: -30
04:03:04.058    currentHeat: 0 + tempHeat: 0 + projectedHeat: 5 + cacTerrainheat: 0 + sinkableHeat: -30  =  futureHeat: 5
04:03:04.058  Threshold heat: 0 = futureHeat: 5 + sinkableHeat: -30
04:03:04.066  Mech_SprintHeat_Getter - Javelin_Trilobyte_7B9F1E30 processing sprint heat modifiers: (original 5 + mod 0) x mult 1 = 5
04:03:04.066  Mech_SprintHeat_Getter - Javelin_Trilobyte_7B9F1E30 processing sprint heat modifiers: (original 5 + mod 0) x mult 1 = 5
04:03:04.066  Mech_SprintHeat_Getter - Javelin_Trilobyte_7B9F1E30 processing sprint heat modifiers: (original 5 + mod 0) x mult 1 = 5
04:03:04.066  Mech_SprintHeat_Getter - Javelin_Trilobyte_7B9F1E30 processing sprint heat modifiers: (original 5 + mod 0) x mult 1 = 5
04:03:04.066    Count of waypointsFromPath: 8  terrainWaypoints: 55
04:03:04.066  TerrainHeat: 0 = sumOfHeat: 0 / totalCells: 0
04:03:04.066  Calculating projected position heat.
04:03:04.066  CurrentPath has: 7 nodes, using destination path: (120.0, 192.2, 124.7)
04:03:04.066    Count of waypointsFromPath: 8  terrainWaypoints: 55
04:03:04.066  Biome: DesignMaskBiomeBadlandsParched has heatSinkMulti: x0.85 
04:03:04.066  Calculated capacityMulti: 0.85 x globalHeatSinkMulti: 1 
04:03:04.066  Calculating projected position heat.
04:03:04.066  CurrentPath has: 7 nodes, using destination path: (120.0, 192.2, 124.7)
04:03:04.066    Count of waypointsFromPath: 8  terrainWaypoints: 55
04:03:04.066  Biome: DesignMaskBiomeBadlandsParched has heatSinkMulti: x0.85 
04:03:04.066  Calculated capacityMulti: 0.85 x globalHeatSinkMulti: 1 
04:03:04.066  Mech: Javelin_Trilobyte_7B9F1E30 has adjustedNormedCap: 30.6 from normedCap: 36 x multi: 0.85
04:03:04.066  Mech: Javelin_Trilobyte_7B9F1E30 has totalHeatSinkCap: 36 from currentCap: 36 + usedCap: 0
04:03:04.066  Calculating projected position heat.
04:03:04.066  CurrentPath has: 7 nodes, using destination path: (120.0, 192.2, 124.7)
04:03:04.066    Count of waypointsFromPath: 8  terrainWaypoints: 55
04:03:04.066  Biome: DesignMaskBiomeBadlandsParched has heatSinkMulti: x0.85 
04:03:04.066  Calculated capacityMulti: 0.85 x globalHeatSinkMulti: 1 
04:03:04.066  Calculating projected position heat.
04:03:04.066  CurrentPath has: 7 nodes, using destination path: (120.0, 192.2, 124.7)
04:03:04.066    Count of waypointsFromPath: 8  terrainWaypoints: 55
04:03:04.066  Biome: DesignMaskBiomeBadlandsParched has heatSinkMulti: x0.85 
04:03:04.066  Calculated capacityMulti: 0.85 x globalHeatSinkMulti: 1 
04:03:04.066  Mech: Javelin_Trilobyte_7B9F1E30 has adjustedNormedCap: 30.6 from normedCap: 36 x multi: 0.85
04:03:04.066    remainingCapacity: 36  rawCapacity: -30  normedAdjustedFraction: -30
04:03:04.066    currentHeat: 0 + tempHeat: 0 + projectedHeat: 5 + cacTerrainheat: 0 + sinkableHeat: -30  =  futureHeat: 5
04:03:04.066  Threshold heat: 0 = futureHeat: 5 + sinkableHeat: -30
04:03:04.074  Mech_SprintHeat_Getter - Javelin_Trilobyte_7B9F1E30 processing sprint heat modifiers: (original 5 + mod 0) x mult 1 = 5
04:03:04.074  Mech_SprintHeat_Getter - Javelin_Trilobyte_7B9F1E30 processing sprint heat modifiers: (original 5 + mod 0) x mult 1 = 5
04:03:04.074  Mech_SprintHeat_Getter - Javelin_Trilobyte_7B9F1E30 processing sprint heat modifiers: (original 5 + mod 0) x mult 1 = 5
04:03:04.074  Mech_SprintHeat_Getter - Javelin_Trilobyte_7B9F1E30 processing sprint heat modifiers: (original 5 + mod 0) x mult 1 = 5
04:03:04.074    Count of waypointsFromPath: 8  terrainWaypoints: 55
04:03:04.074  TerrainHeat: 0 = sumOfHeat: 0 / totalCells: 0
04:03:04.074  Calculating projected position heat.
04:03:04.074  CurrentPath has: 7 nodes, using destination path: (120.0, 192.2, 124.7)
04:03:04.074    Count of waypointsFromPath: 8  terrainWaypoints: 55
04:03:04.074  Biome: DesignMaskBiomeBadlandsParched has heatSinkMulti: x0.85 
04:03:04.074  Calculated capacityMulti: 0.85 x globalHeatSinkMulti: 1 
04:03:04.074  Calculating projected position heat.
04:03:04.074  CurrentPath has: 7 nodes, using destination path: (120.0, 192.2, 124.7)
04:03:04.074    Count of waypointsFromPath: 8  terrainWaypoints: 55
04:03:04.074  Biome: DesignMaskBiomeBadlandsParched has heatSinkMulti: x0.85 
04:03:04.074  Calculated capacityMulti: 0.85 x globalHeatSinkMulti: 1 
04:03:04.074  Mech: Javelin_Trilobyte_7B9F1E30 has adjustedNormedCap: 30.6 from normedCap: 36 x multi: 0.85
04:03:04.074  Mech: Javelin_Trilobyte_7B9F1E30 has totalHeatSinkCap: 36 from currentCap: 36 + usedCap: 0
04:03:04.074  Calculating projected position heat.
04:03:04.074  CurrentPath has: 7 nodes, using destination path: (120.0, 192.2, 124.7)
04:03:04.074    Count of waypointsFromPath: 8  terrainWaypoints: 55
04:03:04.074  Biome: DesignMaskBiomeBadlandsParched has heatSinkMulti: x0.85 
04:03:04.074  Calculated capacityMulti: 0.85 x globalHeatSinkMulti: 1 
04:03:04.074  Calculating projected position heat.
04:03:04.074  CurrentPath has: 7 nodes, using destination path: (120.0, 192.2, 124.7)
04:03:04.074    Count of waypointsFromPath: 8  terrainWaypoints: 55
04:03:04.074  Biome: DesignMaskBiomeBadlandsParched has heatSinkMulti: x0.85 
04:03:04.074  Calculated capacityMulti: 0.85 x globalHeatSinkMulti: 1 
04:03:04.074  Mech: Javelin_Trilobyte_7B9F1E30 has adjustedNormedCap: 30.6 from normedCap: 36 x multi: 0.85
04:03:04.074    remainingCapacity: 36  rawCapacity: -30  normedAdjustedFraction: -30
04:03:04.074    currentHeat: 0 + tempHeat: 0 + projectedHeat: 5 + cacTerrainheat: 0 + sinkableHeat: -30  =  futureHeat: 5
04:03:04.074  Threshold heat: 0 = futureHeat: 5 + sinkableHeat: -30
04:03:04.082  Mech_SprintHeat_Getter - Javelin_Trilobyte_7B9F1E30 processing sprint heat modifiers: (original 5 + mod 0) x mult 1 = 5
04:03:04.082  Mech_SprintHeat_Getter - Javelin_Trilobyte_7B9F1E30 processing sprint heat modifiers: (original 5 + mod 0) x mult 1 = 5
04:03:04.082  Mech_SprintHeat_Getter - Javelin_Trilobyte_7B9F1E30 processing sprint heat modifiers: (original 5 + mod 0) x mult 1 = 5
04:03:04.082  Mech_SprintHeat_Getter - Javelin_Trilobyte_7B9F1E30 processing sprint heat modifiers: (original 5 + mod 0) x mult 1 = 5
04:03:04.082    Count of waypointsFromPath: 8  terrainWaypoints: 55
04:03:04.082  TerrainHeat: 0 = sumOfHeat: 0 / totalCells: 0
04:03:04.082  Calculating projected position heat.
04:03:04.082  CurrentPath has: 7 nodes, using destination path: (120.0, 192.2, 124.7)
04:03:04.082    Count of waypointsFromPath: 8  terrainWaypoints: 55
04:03:04.082  Biome: DesignMaskBiomeBadlandsParched has heatSinkMulti: x0.85 
04:03:04.082  Calculated capacityMulti: 0.85 x globalHeatSinkMulti: 1 
04:03:04.082  Calculating projected position heat.
04:03:04.082  CurrentPath has: 7 nodes, using destination path: (120.0, 192.2, 124.7)
04:03:04.082    Count of waypointsFromPath: 8  terrainWaypoints: 55
04:03:04.082  Biome: DesignMaskBiomeBadlandsParched has heatSinkMulti: x0.85 
04:03:04.082  Calculated capacityMulti: 0.85 x globalHeatSinkMulti: 1 
04:03:04.082  Mech: Javelin_Trilobyte_7B9F1E30 has adjustedNormedCap: 30.6 from normedCap: 36 x multi: 0.85
04:03:04.082  Mech: Javelin_Trilobyte_7B9F1E30 has totalHeatSinkCap: 36 from currentCap: 36 + usedCap: 0
04:03:04.082  Calculating projected position heat.
04:03:04.082  CurrentPath has: 7 nodes, using destination path: (120.0, 192.2, 124.7)
04:03:04.083    Count of waypointsFromPath: 8  terrainWaypoints: 55
04:03:04.083  Biome: DesignMaskBiomeBadlandsParched has heatSinkMulti: x0.85 
04:03:04.083  Calculated capacityMulti: 0.85 x globalHeatSinkMulti: 1 
04:03:04.083  Calculating projected position heat.
04:03:04.083  CurrentPath has: 7 nodes, using destination path: (120.0, 192.2, 124.7)
04:03:04.083    Count of waypointsFromPath: 8  terrainWaypoints: 55
04:03:04.083  Biome: DesignMaskBiomeBadlandsParched has heatSinkMulti: x0.85 
04:03:04.083  Calculated capacityMulti: 0.85 x globalHeatSinkMulti: 1 
04:03:04.083  Mech: Javelin_Trilobyte_7B9F1E30 has adjustedNormedCap: 30.6 from normedCap: 36 x multi: 0.85
04:03:04.083    remainingCapacity: 36  rawCapacity: -30  normedAdjustedFraction: -30
04:03:04.083    currentHeat: 0 + tempHeat: 0 + projectedHeat: 5 + cacTerrainheat: 0 + sinkableHeat: -30  =  futureHeat: 5
04:03:04.083  Threshold heat: 0 = futureHeat: 5 + sinkableHeat: -30
04:03:04.089  Mech_SprintHeat_Getter - Javelin_Trilobyte_7B9F1E30 processing sprint heat modifiers: (original 5 + mod 0) x mult 1 = 5
04:03:04.089  Mech_SprintHeat_Getter - Javelin_Trilobyte_7B9F1E30 processing sprint heat modifiers: (original 5 + mod 0) x mult 1 = 5
04:03:04.089  Mech_SprintHeat_Getter - Javelin_Trilobyte_7B9F1E30 processing sprint heat modifiers: (original 5 + mod 0) x mult 1 = 5
04:03:04.089  Mech_SprintHeat_Getter - Javelin_Trilobyte_7B9F1E30 processing sprint heat modifiers: (original 5 + mod 0) x mult 1 = 5
04:03:04.089    Count of waypointsFromPath: 8  terrainWaypoints: 55
04:03:04.089  TerrainHeat: 0 = sumOfHeat: 0 / totalCells: 0
04:03:04.089  Calculating projected position heat.
04:03:04.089  CurrentPath has: 7 nodes, using destination path: (120.0, 192.2, 124.7)
04:03:04.089    Count of waypointsFromPath: 8  terrainWaypoints: 55
04:03:04.089  Biome: DesignMaskBiomeBadlandsParched has heatSinkMulti: x0.85 
04:03:04.089  Calculated capacityMulti: 0.85 x globalHeatSinkMulti: 1 
04:03:04.089  Calculating projected position heat.
04:03:04.089  CurrentPath has: 7 nodes, using destination path: (120.0, 192.2, 124.7)
04:03:04.089    Count of waypointsFromPath: 8  terrainWaypoints: 55
04:03:04.089  Biome: DesignMaskBiomeBadlandsParched has heatSinkMulti: x0.85 
04:03:04.089  Calculated capacityMulti: 0.85 x globalHeatSinkMulti: 1 
04:03:04.089  Mech: Javelin_Trilobyte_7B9F1E30 has adjustedNormedCap: 30.6 from normedCap: 36 x multi: 0.85
04:03:04.089  Mech: Javelin_Trilobyte_7B9F1E30 has totalHeatSinkCap: 36 from currentCap: 36 + usedCap: 0
04:03:04.089  Calculating projected position heat.
04:03:04.089  CurrentPath has: 7 nodes, using destination path: (120.0, 192.2, 124.7)
04:03:04.089    Count of waypointsFromPath: 8  terrainWaypoints: 55
04:03:04.089  Biome: DesignMaskBiomeBadlandsParched has heatSinkMulti: x0.85 
04:03:04.089  Calculated capacityMulti: 0.85 x globalHeatSinkMulti: 1 
04:03:04.089  Calculating projected position heat.
04:03:04.090  CurrentPath has: 7 nodes, using destination path: (120.0, 192.2, 124.7)
04:03:04.090    Count of waypointsFromPath: 8  terrainWaypoints: 55
04:03:04.090  Biome: DesignMaskBiomeBadlandsParched has heatSinkMulti: x0.85 
04:03:04.090  Calculated capacityMulti: 0.85 x globalHeatSinkMulti: 1 
04:03:04.090  Mech: Javelin_Trilobyte_7B9F1E30 has adjustedNormedCap: 30.6 from normedCap: 36 x multi: 0.85
04:03:04.090    remainingCapacity: 36  rawCapacity: -30  normedAdjustedFraction: -30
04:03:04.090    currentHeat: 0 + tempHeat: 0 + projectedHeat: 5 + cacTerrainheat: 0 + sinkableHeat: -30  =  futureHeat: 5
04:03:04.090  Threshold heat: 0 = futureHeat: 5 + sinkableHeat: -30
04:03:04.099  Mech_SprintHeat_Getter - Javelin_Trilobyte_7B9F1E30 processing sprint heat modifiers: (original 5 + mod 0) x mult 1 = 5
04:03:04.099  Mech_SprintHeat_Getter - Javelin_Trilobyte_7B9F1E30 processing sprint heat modifiers: (original 5 + mod 0) x mult 1 = 5
04:03:04.099  Mech_SprintHeat_Getter - Javelin_Trilobyte_7B9F1E30 processing sprint heat modifiers: (original 5 + mod 0) x mult 1 = 5
04:03:04.099  Mech_SprintHeat_Getter - Javelin_Trilobyte_7B9F1E30 processing sprint heat modifiers: (original 5 + mod 0) x mult 1 = 5
04:03:04.099    Count of waypointsFromPath: 8  terrainWaypoints: 55
04:03:04.099  TerrainHeat: 0 = sumOfHeat: 0 / totalCells: 0
04:03:04.099  Calculating projected position heat.
04:03:04.099  CurrentPath has: 7 nodes, using destination path: (120.0, 192.2, 124.7)
04:03:04.099    Count of waypointsFromPath: 8  terrainWaypoints: 55
04:03:04.099  Biome: DesignMaskBiomeBadlandsParched has heatSinkMulti: x0.85 
04:03:04.099  Calculated capacityMulti: 0.85 x globalHeatSinkMulti: 1 
04:03:04.099  Calculating projected position heat.
04:03:04.099  CurrentPath has: 7 nodes, using destination path: (120.0, 192.2, 124.7)
04:03:04.099    Count of waypointsFromPath: 8  terrainWaypoints: 55
04:03:04.099  Biome: DesignMaskBiomeBadlandsParched has heatSinkMulti: x0.85 
04:03:04.099  Calculated capacityMulti: 0.85 x globalHeatSinkMulti: 1 
04:03:04.099  Mech: Javelin_Trilobyte_7B9F1E30 has adjustedNormedCap: 30.6 from normedCap: 36 x multi: 0.85
04:03:04.099  Mech: Javelin_Trilobyte_7B9F1E30 has totalHeatSinkCap: 36 from currentCap: 36 + usedCap: 0
04:03:04.099  Calculating projected position heat.
04:03:04.099  CurrentPath has: 7 nodes, using destination path: (120.0, 192.2, 124.7)
04:03:04.099    Count of waypointsFromPath: 8  terrainWaypoints: 55
04:03:04.099  Biome: DesignMaskBiomeBadlandsParched has heatSinkMulti: x0.85 
04:03:04.099  Calculated capacityMulti: 0.85 x globalHeatSinkMulti: 1 
04:03:04.099  Calculating projected position heat.
04:03:04.099  CurrentPath has: 7 nodes, using destination path: (120.0, 192.2, 124.7)
04:03:04.099    Count of waypointsFromPath: 8  terrainWaypoints: 55
04:03:04.099  Biome: DesignMaskBiomeBadlandsParched has heatSinkMulti: x0.85 
04:03:04.099  Calculated capacityMulti: 0.85 x globalHeatSinkMulti: 1 
04:03:04.099  Mech: Javelin_Trilobyte_7B9F1E30 has adjustedNormedCap: 30.6 from normedCap: 36 x multi: 0.85
04:03:04.099    remainingCapacity: 36  rawCapacity: -30  normedAdjustedFraction: -30
04:03:04.099    currentHeat: 0 + tempHeat: 0 + projectedHeat: 5 + cacTerrainheat: 0 + sinkableHeat: -30  =  futureHeat: 5
04:03:04.099  Threshold heat: 0 = futureHeat: 5 + sinkableHeat: -30
04:03:04.106  Mech_SprintHeat_Getter - Javelin_Trilobyte_7B9F1E30 processing sprint heat modifiers: (original 5 + mod 0) x mult 1 = 5
04:03:04.106  Mech_SprintHeat_Getter - Javelin_Trilobyte_7B9F1E30 processing sprint heat modifiers: (original 5 + mod 0) x mult 1 = 5
04:03:04.106  Mech_SprintHeat_Getter - Javelin_Trilobyte_7B9F1E30 processing sprint heat modifiers: (original 5 + mod 0) x mult 1 = 5
04:03:04.106  Mech_SprintHeat_Getter - Javelin_Trilobyte_7B9F1E30 processing sprint heat modifiers: (original 5 + mod 0) x mult 1 = 5
04:03:04.106    Count of waypointsFromPath: 8  terrainWaypoints: 55
04:03:04.106  TerrainHeat: 0 = sumOfHeat: 0 / totalCells: 0
04:03:04.106  Calculating projected position heat.
04:03:04.106  CurrentPath has: 7 nodes, using destination path: (120.0, 192.2, 124.7)
04:03:04.106    Count of waypointsFromPath: 8  terrainWaypoints: 55
04:03:04.106  Biome: DesignMaskBiomeBadlandsParched has heatSinkMulti: x0.85 
04:03:04.106  Calculated capacityMulti: 0.85 x globalHeatSinkMulti: 1 
04:03:04.106  Calculating projected position heat.
04:03:04.106  CurrentPath has: 7 nodes, using destination path: (120.0, 192.2, 124.7)
04:03:04.106    Count of waypointsFromPath: 8  terrainWaypoints: 55
04:03:04.106  Biome: DesignMaskBiomeBadlandsParched has heatSinkMulti: x0.85 
04:03:04.106  Calculated capacityMulti: 0.85 x globalHeatSinkMulti: 1 
04:03:04.106  Mech: Javelin_Trilobyte_7B9F1E30 has adjustedNormedCap: 30.6 from normedCap: 36 x multi: 0.85
04:03:04.106  Mech: Javelin_Trilobyte_7B9F1E30 has totalHeatSinkCap: 36 from currentCap: 36 + usedCap: 0
04:03:04.106  Calculating projected position heat.
04:03:04.106  CurrentPath has: 7 nodes, using destination path: (120.0, 192.2, 124.7)
04:03:04.106    Count of waypointsFromPath: 8  terrainWaypoints: 55
04:03:04.106  Biome: DesignMaskBiomeBadlandsParched has heatSinkMulti: x0.85 
04:03:04.106  Calculated capacityMulti: 0.85 x globalHeatSinkMulti: 1 
04:03:04.106  Calculating projected position heat.
04:03:04.106  CurrentPath has: 7 nodes, using destination path: (120.0, 192.2, 124.7)
04:03:04.106    Count of waypointsFromPath: 8  terrainWaypoints: 55
04:03:04.106  Biome: DesignMaskBiomeBadlandsParched has heatSinkMulti: x0.85 
04:03:04.106  Calculated capacityMulti: 0.85 x globalHeatSinkMulti: 1 
04:03:04.106  Mech: Javelin_Trilobyte_7B9F1E30 has adjustedNormedCap: 30.6 from normedCap: 36 x multi: 0.85
04:03:04.107    remainingCapacity: 36  rawCapacity: -30  normedAdjustedFraction: -30
04:03:04.107    currentHeat: 0 + tempHeat: 0 + projectedHeat: 5 + cacTerrainheat: 0 + sinkableHeat: -30  =  futureHeat: 5
04:03:04.107  Threshold heat: 0 = futureHeat: 5 + sinkableHeat: -30
04:03:04.115  Mech_SprintHeat_Getter - Javelin_Trilobyte_7B9F1E30 processing sprint heat modifiers: (original 5 + mod 0) x mult 1 = 5
04:03:04.115  Mech_SprintHeat_Getter - Javelin_Trilobyte_7B9F1E30 processing sprint heat modifiers: (original 5 + mod 0) x mult 1 = 5
04:03:04.115  Mech_SprintHeat_Getter - Javelin_Trilobyte_7B9F1E30 processing sprint heat modifiers: (original 5 + mod 0) x mult 1 = 5
04:03:04.115  Mech_SprintHeat_Getter - Javelin_Trilobyte_7B9F1E30 processing sprint heat modifiers: (original 5 + mod 0) x mult 1 = 5
04:03:04.115    Count of waypointsFromPath: 8  terrainWaypoints: 55
04:03:04.115  TerrainHeat: 0 = sumOfHeat: 0 / totalCells: 0
04:03:04.115  Calculating projected position heat.
04:03:04.115  CurrentPath has: 7 nodes, using destination path: (120.0, 192.2, 124.7)
04:03:04.115    Count of waypointsFromPath: 8  terrainWaypoints: 55
04:03:04.115  Biome: DesignMaskBiomeBadlandsParched has heatSinkMulti: x0.85 
04:03:04.115  Calculated capacityMulti: 0.85 x globalHeatSinkMulti: 1 
04:03:04.115  Calculating projected position heat.
04:03:04.115  CurrentPath has: 7 nodes, using destination path: (120.0, 192.2, 124.7)
04:03:04.115    Count of waypointsFromPath: 8  terrainWaypoints: 55
04:03:04.115  Biome: DesignMaskBiomeBadlandsParched has heatSinkMulti: x0.85 
04:03:04.115  Calculated capacityMulti: 0.85 x globalHeatSinkMulti: 1 
04:03:04.115  Mech: Javelin_Trilobyte_7B9F1E30 has adjustedNormedCap: 30.6 from normedCap: 36 x multi: 0.85
04:03:04.115  Mech: Javelin_Trilobyte_7B9F1E30 has totalHeatSinkCap: 36 from currentCap: 36 + usedCap: 0
04:03:04.115  Calculating projected position heat.
04:03:04.115  CurrentPath has: 7 nodes, using destination path: (120.0, 192.2, 124.7)
04:03:04.115    Count of waypointsFromPath: 8  terrainWaypoints: 55
04:03:04.115  Biome: DesignMaskBiomeBadlandsParched has heatSinkMulti: x0.85 
04:03:04.115  Calculated capacityMulti: 0.85 x globalHeatSinkMulti: 1 
04:03:04.115  Calculating projected position heat.
04:03:04.115  CurrentPath has: 7 nodes, using destination path: (120.0, 192.2, 124.7)
04:03:04.115    Count of waypointsFromPath: 8  terrainWaypoints: 55
04:03:04.116  Biome: DesignMaskBiomeBadlandsParched has heatSinkMulti: x0.85 
04:03:04.116  Calculated capacityMulti: 0.85 x globalHeatSinkMulti: 1 
04:03:04.116  Mech: Javelin_Trilobyte_7B9F1E30 has adjustedNormedCap: 30.6 from normedCap: 36 x multi: 0.85
04:03:04.116    remainingCapacity: 36  rawCapacity: -30  normedAdjustedFraction: -30
04:03:04.116    currentHeat: 0 + tempHeat: 0 + projectedHeat: 5 + cacTerrainheat: 0 + sinkableHeat: -30  =  futureHeat: 5
04:03:04.116  Threshold heat: 0 = futureHeat: 5 + sinkableHeat: -30
04:03:04.122  Mech_SprintHeat_Getter - Javelin_Trilobyte_7B9F1E30 processing sprint heat modifiers: (original 5 + mod 0) x mult 1 = 5
04:03:04.122  Mech_SprintHeat_Getter - Javelin_Trilobyte_7B9F1E30 processing sprint heat modifiers: (original 5 + mod 0) x mult 1 = 5
04:03:04.122  Mech_SprintHeat_Getter - Javelin_Trilobyte_7B9F1E30 processing sprint heat modifiers: (original 5 + mod 0) x mult 1 = 5
04:03:04.122  Mech_SprintHeat_Getter - Javelin_Trilobyte_7B9F1E30 processing sprint heat modifiers: (original 5 + mod 0) x mult 1 = 5
04:03:04.122    Count of waypointsFromPath: 8  terrainWaypoints: 55
04:03:04.122  TerrainHeat: 0 = sumOfHeat: 0 / totalCells: 0
04:03:04.122  Calculating projected position heat.
04:03:04.122  CurrentPath has: 7 nodes, using destination path: (120.0, 192.2, 124.7)
04:03:04.123    Count of waypointsFromPath: 8  terrainWaypoints: 55
04:03:04.123  Biome: DesignMaskBiomeBadlandsParched has heatSinkMulti: x0.85 
04:03:04.123  Calculated capacityMulti: 0.85 x globalHeatSinkMulti: 1 
04:03:04.123  Calculating projected position heat.
04:03:04.123  CurrentPath has: 7 nodes, using destination path: (120.0, 192.2, 124.7)
04:03:04.123    Count of waypointsFromPath: 8  terrainWaypoints: 55
04:03:04.123  Biome: DesignMaskBiomeBadlandsParched has heatSinkMulti: x0.85 
04:03:04.123  Calculated capacityMulti: 0.85 x globalHeatSinkMulti: 1 
04:03:04.123  Mech: Javelin_Trilobyte_7B9F1E30 has adjustedNormedCap: 30.6 from normedCap: 36 x multi: 0.85
04:03:04.123  Mech: Javelin_Trilobyte_7B9F1E30 has totalHeatSinkCap: 36 from currentCap: 36 + usedCap: 0
04:03:04.123  Calculating projected position heat.
04:03:04.123  CurrentPath has: 7 nodes, using destination path: (120.0, 192.2, 124.7)
04:03:04.123    Count of waypointsFromPath: 8  terrainWaypoints: 55
04:03:04.123  Biome: DesignMaskBiomeBadlandsParched has heatSinkMulti: x0.85 
04:03:04.123  Calculated capacityMulti: 0.85 x globalHeatSinkMulti: 1 
04:03:04.123  Calculating projected position heat.
04:03:04.123  CurrentPath has: 7 nodes, using destination path: (120.0, 192.2, 124.7)
04:03:04.123    Count of waypointsFromPath: 8  terrainWaypoints: 55
04:03:04.123  Biome: DesignMaskBiomeBadlandsParched has heatSinkMulti: x0.85 
04:03:04.123  Calculated capacityMulti: 0.85 x globalHeatSinkMulti: 1 
04:03:04.123  Mech: Javelin_Trilobyte_7B9F1E30 has adjustedNormedCap: 30.6 from normedCap: 36 x multi: 0.85
04:03:04.123    remainingCapacity: 36  rawCapacity: -30  normedAdjustedFraction: -30
04:03:04.123    currentHeat: 0 + tempHeat: 0 + projectedHeat: 5 + cacTerrainheat: 0 + sinkableHeat: -30  =  futureHeat: 5
04:03:04.123  Threshold heat: 0 = futureHeat: 5 + sinkableHeat: -30
04:03:04.132  Mech_SprintHeat_Getter - Javelin_Trilobyte_7B9F1E30 processing sprint heat modifiers: (original 5 + mod 0) x mult 1 = 5
04:03:04.132  Mech_SprintHeat_Getter - Javelin_Trilobyte_7B9F1E30 processing sprint heat modifiers: (original 5 + mod 0) x mult 1 = 5
04:03:04.132  Mech_SprintHeat_Getter - Javelin_Trilobyte_7B9F1E30 processing sprint heat modifiers: (original 5 + mod 0) x mult 1 = 5
04:03:04.132  Mech_SprintHeat_Getter - Javelin_Trilobyte_7B9F1E30 processing sprint heat modifiers: (original 5 + mod 0) x mult 1 = 5
04:03:04.132    Count of waypointsFromPath: 8  terrainWaypoints: 55
04:03:04.132  TerrainHeat: 0 = sumOfHeat: 0 / totalCells: 0
04:03:04.132  Calculating projected position heat.
04:03:04.132  CurrentPath has: 7 nodes, using destination path: (120.0, 192.2, 124.7)
04:03:04.132    Count of waypointsFromPath: 8  terrainWaypoints: 55
04:03:04.132  Biome: DesignMaskBiomeBadlandsParched has heatSinkMulti: x0.85 
04:03:04.132  Calculated capacityMulti: 0.85 x globalHeatSinkMulti: 1 
04:03:04.132  Calculating projected position heat.
04:03:04.132  CurrentPath has: 7 nodes, using destination path: (120.0, 192.2, 124.7)
04:03:04.132    Count of waypointsFromPath: 8  terrainWaypoints: 55
04:03:04.132  Biome: DesignMaskBiomeBadlandsParched has heatSinkMulti: x0.85 
04:03:04.132  Calculated capacityMulti: 0.85 x globalHeatSinkMulti: 1 
04:03:04.132  Mech: Javelin_Trilobyte_7B9F1E30 has adjustedNormedCap: 30.6 from normedCap: 36 x multi: 0.85
04:03:04.132  Mech: Javelin_Trilobyte_7B9F1E30 has totalHeatSinkCap: 36 from currentCap: 36 + usedCap: 0
04:03:04.132  Calculating projected position heat.
04:03:04.132  CurrentPath has: 7 nodes, using destination path: (120.0, 192.2, 124.7)
04:03:04.132    Count of waypointsFromPath: 8  terrainWaypoints: 55
04:03:04.132  Biome: DesignMaskBiomeBadlandsParched has heatSinkMulti: x0.85 
04:03:04.132  Calculated capacityMulti: 0.85 x globalHeatSinkMulti: 1 
04:03:04.132  Calculating projected position heat.
04:03:04.132  CurrentPath has: 7 nodes, using destination path: (120.0, 192.2, 124.7)
04:03:04.132    Count of waypointsFromPath: 8  terrainWaypoints: 55
04:03:04.132  Biome: DesignMaskBiomeBadlandsParched has heatSinkMulti: x0.85 
04:03:04.132  Calculated capacityMulti: 0.85 x globalHeatSinkMulti: 1 
04:03:04.132  Mech: Javelin_Trilobyte_7B9F1E30 has adjustedNormedCap: 30.6 from normedCap: 36 x multi: 0.85
04:03:04.132    remainingCapacity: 36  rawCapacity: -30  normedAdjustedFraction: -30
04:03:04.132    currentHeat: 0 + tempHeat: 0 + projectedHeat: 5 + cacTerrainheat: 0 + sinkableHeat: -30  =  futureHeat: 5
04:03:04.132  Threshold heat: 0 = futureHeat: 5 + sinkableHeat: -30
04:03:04.138  Mech_SprintHeat_Getter - Javelin_Trilobyte_7B9F1E30 processing sprint heat modifiers: (original 5 + mod 0) x mult 1 = 5
04:03:04.138  Mech_SprintHeat_Getter - Javelin_Trilobyte_7B9F1E30 processing sprint heat modifiers: (original 5 + mod 0) x mult 1 = 5
04:03:04.138  Mech_SprintHeat_Getter - Javelin_Trilobyte_7B9F1E30 processing sprint heat modifiers: (original 5 + mod 0) x mult 1 = 5
04:03:04.138  Mech_SprintHeat_Getter - Javelin_Trilobyte_7B9F1E30 processing sprint heat modifiers: (original 5 + mod 0) x mult 1 = 5
04:03:04.138    Count of waypointsFromPath: 8  terrainWaypoints: 55
04:03:04.138  TerrainHeat: 0 = sumOfHeat: 0 / totalCells: 0
04:03:04.138  Calculating projected position heat.
04:03:04.138  CurrentPath has: 7 nodes, using destination path: (120.0, 192.2, 124.7)
04:03:04.138    Count of waypointsFromPath: 8  terrainWaypoints: 55
04:03:04.138  Biome: DesignMaskBiomeBadlandsParched has heatSinkMulti: x0.85 
04:03:04.138  Calculated capacityMulti: 0.85 x globalHeatSinkMulti: 1 
04:03:04.138  Calculating projected position heat.
04:03:04.138  CurrentPath has: 7 nodes, using destination path: (120.0, 192.2, 124.7)
04:03:04.138    Count of waypointsFromPath: 8  terrainWaypoints: 55
04:03:04.138  Biome: DesignMaskBiomeBadlandsParched has heatSinkMulti: x0.85 
04:03:04.138  Calculated capacityMulti: 0.85 x globalHeatSinkMulti: 1 
04:03:04.138  Mech: Javelin_Trilobyte_7B9F1E30 has adjustedNormedCap: 30.6 from normedCap: 36 x multi: 0.85
04:03:04.138  Mech: Javelin_Trilobyte_7B9F1E30 has totalHeatSinkCap: 36 from currentCap: 36 + usedCap: 0
04:03:04.138  Calculating projected position heat.
04:03:04.138  CurrentPath has: 7 nodes, using destination path: (120.0, 192.2, 124.7)
04:03:04.138    Count of waypointsFromPath: 8  terrainWaypoints: 55
04:03:04.138  Biome: DesignMaskBiomeBadlandsParched has heatSinkMulti: x0.85 
04:03:04.138  Calculated capacityMulti: 0.85 x globalHeatSinkMulti: 1 
04:03:04.138  Calculating projected position heat.
04:03:04.138  CurrentPath has: 7 nodes, using destination path: (120.0, 192.2, 124.7)
04:03:04.139    Count of waypointsFromPath: 8  terrainWaypoints: 55
04:03:04.139  Biome: DesignMaskBiomeBadlandsParched has heatSinkMulti: x0.85 
04:03:04.139  Calculated capacityMulti: 0.85 x globalHeatSinkMulti: 1 
04:03:04.139  Mech: Javelin_Trilobyte_7B9F1E30 has adjustedNormedCap: 30.6 from normedCap: 36 x multi: 0.85
04:03:04.139    remainingCapacity: 36  rawCapacity: -30  normedAdjustedFraction: -30
04:03:04.139    currentHeat: 0 + tempHeat: 0 + projectedHeat: 5 + cacTerrainheat: 0 + sinkableHeat: -30  =  futureHeat: 5
04:03:04.139  Threshold heat: 0 = futureHeat: 5 + sinkableHeat: -30
04:03:04.148  Mech_SprintHeat_Getter - Javelin_Trilobyte_7B9F1E30 processing sprint heat modifiers: (original 5 + mod 0) x mult 1 = 5
04:03:04.148  Mech_SprintHeat_Getter - Javelin_Trilobyte_7B9F1E30 processing sprint heat modifiers: (original 5 + mod 0) x mult 1 = 5
04:03:04.148  Mech_SprintHeat_Getter - Javelin_Trilobyte_7B9F1E30 processing sprint heat modifiers: (original 5 + mod 0) x mult 1 = 5
04:03:04.148  Mech_SprintHeat_Getter - Javelin_Trilobyte_7B9F1E30 processing sprint heat modifiers: (original 5 + mod 0) x mult 1 = 5
04:03:04.148    Count of waypointsFromPath: 8  terrainWaypoints: 55
04:03:04.148  TerrainHeat: 0 = sumOfHeat: 0 / totalCells: 0
04:03:04.148  Calculating projected position heat.
04:03:04.148  CurrentPath has: 7 nodes, using destination path: (120.0, 192.2, 124.7)
04:03:04.148    Count of waypointsFromPath: 8  terrainWaypoints: 55
04:03:04.148  Biome: DesignMaskBiomeBadlandsParched has heatSinkMulti: x0.85 
04:03:04.148  Calculated capacityMulti: 0.85 x globalHeatSinkMulti: 1 
04:03:04.148  Calculating projected position heat.
04:03:04.148  CurrentPath has: 7 nodes, using destination path: (120.0, 192.2, 124.7)
04:03:04.148    Count of waypointsFromPath: 8  terrainWaypoints: 55
04:03:04.148  Biome: DesignMaskBiomeBadlandsParched has heatSinkMulti: x0.85 
04:03:04.148  Calculated capacityMulti: 0.85 x globalHeatSinkMulti: 1 
04:03:04.148  Mech: Javelin_Trilobyte_7B9F1E30 has adjustedNormedCap: 30.6 from normedCap: 36 x multi: 0.85
04:03:04.148  Mech: Javelin_Trilobyte_7B9F1E30 has totalHeatSinkCap: 36 from currentCap: 36 + usedCap: 0
04:03:04.148  Calculating projected position heat.
04:03:04.148  CurrentPath has: 7 nodes, using destination path: (120.0, 192.2, 124.7)
04:03:04.148    Count of waypointsFromPath: 8  terrainWaypoints: 55
04:03:04.148  Biome: DesignMaskBiomeBadlandsParched has heatSinkMulti: x0.85 
04:03:04.148  Calculated capacityMulti: 0.85 x globalHeatSinkMulti: 1 
04:03:04.148  Calculating projected position heat.
04:03:04.148  CurrentPath has: 7 nodes, using destination path: (120.0, 192.2, 124.7)
04:03:04.148    Count of waypointsFromPath: 8  terrainWaypoints: 55
04:03:04.149  Biome: DesignMaskBiomeBadlandsParched has heatSinkMulti: x0.85 
04:03:04.149  Calculated capacityMulti: 0.85 x globalHeatSinkMulti: 1 
04:03:04.149  Mech: Javelin_Trilobyte_7B9F1E30 has adjustedNormedCap: 30.6 from normedCap: 36 x multi: 0.85
04:03:04.149    remainingCapacity: 36  rawCapacity: -30  normedAdjustedFraction: -30
04:03:04.149    currentHeat: 0 + tempHeat: 0 + projectedHeat: 5 + cacTerrainheat: 0 + sinkableHeat: -30  =  futureHeat: 5
04:03:04.149  Threshold heat: 0 = futureHeat: 5 + sinkableHeat: -30
04:03:04.155  Mech_SprintHeat_Getter - Javelin_Trilobyte_7B9F1E30 processing sprint heat modifiers: (original 5 + mod 0) x mult 1 = 5
04:03:04.155  Mech_SprintHeat_Getter - Javelin_Trilobyte_7B9F1E30 processing sprint heat modifiers: (original 5 + mod 0) x mult 1 = 5
04:03:04.155  Mech_SprintHeat_Getter - Javelin_Trilobyte_7B9F1E30 processing sprint heat modifiers: (original 5 + mod 0) x mult 1 = 5
04:03:04.155  Mech_SprintHeat_Getter - Javelin_Trilobyte_7B9F1E30 processing sprint heat modifiers: (original 5 + mod 0) x mult 1 = 5
04:03:04.155    Count of waypointsFromPath: 8  terrainWaypoints: 55
04:03:04.155  TerrainHeat: 0 = sumOfHeat: 0 / totalCells: 0
04:03:04.155  Calculating projected position heat.
04:03:04.155  CurrentPath has: 7 nodes, using destination path: (120.0, 192.2, 124.7)
04:03:04.155    Count of waypointsFromPath: 8  terrainWaypoints: 55
04:03:04.155  Biome: DesignMaskBiomeBadlandsParched has heatSinkMulti: x0.85 
04:03:04.156  Calculated capacityMulti: 0.85 x globalHeatSinkMulti: 1 
04:03:04.156  Calculating projected position heat.
04:03:04.156  CurrentPath has: 7 nodes, using destination path: (120.0, 192.2, 124.7)
04:03:04.156    Count of waypointsFromPath: 8  terrainWaypoints: 55
04:03:04.156  Biome: DesignMaskBiomeBadlandsParched has heatSinkMulti: x0.85 
04:03:04.156  Calculated capacityMulti: 0.85 x globalHeatSinkMulti: 1 
04:03:04.156  Mech: Javelin_Trilobyte_7B9F1E30 has adjustedNormedCap: 30.6 from normedCap: 36 x multi: 0.85
04:03:04.156  Mech: Javelin_Trilobyte_7B9F1E30 has totalHeatSinkCap: 36 from currentCap: 36 + usedCap: 0
04:03:04.156  Calculating projected position heat.
04:03:04.156  CurrentPath has: 7 nodes, using destination path: (120.0, 192.2, 124.7)
04:03:04.156    Count of waypointsFromPath: 8  terrainWaypoints: 55
04:03:04.156  Biome: DesignMaskBiomeBadlandsParched has heatSinkMulti: x0.85 
04:03:04.156  Calculated capacityMulti: 0.85 x globalHeatSinkMulti: 1 
04:03:04.156  Calculating projected position heat.
04:03:04.156  CurrentPath has: 7 nodes, using destination path: (120.0, 192.2, 124.7)
04:03:04.156    Count of waypointsFromPath: 8  terrainWaypoints: 55
04:03:04.156  Biome: DesignMaskBiomeBadlandsParched has heatSinkMulti: x0.85 
04:03:04.156  Calculated capacityMulti: 0.85 x globalHeatSinkMulti: 1 
04:03:04.156  Mech: Javelin_Trilobyte_7B9F1E30 has adjustedNormedCap: 30.6 from normedCap: 36 x multi: 0.85
04:03:04.156    remainingCapacity: 36  rawCapacity: -30  normedAdjustedFraction: -30
04:03:04.156    currentHeat: 0 + tempHeat: 0 + projectedHeat: 5 + cacTerrainheat: 0 + sinkableHeat: -30  =  futureHeat: 5
04:03:04.156  Threshold heat: 0 = futureHeat: 5 + sinkableHeat: -30
04:03:04.165  Mech_SprintHeat_Getter - Javelin_Trilobyte_7B9F1E30 processing sprint heat modifiers: (original 5 + mod 0) x mult 1 = 5
04:03:04.165  Mech_SprintHeat_Getter - Javelin_Trilobyte_7B9F1E30 processing sprint heat modifiers: (original 5 + mod 0) x mult 1 = 5
04:03:04.165  Mech_SprintHeat_Getter - Javelin_Trilobyte_7B9F1E30 processing sprint heat modifiers: (original 5 + mod 0) x mult 1 = 5
04:03:04.165  Mech_SprintHeat_Getter - Javelin_Trilobyte_7B9F1E30 processing sprint heat modifiers: (original 5 + mod 0) x mult 1 = 5
04:03:04.165    Count of waypointsFromPath: 8  terrainWaypoints: 55
04:03:04.165  TerrainHeat: 0 = sumOfHeat: 0 / totalCells: 0
04:03:04.165  Calculating projected position heat.
04:03:04.165  CurrentPath has: 7 nodes, using destination path: (120.0, 192.2, 124.7)
04:03:04.165    Count of waypointsFromPath: 8  terrainWaypoints: 55
04:03:04.165  Biome: DesignMaskBiomeBadlandsParched has heatSinkMulti: x0.85 
04:03:04.165  Calculated capacityMulti: 0.85 x globalHeatSinkMulti: 1 
04:03:04.165  Calculating projected position heat.
04:03:04.165  CurrentPath has: 7 nodes, using destination path: (120.0, 192.2, 124.7)
04:03:04.165    Count of waypointsFromPath: 8  terrainWaypoints: 55
04:03:04.165  Biome: DesignMaskBiomeBadlandsParched has heatSinkMulti: x0.85 
04:03:04.165  Calculated capacityMulti: 0.85 x globalHeatSinkMulti: 1 
04:03:04.165  Mech: Javelin_Trilobyte_7B9F1E30 has adjustedNormedCap: 30.6 from normedCap: 36 x multi: 0.85
04:03:04.165  Mech: Javelin_Trilobyte_7B9F1E30 has totalHeatSinkCap: 36 from currentCap: 36 + usedCap: 0
04:03:04.165  Calculating projected position heat.
04:03:04.165  CurrentPath has: 7 nodes, using destination path: (120.0, 192.2, 124.7)
04:03:04.165    Count of waypointsFromPath: 8  terrainWaypoints: 55
04:03:04.165  Biome: DesignMaskBiomeBadlandsParched has heatSinkMulti: x0.85 
04:03:04.165  Calculated capacityMulti: 0.85 x globalHeatSinkMulti: 1 
04:03:04.165  Calculating projected position heat.
04:03:04.165  CurrentPath has: 7 nodes, using destination path: (120.0, 192.2, 124.7)
04:03:04.165    Count of waypointsFromPath: 8  terrainWaypoints: 55
04:03:04.165  Biome: DesignMaskBiomeBadlandsParched has heatSinkMulti: x0.85 
04:03:04.165  Calculated capacityMulti: 0.85 x globalHeatSinkMulti: 1 
04:03:04.165  Mech: Javelin_Trilobyte_7B9F1E30 has adjustedNormedCap: 30.6 from normedCap: 36 x multi: 0.85
04:03:04.165    remainingCapacity: 36  rawCapacity: -30  normedAdjustedFraction: -30
04:03:04.165    currentHeat: 0 + tempHeat: 0 + projectedHeat: 5 + cacTerrainheat: 0 + sinkableHeat: -30  =  futureHeat: 5
04:03:04.165  Threshold heat: 0 = futureHeat: 5 + sinkableHeat: -30
04:03:04.172  Mech_SprintHeat_Getter - Javelin_Trilobyte_7B9F1E30 processing sprint heat modifiers: (original 5 + mod 0) x mult 1 = 5
04:03:04.172  Mech_SprintHeat_Getter - Javelin_Trilobyte_7B9F1E30 processing sprint heat modifiers: (original 5 + mod 0) x mult 1 = 5
04:03:04.172  Mech_SprintHeat_Getter - Javelin_Trilobyte_7B9F1E30 processing sprint heat modifiers: (original 5 + mod 0) x mult 1 = 5
04:03:04.172  Mech_SprintHeat_Getter - Javelin_Trilobyte_7B9F1E30 processing sprint heat modifiers: (original 5 + mod 0) x mult 1 = 5
04:03:04.172    Count of waypointsFromPath: 8  terrainWaypoints: 55
04:03:04.172  TerrainHeat: 0 = sumOfHeat: 0 / totalCells: 0
04:03:04.172  Calculating projected position heat.
04:03:04.172  CurrentPath has: 7 nodes, using destination path: (120.0, 192.2, 124.7)
04:03:04.172    Count of waypointsFromPath: 8  terrainWaypoints: 55
04:03:04.172  Biome: DesignMaskBiomeBadlandsParched has heatSinkMulti: x0.85 
04:03:04.172  Calculated capacityMulti: 0.85 x globalHeatSinkMulti: 1 
04:03:04.172  Calculating projected position heat.
04:03:04.172  CurrentPath has: 7 nodes, using destination path: (120.0, 192.2, 124.7)
04:03:04.172    Count of waypointsFromPath: 8  terrainWaypoints: 55
04:03:04.172  Biome: DesignMaskBiomeBadlandsParched has heatSinkMulti: x0.85 
04:03:04.172  Calculated capacityMulti: 0.85 x globalHeatSinkMulti: 1 
04:03:04.172  Mech: Javelin_Trilobyte_7B9F1E30 has adjustedNormedCap: 30.6 from normedCap: 36 x multi: 0.85
04:03:04.172  Mech: Javelin_Trilobyte_7B9F1E30 has totalHeatSinkCap: 36 from currentCap: 36 + usedCap: 0
04:03:04.172  Calculating projected position heat.
04:03:04.172  CurrentPath has: 7 nodes, using destination path: (120.0, 192.2, 124.7)
04:03:04.172    Count of waypointsFromPath: 8  terrainWaypoints: 55
04:03:04.172  Biome: DesignMaskBiomeBadlandsParched has heatSinkMulti: x0.85 
04:03:04.172  Calculated capacityMulti: 0.85 x globalHeatSinkMulti: 1 
04:03:04.172  Calculating projected position heat.
04:03:04.172  CurrentPath has: 7 nodes, using destination path: (120.0, 192.2, 124.7)
04:03:04.172    Count of waypointsFromPath: 8  terrainWaypoints: 55
04:03:04.172  Biome: DesignMaskBiomeBadlandsParched has heatSinkMulti: x0.85 
04:03:04.172  Calculated capacityMulti: 0.85 x globalHeatSinkMulti: 1 
04:03:04.172  Mech: Javelin_Trilobyte_7B9F1E30 has adjustedNormedCap: 30.6 from normedCap: 36 x multi: 0.85
04:03:04.172    remainingCapacity: 36  rawCapacity: -30  normedAdjustedFraction: -30
04:03:04.172    currentHeat: 0 + tempHeat: 0 + projectedHeat: 5 + cacTerrainheat: 0 + sinkableHeat: -30  =  futureHeat: 5
04:03:04.172  Threshold heat: 0 = futureHeat: 5 + sinkableHeat: -30
04:03:04.182  Mech_SprintHeat_Getter - Javelin_Trilobyte_7B9F1E30 processing sprint heat modifiers: (original 5 + mod 0) x mult 1 = 5
04:03:04.182  Mech_SprintHeat_Getter - Javelin_Trilobyte_7B9F1E30 processing sprint heat modifiers: (original 5 + mod 0) x mult 1 = 5
04:03:04.182  Mech_SprintHeat_Getter - Javelin_Trilobyte_7B9F1E30 processing sprint heat modifiers: (original 5 + mod 0) x mult 1 = 5
04:03:04.182  Mech_SprintHeat_Getter - Javelin_Trilobyte_7B9F1E30 processing sprint heat modifiers: (original 5 + mod 0) x mult 1 = 5
04:03:04.182    Count of waypointsFromPath: 8  terrainWaypoints: 55
04:03:04.182  TerrainHeat: 0 = sumOfHeat: 0 / totalCells: 0
04:03:04.182  Calculating projected position heat.
04:03:04.182  CurrentPath has: 7 nodes, using destination path: (120.0, 192.2, 124.7)
04:03:04.182    Count of waypointsFromPath: 8  terrainWaypoints: 55
04:03:04.182  Biome: DesignMaskBiomeBadlandsParched has heatSinkMulti: x0.85 
04:03:04.182  Calculated capacityMulti: 0.85 x globalHeatSinkMulti: 1 
04:03:04.182  Calculating projected position heat.
04:03:04.182  CurrentPath has: 7 nodes, using destination path: (120.0, 192.2, 124.7)
04:03:04.182    Count of waypointsFromPath: 8  terrainWaypoints: 55
04:03:04.182  Biome: DesignMaskBiomeBadlandsParched has heatSinkMulti: x0.85 
04:03:04.182  Calculated capacityMulti: 0.85 x globalHeatSinkMulti: 1 
04:03:04.182  Mech: Javelin_Trilobyte_7B9F1E30 has adjustedNormedCap: 30.6 from normedCap: 36 x multi: 0.85
04:03:04.182  Mech: Javelin_Trilobyte_7B9F1E30 has totalHeatSinkCap: 36 from currentCap: 36 + usedCap: 0
04:03:04.182  Calculating projected position heat.
04:03:04.182  CurrentPath has: 7 nodes, using destination path: (120.0, 192.2, 124.7)
04:03:04.182    Count of waypointsFromPath: 8  terrainWaypoints: 55
04:03:04.182  Biome: DesignMaskBiomeBadlandsParched has heatSinkMulti: x0.85 
04:03:04.182  Calculated capacityMulti: 0.85 x globalHeatSinkMulti: 1 
04:03:04.182  Calculating projected position heat.
04:03:04.182  CurrentPath has: 7 nodes, using destination path: (120.0, 192.2, 124.7)
04:03:04.182    Count of waypointsFromPath: 8  terrainWaypoints: 55
04:03:04.182  Biome: DesignMaskBiomeBadlandsParched has heatSinkMulti: x0.85 
04:03:04.182  Calculated capacityMulti: 0.85 x globalHeatSinkMulti: 1 
04:03:04.182  Mech: Javelin_Trilobyte_7B9F1E30 has adjustedNormedCap: 30.6 from normedCap: 36 x multi: 0.85
04:03:04.182    remainingCapacity: 36  rawCapacity: -30  normedAdjustedFraction: -30
04:03:04.182    currentHeat: 0 + tempHeat: 0 + projectedHeat: 5 + cacTerrainheat: 0 + sinkableHeat: -30  =  futureHeat: 5
04:03:04.182  Threshold heat: 0 = futureHeat: 5 + sinkableHeat: -30
04:03:04.188  Mech_SprintHeat_Getter - Javelin_Trilobyte_7B9F1E30 processing sprint heat modifiers: (original 5 + mod 0) x mult 1 = 5
04:03:04.188  Mech_SprintHeat_Getter - Javelin_Trilobyte_7B9F1E30 processing sprint heat modifiers: (original 5 + mod 0) x mult 1 = 5
04:03:04.188  Mech_SprintHeat_Getter - Javelin_Trilobyte_7B9F1E30 processing sprint heat modifiers: (original 5 + mod 0) x mult 1 = 5
04:03:04.188  Mech_SprintHeat_Getter - Javelin_Trilobyte_7B9F1E30 processing sprint heat modifiers: (original 5 + mod 0) x mult 1 = 5
04:03:04.188    Count of waypointsFromPath: 8  terrainWaypoints: 55
04:03:04.188  TerrainHeat: 0 = sumOfHeat: 0 / totalCells: 0
04:03:04.188  Calculating projected position heat.
04:03:04.188  CurrentPath has: 7 nodes, using destination path: (120.0, 192.2, 124.7)
04:03:04.188    Count of waypointsFromPath: 8  terrainWaypoints: 55
04:03:04.188  Biome: DesignMaskBiomeBadlandsParched has heatSinkMulti: x0.85 
04:03:04.188  Calculated capacityMulti: 0.85 x globalHeatSinkMulti: 1 
04:03:04.188  Calculating projected position heat.
04:03:04.189  CurrentPath has: 7 nodes, using destination path: (120.0, 192.2, 124.7)
04:03:04.189    Count of waypointsFromPath: 8  terrainWaypoints: 55
04:03:04.189  Biome: DesignMaskBiomeBadlandsParched has heatSinkMulti: x0.85 
04:03:04.189  Calculated capacityMulti: 0.85 x globalHeatSinkMulti: 1 
04:03:04.189  Mech: Javelin_Trilobyte_7B9F1E30 has adjustedNormedCap: 30.6 from normedCap: 36 x multi: 0.85
04:03:04.189  Mech: Javelin_Trilobyte_7B9F1E30 has totalHeatSinkCap: 36 from currentCap: 36 + usedCap: 0
04:03:04.189  Calculating projected position heat.
04:03:04.189  CurrentPath has: 7 nodes, using destination path: (120.0, 192.2, 124.7)
04:03:04.189    Count of waypointsFromPath: 8  terrainWaypoints: 55
04:03:04.189  Biome: DesignMaskBiomeBadlandsParched has heatSinkMulti: x0.85 
04:03:04.189  Calculated capacityMulti: 0.85 x globalHeatSinkMulti: 1 
04:03:04.189  Calculating projected position heat.
04:03:04.189  CurrentPath has: 7 nodes, using destination path: (120.0, 192.2, 124.7)
04:03:04.189    Count of waypointsFromPath: 8  terrainWaypoints: 55
04:03:04.189  Biome: DesignMaskBiomeBadlandsParched has heatSinkMulti: x0.85 
04:03:04.189  Calculated capacityMulti: 0.85 x globalHeatSinkMulti: 1 
04:03:04.189  Mech: Javelin_Trilobyte_7B9F1E30 has adjustedNormedCap: 30.6 from normedCap: 36 x multi: 0.85
04:03:04.189    remainingCapacity: 36  rawCapacity: -30  normedAdjustedFraction: -30
04:03:04.189    currentHeat: 0 + tempHeat: 0 + projectedHeat: 5 + cacTerrainheat: 0 + sinkableHeat: -30  =  futureHeat: 5
04:03:04.189  Threshold heat: 0 = futureHeat: 5 + sinkableHeat: -30
04:03:04.198  Mech_SprintHeat_Getter - Javelin_Trilobyte_7B9F1E30 processing sprint heat modifiers: (original 5 + mod 0) x mult 1 = 5
04:03:04.198  Mech_SprintHeat_Getter - Javelin_Trilobyte_7B9F1E30 processing sprint heat modifiers: (original 5 + mod 0) x mult 1 = 5
04:03:04.198  Mech_SprintHeat_Getter - Javelin_Trilobyte_7B9F1E30 processing sprint heat modifiers: (original 5 + mod 0) x mult 1 = 5
04:03:04.198  Mech_SprintHeat_Getter - Javelin_Trilobyte_7B9F1E30 processing sprint heat modifiers: (original 5 + mod 0) x mult 1 = 5
04:03:04.198    Count of waypointsFromPath: 8  terrainWaypoints: 55
04:03:04.198  TerrainHeat: 0 = sumOfHeat: 0 / totalCells: 0
04:03:04.198  Calculating projected position heat.
04:03:04.198  CurrentPath has: 7 nodes, using destination path: (120.0, 192.2, 124.7)
04:03:04.198    Count of waypointsFromPath: 8  terrainWaypoints: 55
04:03:04.198  Biome: DesignMaskBiomeBadlandsParched has heatSinkMulti: x0.85 
04:03:04.199  Calculated capacityMulti: 0.85 x globalHeatSinkMulti: 1 
04:03:04.199  Calculating projected position heat.
04:03:04.199  CurrentPath has: 7 nodes, using destination path: (120.0, 192.2, 124.7)
04:03:04.199    Count of waypointsFromPath: 8  terrainWaypoints: 55
04:03:04.199  Biome: DesignMaskBiomeBadlandsParched has heatSinkMulti: x0.85 
04:03:04.199  Calculated capacityMulti: 0.85 x globalHeatSinkMulti: 1 
04:03:04.199  Mech: Javelin_Trilobyte_7B9F1E30 has adjustedNormedCap: 30.6 from normedCap: 36 x multi: 0.85
04:03:04.199  Mech: Javelin_Trilobyte_7B9F1E30 has totalHeatSinkCap: 36 from currentCap: 36 + usedCap: 0
04:03:04.199  Calculating projected position heat.
04:03:04.199  CurrentPath has: 7 nodes, using destination path: (120.0, 192.2, 124.7)
04:03:04.199    Count of waypointsFromPath: 8  terrainWaypoints: 55
04:03:04.199  Biome: DesignMaskBiomeBadlandsParched has heatSinkMulti: x0.85 
04:03:04.199  Calculated capacityMulti: 0.85 x globalHeatSinkMulti: 1 
04:03:04.199  Calculating projected position heat.
04:03:04.199  CurrentPath has: 7 nodes, using destination path: (120.0, 192.2, 124.7)
04:03:04.199    Count of waypointsFromPath: 8  terrainWaypoints: 55
04:03:04.199  Biome: DesignMaskBiomeBadlandsParched has heatSinkMulti: x0.85 
04:03:04.199  Calculated capacityMulti: 0.85 x globalHeatSinkMulti: 1 
04:03:04.199  Mech: Javelin_Trilobyte_7B9F1E30 has adjustedNormedCap: 30.6 from normedCap: 36 x multi: 0.85
04:03:04.199    remainingCapacity: 36  rawCapacity: -30  normedAdjustedFraction: -30
04:03:04.199    currentHeat: 0 + tempHeat: 0 + projectedHeat: 5 + cacTerrainheat: 0 + sinkableHeat: -30  =  futureHeat: 5
04:03:04.199  Threshold heat: 0 = futureHeat: 5 + sinkableHeat: -30
04:03:04.206  Mech_SprintHeat_Getter - Javelin_Trilobyte_7B9F1E30 processing sprint heat modifiers: (original 5 + mod 0) x mult 1 = 5
04:03:04.206  Mech_SprintHeat_Getter - Javelin_Trilobyte_7B9F1E30 processing sprint heat modifiers: (original 5 + mod 0) x mult 1 = 5
04:03:04.206  Mech_SprintHeat_Getter - Javelin_Trilobyte_7B9F1E30 processing sprint heat modifiers: (original 5 + mod 0) x mult 1 = 5
04:03:04.206  Mech_SprintHeat_Getter - Javelin_Trilobyte_7B9F1E30 processing sprint heat modifiers: (original 5 + mod 0) x mult 1 = 5
04:03:04.206    Count of waypointsFromPath: 8  terrainWaypoints: 55
04:03:04.206  TerrainHeat: 0 = sumOfHeat: 0 / totalCells: 0
04:03:04.206  Calculating projected position heat.
04:03:04.206  CurrentPath has: 7 nodes, using destination path: (120.0, 192.2, 124.7)
04:03:04.206    Count of waypointsFromPath: 8  terrainWaypoints: 55
04:03:04.206  Biome: DesignMaskBiomeBadlandsParched has heatSinkMulti: x0.85 
04:03:04.206  Calculated capacityMulti: 0.85 x globalHeatSinkMulti: 1 
04:03:04.206  Calculating projected position heat.
04:03:04.206  CurrentPath has: 7 nodes, using destination path: (120.0, 192.2, 124.7)
04:03:04.206    Count of waypointsFromPath: 8  terrainWaypoints: 55
04:03:04.206  Biome: DesignMaskBiomeBadlandsParched has heatSinkMulti: x0.85 
04:03:04.206  Calculated capacityMulti: 0.85 x globalHeatSinkMulti: 1 
04:03:04.206  Mech: Javelin_Trilobyte_7B9F1E30 has adjustedNormedCap: 30.6 from normedCap: 36 x multi: 0.85
04:03:04.206  Mech: Javelin_Trilobyte_7B9F1E30 has totalHeatSinkCap: 36 from currentCap: 36 + usedCap: 0
04:03:04.206  Calculating projected position heat.
04:03:04.206  CurrentPath has: 7 nodes, using destination path: (120.0, 192.2, 124.7)
04:03:04.206    Count of waypointsFromPath: 8  terrainWaypoints: 55
04:03:04.206  Biome: DesignMaskBiomeBadlandsParched has heatSinkMulti: x0.85 
04:03:04.206  Calculated capacityMulti: 0.85 x globalHeatSinkMulti: 1 
04:03:04.206  Calculating projected position heat.
04:03:04.206  CurrentPath has: 7 nodes, using destination path: (120.0, 192.2, 124.7)
04:03:04.206    Count of waypointsFromPath: 8  terrainWaypoints: 55
04:03:04.206  Biome: DesignMaskBiomeBadlandsParched has heatSinkMulti: x0.85 
04:03:04.206  Calculated capacityMulti: 0.85 x globalHeatSinkMulti: 1 
04:03:04.206  Mech: Javelin_Trilobyte_7B9F1E30 has adjustedNormedCap: 30.6 from normedCap: 36 x multi: 0.85
04:03:04.206    remainingCapacity: 36  rawCapacity: -30  normedAdjustedFraction: -30
04:03:04.206    currentHeat: 0 + tempHeat: 0 + projectedHeat: 5 + cacTerrainheat: 0 + sinkableHeat: -30  =  futureHeat: 5
04:03:04.206  Threshold heat: 0 = futureHeat: 5 + sinkableHeat: -30
04:03:04.215  Mech_SprintHeat_Getter - Javelin_Trilobyte_7B9F1E30 processing sprint heat modifiers: (original 5 + mod 0) x mult 1 = 5
04:03:04.215  Mech_SprintHeat_Getter - Javelin_Trilobyte_7B9F1E30 processing sprint heat modifiers: (original 5 + mod 0) x mult 1 = 5
04:03:04.215  Mech_SprintHeat_Getter - Javelin_Trilobyte_7B9F1E30 processing sprint heat modifiers: (original 5 + mod 0) x mult 1 = 5
04:03:04.215  Mech_SprintHeat_Getter - Javelin_Trilobyte_7B9F1E30 processing sprint heat modifiers: (original 5 + mod 0) x mult 1 = 5
04:03:04.215    Count of waypointsFromPath: 8  terrainWaypoints: 55
04:03:04.215  TerrainHeat: 0 = sumOfHeat: 0 / totalCells: 0
04:03:04.215  Calculating projected position heat.
04:03:04.215  CurrentPath has: 7 nodes, using destination path: (120.0, 192.2, 124.7)
04:03:04.215    Count of waypointsFromPath: 8  terrainWaypoints: 55
04:03:04.215  Biome: DesignMaskBiomeBadlandsParched has heatSinkMulti: x0.85 
04:03:04.215  Calculated capacityMulti: 0.85 x globalHeatSinkMulti: 1 
04:03:04.215  Calculating projected position heat.
04:03:04.215  CurrentPath has: 7 nodes, using destination path: (120.0, 192.2, 124.7)
04:03:04.215    Count of waypointsFromPath: 8  terrainWaypoints: 55
04:03:04.215  Biome: DesignMaskBiomeBadlandsParched has heatSinkMulti: x0.85 
04:03:04.215  Calculated capacityMulti: 0.85 x globalHeatSinkMulti: 1 
04:03:04.215  Mech: Javelin_Trilobyte_7B9F1E30 has adjustedNormedCap: 30.6 from normedCap: 36 x multi: 0.85
04:03:04.215  Mech: Javelin_Trilobyte_7B9F1E30 has totalHeatSinkCap: 36 from currentCap: 36 + usedCap: 0
04:03:04.215  Calculating projected position heat.
04:03:04.215  CurrentPath has: 7 nodes, using destination path: (120.0, 192.2, 124.7)
04:03:04.215    Count of waypointsFromPath: 8  terrainWaypoints: 55
04:03:04.215  Biome: DesignMaskBiomeBadlandsParched has heatSinkMulti: x0.85 
04:03:04.215  Calculated capacityMulti: 0.85 x globalHeatSinkMulti: 1 
04:03:04.215  Calculating projected position heat.
04:03:04.215  CurrentPath has: 7 nodes, using destination path: (120.0, 192.2, 124.7)
04:03:04.215    Count of waypointsFromPath: 8  terrainWaypoints: 55
04:03:04.215  Biome: DesignMaskBiomeBadlandsParched has heatSinkMulti: x0.85 
04:03:04.215  Calculated capacityMulti: 0.85 x globalHeatSinkMulti: 1 
04:03:04.215  Mech: Javelin_Trilobyte_7B9F1E30 has adjustedNormedCap: 30.6 from normedCap: 36 x multi: 0.85
04:03:04.215    remainingCapacity: 36  rawCapacity: -30  normedAdjustedFraction: -30
04:03:04.215    currentHeat: 0 + tempHeat: 0 + projectedHeat: 5 + cacTerrainheat: 0 + sinkableHeat: -30  =  futureHeat: 5
04:03:04.215  Threshold heat: 0 = futureHeat: 5 + sinkableHeat: -30
04:03:04.222  Mech_SprintHeat_Getter - Javelin_Trilobyte_7B9F1E30 processing sprint heat modifiers: (original 5 + mod 0) x mult 1 = 5
04:03:04.222  Mech_SprintHeat_Getter - Javelin_Trilobyte_7B9F1E30 processing sprint heat modifiers: (original 5 + mod 0) x mult 1 = 5
04:03:04.222  Mech_SprintHeat_Getter - Javelin_Trilobyte_7B9F1E30 processing sprint heat modifiers: (original 5 + mod 0) x mult 1 = 5
04:03:04.222  Mech_SprintHeat_Getter - Javelin_Trilobyte_7B9F1E30 processing sprint heat modifiers: (original 5 + mod 0) x mult 1 = 5
04:03:04.222    Count of waypointsFromPath: 8  terrainWaypoints: 55
04:03:04.222  TerrainHeat: 0 = sumOfHeat: 0 / totalCells: 0
04:03:04.222  Calculating projected position heat.
04:03:04.222  CurrentPath has: 7 nodes, using destination path: (120.0, 192.2, 124.7)
04:03:04.222    Count of waypointsFromPath: 8  terrainWaypoints: 55
04:03:04.222  Biome: DesignMaskBiomeBadlandsParched has heatSinkMulti: x0.85 
04:03:04.222  Calculated capacityMulti: 0.85 x globalHeatSinkMulti: 1 
04:03:04.222  Calculating projected position heat.
04:03:04.222  CurrentPath has: 7 nodes, using destination path: (120.0, 192.2, 124.7)
04:03:04.222    Count of waypointsFromPath: 8  terrainWaypoints: 55
04:03:04.222  Biome: DesignMaskBiomeBadlandsParched has heatSinkMulti: x0.85 
04:03:04.222  Calculated capacityMulti: 0.85 x globalHeatSinkMulti: 1 
04:03:04.222  Mech: Javelin_Trilobyte_7B9F1E30 has adjustedNormedCap: 30.6 from normedCap: 36 x multi: 0.85
04:03:04.222  Mech: Javelin_Trilobyte_7B9F1E30 has totalHeatSinkCap: 36 from currentCap: 36 + usedCap: 0
04:03:04.222  Calculating projected position heat.
04:03:04.222  CurrentPath has: 7 nodes, using destination path: (120.0, 192.2, 124.7)
04:03:04.222    Count of waypointsFromPath: 8  terrainWaypoints: 55
04:03:04.222  Biome: DesignMaskBiomeBadlandsParched has heatSinkMulti: x0.85 
04:03:04.222  Calculated capacityMulti: 0.85 x globalHeatSinkMulti: 1 
04:03:04.222  Calculating projected position heat.
04:03:04.222  CurrentPath has: 7 nodes, using destination path: (120.0, 192.2, 124.7)
04:03:04.222    Count of waypointsFromPath: 8  terrainWaypoints: 55
04:03:04.222  Biome: DesignMaskBiomeBadlandsParched has heatSinkMulti: x0.85 
04:03:04.222  Calculated capacityMulti: 0.85 x globalHeatSinkMulti: 1 
04:03:04.222  Mech: Javelin_Trilobyte_7B9F1E30 has adjustedNormedCap: 30.6 from normedCap: 36 x multi: 0.85
04:03:04.222    remainingCapacity: 36  rawCapacity: -30  normedAdjustedFraction: -30
04:03:04.222    currentHeat: 0 + tempHeat: 0 + projectedHeat: 5 + cacTerrainheat: 0 + sinkableHeat: -30  =  futureHeat: 5
04:03:04.222  Threshold heat: 0 = futureHeat: 5 + sinkableHeat: -30
04:03:04.232  Mech_SprintHeat_Getter - Javelin_Trilobyte_7B9F1E30 processing sprint heat modifiers: (original 5 + mod 0) x mult 1 = 5
04:03:04.232  Mech_SprintHeat_Getter - Javelin_Trilobyte_7B9F1E30 processing sprint heat modifiers: (original 5 + mod 0) x mult 1 = 5
04:03:04.232  Mech_SprintHeat_Getter - Javelin_Trilobyte_7B9F1E30 processing sprint heat modifiers: (original 5 + mod 0) x mult 1 = 5
04:03:04.232  Mech_SprintHeat_Getter - Javelin_Trilobyte_7B9F1E30 processing sprint heat modifiers: (original 5 + mod 0) x mult 1 = 5
04:03:04.232    Count of waypointsFromPath: 8  terrainWaypoints: 55
04:03:04.232  TerrainHeat: 0 = sumOfHeat: 0 / totalCells: 0
04:03:04.232  Calculating projected position heat.
04:03:04.232  CurrentPath has: 7 nodes, using destination path: (120.0, 192.2, 124.7)
04:03:04.232    Count of waypointsFromPath: 8  terrainWaypoints: 55
04:03:04.232  Biome: DesignMaskBiomeBadlandsParched has heatSinkMulti: x0.85 
04:03:04.232  Calculated capacityMulti: 0.85 x globalHeatSinkMulti: 1 
04:03:04.232  Calculating projected position heat.
04:03:04.232  CurrentPath has: 7 nodes, using destination path: (120.0, 192.2, 124.7)
04:03:04.232    Count of waypointsFromPath: 8  terrainWaypoints: 55
04:03:04.232  Biome: DesignMaskBiomeBadlandsParched has heatSinkMulti: x0.85 
04:03:04.232  Calculated capacityMulti: 0.85 x globalHeatSinkMulti: 1 
04:03:04.232  Mech: Javelin_Trilobyte_7B9F1E30 has adjustedNormedCap: 30.6 from normedCap: 36 x multi: 0.85
04:03:04.232  Mech: Javelin_Trilobyte_7B9F1E30 has totalHeatSinkCap: 36 from currentCap: 36 + usedCap: 0
04:03:04.232  Calculating projected position heat.
04:03:04.232  CurrentPath has: 7 nodes, using destination path: (120.0, 192.2, 124.7)
04:03:04.232    Count of waypointsFromPath: 8  terrainWaypoints: 55
04:03:04.232  Biome: DesignMaskBiomeBadlandsParched has heatSinkMulti: x0.85 
04:03:04.232  Calculated capacityMulti: 0.85 x globalHeatSinkMulti: 1 
04:03:04.232  Calculating projected position heat.
04:03:04.232  CurrentPath has: 7 nodes, using destination path: (120.0, 192.2, 124.7)
04:03:04.232    Count of waypointsFromPath: 8  terrainWaypoints: 55
04:03:04.232  Biome: DesignMaskBiomeBadlandsParched has heatSinkMulti: x0.85 
04:03:04.232  Calculated capacityMulti: 0.85 x globalHeatSinkMulti: 1 
04:03:04.232  Mech: Javelin_Trilobyte_7B9F1E30 has adjustedNormedCap: 30.6 from normedCap: 36 x multi: 0.85
04:03:04.232    remainingCapacity: 36  rawCapacity: -30  normedAdjustedFraction: -30
04:03:04.232    currentHeat: 0 + tempHeat: 0 + projectedHeat: 5 + cacTerrainheat: 0 + sinkableHeat: -30  =  futureHeat: 5
04:03:04.232  Threshold heat: 0 = futureHeat: 5 + sinkableHeat: -30
04:03:04.239  Mech_SprintHeat_Getter - Javelin_Trilobyte_7B9F1E30 processing sprint heat modifiers: (original 5 + mod 0) x mult 1 = 5
04:03:04.239  Mech_SprintHeat_Getter - Javelin_Trilobyte_7B9F1E30 processing sprint heat modifiers: (original 5 + mod 0) x mult 1 = 5
04:03:04.239  Mech_SprintHeat_Getter - Javelin_Trilobyte_7B9F1E30 processing sprint heat modifiers: (original 5 + mod 0) x mult 1 = 5
04:03:04.239  Mech_SprintHeat_Getter - Javelin_Trilobyte_7B9F1E30 processing sprint heat modifiers: (original 5 + mod 0) x mult 1 = 5
04:03:04.239    Count of waypointsFromPath: 8  terrainWaypoints: 55
04:03:04.239  TerrainHeat: 0 = sumOfHeat: 0 / totalCells: 0
04:03:04.239  Calculating projected position heat.
04:03:04.239  CurrentPath has: 7 nodes, using destination path: (120.0, 192.2, 124.7)
04:03:04.239    Count of waypointsFromPath: 8  terrainWaypoints: 55
04:03:04.239  Biome: DesignMaskBiomeBadlandsParched has heatSinkMulti: x0.85 
04:03:04.239  Calculated capacityMulti: 0.85 x globalHeatSinkMulti: 1 
04:03:04.239  Calculating projected position heat.
04:03:04.239  CurrentPath has: 7 nodes, using destination path: (120.0, 192.2, 124.7)
04:03:04.239    Count of waypointsFromPath: 8  terrainWaypoints: 55
04:03:04.239  Biome: DesignMaskBiomeBadlandsParched has heatSinkMulti: x0.85 
04:03:04.239  Calculated capacityMulti: 0.85 x globalHeatSinkMulti: 1 
04:03:04.239  Mech: Javelin_Trilobyte_7B9F1E30 has adjustedNormedCap: 30.6 from normedCap: 36 x multi: 0.85
04:03:04.240  Mech: Javelin_Trilobyte_7B9F1E30 has totalHeatSinkCap: 36 from currentCap: 36 + usedCap: 0
04:03:04.240  Calculating projected position heat.
04:03:04.240  CurrentPath has: 7 nodes, using destination path: (120.0, 192.2, 124.7)
04:03:04.240    Count of waypointsFromPath: 8  terrainWaypoints: 55
04:03:04.240  Biome: DesignMaskBiomeBadlandsParched has heatSinkMulti: x0.85 
04:03:04.240  Calculated capacityMulti: 0.85 x globalHeatSinkMulti: 1 
04:03:04.240  Calculating projected position heat.
04:03:04.240  CurrentPath has: 7 nodes, using destination path: (120.0, 192.2, 124.7)
04:03:04.240    Count of waypointsFromPath: 8  terrainWaypoints: 55
04:03:04.240  Biome: DesignMaskBiomeBadlandsParched has heatSinkMulti: x0.85 
04:03:04.240  Calculated capacityMulti: 0.85 x globalHeatSinkMulti: 1 
04:03:04.240  Mech: Javelin_Trilobyte_7B9F1E30 has adjustedNormedCap: 30.6 from normedCap: 36 x multi: 0.85
04:03:04.240    remainingCapacity: 36  rawCapacity: -30  normedAdjustedFraction: -30
04:03:04.240    currentHeat: 0 + tempHeat: 0 + projectedHeat: 5 + cacTerrainheat: 0 + sinkableHeat: -30  =  futureHeat: 5
04:03:04.240  Threshold heat: 0 = futureHeat: 5 + sinkableHeat: -30
04:03:04.248  Mech_SprintHeat_Getter - Javelin_Trilobyte_7B9F1E30 processing sprint heat modifiers: (original 5 + mod 0) x mult 1 = 5
04:03:04.248  Mech_SprintHeat_Getter - Javelin_Trilobyte_7B9F1E30 processing sprint heat modifiers: (original 5 + mod 0) x mult 1 = 5
04:03:04.248  Mech_SprintHeat_Getter - Javelin_Trilobyte_7B9F1E30 processing sprint heat modifiers: (original 5 + mod 0) x mult 1 = 5
04:03:04.248  Mech_SprintHeat_Getter - Javelin_Trilobyte_7B9F1E30 processing sprint heat modifiers: (original 5 + mod 0) x mult 1 = 5
04:03:04.248    Count of waypointsFromPath: 8  terrainWaypoints: 55
04:03:04.248  TerrainHeat: 0 = sumOfHeat: 0 / totalCells: 0
04:03:04.248  Calculating projected position heat.
04:03:04.248  CurrentPath has: 7 nodes, using destination path: (120.0, 192.2, 124.7)
04:03:04.248    Count of waypointsFromPath: 8  terrainWaypoints: 55
04:03:04.248  Biome: DesignMaskBiomeBadlandsParched has heatSinkMulti: x0.85 
04:03:04.248  Calculated capacityMulti: 0.85 x globalHeatSinkMulti: 1 
04:03:04.248  Calculating projected position heat.
04:03:04.248  CurrentPath has: 7 nodes, using destination path: (120.0, 192.2, 124.7)
04:03:04.248    Count of waypointsFromPath: 8  terrainWaypoints: 55
04:03:04.248  Biome: DesignMaskBiomeBadlandsParched has heatSinkMulti: x0.85 
04:03:04.248  Calculated capacityMulti: 0.85 x globalHeatSinkMulti: 1 
04:03:04.248  Mech: Javelin_Trilobyte_7B9F1E30 has adjustedNormedCap: 30.6 from normedCap: 36 x multi: 0.85
04:03:04.248  Mech: Javelin_Trilobyte_7B9F1E30 has totalHeatSinkCap: 36 from currentCap: 36 + usedCap: 0
04:03:04.248  Calculating projected position heat.
04:03:04.248  CurrentPath has: 7 nodes, using destination path: (120.0, 192.2, 124.7)
04:03:04.248    Count of waypointsFromPath: 8  terrainWaypoints: 55
04:03:04.248  Biome: DesignMaskBiomeBadlandsParched has heatSinkMulti: x0.85 
04:03:04.248  Calculated capacityMulti: 0.85 x globalHeatSinkMulti: 1 
04:03:04.248  Calculating projected position heat.
04:03:04.248  CurrentPath has: 7 nodes, using destination path: (120.0, 192.2, 124.7)
04:03:04.248    Count of waypointsFromPath: 8  terrainWaypoints: 55
04:03:04.248  Biome: DesignMaskBiomeBadlandsParched has heatSinkMulti: x0.85 
04:03:04.248  Calculated capacityMulti: 0.85 x globalHeatSinkMulti: 1 
04:03:04.248  Mech: Javelin_Trilobyte_7B9F1E30 has adjustedNormedCap: 30.6 from normedCap: 36 x multi: 0.85
04:03:04.248    remainingCapacity: 36  rawCapacity: -30  normedAdjustedFraction: -30
04:03:04.248    currentHeat: 0 + tempHeat: 0 + projectedHeat: 5 + cacTerrainheat: 0 + sinkableHeat: -30  =  futureHeat: 5
04:03:04.249  Threshold heat: 0 = futureHeat: 5 + sinkableHeat: -30
04:03:04.255  Mech_SprintHeat_Getter - Javelin_Trilobyte_7B9F1E30 processing sprint heat modifiers: (original 5 + mod 0) x mult 1 = 5
04:03:04.255  Mech_SprintHeat_Getter - Javelin_Trilobyte_7B9F1E30 processing sprint heat modifiers: (original 5 + mod 0) x mult 1 = 5
04:03:04.255  Mech_SprintHeat_Getter - Javelin_Trilobyte_7B9F1E30 processing sprint heat modifiers: (original 5 + mod 0) x mult 1 = 5
04:03:04.255  Mech_SprintHeat_Getter - Javelin_Trilobyte_7B9F1E30 processing sprint heat modifiers: (original 5 + mod 0) x mult 1 = 5
04:03:04.255    Count of waypointsFromPath: 8  terrainWaypoints: 55
04:03:04.255  TerrainHeat: 0 = sumOfHeat: 0 / totalCells: 0
04:03:04.255  Calculating projected position heat.
04:03:04.255  CurrentPath has: 7 nodes, using destination path: (120.0, 192.2, 124.7)
04:03:04.255    Count of waypointsFromPath: 8  terrainWaypoints: 55
04:03:04.255  Biome: DesignMaskBiomeBadlandsParched has heatSinkMulti: x0.85 
04:03:04.255  Calculated capacityMulti: 0.85 x globalHeatSinkMulti: 1 
04:03:04.255  Calculating projected position heat.
04:03:04.255  CurrentPath has: 7 nodes, using destination path: (120.0, 192.2, 124.7)
04:03:04.255    Count of waypointsFromPath: 8  terrainWaypoints: 55
04:03:04.255  Biome: DesignMaskBiomeBadlandsParched has heatSinkMulti: x0.85 
04:03:04.255  Calculated capacityMulti: 0.85 x globalHeatSinkMulti: 1 
04:03:04.255  Mech: Javelin_Trilobyte_7B9F1E30 has adjustedNormedCap: 30.6 from normedCap: 36 x multi: 0.85
04:03:04.255  Mech: Javelin_Trilobyte_7B9F1E30 has totalHeatSinkCap: 36 from currentCap: 36 + usedCap: 0
04:03:04.255  Calculating projected position heat.
04:03:04.255  CurrentPath has: 7 nodes, using destination path: (120.0, 192.2, 124.7)
04:03:04.255    Count of waypointsFromPath: 8  terrainWaypoints: 55
04:03:04.255  Biome: DesignMaskBiomeBadlandsParched has heatSinkMulti: x0.85 
04:03:04.255  Calculated capacityMulti: 0.85 x globalHeatSinkMulti: 1 
04:03:04.255  Calculating projected position heat.
04:03:04.255  CurrentPath has: 7 nodes, using destination path: (120.0, 192.2, 124.7)
04:03:04.255    Count of waypointsFromPath: 8  terrainWaypoints: 55
04:03:04.255  Biome: DesignMaskBiomeBadlandsParched has heatSinkMulti: x0.85 
04:03:04.255  Calculated capacityMulti: 0.85 x globalHeatSinkMulti: 1 
04:03:04.255  Mech: Javelin_Trilobyte_7B9F1E30 has adjustedNormedCap: 30.6 from normedCap: 36 x multi: 0.85
04:03:04.255    remainingCapacity: 36  rawCapacity: -30  normedAdjustedFraction: -30
04:03:04.255    currentHeat: 0 + tempHeat: 0 + projectedHeat: 5 + cacTerrainheat: 0 + sinkableHeat: -30  =  futureHeat: 5
04:03:04.255  Threshold heat: 0 = futureHeat: 5 + sinkableHeat: -30
04:03:04.265  Mech_SprintHeat_Getter - Javelin_Trilobyte_7B9F1E30 processing sprint heat modifiers: (original 5 + mod 0) x mult 1 = 5
04:03:04.265  Mech_SprintHeat_Getter - Javelin_Trilobyte_7B9F1E30 processing sprint heat modifiers: (original 5 + mod 0) x mult 1 = 5
04:03:04.265  Mech_SprintHeat_Getter - Javelin_Trilobyte_7B9F1E30 processing sprint heat modifiers: (original 5 + mod 0) x mult 1 = 5
04:03:04.265  Mech_SprintHeat_Getter - Javelin_Trilobyte_7B9F1E30 processing sprint heat modifiers: (original 5 + mod 0) x mult 1 = 5
04:03:04.265    Count of waypointsFromPath: 8  terrainWaypoints: 55
04:03:04.265  TerrainHeat: 0 = sumOfHeat: 0 / totalCells: 0
04:03:04.265  Calculating projected position heat.
04:03:04.265  CurrentPath has: 7 nodes, using destination path: (120.0, 192.2, 124.7)
04:03:04.265    Count of waypointsFromPath: 8  terrainWaypoints: 55
04:03:04.265  Biome: DesignMaskBiomeBadlandsParched has heatSinkMulti: x0.85 
04:03:04.265  Calculated capacityMulti: 0.85 x globalHeatSinkMulti: 1 
04:03:04.265  Calculating projected position heat.
04:03:04.265  CurrentPath has: 7 nodes, using destination path: (120.0, 192.2, 124.7)
04:03:04.265    Count of waypointsFromPath: 8  terrainWaypoints: 55
04:03:04.265  Biome: DesignMaskBiomeBadlandsParched has heatSinkMulti: x0.85 
04:03:04.265  Calculated capacityMulti: 0.85 x globalHeatSinkMulti: 1 
04:03:04.265  Mech: Javelin_Trilobyte_7B9F1E30 has adjustedNormedCap: 30.6 from normedCap: 36 x multi: 0.85
04:03:04.265  Mech: Javelin_Trilobyte_7B9F1E30 has totalHeatSinkCap: 36 from currentCap: 36 + usedCap: 0
04:03:04.265  Calculating projected position heat.
04:03:04.265  CurrentPath has: 7 nodes, using destination path: (120.0, 192.2, 124.7)
04:03:04.265    Count of waypointsFromPath: 8  terrainWaypoints: 55
04:03:04.265  Biome: DesignMaskBiomeBadlandsParched has heatSinkMulti: x0.85 
04:03:04.265  Calculated capacityMulti: 0.85 x globalHeatSinkMulti: 1 
04:03:04.265  Calculating projected position heat.
04:03:04.265  CurrentPath has: 7 nodes, using destination path: (120.0, 192.2, 124.7)
04:03:04.265    Count of waypointsFromPath: 8  terrainWaypoints: 55
04:03:04.265  Biome: DesignMaskBiomeBadlandsParched has heatSinkMulti: x0.85 
04:03:04.265  Calculated capacityMulti: 0.85 x globalHeatSinkMulti: 1 
04:03:04.265  Mech: Javelin_Trilobyte_7B9F1E30 has adjustedNormedCap: 30.6 from normedCap: 36 x multi: 0.85
04:03:04.265    remainingCapacity: 36  rawCapacity: -30  normedAdjustedFraction: -30
04:03:04.265    currentHeat: 0 + tempHeat: 0 + projectedHeat: 5 + cacTerrainheat: 0 + sinkableHeat: -30  =  futureHeat: 5
04:03:04.265  Threshold heat: 0 = futureHeat: 5 + sinkableHeat: -30
04:03:04.272  Mech_SprintHeat_Getter - Javelin_Trilobyte_7B9F1E30 processing sprint heat modifiers: (original 5 + mod 0) x mult 1 = 5
04:03:04.272  Mech_SprintHeat_Getter - Javelin_Trilobyte_7B9F1E30 processing sprint heat modifiers: (original 5 + mod 0) x mult 1 = 5
04:03:04.272  Mech_SprintHeat_Getter - Javelin_Trilobyte_7B9F1E30 processing sprint heat modifiers: (original 5 + mod 0) x mult 1 = 5
04:03:04.272  Mech_SprintHeat_Getter - Javelin_Trilobyte_7B9F1E30 processing sprint heat modifiers: (original 5 + mod 0) x mult 1 = 5
04:03:04.272    Count of waypointsFromPath: 8  terrainWaypoints: 55
04:03:04.272  TerrainHeat: 0 = sumOfHeat: 0 / totalCells: 0
04:03:04.272  Calculating projected position heat.
04:03:04.272  CurrentPath has: 7 nodes, using destination path: (120.0, 192.2, 124.7)
04:03:04.272    Count of waypointsFromPath: 8  terrainWaypoints: 55
04:03:04.272  Biome: DesignMaskBiomeBadlandsParched has heatSinkMulti: x0.85 
04:03:04.272  Calculated capacityMulti: 0.85 x globalHeatSinkMulti: 1 
04:03:04.272  Calculating projected position heat.
04:03:04.272  CurrentPath has: 7 nodes, using destination path: (120.0, 192.2, 124.7)
04:03:04.272    Count of waypointsFromPath: 8  terrainWaypoints: 55
04:03:04.272  Biome: DesignMaskBiomeBadlandsParched has heatSinkMulti: x0.85 
04:03:04.272  Calculated capacityMulti: 0.85 x globalHeatSinkMulti: 1 
04:03:04.272  Mech: Javelin_Trilobyte_7B9F1E30 has adjustedNormedCap: 30.6 from normedCap: 36 x multi: 0.85
04:03:04.272  Mech: Javelin_Trilobyte_7B9F1E30 has totalHeatSinkCap: 36 from currentCap: 36 + usedCap: 0
04:03:04.272  Calculating projected position heat.
04:03:04.272  CurrentPath has: 7 nodes, using destination path: (120.0, 192.2, 124.7)
04:03:04.272    Count of waypointsFromPath: 8  terrainWaypoints: 55
04:03:04.272  Biome: DesignMaskBiomeBadlandsParched has heatSinkMulti: x0.85 
04:03:04.272  Calculated capacityMulti: 0.85 x globalHeatSinkMulti: 1 
04:03:04.272  Calculating projected position heat.
04:03:04.272  CurrentPath has: 7 nodes, using destination path: (120.0, 192.2, 124.7)
04:03:04.272    Count of waypointsFromPath: 8  terrainWaypoints: 55
04:03:04.272  Biome: DesignMaskBiomeBadlandsParched has heatSinkMulti: x0.85 
04:03:04.272  Calculated capacityMulti: 0.85 x globalHeatSinkMulti: 1 
04:03:04.272  Mech: Javelin_Trilobyte_7B9F1E30 has adjustedNormedCap: 30.6 from normedCap: 36 x multi: 0.85
04:03:04.272    remainingCapacity: 36  rawCapacity: -30  normedAdjustedFraction: -30
04:03:04.272    currentHeat: 0 + tempHeat: 0 + projectedHeat: 5 + cacTerrainheat: 0 + sinkableHeat: -30  =  futureHeat: 5
04:03:04.272  Threshold heat: 0 = futureHeat: 5 + sinkableHeat: -30
04:03:04.281  Mech_SprintHeat_Getter - Javelin_Trilobyte_7B9F1E30 processing sprint heat modifiers: (original 5 + mod 0) x mult 1 = 5
04:03:04.281  Mech_SprintHeat_Getter - Javelin_Trilobyte_7B9F1E30 processing sprint heat modifiers: (original 5 + mod 0) x mult 1 = 5
04:03:04.281  Mech_SprintHeat_Getter - Javelin_Trilobyte_7B9F1E30 processing sprint heat modifiers: (original 5 + mod 0) x mult 1 = 5
04:03:04.281  Mech_SprintHeat_Getter - Javelin_Trilobyte_7B9F1E30 processing sprint heat modifiers: (original 5 + mod 0) x mult 1 = 5
04:03:04.281    Count of waypointsFromPath: 8  terrainWaypoints: 55
04:03:04.281  TerrainHeat: 0 = sumOfHeat: 0 / totalCells: 0
04:03:04.281  Calculating projected position heat.
04:03:04.282  CurrentPath has: 7 nodes, using destination path: (120.0, 192.2, 124.7)
04:03:04.282    Count of waypointsFromPath: 8  terrainWaypoints: 55
04:03:04.282  Biome: DesignMaskBiomeBadlandsParched has heatSinkMulti: x0.85 
04:03:04.282  Calculated capacityMulti: 0.85 x globalHeatSinkMulti: 1 
04:03:04.282  Calculating projected position heat.
04:03:04.282  CurrentPath has: 7 nodes, using destination path: (120.0, 192.2, 124.7)
04:03:04.282    Count of waypointsFromPath: 8  terrainWaypoints: 55
04:03:04.282  Biome: DesignMaskBiomeBadlandsParched has heatSinkMulti: x0.85 
04:03:04.282  Calculated capacityMulti: 0.85 x globalHeatSinkMulti: 1 
04:03:04.282  Mech: Javelin_Trilobyte_7B9F1E30 has adjustedNormedCap: 30.6 from normedCap: 36 x multi: 0.85
04:03:04.282  Mech: Javelin_Trilobyte_7B9F1E30 has totalHeatSinkCap: 36 from currentCap: 36 + usedCap: 0
04:03:04.282  Calculating projected position heat.
04:03:04.282  CurrentPath has: 7 nodes, using destination path: (120.0, 192.2, 124.7)
04:03:04.282    Count of waypointsFromPath: 8  terrainWaypoints: 55
04:03:04.282  Biome: DesignMaskBiomeBadlandsParched has heatSinkMulti: x0.85 
04:03:04.282  Calculated capacityMulti: 0.85 x globalHeatSinkMulti: 1 
04:03:04.282  Calculating projected position heat.
04:03:04.282  CurrentPath has: 7 nodes, using destination path: (120.0, 192.2, 124.7)
04:03:04.282    Count of waypointsFromPath: 8  terrainWaypoints: 55
04:03:04.282  Biome: DesignMaskBiomeBadlandsParched has heatSinkMulti: x0.85 
04:03:04.282  Calculated capacityMulti: 0.85 x globalHeatSinkMulti: 1 
04:03:04.282  Mech: Javelin_Trilobyte_7B9F1E30 has adjustedNormedCap: 30.6 from normedCap: 36 x multi: 0.85
04:03:04.282    remainingCapacity: 36  rawCapacity: -30  normedAdjustedFraction: -30
04:03:04.282    currentHeat: 0 + tempHeat: 0 + projectedHeat: 5 + cacTerrainheat: 0 + sinkableHeat: -30  =  futureHeat: 5
04:03:04.282  Threshold heat: 0 = futureHeat: 5 + sinkableHeat: -30
04:03:04.289  Mech_SprintHeat_Getter - Javelin_Trilobyte_7B9F1E30 processing sprint heat modifiers: (original 5 + mod 0) x mult 1 = 5
04:03:04.289  Mech_SprintHeat_Getter - Javelin_Trilobyte_7B9F1E30 processing sprint heat modifiers: (original 5 + mod 0) x mult 1 = 5
04:03:04.289  Mech_SprintHeat_Getter - Javelin_Trilobyte_7B9F1E30 processing sprint heat modifiers: (original 5 + mod 0) x mult 1 = 5
04:03:04.289  Mech_SprintHeat_Getter - Javelin_Trilobyte_7B9F1E30 processing sprint heat modifiers: (original 5 + mod 0) x mult 1 = 5
04:03:04.289    Count of waypointsFromPath: 8  terrainWaypoints: 55
04:03:04.289  TerrainHeat: 0 = sumOfHeat: 0 / totalCells: 0
04:03:04.289  Calculating projected position heat.
04:03:04.289  CurrentPath has: 7 nodes, using destination path: (120.0, 192.2, 124.7)
04:03:04.289    Count of waypointsFromPath: 8  terrainWaypoints: 55
04:03:04.289  Biome: DesignMaskBiomeBadlandsParched has heatSinkMulti: x0.85 
04:03:04.289  Calculated capacityMulti: 0.85 x globalHeatSinkMulti: 1 
04:03:04.289  Calculating projected position heat.
04:03:04.289  CurrentPath has: 7 nodes, using destination path: (120.0, 192.2, 124.7)
04:03:04.289    Count of waypointsFromPath: 8  terrainWaypoints: 55
04:03:04.289  Biome: DesignMaskBiomeBadlandsParched has heatSinkMulti: x0.85 
04:03:04.289  Calculated capacityMulti: 0.85 x globalHeatSinkMulti: 1 
04:03:04.289  Mech: Javelin_Trilobyte_7B9F1E30 has adjustedNormedCap: 30.6 from normedCap: 36 x multi: 0.85
04:03:04.289  Mech: Javelin_Trilobyte_7B9F1E30 has totalHeatSinkCap: 36 from currentCap: 36 + usedCap: 0
04:03:04.289  Calculating projected position heat.
04:03:04.289  CurrentPath has: 7 nodes, using destination path: (120.0, 192.2, 124.7)
04:03:04.289    Count of waypointsFromPath: 8  terrainWaypoints: 55
04:03:04.289  Biome: DesignMaskBiomeBadlandsParched has heatSinkMulti: x0.85 
04:03:04.289  Calculated capacityMulti: 0.85 x globalHeatSinkMulti: 1 
04:03:04.289  Calculating projected position heat.
04:03:04.289  CurrentPath has: 7 nodes, using destination path: (120.0, 192.2, 124.7)
04:03:04.289    Count of waypointsFromPath: 8  terrainWaypoints: 55
04:03:04.289  Biome: DesignMaskBiomeBadlandsParched has heatSinkMulti: x0.85 
04:03:04.289  Calculated capacityMulti: 0.85 x globalHeatSinkMulti: 1 
04:03:04.289  Mech: Javelin_Trilobyte_7B9F1E30 has adjustedNormedCap: 30.6 from normedCap: 36 x multi: 0.85
04:03:04.289    remainingCapacity: 36  rawCapacity: -30  normedAdjustedFraction: -30
04:03:04.289    currentHeat: 0 + tempHeat: 0 + projectedHeat: 5 + cacTerrainheat: 0 + sinkableHeat: -30  =  futureHeat: 5
04:03:04.289  Threshold heat: 0 = futureHeat: 5 + sinkableHeat: -30
